StartDate,EndDate,PubDate,UniqueID,PerformerType,PerformerName,SameAs,Language,EventType,EventNameRus,EventNameEng,EventNameSrb,CoverImage,SpotifyButton,Section,ShortDescriptionRus,ShortDescriptionEng,ShortDescriptionSrb,LongDescriptionRus,LongDescriptionEng,LongDescriptionSrb,Time,PriceDin,PlaceName,PlaceAddress,GoogleMap,EventPage,SourceName,TicketsLink,OrganizerName,OrganizerPageURL,OrganizerEmail,OrganizerPhone,AgeRestriction,EventCapacity,ImageGallery,TagsRus,TagsEng,TagsSrb
9/15/2026,9/21/2026,9/15/2026,1493,Person,Jelena Bajić Jočić,https://repertoar.rs/filmovi/cuvar-ikone-svetog-or-a/,,ScreeningEvent,«Чувар иконе Светог Ђорђа»: сербская драма с Радошем Баичем в Roda Cineplex,Čuvar ikone Svetog Đorđa: a Serbian drama with Radoš Bajić at Roda Cineplex,Čuvar ikone Svetog Đorđa: srpska drama sa Radošem Bajićem u Roda Cineplexu,https://raw.githubusercontent.com/newsgl/arsposters/main/1493-CuvarIkoneSvetogDjordja.webp,,Movies,"Новая сербская драма о крестьянине с юга страны, который отказывается продавать прадедовскую землю. С 15 по 21 сентября в Roda Cineplex на Бановом брдо, сеансы в 18:00, билет от 450 динаров. Фильм на сербском языке.","A new Serbian drama about a farmer from the south of the country who refuses to sell the land of his ancestors. From 15 to 21 September at Roda Cineplex in Banovo brdo, screenings at 18:00, tickets from 450 dinars. In Serbian.","Nova srpska drama o seljaku sa juga zemlje koji odbija da proda pradedovsku zemlju. Od 15. do 21. septembra u Roda Cineplexu na Banovom brdu, projekcije u 18:00, ulaznica od 450 dinara.","Стано, крепкий крестьянин с отрогов горы Радан на юге Сербии, ухаживает за больным отцом и наотрез отказывается покидать землю, на которой жили его прадеды. Его запугивает местная банда, которая хочет заставить его продать хозяйство. После одной трагической ночи Стано неожиданно становится беглецом, и теперь за ним охотятся и разбойники, и полиция: та самая система, которая не смогла его защитить.

Единственный человек, который начинает понимать, что настоящая жертва насилия и коррупции здесь именно Стано, это молодой инспектор полиции Соня.

В главной роли **Радош Баич**, актёр и продюсер, известный сербской публике по сериалу «Село гори, а баба се чешља». Режиссёр Елена Баич Йочич. В ролях также Миона Маркович, Бранко Янкович, Неделько Баич, Чубрило Чупич и Александар Джурица.

Фильм идёт в зале Sala 1 VIP кинотеатра Roda Cineplex. Сеансы ежедневно в 18:00.

Цена: от 450 динаров. Язык: сербский.","Stanoje, a sturdy farmer from the slopes of Mount Radan in southern Serbia, looks after his sick father and refuses point blank to leave the land where his great grandfathers lived. A local gang intimidates him, trying to force him to sell the farm. After one tragic night Stanoje suddenly becomes an outlaw, hunted both by the bandits and by the police, the same system that failed to protect him.

The only person who begins to see that the real victim of abuse, violence and corruption is Stanoje himself is Sonja, a young police inspector.

The lead is played by **Radoš Bajić**, an actor and producer well known to Serbian audiences from the series Selo gori, a baba se češlja. Directed by Jelena Bajić Jočić. The cast also includes Miona Marković, Branko Janković, Nedeljko Bajić, Čubrilo Čupić and Aleksandar Đurica.

The film screens in Sala 1 VIP at Roda Cineplex, daily at 18:00.

Price: from 450 dinars. Language: Serbian, no subtitles.","Stanoje, stameni seljak sa obronaka planine Radan na jugu Srbije, brine o bolesnom ocu i odbija da napusti zemlju na kojoj su živeli njegovi pradedovi. Zastrašuje ga lokalna banda koja pokušava da ga natera da proda domaćinstvo. Posle jedne tragične noći Stanoje iznenada postaje odmetnik, gonjen i od razbojnika i od policije, od istog onog sistema koji nije uspeo da ga zaštiti.

Jedina koja počinje da uviđa da je prava žrtva zlostavljanja, nasilja i korupcije upravo Stanoje jeste mlada policijska inspektorka Sonja.

U glavnoj ulozi je **Radoš Bajić**, glumac i producent koga publika zna po seriji Selo gori, a baba se češlja. Režija Jelena Bajić Jočić. Igraju i Miona Marković, Branko Janković, Nedeljko Bajić, Čubrilo Čupić i Aleksandar Đurica.

Film se prikazuje u Sali 1 VIP bioskopa Roda Cineplex, svakog dana u 18:00.

Cena: od 450 dinara.",18:00,450,Roda Cineplex,"Požeška 83a (Roda centar), 11030 Beograd","44.783588,20.417473",https://repertoar.rs/filmovi/cuvar-ikone-svetog-or-a/,repertoar.rs,http://www.rodacineplex.com/film/2837/cUVAR-IKONE-SVETOG-ÐORÐA,Roda Cineplex,http://www.rodacineplex.com/,,,,,,"кино, сербский фильм, драма, Радош Баич, Roda Cineplex","cinema, Serbian film, drama, Radoš Bajić, Roda Cineplex","bioskop, srpski film, drama, Radoš Bajić, Roda Cineplex"
9/16/2026,9/21/2026,9/15/2026,1494,Person,Zach Cregger,https://en.wikipedia.org/wiki/Zach_Cregger,,ScreeningEvent,«Обитель зла» Зака Креггера: новый хоррор по культовой франшизе в Cineplexx,Resident Evil by Zach Cregger: the new horror take on the cult franchise at Cineplexx,Pritajeno zlo Zaka Kregera: novi horor po kultnoj franšizi u Cineplexxu,https://raw.githubusercontent.com/newsgl/arsposters/main/1494-PritajenoZlo.webp,,Movies,"Новое кино по мотивам Resident Evil от режиссёра «Варвара» и «Оружия». Прокат с 16 по 21 сентября в семи кинотеатрах Белграда, в том числе в Cineplexx Galerija, вечерние сеансы около 20:00, билет от 450 динаров. Оригинальная дорожка с сербскими субтитрами.","A new film based on Resident Evil from the director of Barbarian and Weapons. Running from 16 to 21 September in seven Belgrade cinemas including Cineplexx Galerija, evening screenings around 20:00, tickets from 450 dinars. Original soundtrack with Serbian subtitles.","Novi film po motivima Resident Evila od reditelja filmova Barbarian i Weapons. Od 16. do 21. septembra u sedam beogradskih bioskopa, među njima i u Cineplexx Galeriji, večernje projekcije oko 20:00, ulaznica od 450 dinara. Original sa titlovima.","Зак Креггер, автор «Варвара» и «Оружия», взялся за одну из самых известных хоррор-франшиз и рассказал в ней совершенно новую историю. Никаких пересказов игр: курьер медицинской службы Брайан случайно оказывается в центре хаоса одной роковой ночи, и пока мир вокруг него рушится, ему приходится бороться за выживание в буквальном смысле.

В главной роли **Остин Абрамс**, рядом с ним Кали Рейс, Зак Черри и Пол Уолтер Хаузер. Жанр заявлен как хоррор без скидок, так что на семейный вечер это кино не подходит.

Фильм идёт в Cineplexx Galerija, Cineplexx Ušće, Cineplexx BEO, Cineplexx BIG Beograd, Cineplexx 4D Delta City, Roda Cineplex и Cine Grand BIG Rakovica. Показ в оригинале с сербскими субтитрами, время сеансов у каждого кинотеатра своё.

Цена: от 450 динаров.","Zach Cregger, the director behind Barbarian and Weapons, takes on one of the best known horror franchises and tells an entirely new story inside it. No retelling of the games: Brian, a medical delivery courier, accidentally lands in the middle of the chaos of one fateful night, and as the world around him collapses he has to fight for survival in the most literal sense.

**Austin Abrams** leads the cast, joined by Kali Reis, Zach Cherry and Paul Walter Hauser. The genre is horror with no concessions, so this is not a family night out.

The film plays at Cineplexx Galerija, Cineplexx Ušće, Cineplexx BEO, Cineplexx BIG Beograd, Cineplexx 4D Delta City, Roda Cineplex and Cine Grand BIG Rakovica. Screened in English with Serbian subtitles; showtimes differ by cinema.

Price: from 450 dinars.","Zak Kreger, reditelj filmova Barbarian i Weapons, uzeo je jednu od najpoznatijih horor franšiza i ispričao u njoj potpuno novu priču. Nema prepričavanja igara: Brajan, kurir za medicinske isporuke, sasvim slučajno se nađe usred haosa jedne kobne noći, a dok se svet oko njega urušava, on mora da se bori za goli opstanak.

U glavnoj ulozi je **Ostin Abrams**, uz njega Kali Rejs, Zak Čeri i Pol Volter Hauzer. Žanr je horor bez popusta, tako da ovo nije film za porodično veče.

Film se prikazuje u bioskopima Cineplexx Galerija, Cineplexx Ušće, Cineplexx BEO, Cineplexx BIG Beograd, Cineplexx 4D Delta City, Roda Cineplex i Cine Grand BIG Rakovica. Original sa titlovima, termini se razlikuju od bioskopa do bioskopa.

Cena: od 450 dinara.",20:00,450,Cineplexx Galerija,"Bulevar Vudroa Vilsona 12 (Galerija Beograd), 11000 Beograd","44.802610,20.445300",https://repertoar.rs/filmovi/pritajeno-zlo/,repertoar.rs,https://www.cineplexx.rs/film/Pritajeno-Zlo,Cineplexx,https://www.cineplexx.rs/,,,16+,,,"кино, хоррор, Resident Evil, Cineplexx, премьера","cinema, horror, Resident Evil, Cineplexx, new release","bioskop, horor, Resident Evil, Cineplexx, premijera"
9/17/2026,9/21/2026,9/15/2026,1495,Person,Maja Miloš,https://en.wikipedia.org/wiki/Maja_Milo%C5%A1,,ScreeningEvent,«Пукотина у леду»: новый фильм Майи Милош о фигуристке с окраины Белграда,Pukotina u ledu: the new Maja Miloš film about a skater from the edge of Belgrade,Pukotina u ledu: novi film Maje Miloš o klizačici sa periferije Beograda,https://raw.githubusercontent.com/newsgl/arsposters/main/1495-PukotinaULedu.webp,,Movies,"Драма режиссёра «Клипа» Майи Милош: фигуристка Мария из пригорода Белграда, потеря матери, тайны и первая любовь. В прокате с 17 по 21 сентября в семи кинотеатрах, включая Cine Grand BIG Rakovica, сеансы около 19:30, билет от 450 динаров. На сербском.","A drama by Maja Miloš, the director of Clip: Marija, a skater from the outskirts of Belgrade, the loss of her mother, secrets and first love. From 17 to 21 September in seven cinemas including Cine Grand BIG Rakovica, screenings around 19:30, tickets from 450 dinars. In Serbian.","Drama Maje Miloš, rediteljke Klipa: klizačica Marija sa periferije Beograda, gubitak majke, tajne i prva ljubav. Od 17. do 21. septembra u sedam bioskopa, među njima i u Cine Grand BIG Rakovica, projekcije oko 19:30, ulaznica od 450 dinara.","Мария живёт с отцом, водителем грузовика, на окраине Белграда и катается на коньках. Смерть матери придавила её так, что она не может признаться даже себе в собственных желаниях: это её большая тайна, которая её преследует. Отец сближается с женщиной, которая въезжает к ним с двумя дочерьми; Мария поддерживает отца, но не доверяет новой мачехе. Из-за денежных проблем ей приходится подрабатывать, и она скрывает от семьи, куда именно её заводят эти подработки. Всё меняется, когда она знакомится с Лукой.

Это третий полнометражный фильм **Майи Милош**, которая в 2012 году громко дебютировала «Клипом» и с тех пор остаётся одним из самых заметных голосов сербского авторского кино. Она снова снимает подростков без прикрас, и снова говорит о теле, желании и уязвимости.

В ролях Йована Стоилькович, Марко Грабеж, Наташа Нинкович, Любомир Бандович, Милица Томашевич и Анджела Йованович.

Показ в Cine Grand BIG Rakovica, Roda Cineplex и пяти кинотеатрах Cineplexx. Фильм на сербском языке.

Цена: от 450 динаров.","Marija lives with her father, a truck driver, on the outskirts of Belgrade and skates. Her mother's death has crushed her so badly that she cannot admit her own desires even to herself: it is a big secret that haunts her. Her father grows close to a woman who moves in with her two daughters; Marija supports him but cannot trust her new stepmother. Money troubles force her to earn on the side, and she hides from the family where exactly those jobs are taking her. Everything changes when she meets Luka.

This is the third feature by **Maja Miloš**, who made a loud debut with Clip in 2012 and has remained one of the most distinctive voices in Serbian auteur cinema ever since. Once again she films teenagers without embellishment, and once again the subject is the body, desire and vulnerability.

Starring Jovana Stojiljković, Marko Grabež, Nataša Ninković, Ljubomir Bandović, Milica Tomašević and Anđela Jovanović.

Screening at Cine Grand BIG Rakovica, Roda Cineplex and five Cineplexx cinemas. In Serbian without subtitles.

Price: from 450 dinars.","Marija živi sa ocem, vozačem kamiona, na periferiji Beograda i kliza. Smrt majke ju je toliko skrhala da ne može da prizna ni sebi šta zaista želi: to je njena velika tajna koja je proganja. Otac se zbližava sa ženom koja se useljava sa dve ćerke; Marija podržava oca, ali novoj maćehi ne veruje. Zbog finansijskih problema mora da zarađuje sa strane, a od porodice krije kuda je ti poslovi vode. Sve se menja kada upozna Luku.

Ovo je treći dugometražni film **Maje Miloš**, koja je 2012. glasno debitovala Klipom i od tada ostaje jedan od najprepoznatljivijih glasova srpskog autorskog filma. Ponovo snima tinejdžere bez ulepšavanja, i ponovo govori o telu, želji i ranjivosti.

Igraju Jovana Stojiljković, Marko Grabež, Nataša Ninković, Ljubomir Bandović, Milica Tomašević i Anđela Jovanović.

Projekcije u Cine Grand BIG Rakovica, Roda Cineplexu i pet bioskopa Cineplexx.

Cena: od 450 dinara.",19:30,450,Cine Grand BIG Rakovica,"Patrijarha Dimitrija 14 (BIG Fashion Rakovica), 11090 Beograd","44.739156,20.437913",https://repertoar.rs/filmovi/pukotina-u-ledu/,repertoar.rs,https://cinegrand-mcf.rs/happenings/pukotina-u-ledu-6930,Cine Grand,https://cinegrand-mcf.rs/,,,16+,,,"кино, сербский фильм, Майя Милош, драма, премьера","cinema, Serbian film, Maja Miloš, drama, new release","bioskop, srpski film, Maja Miloš, drama, premijera"
9/17/2026,9/21/2026,9/15/2026,1496,Person,Elegance Bratton,https://en.wikipedia.org/wiki/Elegance_Bratton,,ScreeningEvent,«Любой ценой»: криминальный триллер с Марком Уолбергом в Cine Grand,Po svaku cenu: a crime thriller with Mark Wahlberg at Cine Grand,Po svaku cenu: kriminalistički triler sa Markom Volbergom u Cine Grandu,https://raw.githubusercontent.com/newsgl/arsposters/main/1496-PoSvakuCenu.webp,,Movies,"Миссисипи, 1966 год: молодой агент ФБР и мафиозный киллер вместе ищут убийц активистов. С Марком Уолбергом и Яхьей Абдул-Матином II. В Cine Grand BIG Rakovica 17, 18, 20 и 21 сентября в 21:00. Оригинал с сербскими субтитрами.","Mississippi, 1966: a young FBI agent and a mafia hitman hunt the killers of civil rights activists together. With Mark Wahlberg and Yahya Abdul-Mateen II. At Cine Grand BIG Rakovica on 17, 18, 20 and 21 September at 21:00. In English with Serbian subtitles.","Misisipi, 1966: mladi agent FBI-ja i mafijaški ubica zajedno traže ubice aktivista za građanska prava. Sa Markom Volbergom i Jahjom Abdul-Matinom II. U Cine Grand BIG Rakovica 17, 18, 20. i 21. septembra u 21:00. Original sa titlovima.","Нетипичная криминальная история о нетипичном тандеме. Миссисипи, 1966 год, разгар борьбы за гражданские права. Молодой афроамериканский агент ФБР получает дело о серии жестоких убийств активистов, но до преступников ему не добраться законными путями. Приходится работать с Грегом Скарпой, печально известным наёмным убийцей семьи Коломбо, который одновременно был и осведомителем ФБР.

Два человека с разным происхождением, методами и представлениями о морали оказываются в одной команде и понимают, что в этом расследовании граница между дозволенным и недозволенным стёрта. Главный вопрос фильма не «кто убийца», а можно ли использовать насилие и преступника ради правосудия, когда институты полностью отказали.

**Марк Уолберг** играет реального Грега Скарпу и ради роли прошёл полную физическую трансформацию с протезами, париком и гримом. Агента играет обладатель «Эмми» **Яхья Абдул-Матин II**. Режиссёр Элеганс Брэттон, в ролях также Джош Лукас, Итан Эмбри, Дэвид Стрэтерн и Джанкарло Эспозито. По отдельным элементам фильм напоминает «Зелёную книгу».

Сеансы в зале 3, кроме 19 сентября. Оригинальная дорожка с сербскими субтитрами.","An atypical crime story about an atypical duo. Mississippi, 1966, the height of the civil rights struggle. A young African American FBI agent is handed a series of brutal murders of activists, but the killers cannot be reached by lawful means. He has to work with Greg Scarpa, the notorious hitman of the Colombo family who was at the same time an FBI informant.

Two men with different backgrounds, methods and moral codes end up on the same team and realise that in this investigation the line between the permitted and the forbidden has been erased. The central question is not who the killer is, but whether violence and a criminal can be used in the name of justice when the institutions have completely failed.

**Mark Wahlberg** plays the real Greg Scarpa and went through a full physical transformation with prosthetics, a wig and make up. The agent is played by Emmy winner **Yahya Abdul-Mateen II**. Directed by Elegance Bratton, with Josh Lucas, Ethan Embry, David Strathairn and Giancarlo Esposito. In places the film recalls Green Book.

Screenings in hall 3, no screening on 19 September. In English with Serbian subtitles.","Netipična krimi priča o netipičnom tandemu. Misisipi, 1966. godina, jek borbe za građanska prava. Mladi afroamerički agent FBI-ja dobija slučaj niza brutalnih ubistava aktivista, ali do počinilaca ne može zakonitim putem. Mora da sarađuje sa Gregom Skarpom, ozloglašenim plaćenim ubicom porodice Kolombo, koji je istovremeno bio i doušnik FBI-ja.

Dvojica ljudi različitog porekla, metoda i moralnih načela nalaze se u istom timu i shvataju da je u ovoj istrazi izbrisana granica između dozvoljenog i nedozvoljenog. Centralno pitanje filma nije ko je ubica, već da li je opravdano koristiti nasilje i kriminalca da bi se došlo do pravde kada institucije potpuno zakažu.

**Mark Volberg** igra stvarnog Grega Skarpu i zbog uloge je prošao potpunu fizičku transformaciju sa protetikom, perikom i šminkom. Agenta igra dobitnik Emija **Jahja Abdul-Matin II**. Režija Elegans Braton, igraju i Džoš Lukas, Itan Embri, Dejvid Stratern i Đankarlo Espozito. Po pojedinim elementima film podseća na Zelenu knjigu.

Projekcije u sali 3, osim 19. septembra. Original sa srpskim titlovima.",21:00,,Cine Grand BIG Rakovica,"Patrijarha Dimitrija 14 (BIG Fashion Rakovica), 11090 Beograd","44.739156,20.437913",https://repertoar.rs/filmovi/po-svaku-cenu/,repertoar.rs,https://cinegrand-mcf.rs/happenings/po-svaku-cenu-6931,Cine Grand,https://cinegrand-mcf.rs/,,,16+,,,"кино, триллер, Марк Уолберг, Cine Grand, премьера","cinema, thriller, Mark Wahlberg, Cine Grand, new release","bioskop, triler, Mark Volberg, Cine Grand, premijera"
9/18/2026,9/18/2026,9/15/2026,1497,Person,Miloš Vuković,,,MusicEvent,Милош Вукович: виниловый сет в баре Lift на Цетиньской,Miloš Vuković: an all vinyl set at Lift on Cetinjska,Miloš Vuković: vinil set u Liftu na Cetinjskoj,https://raw.githubusercontent.com/newsgl/arsposters/main/1497-MilosVukovicLift.webp,,Concerts,"Белградский диджей Милош Вукович играет только с винила: вечер в баре Lift во дворе Цетиньской 15. Пятница, 18 сентября, с 20:00 до полуночи, вход свободный.","Belgrade DJ Miloš Vuković plays vinyl only: an evening at Lift, the bar in the Cetinjska 15 courtyard. Friday 18 September, 20:00 to midnight, free entry.","Beogradski didžej Miloš Vuković pušta isključivo vinil: veče u baru Lift u dvorištu Cetinjske 15. Petak, 18. septembar, od 20:00 do ponoći, ulaz slobodan.","Формат вечера простой: один диджей, ящик пластинок и никакого ноутбука. **Милош Вукович** обещает сет целиком с винила, для которого перекопал собственную коллекцию.

Lift это бар в комплексе Цетиньска 15, той самой бывшей пивоварне в Скадарлии, где за одним двором сидят Elektropionir, Dim и десяток других мест. Здесь играют в ранние часы, до полуночи, так что это вариант для тех, кто хочет хорошей музыки без ночного клуба.

Жанровых обещаний организаторы не дают, но у Lift своя линия: хаус, диско и всё, что хорошо звучит с пластинки.

Вход свободный.","The format is simple: one DJ, a crate of records and no laptop. **Miloš Vuković** promises an all vinyl set for which he has dug deep into his own collection.

Lift is a bar inside the Cetinjska 15 complex, the former brewery in Skadarlija where Elektropionir, Dim and a dozen other spots share one courtyard. Music here runs early, until midnight, which makes it an option for those who want good music without a night club.

The organisers make no genre promises, but Lift has its own line: house, disco and anything that sounds right off a record.

Free entry.","Format je jednostavan: jedan didžej, gajba ploča i nijedan laptop. **Miloš Vuković** obećava set u celosti sa vinila, za koji je prekopao sopstvenu kolekciju.

Lift je bar u kompleksu Cetinjska 15, nekadašnjoj pivari u Skadarliji gde u istom dvorištu rade Elektropionir, Dim i još desetak mesta. Muzika ovde ide rano, do ponoći, pa je ovo opcija za one koji hoće dobru muziku bez noćnog kluba.

Žanrovska obećanja organizatori ne daju, ali Lift ima svoju liniju: haus, disko i sve što lepo zvuči sa ploče.

Ulaz slobodan.",20:00,0,Lift,"Cetinjska 15, 11000 Beograd","44.818014,20.465528",https://ra.co/events/2534818,ra.co,,Lift,,,,,,,"диджей-сет, винил, Lift, Цетиньска 15, бесплатно","DJ set, vinyl, Lift, Cetinjska 15, free","DJ set, vinil, Lift, Cetinjska 15, besplatno"
9/18/2026,9/19/2026,9/15/2026,1498,Person,Laia,,,MusicEvent,"Laia, Mande и Doo: техно из Мадрида в клубе Karmakoma","Laia, Mande and Doo: Madrid techno at Karmakoma","Laia, Mande i Doo: tehno iz Madrida u Karmakomi",https://raw.githubusercontent.com/newsgl/arsposters/main/1498-LaiaMandeDooKarmakoma.webp,,Concerts,"Резидентка мадридского Laster Club Laia с виниловым техно-сетом, рядом Mande и Doo. Karmakoma, пятница 18 сентября, с 23:00 до 06:00. Билет от 11,3 евро (около 1320 динаров) на Resident Advisor и Gigstix.","Laster Club resident Laia from Madrid with a vinyl techno set, joined by Mande and Doo. Karmakoma, Friday 18 September, 23:00 to 06:00. Tickets from 11.3 euro (about 1320 dinars) on Resident Advisor and Gigstix.","Rezidentkinja madridskog Laster Cluba Laia sa vinil tehno setom, uz nju Mande i Doo. Karmakoma, petak 18. septembar, od 23:00 do 06:00. Ulaznica od 11,3 evra (oko 1320 dinara) na Resident Advisoru i Gigstixu.","Из Барселоны в Мадрид, а теперь и в Белград: **Laia** держит резидентуру в мадридском Laster Club и регулярно играет в The Garage of Bass Valley в Барселоне. Её стиль растёт из детройтского и бирмингемского техно и хауса, а верность винилу уже привела её в Gare в Порту, The Bassement в Мадриде, Suicide Club в Берлине, Rashomon в Риме и Moog в Барселоне.

В прошлом году она дебютировала как продюсер треком Within Reach на Silencio Records, одна из восьми женщин-продюсеров проекта, который собирает средства для европейской коалиции против рака груди.

За пультом вместе с ней местные **Mande** и **Doo**.

Karmakoma это клуб на Пуанкареовой 32, бывший Drugstore Garden, ночь идёт с 23:00 до 06:00.

Цена: первый релиз 11,3 евро, второй 14,7 евро; в динарах это примерно 1320 и 1720 по курсу на день подготовки материала. Предпродажа на Resident Advisor и Gigstix.

Возраст: 18+.","From Barcelona to Madrid and now to Belgrade: **Laia** holds a residency at Madrid's Laster Club and plays regularly at The Garage of Bass Valley in Barcelona. Her style grows out of Detroit and Birmingham techno and house, and her devotion to vinyl has already taken her to Gare in Porto, The Bassement in Madrid, Suicide Club in Berlin, Rashomon in Rome and Moog in Barcelona.

Last year she debuted as a producer with Within Reach on Silencio Records, one of eight female producers behind a project raising money for the European coalition against breast cancer.

Behind the decks with her are locals **Mande** and **Doo**.

Karmakoma is the club at Poenkareova 32, the former Drugstore Garden; the night runs from 23:00 to 06:00.

Price: first release 11.3 euro, second release 14.7 euro, roughly 1320 and 1720 dinars at the rate on the day this listing was prepared. Presale on Resident Advisor and Gigstix.

Age: 18 and over.","Iz Barselone u Madrid, a sada i u Beograd: **Laia** ima rezidenturu u madridskom Laster Clubu i redovno svira u The Garage of Bass Valley u Barseloni. Njen stil izrasta iz detroitskog i birmingemskog tehna i hausa, a odanost vinilu već ju je odvela u Gare u Portu, The Bassement u Madridu, Suicide Club u Berlinu, Rashomon u Rimu i Moog u Barseloni.

Prošle godine je debitovala kao producentkinja numerom Within Reach na Silencio Records, kao jedna od osam producentkinja projekta koji skuplja sredstva za evropsku koaliciju protiv raka dojke.

Za pultom su uz nju domaći **Mande** i **Doo**.

Karmakoma je klub na Poenkareovoj 32, nekadašnji Drugstore Garden; noć traje od 23:00 do 06:00.

Cena: prvi release 11,3 evra, drugi 14,7 evra, u dinarima oko 1320 i 1720 po kursu na dan pripreme. Pretprodaja na Resident Advisoru i Gigstixu.

Uzrast: 18+.",23:00,1322,Karmakoma,"Poenkareova 32, 11000 Beograd","44.818977,20.488380",https://ra.co/events/2536437,ra.co,https://ra.co/events/2536437,Karmakoma,https://new.gigstix.com/event/laia-mande-doo-beograd-18-septembar-2026/,,,18+,,,"клуб, техно, хаус, винил, Karmakoma","club, techno, house, vinyl, Karmakoma","klub, tehno, haus, vinil, Karmakoma"
9/18/2026,9/19/2026,9/15/2026,1499,Organization,Belgrade Pub Crawl & Nightlife,https://www.meetup.com/belgrade-outdoor-indoor-pub-crawls-meetup-group/,,SocialEvent,Belgrade Pub Crawl: вечерний обход баров с путешественниками и экспатами,"Belgrade Pub Crawl: a night through the bars with travellers, expats and locals","Belgrade Pub Crawl: veče po barovima sa putnicima, ekspatima i domaćima",https://raw.githubusercontent.com/newsgl/arsposters/main/1499-BelgradePubCrawlKaldrma.webp,,Games,"Группа собирается в баре Kaldrma в Скадарлии и идёт по нескольким барам до ночного клуба. Пятница, 18 сентября, старт в 21:00. Взнос 8 евро (около 940 динаров) наличными на месте, в него входят два шота. Общение на английском.","The group meets at Kaldrma Bar in Skadarlija and moves through several bars, finishing at a late night music venue. Friday 18 September, start at 21:00. 8 euro entry (about 940 dinars) paid in cash at the first venue, two shots included. In English.","Grupa se okuplja u baru Kaldrma u Skadarliji i obilazi nekoliko barova do noćnog kluba. Petak, 18. septembar, start u 21:00. Kotizacija 8 evra (oko 940 dinara) u kešu na prvom mestu, u cenu ulaze dva šota. Komunikacija na engleskom.","Классический pub crawl для тех, кто в городе проездом или недавно, и для местных, которым хочется новых лиц. Группа собирается в баре Kaldrma на Скадарской, знакомится и дальше идёт по нескольким барам вместе с ведущим, а заканчивает вечер в клубе с живой музыкальной программой.

Механика такая: взнос платится в первом баре, в него входят два шота, а в барах-партнёрах к первому заказанному напитку добавляется ещё один шот. Приходить одному нормально: большая часть участников именно так и делает, и весь вечер построен на том, чтобы познакомиться было легко.

Что ждать: несколько баров в центре, музыка, шумная компания из путешественников, экспатов и белградцев, ведущий с группой на протяжении всего маршрута. Записываться через Meetup.

Цена: 8 евро, примерно 940 динаров по курсу на день подготовки материала, наличными на месте.

Возраст: 18+.","A classic pub crawl for people passing through the city or newly arrived, and for locals who want new faces. The group meets at Kaldrma Bar on Skadarska, gets acquainted and then moves through several bars with a host, ending the night at a venue with a live music programme.

The mechanics: the entry fee is paid at the first bar and includes two shots, and at partner bars your first ordered drink comes with an extra shot. Coming alone is normal; most participants do exactly that, and the whole evening is built around making it easy to meet people.

What to expect: several bars around the centre, music, a lively crowd of travellers, internationals and Belgraders, and a host with the group throughout. RSVP on Meetup.

Price: 8 euro, roughly 940 dinars at the rate on the day this listing was prepared, in cash at the first venue.

Age: 18 and over.","Klasičan pub crawl za one koji su u gradu u prolazu ili tek stigli, i za domaće kojima se hoće novih lica. Grupa se okuplja u baru Kaldrma u Skadarskoj, upoznaje se i dalje ide kroz nekoliko barova sa domaćinom, a veče završava u klubu sa muzičkim programom.

Mehanika je ovakva: kotizacija se plaća u prvom baru i u nju ulaze dva šota, a u partnerskim barovima uz prvo naručeno piće ide još jedan šot. Doći sam je sasvim normalno: većina učesnika upravo tako i dolazi, a celo veče je osmišljeno tako da upoznavanje bude lako.

Šta očekivati: nekoliko barova u centru, muzika, glasno društvo putnika, ekspata i Beograđana i domaćin uz grupu tokom cele rute. Prijava preko Meetupa.

Cena: 8 evra, oko 940 dinara po kursu na dan pripreme, u kešu na prvom mestu.

Uzrast: 18+.",21:00,940,Kaldrma Bar,"Skadarska 40b, 11000 Beograd","44.818243,20.465221",https://www.meetup.com/belgrade-outdoor-indoor-pub-crawls-meetup-group/events/316042366/,meetup.com,https://www.meetup.com/belgrade-outdoor-indoor-pub-crawls-meetup-group/events/316042366/,Belgrade Pub Crawl & Nightlife,https://www.meetup.com/belgrade-outdoor-indoor-pub-crawls-meetup-group/,,,18+,,,"pub crawl, бары, Скадарлия, знакомства, английский","pub crawl, bars, Skadarlija, meet people, English","pub crawl, barovi, Skadarlija, upoznavanje, engleski"
9/18/2026,9/19/2026,9/15/2026,1500,Person,AnubisBeatz,,,MusicEvent,AnubisBeatz: диджей-сет на зимней сцене Freestyler,AnubisBeatz: a DJ set at the Freestyler Winter Stage,AnubisBeatz: DJ set na zimskoj sceni Freestylera,https://raw.githubusercontent.com/newsgl/arsposters/main/1500-AnubisBeatzFreestyler.webp,,Concerts,"Диджей AnubisBeatz за пультом клуба Freestyler на Савском набережье. Пятница, 18 сентября, старт в 23:00. Цену и точное место организатор не объявил: уточняйте у клуба.","DJ AnubisBeatz behind the decks at Freestyler on the Sava embankment. Friday 18 September, from 23:00. The price and exact venue have not been announced; check with the club.","Didžej AnubisBeatz za pultom kluba Freestyler na Savskom keju. Petak, 18. septembar, start u 23:00. Cena i tačno mesto još nisu objavljeni: proverite kod kluba.","Freestyler это один из самых известных белградских сплавов, клуб на Савском набережье, который работает с 2001 года и живёт на смеси R&B, хип-хопа и хауса. На эту пятницу в афише клуба стоит **AnubisBeatz**, диджей, чьи сеты идут по той же линии.

Вечер обозначен как выступление на зимней сцене клуба, Freestyler Winter Stage: с приходом холодов клуб переезжает с открытой палубы под крышу.

Подробностей организатор пока не дал: ни лайнапа целиком, ни цены входа. Информация взята из афиши артиста, уточнять детали лучше напрямую в клубе перед выходом.

Возраст: 18+.","Freestyler is one of the best known Belgrade river clubs, a splav on the Sava embankment that has been running since 2001 on a mix of R&B, hip hop and house. This Friday the club's programme lists **AnubisBeatz**, a DJ whose sets follow the same line.

The night is billed as a set on the club's winter stage, the Freestyler Winter Stage: with the cold weather the club moves from the open deck indoors.

The organiser has not released details yet: neither the full lineup nor the entry price. The information comes from the artist's tour listing, so check the details with the club before heading out.

Age: 18 and over.","Freestyler je jedan od najpoznatijih beogradskih splavova, klub na Savskom keju koji radi od 2001. i živi na mešavini R&B-a, hip-hopa i hausa. Za ovaj petak u programu kluba stoji **AnubisBeatz**, didžej čiji setovi idu istom linijom.

Veče je najavljeno kao nastup na zimskoj sceni kluba, Freestyler Winter Stage: sa hladnijim danima klub se sa otvorene palube seli pod krov.

Detalje organizator još nije objavio: ni ceo lajnap, ni cenu ulaza. Informacija je iz koncertnog rasporeda izvođača, pa detalje proverite direktno u klubu pre izlaska.

Uzrast: 18+.",23:00,,Freestyler,"Brodarska bb (Savski kej), 11070 Novi Beograd","44.805500,20.439500",https://www.bandsintown.com/e/108901370-anubisbeatz-at-freestyler-winter-stage,bandsintown.com,,Freestyler,https://freestylerclub.com/,,,18+,,,"клуб, диджей-сет, Freestyler, сплав, R&B","club, DJ set, Freestyler, splav, R&B","klub, DJ set, Freestyler, splav, R&B"
9/19/2026,9/20/2026,9/15/2026,1501,Person,Running Hot,,,MusicEvent,Mindless с Running Hot: открытие серии вечеринок в Karmakoma,Mindless with Running Hot: the party series opens at Karmakoma,Mindless sa Running Hot: otvaranje serije žurki u Karmakomi,https://raw.githubusercontent.com/newsgl/arsposters/main/1501-MindlessRunningHotKarmakoma.webp,,Concerts,"Берлинский диджей и лейбл-менеджер валлийского происхождения Running Hot открывает новую серию Mindless вместе с резидентами Dakissa, Gard и Gostoja. Karmakoma, суббота 19 сентября, с 23:00 до 06:00. Билеты от 8 евро (около 940 динаров) на Resident Advisor.","Berlin based, Wales born DJ and label head Running Hot opens the new Mindless series with residents Dakissa, Gard and Gostoja. Karmakoma, Saturday 19 September, 23:00 to 06:00. Tickets from 8 euro (about 940 dinars) on Resident Advisor.","Berlinski didžej i vlasnik etikete rodom iz Velsa Running Hot otvara novu seriju Mindless uz rezidente Dakissu, Garda i Gostoju. Karmakoma, subota 19. septembar, od 23:00 do 06:00. Ulaznice od 8 evra (oko 940 dinara) na Resident Advisoru.","Команда Mindless запускает свою серию вечеринок в Karmakoma и на первый вечер зовёт гостя, которого коллеги называют «диджей для диджеев». **Running Hot** родился в Уэльсе, живёт в Берлине и руководит собственным лейблом; его сеты держатся на хаусе и техно с постоянными выходами в сторону брейкбита и электро.

Рядом с ним экипаж серии: **Dakissa**, **Gard** и **Gostoja**, здесь в формате back to back. Идея Mindless в названии: меньше думать, больше танцевать.

Karmakoma это клуб на Пуанкареовой 32, бывший Drugstore Garden. Ночь идёт с 23:00 до 06:00.

Цена: слепой билет 8 евро, стандартный 11,3 евро; в динарах это примерно 940 и 1320 по курсу на день подготовки материала. Организатор в описании называет цену в динарах, 1300, что совпадает со стандартным билетом. Продажа на Resident Advisor.

Возраст: 18+.","The Mindless crew launches its party series at Karmakoma and invites a guest that colleagues call the DJ's DJ. **Running Hot** was born in Wales, lives in Berlin and runs his own label; his sets rest on house and techno with regular detours into breakbeat and electro.

Alongside him is the series crew: **Dakissa**, **Gard** and **Gostoja**, here in a back to back format. The idea of Mindless is in the name: think less, dance more.

Karmakoma is the club at Poenkareova 32, the former Drugstore Garden. The night runs from 23:00 to 06:00.

Price: blind ticket 8 euro, general admission 11.3 euro, roughly 940 and 1320 dinars at the rate on the day this listing was prepared. The organiser also quotes 1300 dinars in the description, which matches general admission. Tickets on Resident Advisor.

Age: 18 and over.","Ekipa Mindless pokreće svoju seriju žurki u Karmakomi i za prvo veče zove gosta koga kolege zovu didžej za didžeje. **Running Hot** je rođen u Velsu, živi u Berlinu i vodi sopstvenu etiketu; njegovi setovi drže se na hausu i tehnu sa stalnim izletima u brejkbit i elektro.

Uz njega je ekipa serije: **Dakissa**, **Gard** i **Gostoja**, ovde u back to back formatu. Ideja Mindlessa je u imenu: manje razmišljanja, više plesa.

Karmakoma je klub na Poenkareovoj 32, nekadašnji Drugstore Garden. Noć traje od 23:00 do 06:00.

Cena: blind ticket 8 evra, redovna 11,3 evra; u dinarima oko 940 i 1320 po kursu na dan pripreme. Organizator u opisu navodi i cenu od 1300 dinara, što odgovara redovnoj ulaznici. Prodaja na Resident Advisoru.

Uzrast: 18+.",23:00,940,Karmakoma,"Poenkareova 32, 11000 Beograd","44.818977,20.488380",https://ra.co/events/2533255,ra.co,https://ra.co/events/2533255,"Mindless, Karmakoma",https://www.instagram.com/mindless.ppl,,,18+,,,"клуб, хаус, техно, Karmakoma, Mindless","club, house, techno, Karmakoma, Mindless","klub, haus, tehno, Karmakoma, Mindless"
9/19/2026,9/20/2026,9/15/2026,1502,Organization,Disney,https://en.wikipedia.org/wiki/Moana_(2026_film),,ScreeningEvent,«Моана» в 3D: игровой фильм Disney с сербским дубляжом в Roda Cineplex,Moana in 3D: the Disney live action film dubbed in Serbian at Roda Cineplex,Vajana 3D: Diznijev igrani film sinhronizovan na srpski u Roda Cineplexu,https://raw.githubusercontent.com/newsgl/arsposters/main/1502-Vajana3DRodaCineplex.webp,,Movies,"Игровая версия анимационной «Моаны» с Дуэйном Джонсоном, в 3D и с сербским дубляжом. Roda Cineplex, суббота 19 и воскресенье 20 сентября в 12:15, билет от 630 динаров. Дневной сеанс для семей с детьми.","The live action version of the animated Moana with Dwayne Johnson, in 3D and dubbed in Serbian. Roda Cineplex, Saturday 19 and Sunday 20 September at 12:15, tickets from 630 dinars. A daytime screening for families with children.","Igrana verzija animirane Vajane sa Dvejnom Džonsonom, u 3D-u i sinhronizovana na srpski. Roda Cineplex, subota 19. i nedelja 20. septembra u 12:15, ulaznica od 630 dinara. Dnevna projekcija za porodice sa decom.","Девочка Ваяна отвечает на зов океана и впервые уплывает за риф родного острова, чтобы вернуть своему народу благополучие. Disney пересняла собственный анимационный хит в игровом формате: в роли Мауи **Дуэйн Джонсон**, который озвучивал его и в мультфильме, Ваяну играет Кэтрин Лагааиа, рядом Джон Туи, Фрэнки Адамс и Рена Оуэн. Режиссёр Томас Кайл.

В Roda Cineplex фильм идёт в 3D и с сербским дубляжом, то есть это вариант для детей, которые ещё не читают субтитры, и для родителей, которым важно, чтобы ребёнок понял сюжет. Сеанс дневной, в зале 3.

Цена: от 630 динаров. Язык: сербский дубляж.","Moana answers the call of the ocean and sails beyond the reef of her home island for the first time to restore her people's prosperity. Disney has remade its own animated hit as a live action film: **Dwayne Johnson** plays Maui, whom he also voiced in the original, Catherine Laga'aia plays Moana, and the cast includes John Tui, Frankie Adams and Rena Owen. Directed by Thomas Kail.

At Roda Cineplex the film runs in 3D and dubbed in Serbian, which makes it a choice for children who do not read subtitles yet and for parents who want the child to follow the story. A daytime screening in hall 3.

Price: from 630 dinars. Language: Serbian dub.","Devojka Vajana odgovara na poziv okeana i po prvi put putuje dalje od grebena svog ostrva kako bi svom narodu povratila blagostanje. Dizni je snimio igranu verziju sopstvenog animiranog hita: Mauija igra **Dvejn Džonson**, koji mu je pozajmio glas i u crtanom filmu, Vajanu igra Ketrin Lagaaja, a uz njih su Džon Tui, Frenki Adams i Rena Oven. Režija Tomas Kejl.

U Roda Cineplexu film ide u 3D-u i sinhronizovan na srpski, dakle to je izbor za decu koja još ne čitaju titlove i za roditelje kojima je važno da dete prati priču. Dnevna projekcija u sali 3.

Cena: od 630 dinara.",12:15,630,Roda Cineplex,"Požeška 83a (Roda centar), 11030 Beograd","44.783588,20.417473",https://repertoar.rs/filmovi/vajana-3d-sinhronizo/,repertoar.rs,http://www.rodacineplex.com/film/2783/VAJANA-3D-sinhronizo,Roda Cineplex,http://www.rodacineplex.com/,,,,,,"кино, дети, Disney, 3D, дубляж, Roda Cineplex","cinema, kids, Disney, 3D, dubbed, Roda Cineplex","bioskop, deca, Dizni, 3D, sinhronizovano, Roda Cineplex"
9/20/2026,9/20/2026,9/15/2026,1503,MusicGroup,Audio Units,https://www.instagram.com/audio_units/,,MusicEvent,Genom Sequence x MANEVARIM с Audio Units: шестнадцать часов техно в Para,Genom Sequence x MANEVARIM with Audio Units: sixteen hours of techno at Para,Genom Sequence x MANEVARIM sa Audio Units: šesnaest sati tehna u Pari,https://raw.githubusercontent.com/newsgl/arsposters/main/1503-GenomSequenceManevarimPara.webp,,Concerts,"Дневной рейв в клубе Para на Цетиньской: с 06:00 утра до 22:00 воскресенья 20 сентября, хедлайнеры братья Audio Units, рядом Leo Lang b2b Srbu, DAD4, Vibrain, Essio и aleksssa. Предпродажа 1200 динаров, на входе 1500.","A daytime rave at Para on Cetinjska: from 06:00 in the morning until 22:00 on Sunday 20 September, headlined by the brother duo Audio Units, with Leo Lang b2b Srbu, DAD4, Vibrain, Essio and aleksssa. Presale 1200 dinars, 1500 at the door.","Dnevni rejv u klubu Para na Cetinjskoj: od 06:00 ujutru do 22:00 u nedelju 20. septembra, hedlajneri su braća Audio Units, uz njih Leo Lang b2b Srbu, DAD4, Vibrain, Essio i aleksssa. Pretprodaja 1200 dinara, na ulazu 1500.","Две белградские команды, Genom Sequence и MANEVARIM, возвращаются в Para, «самое туманное место на земле», как они сами его называют, и делают не ночь, а день: шестнадцать часов секвенций, блипов и белого шума с раннего утра до вечера.

Главные гости **Audio Units**, дуэт братьев, которые делают детальное современное техно с уважением к его корням. Вдохновение они берут из искусства, научной фантастики и технологий, а работают принципиально на железе: аппаратный, а не компьютерный подход к тому, как мысли превращаются в треки.

В программе также **Leo Lang b2b Srbu**, DAD4, Vibrain, Essio и aleksssa, резиденты обеих команд.

Para это клуб в комплексе Цетиньска 15, старт в 06:00 утра, финиш в 22:00.

Цена: предпродажа 1200 динаров или 10 евро на Resident Advisor, на входе 1500 динаров или 13 евро.

Возраст: 18+.","Two Belgrade crews, Genom Sequence and MANEVARIM, return to Para, the mistiest place on earth as they call it, and instead of a night they do a day: sixteen hours of sequences, bleeps and white noise from early morning until the evening.

The main guests are **Audio Units**, a brother duo crafting detailed, modern techno that pays homage to its roots. They draw inspiration from art, science fiction and technology and work strictly on hardware: a machine driven rather than laptop driven approach to turning ideas into tracks.

Also on the bill: **Leo Lang b2b Srbu**, DAD4, Vibrain, Essio and aleksssa, residents of both crews.

Para is the club inside the Cetinjska 15 complex; doors open at 06:00 in the morning and the party ends at 22:00.

Price: presale 1200 dinars or 10 euro on Resident Advisor, 1500 dinars or 13 euro at the door.

Age: 18 and over.","Dve beogradske ekipe, Genom Sequence i MANEVARIM, vraćaju se u Paru, najmaglovitije mesto na svetu kako je sami zovu, i umesto noći prave dan: šesnaest sati sekvenci, blipova i belog šuma od ranog jutra do večeri.

Glavni gosti su **Audio Units**, duo braće koji prave detaljno, moderno tehno sa poštovanjem prema korenima žanra. Inspiraciju vuku iz umetnosti, naučne fantastike i tehnologije, a rade isključivo na hardveru: mašinski, a ne laptop pristup pretvaranju ideja u numere.

U programu su i **Leo Lang b2b Srbu**, DAD4, Vibrain, Essio i aleksssa, rezidenti obe ekipe.

Para je klub u kompleksu Cetinjska 15; vrata se otvaraju u 06:00 ujutru, žurka traje do 22:00.

Cena: pretprodaja 1200 dinara ili 10 evra na Resident Advisoru, na ulazu 1500 dinara ili 13 evra.

Uzrast: 18+.",06:00,1200,Para Klub,"Cetinjska 15, Beograd","44.818363,20.465855",https://ra.co/events/2535254,ra.co,https://ra.co/events/2535254,"Genom Sequence, MANEVARIM",https://www.instagram.com/manevarim_/,,,18+,,,"рейв, техно, Para, Цетиньска 15, дневная вечеринка","rave, techno, Para, Cetinjska 15, day party","rejv, tehno, Para, Cetinjska 15, dnevna žurka"
9/20/2026,9/20/2026,9/15/2026,1504,MusicGroup,Funkier Project,https://efinity.rs/event-details/funkier_32352,,MusicEvent,Funkier: вечер югославского фанка в Zappa Baza,Funkier: a night of Yugoslav funk at Zappa Baza,Funkier: veče jugoslovenskog fanka u Zappa Bazi,https://raw.githubusercontent.com/newsgl/arsposters/main/1504-FunkierZappaBaza.webp,,Concerts,"Дино Дворник, Оливер Мандич, Дадо Топич, Лео Мартин: главные фанк-хиты Югославии в живом исполнении группы Funkier Project. Zappa Baza, воскресенье 20 сентября, 21:00, билет 1200 динаров.","Dino Dvornik, Oliver Mandić, Dado Topić, Leo Martin: the great funk hits of Yugoslavia played live by Funkier Project. Zappa Baza, Sunday 20 September, 21:00, tickets 1200 dinars.","Dino Dvornik, Oliver Mandić, Dado Topić, Leo Martin: najveći fank hitovi Jugoslavije uživo u izvođenju Funkier Projecta. Zappa Baza, nedelja 20. septembar, 21:00, ulaznica 1200 dinara.","У югославской эстрады была своя фанк-линия, и она была не хуже западной: Дино Дворник с его «Ja bih preživio», Оливер Мандич, Дадо Топич, Лео Мартин. **Funkier Project** собирает всё это в один вечер и играет так, как эти песни задумывались: живой ритм-секцией, духовыми и без попытки сделать из них ретро-дискотеку.

Группа известна тем, что её концерты редко оставляют публику на месте: репертуар подобран из танцевальных вещей, а не из баллад.

Zappa Baza это клуб у Савского пристанища, на бульваре Войводе Бойовича 30а, зал небольшой и близкий к сцене.

Цена: 1200 динаров. Организатор: Mister Zappa doo.","Yugoslav pop had a funk line of its own, and it was every bit as good as the western one: Dino Dvornik with Ja bih preživio, Oliver Mandić, Dado Topić, Leo Martin. **Funkier Project** gathers all of it into one evening and plays it the way these songs were meant to be played: with a live rhythm section and horns, without turning them into a retro disco.

The band is known for shows that rarely leave the audience standing still; the repertoire is built from the dance numbers, not the ballads.

Zappa Baza is the club by the Sava port at Bulevar vojvode Bojovića 30a, a small room close to the stage.

Price: 1200 dinars. Organiser: Mister Zappa doo.","Jugoslovenska scena imala je svoju fank liniju, i nije bila ništa slabija od zapadne: Dino Dvornik sa Ja bih preživio, Oliver Mandić, Dado Topić, Leo Martin. **Funkier Project** skuplja sve to u jedno veče i svira onako kako su te pesme i zamišljene: sa živom ritam sekcijom, duvačima i bez pokušaja da se od njih napravi retro diskoteka.

Bend je poznat po tome što njegove svirke retko koga ostavljaju ravnodušnim: repertoar je sastavljen od igračkih stvari, ne od balada.

Zappa Baza je klub kod Savskog pristaništa, na Bulevaru vojvode Bojovića 30a, mala sala blizu bine.

Cena: 1200 dinara. Organizator: Mister Zappa doo.",21:00,1200,Zappa Baza,"Bulevar Vojvode Bojovića 30a, 11000 Beograd","44.820671,20.448039",https://efinity.rs/event-details/funkier_32352,efinity.rs,https://efinity.rs/event-details/funkier_32352,Mister Zappa doo,,,,,,,"концерт, фанк, югославская музыка, Zappa Baza, кавер","concert, funk, Yugoslav music, Zappa Baza, tribute","koncert, fank, jugoslovenska muzika, Zappa Baza, tribute"
9/20/2026,9/21/2026,9/15/2026,1505,Person,AnubisBeatz,,,MusicEvent,AnubisBeatz: воскресный диджей-сет на зимней сцене Freestyler,AnubisBeatz: a Sunday DJ set at the Freestyler Winter Stage,AnubisBeatz: nedeljni DJ set na zimskoj sceni Freestylera,https://raw.githubusercontent.com/newsgl/arsposters/main/1505-AnubisBeatzFreestyler2.webp,,Concerts,"Второй за выходные сет диджея AnubisBeatz в клубе Freestyler на Савском набережье. Воскресенье, 20 сентября, старт в 23:00. Цену и точное место организатор не объявил: уточняйте у клуба.","The second set of the weekend by DJ AnubisBeatz at Freestyler on the Sava embankment. Sunday 20 September, from 23:00. The price and exact venue have not been announced; check with the club.","Drugi set za vikend didžeja AnubisBeatz u klubu Freestyler na Savskom keju. Nedelja, 20. septembar, start u 23:00. Cena i tačno mesto još nisu objavljeni: proverite kod kluba.","Freestyler, сплав на Савском набережье и один из самых известных клубов города, закрывает выходные воскресным вечером с **AnubisBeatz** за пультом. Музыкальная линия клуба это R&B, хип-хоп и хаус, и сеты этого диджея идут в том же русле.

Выступление заявлено на зимней сцене клуба, Freestyler Winter Stage, куда программа переезжает с открытой палубы с приходом холодов.

Подробностей организатор пока не дал: ни полного лайнапа, ни цены входа. Информация взята из афиши артиста, детали лучше уточнить в клубе перед выходом.

Возраст: 18+.","Freestyler, the splav on the Sava embankment and one of the city's best known clubs, closes the weekend with a Sunday night set by **AnubisBeatz**. The club's musical line is R&B, hip hop and house, and this DJ's sets run in the same channel.

The set is billed for the club's winter stage, the Freestyler Winter Stage, where the programme moves from the open deck once the cold arrives.

The organiser has not released details yet: neither the full lineup nor the entry price. The information comes from the artist's tour listing, so check with the club before heading out.

Age: 18 and over.","Freestyler, splav na Savskom keju i jedan od najpoznatijih klubova u gradu, zatvara vikend nedeljnim setom **AnubisBeatz** za pultom. Muzička linija kluba su R&B, hip-hop i haus, a setovi ovog didžeja idu istim tokom.

Nastup je najavljen na zimskoj sceni kluba, Freestyler Winter Stage, gde se program seli sa otvorene palube kad stignu hladniji dani.

Detalje organizator još nije objavio: ni ceo lajnap, ni cenu ulaza. Informacija je iz koncertnog rasporeda izvođača, pa detalje proverite u klubu pre izlaska.

Uzrast: 18+.",23:00,,Freestyler,"Brodarska bb (Savski kej), 11070 Novi Beograd","44.805500,20.439500",https://www.bandsintown.com/e/108901376-anubisbeatz-at-freestyler-winter-stage,bandsintown.com,,Freestyler,https://freestylerclub.com/,,,18+,,,"клуб, диджей-сет, Freestyler, сплав, R&B","club, DJ set, Freestyler, splav, R&B","klub, DJ set, Freestyler, splav, R&B"
9/21/2026,9/21/2026,9/15/2026,1506,Person,Miloš Todorović,https://akademskaknjiga.com/,,EducationEvent,Милош Тодорович о Канте: презентация книги лауреата премии «Никола Милошевич» в Коларце,Miloš Todorović on Kant: the Nikola Milošević Award winner presents his book at Kolarac,Miloš Todorović o Kantu: predstavljanje knjige dobitnika nagrade Nikola Milošević na Kolarcu,https://raw.githubusercontent.com/newsgl/arsposters/main/1506-TodorovicKantKolarac.webp,,Lectures,"Радио Београд 2, Коларац и «Академска књига» представляют книгу «Самоаффекция и трансценденция. Об основах теоретической философии Канта» Милоша Тодоровича, лауреата премии «Никола Милошевич». Малый зал Коларца, понедельник 21 сентября, 19:30. На сербском языке.","Radio Beograd 2, Kolarac and Akademska knjiga present Samoafekcija i transcendencija, a book on the foundations of Kant's theoretical philosophy by Miloš Todorović, winner of the Nikola Milošević Award. Kolarac, small hall, Monday 21 September, 19:30. In Serbian.","Radio Beograd 2, Kolarac i Akademska knjiga predstavljaju knjigu Samoafekcija i transcendencija. O osnovama Kantove teorijske filozofije Miloša Todorovića, dobitnika nagrade Nikola Milošević. Mala sala Kolarca, ponedeljak 21. septembar, 19:30.","Премия «Никола Милошевич» это награда Радио Београда 2 за лучшую книгу года в области теории литературы и искусства, эстетики и философии. В этом году её получил философ **Милош Тодорович** за книгу «Самоаффекция и трансценденция. Об основах теоретической философии Канта», вышедшую в издательстве «Академска књига».

Книга посвящена тому, на чём держится «Критика чистого разума»: как субъект воздействует сам на себя и что из этого следует для понятия трансцендентального. Разговор для тех, кто читает Канта не по хрестоматиям.

Участвуют: **Ранко Стоилович**, главный редактор Радио Београда 2; автор, профессор Милош Тодорович; члены жюри премии профессора Миланко Говедарица, Уна Попович и Ненад Николич; Бора Бабич, директор издательства.

Презентация проходит в Малом зале Задужбины Илии М. Коларца на Студентском трге 5. Разговор на сербском языке.","The Nikola Milošević Award is Radio Beograd 2's prize for the best book of the year in literary and art theory, aesthetics and philosophy. This year it went to philosopher **Miloš Todorović** for Samoafekcija i transcendencija (Self affection and transcendence), a study of the foundations of Kant's theoretical philosophy published by Akademska knjiga.

The book deals with what holds the Critique of Pure Reason together: how the subject affects itself and what follows from that for the notion of the transcendental. A conversation for people who read Kant beyond the anthologies.

Taking part: **Ranko Stojilović**, editor in chief of Radio Beograd 2; the author, professor Miloš Todorović; the award jury, professors Milanko Govedarica, Una Popović and Nenad Nikolić; and Bora Babić, director of the publishing house.

The presentation takes place in the small hall of the Ilija M. Kolarac Endowment at Studentski trg 5. The conversation is in Serbian.","Nagrada Nikola Milošević je priznanje Radio Beograda 2 za najbolju knjigu godine u oblasti teorije književnosti i umetnosti, estetike i filozofije. Ove godine pripala je filozofu **Milošu Todoroviću** za knjigu Samoafekcija i transcendencija. O osnovama Kantove teorijske filozofije, u izdanju Akademske knjige.

Knjiga se bavi onim na čemu počiva Kritika čistog uma: kako subjekt deluje na samog sebe i šta iz toga sledi za pojam transcendentalnog. Razgovor za one koji Kanta čitaju dalje od hrestomatija.

Učestvuju: **Ranko Stojilović**, glavni i odgovorni urednik Radio Beograda 2; autor, prof. dr Miloš Todorović; članovi žirija prof. dr Milanko Govedarica, prof. dr Una Popović i prof. dr Nenad Nikolić; Bora Babić, direktorka Akademske knjige.

Predstavljanje se održava u Maloj sali Zadužbine Ilije M. Kolarca na Studentskom trgu 5.",19:30,,Zadužbina Ilije M. Kolarca,"Studentski trg 5, Beograd","44.819094,20.456261",http://www.kolarac.rs/predavanja/predstavljanje-knjige-dobitnika-nagrade-nikola-milosevic-21-9-2026-u-19-30-mala-sala/,kolarac.rs,,"Zadužbina Ilije M. Kolarca, Radio Beograd 2, Akademska knjiga",http://www.kolarac.rs/,,011 263 05 50,,,,"презентация книги, философия, Кант, Коларац, Радио Београд 2","book presentation, philosophy, Kant, Kolarac, Radio Beograd 2","promocija knjige, filozofija, Kant, Kolarac, Radio Beograd 2"
9/22/2026,9/22/2026,9/15/2026,1507,Organization,Heapspace,https://www.meetup.com/heapspace/,,EducationEvent,"Heapspace Unconference #7: продукт, кибербезопасность и команды в эпоху ИИ","Heapspace Unconference #7: product, cyber security and teams in the age of AI","Heapspace Unconference #7: proizvod, sajber bezbednost i timovi u doba veštačke inteligencije",https://raw.githubusercontent.com/newsgl/arsposters/main/1507-HeapspaceUnconferenceStartit.webp,,Lectures,"Формат без докладчиков: три модератора предлагают темы, участники голосуют и расходятся по группам. Startit centar на Савской 5, вторник 22 сентября, 18:00. Вход свободный, регистрация по ссылке, разговор на сербском.","A format without speakers: three moderators propose topics, the participants vote and split into groups. Startit centar at Savska 5, Tuesday 22 September, 18:00. Free entry with registration; the discussion is in Serbian.","Format bez predavača: tri moderatora predlažu teme, učesnici glasaju i dele se u grupe. Startit centar na Savskoj 5, utorak 22. septembar, 18:00. Ulaz slobodan uz prijavu.","Unconference устроен так, что гости не слушают, а разговаривают. Модераторы предлагают по три темы, участники голосуют, самые популярные темы обсуждаются в небольших группах в разных комнатах, и между темами можно переходить туда, где интереснее. Формат живёт от 60 до 90 минут, дальше общение.

В этот раз три модератора. **Ива Чичаревич**, старший продакт-менеджер Ananas E-commerce: ИИ в продукте как инструмент или как отговорка, выстраивание процесса разработки продукта, перенос процесса в другую страну. **Микица Ивошевич**, этичный хакер и сооснователь компании Abstract, член Google Hall of Fame: как войти в кибербезопасность, что изменилось за десять лет, ИИ против ИИ в атаках и защите. **Агнеш Асоди**, специалист по сообществам и организационному дизайну: высокопроизводительные команды в эпоху ИИ, организационный долг против технического, где кончается сложность и начинается редукция.

Площадка Startit centar на Савской 5. Подтверждение участия через Google-форму по ссылке на странице Meetup. Разговор на сербском языке.

Вход свободный.","An unconference is built so that guests talk rather than listen. Moderators propose three topics each, participants vote, the most popular topics are discussed in small groups in separate rooms, and you can move between groups to wherever the conversation is better. The format runs 60 to 90 minutes, followed by networking.

Three moderators this time. **Iva Čičarević**, senior product manager at Ananas E-commerce: AI in product as a tool or as an excuse, setting up a product development process, moving a process to another country. **Mikica Ivošević**, ethical hacker and co-founder of Abstract, a Google Hall of Fame member: how to break into cyber security, what has changed in ten years, AI versus AI in attack and defence. **Agneš Asodi**, community builder and organisational designer: high performing teams in the age of AI, organisational debt versus technical debt, and where complexity ends and reduction begins.

The venue is Startit centar at Savska 5. Confirm attendance via the Google form linked on the Meetup page. The discussion is in Serbian.

Free entry.","Unconference je zamišljen tako da gosti ne slušaju, nego razgovaraju. Moderatori predlažu po tri teme, učesnici glasaju, najpopularnije teme se obrađuju u manjim grupama po prostorijama, a između tema možete preći tamo gde je razgovor zanimljiviji. Format traje 60 do 90 minuta, posle toga druženje.

Ovog puta tri moderatora. **Iva Čičarević**, senior product manager u Ananas E-commerce: AI u productu kao alat ili kao izgovor, uspostavljanje procesa razvoja proizvoda, prenos procesa u drugu zemlju. **Mikica Ivošević**, etički haker i suosnivač kompanije Abstract, član Google Hall of Fame: ulazak u sajber bezbednost, šta se promenilo za deset godina, AI protiv AI u napadu i odbrani. **Agneš Asodi**, stručnjakinja za zajednice i organizacioni dizajn: high performing timovi u doba AI, organizacioni dug protiv tehničkog i gde prestaje kompleksnost, a počinje redukcija.

Mesto je Startit centar na Savskoj 5. Dolazak se potvrđuje preko Google forme sa Meetup stranice.

Ulaz slobodan.",18:00,0,Startit centar,"Savska 5, Beograd","44.806917,20.455505",https://www.meetup.com/heapspace/events/316467252/,meetup.com,https://forms.gle/AxD4ztx4hvt14mPz5,Heapspace,https://www.meetup.com/heapspace/,,,,,,"IT, unconference, продакт-менеджмент, кибербезопасность, Startit","IT, unconference, product management, cyber security, Startit","IT, unconference, product menadžment, sajber bezbednost, Startit"
9/22/2026,9/22/2026,9/15/2026,1508,Organization,Trivia Sphere Quiz Nights,https://www.meetup.com/trivia-sphere-quiz-nights/,,SocialEvent,International Quiz Night: квиз на английском от Trivia Sphere в Nosati pub,International Quiz Night: the Trivia Sphere quiz in English at Nosati pub,International Quiz Night: kviz na engleskom Trivia Sphere u Nosati pubu,https://raw.githubusercontent.com/newsgl/arsposters/main/1508-TriviaSphereQuizNosati.webp,,Games,"Пятьдесят вопросов в десяти категориях, команды от двух до шести человек, всё на английском. Nosati pub на Нушичевой 8, вторник 22 сентября, 19:30. Взнос 500 динаров с человека, запись через Instagram или WhatsApp.","Fifty questions in ten categories, teams of two to six, all in English. Nosati pub at Nušićeva 8, Tuesday 22 September, 19:30. Entry 500 dinars per person, sign up via Instagram or WhatsApp.","Pedeset pitanja u deset kategorija, timovi od dvoje do šestoro, sve na engleskom. Nosati pub na Nušićevoj 8, utorak 22. septembar, 19:30. Kotizacija 500 dinara po osobi, prijava preko Instagrama ili WhatsAppa.","Trivia Sphere делает квизы для международной публики Белграда: вопросы и ведущий на английском, так что команду можно собрать из кого угодно, от экспатов до местных, кто хочет размять язык.

Формат этого вечера общие знания: десять категорий, пятьдесят вопросов, от географии и музыки до поп-культуры. Команды от двух до шести человек. Если команды нет, можно записаться одному, организаторы подберут напарников. Призы символические: медали и сладости, главное здесь атмосфера.

Запись команды через Instagram организаторов или сообщением в WhatsApp на номер +381 63 867 5162.

Nosati pub это паб в Скадарлии, на Нушичевой 8.

Цена: 500 динаров с человека. Язык: английский.","Trivia Sphere runs quizzes for Belgrade's international crowd: the questions and the host are in English, so a team can be put together from anyone, expats and locals who want to exercise their English alike.

The format this time is general knowledge: ten categories, fifty questions, from geography and music to pop culture. Teams of two to six. If you do not have a team, sign up solo and the organisers will pair you up. The prizes are symbolic, medals and sweets; the point is the atmosphere.

Register your team via the organisers' Instagram or by WhatsApp message to +381 63 867 5162.

Nosati pub is a pub in Skadarlija at Nušićeva 8.

Price: 500 dinars per person. Language: English.","Trivia Sphere pravi kvizove za međunarodnu publiku Beograda: pitanja i voditelj su na engleskom, pa tim možete sastaviti od bilo koga, od ekspata do domaćih koji hoće da provežbaju jezik.

Format ovog puta je opšte znanje: deset kategorija, pedeset pitanja, od geografije i muzike do pop kulture. Timovi od dvoje do šestoro. Ako nemate tim, prijavite se sami, organizatori će vam naći saigrače. Nagrade su simbolične, medalje i slatkiši; poenta je atmosfera.

Prijava tima preko Instagrama organizatora ili WhatsApp porukom na +381 63 867 5162.

Nosati pub je pab u Skadarliji, na Nušićevoj 8.

Cena: 500 dinara po osobi. Jezik: engleski.",19:30,500,Nosati pub,"Nušićeva 8, Beograd","44.813841,20.461875",https://www.meetup.com/trivia-sphere-quiz-nights/events/316538006/,meetup.com,https://www.meetup.com/trivia-sphere-quiz-nights/events/316538006/,Trivia Sphere,https://www.meetup.com/trivia-sphere-quiz-nights/,,+381 63 867 5162,,,,"квиз, английский, паб, Nosati pub, Скадарлия","quiz, English, pub, Nosati pub, Skadarlija","kviz, engleski, pab, Nosati pub, Skadarlija"
9/22/2026,9/22/2026,9/15/2026,1509,Person,Nenad Jezdić,https://sr.wikipedia.org/wiki/%D0%9D%D0%B5%D0%BD%D0%B0%D0%B4_%D0%88%D0%B5%D0%B7%D0%B4%D0%B8%D1%9B,,TheaterEvent,«Книга о Милутине»: монодрама Ненада Ездича в Театре Звездара,Knjiga o Milutinu: Nenad Jezdić's monodrama at Zvezdara teatar,Knjiga o Milutinu: monodrama Nenada Jezdića u Zvezdara teatru,https://raw.githubusercontent.com/newsgl/arsposters/main/1509-KnjigaOMilutinuZvezdara.webp,,Theatre,"Ненад Ездич один на сцене в роли шумадийского крестьянина Милутина, по роману Данко Поповича в постановке Эгона Савина. Новая сцена Театра Звездара, 22 сентября, 20:00. Спектакль идёт на сербском языке, билеты в кассе театра онлайн.","Nenad Jezdić alone on stage as Milutin, a peasant from Šumadija, after Danko Popović's novel, directed by Egon Savin. Zvezdara teatar, new stage, 22 September, 20:00. In Serbian; tickets from the theatre's online box office.","Nenad Jezdić sam na sceni kao Milutin, seljak iz Šumadije, po romanu Danka Popovića u režiji Egona Savina. Nova scena Zvezdara teatra, 22. septembra, 20:00. Ulaznice na onlajn blagajni pozorišta.","Один из самых посещаемых спектаклей белградской сцены последних лет. **Ненад Ездич** играет Милутина Остоича, простого крестьянина из Шумадии, который прошёл через войны и потери XX века и не может закрыть глаза на то, что происходило с его народом. В монодраме он задаёт себе вопросы, которых раньше боялся, и постепенно подводит к ним зрителя: за что стоит бороться, что даёт человеку его земля и что у него отнимает война.

Спектакль поставлен по роману **Данко Поповича** «Книга о Милутине», вышедшему в 1985 году и ставшему одной из самых читаемых сербских книг того времени. Режиссёр **Эгон Савин** говорит, что долг театра отдать должное большим произведениям сербской литературы, и эта адаптация точно попадает в нестабильное время.

Милутин ясно выражает свой антивоенный взгляд через чувства, опыт и дела, которыми могут гордиться его потомки. Критики и публика сходятся на том, что роль легла на Ездича идеально.

Спектакль идёт на Новой сцене Театра Звездара на улице Милана Ракича 38, на сербском языке. Цена билета на онлайн-кассе театра.","One of the most attended productions on the Belgrade stage in recent years. **Nenad Jezdić** plays Milutin Ostojić, a plain peasant from Šumadija who went through the wars and losses of the twentieth century and cannot close his eyes to what happened to his people. In this monodrama he asks himself the questions he used to fear and gradually leads the audience to them: what is worth fighting for, what a person's land gives him and what war takes away.

The production is based on **Danko Popović**'s novel Knjiga o Milutinu, published in 1985 and one of the most widely read Serbian books of its time. Director **Egon Savin** says the theatre's duty is to repay the great works of Serbian literature, and this adaptation lands squarely in an unstable time.

Milutin states his anti war position clearly, through feelings, experience and deeds his descendants can be proud of. Critics and audiences agree the role fits Jezdić perfectly.

Performed on the new stage of Zvezdara teatar at Milana Rakića 38, in Serbian without surtitles. Ticket prices are on the theatre's online box office.","Jedna od najposećenijih predstava beogradske scene poslednjih godina. **Nenad Jezdić** igra Milutina Ostojića, običnog seljaka iz Šumadije koji je prošao ratove i gubitke dvadesetog veka i ne može da zažmuri pred onim što se dešavalo njegovom narodu. U monodrami postavlja sebi pitanja kojih se ranije bojao i postepeno navodi i gledaoce da razmisle: za šta se vredi boriti, šta čoveku daje njegova zemlja i šta mu rat oduzima.

Predstava je nastala po romanu **Danka Popovića** Knjiga o Milutinu, objavljenom 1985. i jednoj od najčitanijih srpskih knjiga tog vremena. Reditelj **Egon Savin** kaže da je dužnost pozorišta da se oduži velikim delima srpske književnosti, a ova adaptacija je pun pogodak u nestabilnim vremenima.

Milutin svoj antiratni stav jasno izražava kroz osećanja, iskustva i dela kojima se njegovi potomci mogu ponositi. Kritika i publika se slažu da je uloga Jezdiću savršeno legla.

Igra se na Novoj sceni Zvezdara teatra u ulici Milana Rakića 38. Cena ulaznice je na onlajn blagajni pozorišta.",20:00,,Zvezdara teatar,"Milana Rakića 38, 11050 Beograd","44.797660,20.497652",https://repertoar.rs/predstave/knjiga-o-milutinu/,repertoar.rs,https://bilet.zvezdarateatar.rs/scena.php?prostorterminid=2613,Zvezdara teatar,https://www.zvezdarateatar.rs/,,,,,,"театр, монодрама, Ненад Ездич, Звездара театар, сербская литература","theatre, monodrama, Nenad Jezdić, Zvezdara teatar, Serbian literature","pozorište, monodrama, Nenad Jezdić, Zvezdara teatar, srpska književnost"
9/29/2026,9/29/2026,9/15/2026,1510,Person,Nenad Jezdić,https://sr.wikipedia.org/wiki/%D0%9D%D0%B5%D0%BD%D0%B0%D0%B4_%D0%88%D0%B5%D0%B7%D0%B4%D0%B8%D1%9B,,TheaterEvent,«Книга о Милутине»: монодрама Ненада Ездича в Театре Звездара,Knjiga o Milutinu: Nenad Jezdić's monodrama at Zvezdara teatar,Knjiga o Milutinu: monodrama Nenada Jezdića u Zvezdara teatru,https://raw.githubusercontent.com/newsgl/arsposters/main/1510-KnjigaOMilutinuZvezdara2.webp,,Theatre,"Ненад Ездич один на сцене в роли шумадийского крестьянина Милутина, по роману Данко Поповича в постановке Эгона Савина. Новая сцена Театра Звездара, 29 сентября, 20:00. Спектакль идёт на сербском языке, билеты в кассе театра онлайн.","Nenad Jezdić alone on stage as Milutin, a peasant from Šumadija, after Danko Popović's novel, directed by Egon Savin. Zvezdara teatar, new stage, 29 September, 20:00. In Serbian; tickets from the theatre's online box office.","Nenad Jezdić sam na sceni kao Milutin, seljak iz Šumadije, po romanu Danka Popovića u režiji Egona Savina. Nova scena Zvezdara teatra, 29. septembra, 20:00. Ulaznice na onlajn blagajni pozorišta.","Один из самых посещаемых спектаклей белградской сцены последних лет. **Ненад Ездич** играет Милутина Остоича, простого крестьянина из Шумадии, который прошёл через войны и потери XX века и не может закрыть глаза на то, что происходило с его народом. В монодраме он задаёт себе вопросы, которых раньше боялся, и постепенно подводит к ним зрителя: за что стоит бороться, что даёт человеку его земля и что у него отнимает война.

Спектакль поставлен по роману **Данко Поповича** «Книга о Милутине», вышедшему в 1985 году и ставшему одной из самых читаемых сербских книг того времени. Режиссёр **Эгон Савин** говорит, что долг театра отдать должное большим произведениям сербской литературы, и эта адаптация точно попадает в нестабильное время.

Милутин ясно выражает свой антивоенный взгляд через чувства, опыт и дела, которыми могут гордиться его потомки. Критики и публика сходятся на том, что роль легла на Ездича идеально.

Спектакль идёт на Новой сцене Театра Звездара на улице Милана Ракича 38, на сербском языке. Цена билета на онлайн-кассе театра.","One of the most attended productions on the Belgrade stage in recent years. **Nenad Jezdić** plays Milutin Ostojić, a plain peasant from Šumadija who went through the wars and losses of the twentieth century and cannot close his eyes to what happened to his people. In this monodrama he asks himself the questions he used to fear and gradually leads the audience to them: what is worth fighting for, what a person's land gives him and what war takes away.

The production is based on **Danko Popović**'s novel Knjiga o Milutinu, published in 1985 and one of the most widely read Serbian books of its time. Director **Egon Savin** says the theatre's duty is to repay the great works of Serbian literature, and this adaptation lands squarely in an unstable time.

Milutin states his anti war position clearly, through feelings, experience and deeds his descendants can be proud of. Critics and audiences agree the role fits Jezdić perfectly.

Performed on the new stage of Zvezdara teatar at Milana Rakića 38, in Serbian without surtitles. Ticket prices are on the theatre's online box office.","Jedna od najposećenijih predstava beogradske scene poslednjih godina. **Nenad Jezdić** igra Milutina Ostojića, običnog seljaka iz Šumadije koji je prošao ratove i gubitke dvadesetog veka i ne može da zažmuri pred onim što se dešavalo njegovom narodu. U monodrami postavlja sebi pitanja kojih se ranije bojao i postepeno navodi i gledaoce da razmisle: za šta se vredi boriti, šta čoveku daje njegova zemlja i šta mu rat oduzima.

Predstava je nastala po romanu **Danka Popovića** Knjiga o Milutinu, objavljenom 1985. i jednoj od najčitanijih srpskih knjiga tog vremena. Reditelj **Egon Savin** kaže da je dužnost pozorišta da se oduži velikim delima srpske književnosti, a ova adaptacija je pun pogodak u nestabilnim vremenima.

Milutin svoj antiratni stav jasno izražava kroz osećanja, iskustva i dela kojima se njegovi potomci mogu ponositi. Kritika i publika se slažu da je uloga Jezdiću savršeno legla.

Igra se na Novoj sceni Zvezdara teatra u ulici Milana Rakića 38. Cena ulaznice je na onlajn blagajni pozorišta.",20:00,,Zvezdara teatar,"Milana Rakića 38, 11050 Beograd","44.797660,20.497652",https://repertoar.rs/predstave/knjiga-o-milutinu/,repertoar.rs,https://bilet.zvezdarateatar.rs/scena.php?prostorterminid=2613,Zvezdara teatar,https://www.zvezdarateatar.rs/,,,,,,"театр, монодрама, Ненад Ездич, Звездара театар, сербская литература","theatre, monodrama, Nenad Jezdić, Zvezdara teatar, Serbian literature","pozorište, monodrama, Nenad Jezdić, Zvezdara teatar, srpska književnost"
9/30/2026,9/30/2026,9/15/2026,1511,Person,Nenad Jezdić,https://sr.wikipedia.org/wiki/%D0%9D%D0%B5%D0%BD%D0%B0%D0%B4_%D0%88%D0%B5%D0%B7%D0%B4%D0%B8%D1%9B,,TheaterEvent,«Книга о Милутине»: монодрама Ненада Ездича в Театре Звездара,Knjiga o Milutinu: Nenad Jezdić's monodrama at Zvezdara teatar,Knjiga o Milutinu: monodrama Nenada Jezdića u Zvezdara teatru,https://raw.githubusercontent.com/newsgl/arsposters/main/1511-KnjigaOMilutinuZvezdara3.webp,,Theatre,"Ненад Ездич один на сцене в роли шумадийского крестьянина Милутина, по роману Данко Поповича в постановке Эгона Савина. Новая сцена Театра Звездара, 30 сентября, 20:00. Спектакль идёт на сербском языке, билеты в кассе театра онлайн.","Nenad Jezdić alone on stage as Milutin, a peasant from Šumadija, after Danko Popović's novel, directed by Egon Savin. Zvezdara teatar, new stage, 30 September, 20:00. In Serbian; tickets from the theatre's online box office.","Nenad Jezdić sam na sceni kao Milutin, seljak iz Šumadije, po romanu Danka Popovića u režiji Egona Savina. Nova scena Zvezdara teatra, 30. septembra, 20:00. Ulaznice na onlajn blagajni pozorišta.","Один из самых посещаемых спектаклей белградской сцены последних лет. **Ненад Ездич** играет Милутина Остоича, простого крестьянина из Шумадии, который прошёл через войны и потери XX века и не может закрыть глаза на то, что происходило с его народом. В монодраме он задаёт себе вопросы, которых раньше боялся, и постепенно подводит к ним зрителя: за что стоит бороться, что даёт человеку его земля и что у него отнимает война.

Спектакль поставлен по роману **Данко Поповича** «Книга о Милутине», вышедшему в 1985 году и ставшему одной из самых читаемых сербских книг того времени. Режиссёр **Эгон Савин** говорит, что долг театра отдать должное большим произведениям сербской литературы, и эта адаптация точно попадает в нестабильное время.

Милутин ясно выражает свой антивоенный взгляд через чувства, опыт и дела, которыми могут гордиться его потомки. Критики и публика сходятся на том, что роль легла на Ездича идеально.

Спектакль идёт на Новой сцене Театра Звездара на улице Милана Ракича 38, на сербском языке. Цена билета на онлайн-кассе театра.","One of the most attended productions on the Belgrade stage in recent years. **Nenad Jezdić** plays Milutin Ostojić, a plain peasant from Šumadija who went through the wars and losses of the twentieth century and cannot close his eyes to what happened to his people. In this monodrama he asks himself the questions he used to fear and gradually leads the audience to them: what is worth fighting for, what a person's land gives him and what war takes away.

The production is based on **Danko Popović**'s novel Knjiga o Milutinu, published in 1985 and one of the most widely read Serbian books of its time. Director **Egon Savin** says the theatre's duty is to repay the great works of Serbian literature, and this adaptation lands squarely in an unstable time.

Milutin states his anti war position clearly, through feelings, experience and deeds his descendants can be proud of. Critics and audiences agree the role fits Jezdić perfectly.

Performed on the new stage of Zvezdara teatar at Milana Rakića 38, in Serbian without surtitles. Ticket prices are on the theatre's online box office.","Jedna od najposećenijih predstava beogradske scene poslednjih godina. **Nenad Jezdić** igra Milutina Ostojića, običnog seljaka iz Šumadije koji je prošao ratove i gubitke dvadesetog veka i ne može da zažmuri pred onim što se dešavalo njegovom narodu. U monodrami postavlja sebi pitanja kojih se ranije bojao i postepeno navodi i gledaoce da razmisle: za šta se vredi boriti, šta čoveku daje njegova zemlja i šta mu rat oduzima.

Predstava je nastala po romanu **Danka Popovića** Knjiga o Milutinu, objavljenom 1985. i jednoj od najčitanijih srpskih knjiga tog vremena. Reditelj **Egon Savin** kaže da je dužnost pozorišta da se oduži velikim delima srpske književnosti, a ova adaptacija je pun pogodak u nestabilnim vremenima.

Milutin svoj antiratni stav jasno izražava kroz osećanja, iskustva i dela kojima se njegovi potomci mogu ponositi. Kritika i publika se slažu da je uloga Jezdiću savršeno legla.

Igra se na Novoj sceni Zvezdara teatra u ulici Milana Rakića 38. Cena ulaznice je na onlajn blagajni pozorišta.",20:00,,Zvezdara teatar,"Milana Rakića 38, 11050 Beograd","44.797660,20.497652",https://repertoar.rs/predstave/knjiga-o-milutinu/,repertoar.rs,https://bilet.zvezdarateatar.rs/scena.php?prostorterminid=2613,Zvezdara teatar,https://www.zvezdarateatar.rs/,,,,,,"театр, монодрама, Ненад Ездич, Звездара театар, сербская литература","theatre, monodrama, Nenad Jezdić, Zvezdara teatar, Serbian literature","pozorište, monodrama, Nenad Jezdić, Zvezdara teatar, srpska književnost"
9/25/2026,9/25/2026,9/15/2026,1512,Person,Angel Proto,,,MusicEvent,Angel Proto и Gentofunk: диджеи из Болгарии в баре Lift,Angel Proto and Gentofunk: DJs from Bulgaria at Lift,Angel Proto i Gentofunk: didžeji iz Bugarske u Liftu,https://raw.githubusercontent.com/newsgl/arsposters/main/1512-AngelProtoGentofunkLift.webp,,Concerts,"Два диджея из Болгарии за пультом бара Lift во дворе Цетиньской 15. Пятница, 25 сентября, с 20:00 до полуночи, вход свободный.","Two DJs from Bulgaria behind the decks at Lift, the bar in the Cetinjska 15 courtyard. Friday 25 September, 20:00 to midnight, free entry.","Dva didžeja iz Bugarske za pultom bara Lift u dvorištu Cetinjske 15. Petak, 25. septembar, od 20:00 do ponoći, ulaz slobodan.","Гости из Болгарии **Angel Proto** и **Gentofunk** привозят свой саунд на танцпол Lift: хаус, диско и фанк, то есть ровно та линия, на которой этот бар держится.

Lift находится в комплексе Цетиньска 15, бывшей пивоварне в Скадарлии, где во дворе работает десяток баров и клубов. Музыка здесь идёт в ранние часы, с восьми вечера до полуночи, поэтому это вариант для пятницы без ночного клуба: зашёл после работы, потанцевал, ушёл домой в разумное время или переместился дальше по двору.

Подробностей о программе организатор не публикует, лайнап из двух имён, оба играют весь вечер.

Вход свободный.","Guests from Bulgaria **Angel Proto** and **Gentofunk** bring their sound to the Lift dance floor: house, disco and funk, exactly the line this bar stands on.

Lift is inside the Cetinjska 15 complex, the former brewery in Skadarlija where a dozen bars and clubs share one courtyard. Music here runs early, from eight in the evening until midnight, which makes it a Friday option without a night club: drop in after work, dance, and go home at a reasonable hour or move on down the courtyard.

The organiser publishes no further programme details; the lineup is two names and both play the whole evening.

Free entry.","Gosti iz Bugarske **Angel Proto** i **Gentofunk** donose svoj zvuk na podijum Lifta: haus, disko i fank, tačno ona linija na kojoj ovaj bar i stoji.

Lift se nalazi u kompleksu Cetinjska 15, nekadašnjoj pivari u Skadarliji gde u istom dvorištu radi desetak barova i klubova. Muzika ovde ide rano, od osam uveče do ponoći, pa je ovo opcija za petak bez noćnog kluba: svratite posle posla, zaigrate, odete kući u razumno vreme ili nastavite dalje po dvorištu.

Detalje programa organizator ne objavljuje, lajnap su dva imena i oba sviraju celo veče.

Ulaz slobodan.",20:00,0,Lift,"Cetinjska 15, 11000 Beograd","44.818014,20.465528",https://ra.co/events/2534824,ra.co,,Lift,,,,,,,"диджей-сет, хаус, диско, Lift, Цетиньска 15","DJ set, house, disco, Lift, Cetinjska 15","DJ set, haus, disko, Lift, Cetinjska 15"
9/26/2026,9/26/2026,9/15/2026,1513,Person,Feloneezy,,,MusicEvent,Feloneezy: субботний сет белградского диджея в баре Lift,Feloneezy: a Saturday set by the Belgrade DJ at Lift,Feloneezy: subotnji set beogradskog didžeja u Liftu,https://raw.githubusercontent.com/newsgl/arsposters/main/1513-FeloneezyLift.webp,,Concerts,"Белградский диджей Feloneezy возвращается за пульт бара Lift во дворе Цетиньской 15. Суббота, 26 сентября, с 20:00 до полуночи, вход свободный.","Belgrade DJ Feloneezy is back behind the decks at Lift, the bar in the Cetinjska 15 courtyard. Saturday 26 September, 20:00 to midnight, free entry.","Beogradski didžej Feloneezy vraća se za pult bara Lift u dvorištu Cetinjske 15. Subota, 26. septembar, od 20:00 do ponoći, ulaz slobodan.","«Местный герой там, где мы любим его больше всего»: так Lift анонсирует возвращение **Feloneezy** за свой пульт. Один из самых узнаваемых диджеев белградской сцены, известный сетами на стыке хауса, диско, фанка и всего, что заставляет двигаться, снова играет в баре, который сам считает домашней площадкой.

Lift находится в комплексе Цетиньска 15 в Скадарлии. Здесь музыка идёт с восьми вечера до полуночи, без ночной смены, так что вечер подходит и тем, кто не собирается в клуб.

Подробной программы нет: одно имя, один длинный сет.

Вход свободный.","A local hero back where we like him best: that is how Lift announces the return of **Feloneezy** to its booth. One of the most recognisable DJs on the Belgrade scene, known for sets at the junction of house, disco, funk and anything that makes people move, plays again at the bar he treats as home ground.

Lift is inside the Cetinjska 15 complex in Skadarlija. Music runs from eight in the evening until midnight, no late shift, so the night works for people who are not heading to a club afterwards.

There is no detailed programme: one name, one long set.

Free entry.","Lokalni heroj tamo gde ga najviše volimo: tako Lift najavljuje povratak **Feloneezyja** za svoj pult. Jedan od najprepoznatljivijih didžeja beogradske scene, poznat po setovima na spoju hausa, diska, fanka i svega što tera na pokret, ponovo svira u baru koji smatra domaćim terenom.

Lift se nalazi u kompleksu Cetinjska 15 u Skadarliji. Muzika ovde ide od osam uveče do ponoći, bez noćne smene, pa veče odgovara i onima koji posle ne idu u klub.

Detaljnog programa nema: jedno ime, jedan dugačak set.

Ulaz slobodan.",20:00,0,Lift,"Cetinjska 15, 11000 Beograd","44.818014,20.465528",https://ra.co/events/2534828,ra.co,,Lift,,,,,,,"диджей-сет, хаус, диско, Lift, Цетиньска 15","DJ set, house, disco, Lift, Cetinjska 15","DJ set, haus, disko, Lift, Cetinjska 15"
9/26/2026,9/26/2026,9/15/2026,1514,Person,Manuela Zechner,https://ifdt.bg.ac.rs/,,EducationEvent,Мануэла Цехнер о книге The Plot is on Fire: разговор об экологии и заботе в IFDT,Manuela Zechner on The Plot is on Fire: a conversation about ecology and care at IFDT,Manuela Zechner o knjizi Zemlja je u plamenu: razgovor o ekologiji i brizi na IFDT-u,https://raw.githubusercontent.com/newsgl/arsposters/main/1514-ZemljaJeUPlamenuIfdt.webp,,Lectures,"Разговор с автором книги о том, как выйти из экоцидного капитализма через коллективное сопротивление и заботу; модерируют Ана Виленица и Искра Крстич. Институт философии и общественной теории, Кралице Наталие 45, суббота 26 сентября, 17:00. На английском без перевода, вход свободный, есть трансляция в Zoom.","A conversation with the author of a book on how to exit ecocidal capitalism through collective resistance and care, moderated by Ana Vilenica and Iskra Krstić. Institute for Philosophy and Social Theory, Kraljice Natalije 45, Saturday 26 September, 17:00. In English, free entry, also streamed on Zoom.","Razgovor sa autorkom knjige o tome kako izaći iz ekocidnog kapitalizma kroz kolektivni otpor i brigu; razgovaraju Ana Vilenica i Iskra Krstić. Institut za filozofiju i društvenu teoriju, Kraljice Natalije 45, subota 26. septembar, 17:00. Na engleskom bez prevoda, ulaz slobodan, prenos i preko Zooma.","После лета лесных пожаров, пропавших урожаев и пересохших рек книга **Мануэлы Цехнер** The Plot is on Fire (Pluto Press, 2026) звучит болезненно вовремя. Она задаёт вопрос, как выйти из экоцидного, петро-технологического капитализма через коллективное сопротивление и заботу.

Отправная точка книги это сельское хозяйство и борьба за землю, а дальше вопрос, как построить нетоксичные формы общественно-экологического воспроизводства и инфраструктуру общих благ. Вместо патриархата, плантации и прогресса как господствующих моделей развития автор предлагает другие рассказы о сельском и городском планировании, производстве еды, использовании технологий и о том, как мы вообще рассказываем истории своих битв. Книга росла из разговоров с агроэкологическими, экофеминистскими, деколониальными и хакерскими движениями.

Мануэла Цехнер, исследователь и организатор, работает в Центре прикладного экологического мышления Университета Копенгагена, сооснователь школы Common Ecologies и автор подкаста Earthcare Fieldcast. С ней разговаривают **Ана Виленица** и **Искра Крстич**.

Разговор на английском языке без перевода. Событие снимается для канала Angažovana misao.

Вход свободный. Организатор: лаборатории PerspectLab и SolidCareLab IFDT.","After a summer of forest fires, failed harvests and dried up rivers, **Manuela Zechner**'s book The Plot is on Fire (Pluto Press, 2026) reads as painfully timely. It asks how to get out of ecocidal, petro technological capitalism through collective resistance and care.

The book starts from agriculture and struggles over land, then moves to the question of how to build non toxic forms of social and ecological reproduction and an infrastructure of the commons. Instead of patriarchy, plantation and progress as the dominant models of development, it proposes different narratives about rural and urban planning, food production, the use of technology and the way we tell the stories of our struggles. It grew out of conversations with agroecological, ecofeminist, decolonial and hacker movements.

Manuela Zechner is a researcher, educator and organiser at the Centre for Applied Ecological Thinking, University of Copenhagen, co founder of the Common Ecologies school and author of the Earthcare Fieldcast podcast. She is joined in conversation by **Ana Vilenica** and **Iskra Krstić**.

The conversation is in English without translation and is recorded for the Angažovana misao channel.

Free entry. Organiser: the PerspectLab and SolidCareLab laboratories of IFDT.","Posle leta ispunjenog požarima, propalim žetvama i presušenim rekama, knjiga **Manuele Zechner** Zemlja je u plamenu (The Plot is on Fire, Pluto Press, 2026) zvuči bolno aktuelno. Ona pita kako da izađemo iz ekocidnog, petro-tehnološkog kapitalizma kroz kolektivni otpor i brigu.

Knjiga polazi od poljoprivrede i borbi oko zemlje, a zatim od pitanja kako izgraditi netoksične oblike društveno-ekološke reprodukcije i infrastrukturu zajedničkih dobara. Umesto patrijarhata, plantaže i progresa kao dominantnih modela razvoja, predlaže drugačije narative o ruralnom i urbanom planiranju, proizvodnji hrane, korišćenju tehnologije i načinu na koji pričamo priče o svojim borbama. Nastajala je kroz razgovore sa agroekološkim, ekofeminističkim, dekolonijalnim i hakerskim pokretima.

Manuela Zechner je istraživačica, edukatorka i organizatorka u Centru za primenjeno ekološko mišljenje Univerziteta u Kopenhagenu, suosnivačica škole Common Ecologies i autorka podkasta Earthcare Fieldcast. Sa njom razgovaraju **Ana Vilenica** i **Iskra Krstić**.

Razgovor je na engleskom jeziku bez prevoda i snima se za kanal Angažovana misao.

Ulaz slobodan. Organizator: laboratorije PerspectLab i SolidCareLab IFDT-a.",17:00,0,Institut za filozofiju i društvenu teoriju,"Kraljice Natalije 45, Beograd","44.808120,20.462218",https://ifdt.bg.ac.rs/events/razgovor-o-knjizi-zemlja-je-u-plamenu-perspectlab-solidcarelab/,ifdt.bg.ac.rs,,Institut za filozofiju i društvenu teoriju,https://ifdt.bg.ac.rs/,institut@ifdt.bg.ac.rs,,,,,"лекция, книга, экология, философия, IFDT, английский","talk, book, ecology, philosophy, IFDT, English","razgovor, knjiga, ekologija, filozofija, IFDT, engleski"
9/27/2026,9/27/2026,9/15/2026,1515,Organization,Take a Photo Walk,https://www.instagram.com/takeaphotowalkcommunity,,EducationEvent,Photo Walk «Belgrade Time Machine»: фотопрогулка по Новому Белграду,Photo Walk Belgrade Time Machine: a community photo walk through New Belgrade,Photo Walk Belgrade Time Machine: foto šetnja kroz Novi Beograd,https://raw.githubusercontent.com/newsgl/arsposters/main/1515-PhotoWalkBelgradeTimeMachine.webp,,Master classes,"Бесплатная прогулка с камерой или телефоном для фотографов любого уровня: сбор у Париске комуне 22 в Новом Белграде, воскресенье 27 сентября, с 12:00 до 14:00. Регистрация через Meetup, общение на английском, сербском и испанском.","A free walk with a camera or a phone for photographers of any level: meeting point at Pariske komune 22 in New Belgrade, Sunday 27 September, 12:00 to 14:00. RSVP on Meetup; the walk runs in English, Serbian and Spanish.","Besplatna šetnja sa fotoaparatom ili telefonom za fotografe svakog nivoa: okupljanje kod Pariske komune 22 na Novom Beogradu, nedelja 27. septembar, od 12:00 do 14:00. Prijava preko Meetupa, komunikacija na engleskom, srpskom i španskom.","Take a Photo Walk это сообщество, которое родилось в Барселоне летом 2024 года и с тех пор собирает фотографов на прогулки в разных городах мира. Белградская ветка зовёт на маршрут под названием Belgrade Time Machine: старт у Париске комуне 22, в блоках Нового Белграда, где модернистская архитектура и павильоны сами просятся в кадр.

Что это: неформальная встреча фотографов, видеографов и людей, которые просто любят снимать. Что это не: не урок фотографии, не экскурсия с гидом и не платный тур. Опыт и оборудование не важны: плёночная камера, цифровая или смартфон, главное любопытство.

После прогулки те, кто хочет, идут вместе на кофе. Координация в день события через группу WhatsApp, ссылка на странице Meetup; если попали в лист ожидания, туда же можно написать.

Языки: английский, сербский, испанский. Удобная обувь приветствуется.

Цена: бесплатно; добровольные пожертвования около 5 евро в поддержку сообщества, необязательные.","Take a Photo Walk is a community founded in Barcelona in July 2024 that has been gathering photographers for walks in cities around the world ever since. The Belgrade chapter invites you on a route called Belgrade Time Machine: the start is at Pariske komune 22, among the blocks of New Belgrade where the modernist architecture and pavilions practically ask to be photographed.

What it is: an informal meetup of photographers, videographers and people who simply like to shoot. What it is not: a photography class, a guided experience or a paid city tour. Experience and gear do not matter; film camera, digital or smartphone, curiosity is the only requirement.

After the walk, anyone who wants to joins for coffee. Coordination on the day runs through a WhatsApp group linked on the Meetup page; if you are waitlisted, message there too.

Languages: English, Serbian, Spanish. Comfortable shoes recommended.

Price: free; voluntary donations of about 5 euro are welcome to support the community, never required.","Take a Photo Walk je zajednica nastala u Barseloni u julu 2024. koja od tada okuplja fotografe na šetnje po gradovima širom sveta. Beogradski ogranak zove na rutu pod nazivom Belgrade Time Machine: start je kod Pariske komune 22, među blokovima Novog Beograda gde modernistička arhitektura i paviljoni sami traže da budu slikani.

Šta je ovo: neformalno okupljanje fotografa, videografa i ljudi koji prosto vole da snimaju. Šta nije: nije čas fotografije, nije vođena tura i nije plaćeni obilazak grada. Iskustvo i oprema nisu bitni; filmski aparat, digitalni ili telefon, bitna je radoznalost.

Posle šetnje, ko želi, ide zajedno na kafu. Koordinacija na dan događaja ide preko WhatsApp grupe sa Meetup stranice; ako ste na listi čekanja, i tu možete pisati.

Jezici: engleski, srpski, španski. Preporučuje se udobna obuća.

Cena: besplatno; dobrovoljne donacije od oko 5 evra za podršku zajednici su dobrodošle, ali nikad obavezne.",12:00,0,Pariske komune 22 (Euromedik),"Pariske komune 22, 11070 Novi Beograd","44.829557,20.401018",https://www.meetup.com/takeaphotowalkbelgrade/events/316557865/,meetup.com,https://www.meetup.com/takeaphotowalkbelgrade/events/316557865/,Take a Photo Walk Belgrade,https://www.meetup.com/takeaphotowalkbelgrade/,,,,,,"фотография, прогулка, Новый Белград, сообщество, бесплатно","photography, walk, New Belgrade, community, free","fotografija, šetnja, Novi Beograd, zajednica, besplatno"
9/27/2026,9/27/2026,9/15/2026,1516,Organization,Sovereign Sunday,https://www.eventbrite.com/e/sovereign-sunday-unlock-your-creator-power-tickets-2000994742139,,EducationEvent,Sovereign Sunday: воскресная встреча об интуиции и энергии в DORA Matcha Bar,Sovereign Sunday: a Sunday session on intuition and energy at DORA Matcha Bar,Sovereign Sunday: nedeljni susret o intuiciji i energiji u DORA Matcha Baru,https://raw.githubusercontent.com/newsgl/arsposters/main/1516-SovereignSundayDoraMatcha.webp,,Master classes,"Встреча в формате «интуитивное лидерство»: чтение и сдвиг энергии, работа с интуицией и подсознанием. DORA Matcha Bar на Херцеговачкой 14а, воскресенье 27 сентября, 12:00. Вход свободный по регистрации на Eventbrite, на английском.","An intuitive leadership session: reading and shifting energy, working with intuition and the subconscious. DORA Matcha Bar at Hercegovačka 14a, Sunday 27 September, 12:00. Free with registration on Eventbrite, in English.","Susret u formatu intuitivnog liderstva: čitanje i pomeranje energije, rad sa intuicijom i podsvešću. DORA Matcha Bar na Hercegovačkoj 14a, nedelja 27. septembar, 12:00. Ulaz slobodan uz prijavu na Eventbriteu, na engleskom.","Организаторы обещают «разблокировать вашу силу»: программа построена вокруг чтения и сдвига энергии, работы с интуицией и перепрограммирования подсознания. Это формат из области личностного роста и интуитивного лидерства, а не научная лекция, и относиться к нему стоит именно так.

Встреча проходит в DORA Matcha Bar, небольшом кафе на Херцеговачкой 14а рядом с Савской. Формат камерный, поэтому организаторы просят зарегистрироваться заранее на Eventbrite: билет бесплатный, но количество мест ограничено.

Язык встречи английский. Подробной программы организатор не публикует.

Цена: бесплатно.","The organisers promise to unlock your power: the programme is built around reading and shifting energy, working with intuition and subconscious reprogramming. This is a personal growth and intuitive leadership format rather than a scientific lecture, and it should be taken as such.

The session takes place at DORA Matcha Bar, a small cafe at Hercegovačka 14a near Savska. The format is intimate, so the organisers ask you to register in advance on Eventbrite: the ticket is free but places are limited.

The session is in English. No detailed programme has been published.

Price: free.","Organizatori obećavaju da će otključati vašu snagu: program je izgrađen oko čitanja i pomeranja energije, rada sa intuicijom i reprogramiranja podsvesti. Ovo je format iz oblasti ličnog razvoja i intuitivnog liderstva, a ne naučno predavanje, i tako ga i treba shvatiti.

Susret se održava u DORA Matcha Baru, malom kafeu na Hercegovačkoj 14a kod Savske. Format je kamerni, pa organizatori mole da se prijavite unapred na Eventbriteu: ulaznica je besplatna, ali je broj mesta ograničen.

Jezik susreta je engleski. Detaljan program organizator ne objavljuje.

Cena: besplatno.",12:00,0,DORA Matcha Bar,"Hercegovačka 14a, 11000 Beograd","44.809102,20.449861",https://www.eventbrite.com/e/sovereign-sunday-unlock-your-creator-power-tickets-2000994742139,eventbrite.com,https://www.eventbrite.com/e/sovereign-sunday-unlock-your-creator-power-tickets-2000994742139,Sovereign Sunday,,,,,,,"воркшоп, интуиция, личностный рост, английский, бесплатно","workshop, intuition, personal growth, English, free","radionica, intuicija, lični razvoj, engleski, besplatno"
9/27/2026,9/28/2026,9/15/2026,1517,Person,Rouzi,https://efinity.rs/event-details/rouzi_cirkus_lowcortisol_32363,,MusicEvent,"Rouzi, Cirkus и Low Cortisol: живой концерт в Zappa Baza","Rouzi, Cirkus and Low Cortisol: a live show at Zappa Baza","Rouzi, Cirkus i Low Cortisol: koncert uživo u Zappa Bazi",https://raw.githubusercontent.com/newsgl/arsposters/main/1517-RouziCirkusZappaBaza.webp,,Concerts,"Белградский исполнитель Rouzi с живым выступлением, на разогреве Cirkus и Low Cortisol. Zappa Baza, воскресенье 27 сентября, 22:00, билет 1200 динаров через efinity.","Belgrade artist Rouzi live, with Cirkus and Low Cortisol as support. Zappa Baza, Sunday 27 September, 22:00, tickets 1200 dinars via efinity.","Beogradski izvođač Rouzi uživo, uz Cirkus i Low Cortisol kao podršku. Zappa Baza, nedelja 27. septembar, 22:00, ulaznica 1200 dinara preko efinityja.","**Rouzi** зовёт «сделать самый большой цирк на сегодня»: живое выступление молодого белградского артиста в Zappa Baza, где за один вечер выходят три имени. Вместе с ним на сцене **Cirkus** и **Low Cortisol**, участники той же волны новой сербской сцены, которая растёт из хип-хопа и трэпа и легко уходит в поп.

Организатор просит приходить большой компанией: это концерт для своих, где публика такая же часть шоу, как и артисты.

Zappa Baza это клуб у Савского пристанища на бульваре Войводе Бойовича 30а, небольшой зал вплотную к сцене.

Цена: 1200 динаров. Организатор: Milan Savić PR Bearlyme.","**Rouzi** wants to make the biggest circus yet: a live show by the young Belgrade artist at Zappa Baza with three names on one bill. Joining him on stage are **Cirkus** and **Low Cortisol**, part of the same wave of the new Serbian scene that grows out of hip hop and trap and slides easily into pop.

The organiser asks you to come in numbers: this is a show for the crowd, where the audience is as much a part of the night as the artists.

Zappa Baza is the club by the Sava port at Bulevar vojvode Bojovića 30a, a small room right up against the stage.

Price: 1200 dinars. Organiser: Milan Savić PR Bearlyme.","**Rouzi** zove da se napravi najveći cirkus do sada: nastup uživo mladog beogradskog izvođača u Zappa Bazi, gde u jednoj večeri izlaze tri imena. Uz njega su na bini **Cirkus** i **Low Cortisol**, deo istog talasa nove srpske scene koja izrasta iz hip-hopa i trepa i lako prelazi u pop.

Organizator moli da dođete u što većem broju: ovo je koncert za ekipu, gde je publika isto toliko deo šoua koliko i izvođači.

Zappa Baza je klub kod Savskog pristaništa na Bulevaru vojvode Bojovića 30a, mala sala tik uz binu.

Cena: 1200 dinara. Organizator: Milan Savić PR Bearlyme.",22:00,1200,Zappa Baza,"Bulevar Vojvode Bojovića 30a, 11000 Beograd","44.820671,20.448039",https://efinity.rs/event-details/rouzi_cirkus_lowcortisol_32363,efinity.rs,https://efinity.rs/event-details/rouzi_cirkus_lowcortisol_32363,Milan Savić PR Bearlyme,,,,,,,"концерт, хип-хоп, трэп, Zappa Baza, сербская сцена","concert, hip hop, trap, Zappa Baza, Serbian scene","koncert, hip-hop, trep, Zappa Baza, domaća scena"
9/28/2026,9/28/2026,9/15/2026,1518,Organization,GenLab IFDT,https://ifdt.bg.ac.rs/,,EducationEvent,Тексты и контексты: разговор об антологии феминизма Восточной и Центральной Европы в IFDT,Texts and Contexts: a conversation on the anthology of East Central European feminism at IFDT,Tekstovi i konteksti: razgovor o hrestomatiji feminizma Istočne i Srednje Evrope na IFDT-u,https://raw.githubusercontent.com/newsgl/arsposters/main/1518-TekstoviIKontekstiIfdt.webp,,Lectures,"Составители хрестоматии из ста источников по истории феминизма и прав женщин от 1945 года до 1990-х, среди них Жофия Лоранд, Адела Хынку и Адриана Захариевич. Институт философии и общественной теории, понедельник 28 сентября, 17:00. На английском, вход свободный, есть Zoom.","The editors of a hundred source anthology on the history of feminism and women's rights from 1945 to the 1990s, among them Zsófia Lóránd, Adela Hîncu and Adriana Zaharijević. Institute for Philosophy and Social Theory, Monday 28 September, 17:00. In English, free entry, also on Zoom.","Priređivačice hrestomatije od sto izvora o istoriji feminizma i ženskih prava od 1945. do devedesetih, među njima Zsófia Lóránd, Adela Hîncu i Adriana Zaharijević. Institut za filozofiju i društvenu teoriju, ponedeljak 28. septembar, 17:00. Na engleskom, ulaz slobodan, prenos preko Zooma.","Сто источников, короткие биографии авторов и вводная статья: так устроена хрестоматия самых показательных текстов о феминизме и правах женщин в Восточной и Центральной Европе, написанных от конца Второй мировой до начала 1990-х. В центре внимания период коммунизма, но затронуты и межвоенные годы, и транзит после 1989-го. Все тексты в новых переводах.

Книга организована по темам, а не по странам, и показывает, как феминизм как политическая мысль складывался и организовывался в этой части мира. Политические права женщин, право на образование, роль в строительстве нации, женщины и война, а особенно женщины и мир, гендерное разделение труда, насилие, тело и репродукция. Жанры от политических дискуссий и философии до кино и частных записей.

Участвуют: **Жофия Лоранд** (Венский университет), **Адела Хынку** (Институт современной истории, Любляна), Йована Михайлович Трбовц (ZRC SAZU, Любляна), Катажина Станьчак-Вислич (Польская академия наук) и Адриана Захариевич (IFDT).

Разговор на английском языке. Событие снимается для канала Angažovana misao.

Вход свободный. Организатор: лаборатория GenLab IFDT.","A hundred sources, short biographies of the authors and an introduction: that is the shape of this anthology of the most representative texts on feminism and women's rights in East Central Europe written from the end of the Second World War to the early 1990s. The focus is the communist period, but the interwar years and the transition after 1989 are covered too. All texts are new translations.

The book is organised by theme rather than country and shows how feminism as political thought took shape and organised itself in this part of the world. Women's political rights, the right to education, their role in nation building, women and war, and especially women and peace, the gendered division of labour, violence, the body and reproduction. Genres range from political debate and philosophy to film and private writing.

Taking part: **Zsófia Lóránd** (University of Vienna), **Adela Hîncu** (Institute of Contemporary History, Ljubljana), Jovana Mihajlović Trbovc (ZRC SAZU, Ljubljana), Katarzyna Stańczak-Wiślicz (Polish Academy of Sciences) and Adriana Zaharijević (IFDT).

The conversation is in English and is recorded for the Angažovana misao channel.

Free entry. Organiser: the GenLab laboratory of IFDT.","Sto izvora, kratke biografije autorki i uvod: tako je sastavljena hrestomatija najreprezentativnijih tekstova o feminizmu i pravima žena u Istočnoj i Srednjoj Evropi, nastalih od kraja Drugog svetskog rata do početka devedesetih. U fokusu je period komunizma, ali se tematizuju i međuratne godine i tranzicija posle 1989. Svi tekstovi su novi prevodi izvornika.

Knjiga je organizovana prema temama, a ne zemljama, i pokazuje kako se feminizam kao politička misao oblikovao i organizovao u ovom delu sveta. Politička prava žena, pravo na obrazovanje, uloga u izgradnji nacije, žene i rat, a naročito žene i mir, rodna podela rada, nasilje, telo i reprodukcija. Žanrovi idu od političkih rasprava i filozofije do filma i tekstova iz sfere privatnog.

Učestvuju: **Zsófia Lóránd** (Univerzitet u Beču), **Adela Hîncu** (Institut za savremenu istoriju, Ljubljana), Jovana Mihajlović Trbovc (ZRC SAZU, Ljubljana), Katarzyna Stańczak-Wiślicz (Poljska akademija nauka) i Adriana Zaharijević (IFDT).

Razgovor je na engleskom jeziku i snima se za kanal Angažovana misao.

Ulaz slobodan. Organizator: laboratorija GenLab IFDT-a.",17:00,0,Institut za filozofiju i društvenu teoriju,"Kraljice Natalije 45, Beograd","44.808120,20.462218",https://ifdt.bg.ac.rs/events/razgovor-o-knjizi-tekstovi-i-konteksti-iz-istorije-feminizma-i-zenskih-prava-u-istocnoj-i-srednjoj-evropi-u-drugoj-polovini-xx-veka-genlab/,ifdt.bg.ac.rs,,Institut za filozofiju i društvenu teoriju,https://ifdt.bg.ac.rs/,institut@ifdt.bg.ac.rs,,,,,"лекция, книга, феминизм, история, IFDT, английский","talk, book, feminism, history, IFDT, English","razgovor, knjiga, feminizam, istorija, IFDT, engleski"
9/28/2026,9/28/2026,9/15/2026,1519,Person,Nikola Đuričko,https://en.wikipedia.org/wiki/Nikola_%C4%90uri%C4%8Dko,,ComedyEvent,Никола Джуричко: стендап Showbiz в mts Dvorana,Nikola Đuričko: the Showbiz stand up at mts Dvorana,Nikola Đuričko: stand-up Showbiz u mts Dvorani,https://raw.githubusercontent.com/newsgl/arsposters/main/1519-DjurickoShowbizMts.webp,,Stand Up,"Новая стендап-программа актёра Николы Джуричко о жизни, карьере и семье, три года спустя после его первого шоу. mts Dvorana, понедельник 28 сентября, 20:00, билеты от 2400 динаров на MojaKarta. На сербском языке.","A new stand up programme by actor Nikola Đuričko about his life, career and family, three years after his first show. mts Dvorana, Monday 28 September, 20:00, tickets from 2400 dinars on MojaKarta. In Serbian.","Novi stand-up program glumca Nikole Đurička o životu, karijeri i porodici, tri godine posle njegovog prvog šoua. mts Dvorana, ponedeljak 28. septembar, 20:00, ulaznice od 2400 dinara na MojaKarti.","Три года назад **Никола Джуричко** вышел на сцену с первым стендапом «Всё, что вы хотели знать о Джонни, но не решались спросить», и он разошёлся так, что актёр написал второй. Программа называется Showbiz, материал он снова писал сам, а темы те же, что и делают его интересным рассказчиком: собственная жизнь, карьера и семья, рассказанные с юмором и без глянца.

Джуричко это актёр, известный по фильму «Мы не ангелы» и десяткам сербских сериалов, а международной публике по сериалу «Очень странные дела», где он сыграл Юрия. Стендап для него не смена профессии, а другой способ говорить со зрителем напрямую.

Белградский концерт открывает тур по Сербии, региону и диаспоре, который идёт месяц.

Цена: 2400, 2600 и 2800 динаров в зависимости от категории мест. Продажа на MojaKarta. Язык: сербский.","Three years ago **Nikola Đuričko** stepped on stage with his first stand up, Everything You Wanted to Know About Johnny but Were Afraid to Ask, and it did so well that the actor wrote a second one. The programme is called Showbiz, he wrote the material himself again, and the subjects are the ones that make him a good storyteller: his own life, career and family, told with humour and without gloss.

Đuričko is the actor known for We Are Not Angels and dozens of Serbian series, and to international audiences as Yuri in Stranger Things. Stand up for him is not a change of profession but another way of talking to the audience directly.

The Belgrade show opens a month long tour of Serbia, the region and the diaspora.

Price: 2400, 2600 and 2800 dinars depending on the seat category. Tickets on MojaKarta. Language: Serbian.","Pre tri godine **Nikola Đuričko** izašao je na scenu sa prvim stand-upom Sve što ste hteli da znate o Džoniju a niste smeli nikad da ga pitate, i prošao je toliko dobro da je glumac napisao drugi. Program se zove Showbiz, materijal je ponovo pisao sam, a teme su one koje ga i čine dobrim pripovedačem: sopstveni život, karijera i porodica, ispričani duhovito i bez šminke.

Đuričko je glumac poznat po filmu Mi nismo anđeli i desetinama domaćih serija, a svetskoj publici kao Jurij iz serije Stranger Things. Stand-up za njega nije promena profesije, nego drugi način da sa publikom razgovara direktno.

Beogradski nastup otvara turneju po Srbiji, regionu i dijaspori koja traje mesec dana.

Cena: 2400, 2600 i 2800 dinara u zavisnosti od kategorije mesta. Prodaja na MojaKarti.",20:00,2400,mts Dvorana,"Dečanska 14, 11000 Beograd","44.813220,20.462629",https://www.mtsdvorana.rs/dogadjaj/nikola-djuricko-showbiz,mtsdvorana.rs,https://mojakarta.rs/event/nikola-uricko-showbiz-mts-dvorana-28092026?lang=sr,Scena ASM,https://asmscena.rs/,,,,,,"стендап, Никола Джуричко, mts Dvorana, комедия, сербский","stand up, Nikola Đuričko, mts Dvorana, comedy, Serbian","stand-up, Nikola Đuričko, mts Dvorana, komedija"
9/29/2026,9/29/2026,9/15/2026,1520,Person,Vladislava Krsmanović,https://palatanauke.rs/,,EducationEvent,"Древние монеты и современные технологии: как ИИ читает римские монеты, лекция в Палате науки","Ancient Coins, Modern Technologies: how AI deciphers Roman coins, a lecture at the Palace of Science","Drevni novčići, moderne tehnologije: kako veštačka inteligencija čita rimski novac, predavanje u Palati nauke",https://raw.githubusercontent.com/newsgl/arsposters/main/1520-RomanCoinsAIPalataNauke.webp,,Lectures,"Владислава Крсманович из Инновационного центра Электротехнического факультета показывает, как нейросети распознают и классифицируют римские монеты по фотографиям. Палата науки, Кралья Милана 11, вторник 29 сентября, 17:00. Вход свободный без регистрации; язык лекции уточняйте у организатора.","Vladislava Krsmanović from the Innovation Centre of the School of Electrical Engineering shows how deep learning recognises and classifies Roman coins from photographs. Palace of Science, Kralja Milana 11, Tuesday 29 September, 17:00. Free entry, no registration; check the lecture language with the organiser.","Vladislava Krsmanović iz Inovacionog centra Elektrotehničkog fakulteta pokazuje kako neuronske mreže prepoznaju i klasifikuju rimski novac sa fotografija. Palata nauke, Kralja Milana 11, utorak 29. septembar, 17:00. Ulaz slobodan bez prijave.","Римские монеты для археологов это документ об истории, политике, экономике и культуре римского мира. Но типов монет огромное множество, а сохранность у находок разная, поэтому определить конкретный экземпляр бывает трудно. За последние годы алгоритмы искусственного интеллекта научились извлекать информацию из изображений, и нумизматика получила новый инструмент.

Лекция показывает, как методы глубокого обучения распознают и классифицируют римские монеты по цифровым фотографиям: как алгоритм учится отличать типы, какие визуальные признаки для этого важны и как на результат влияют повреждённые экземпляры и нехватка данных. Разговор пойдёт и о границах возможного: где технология помогает, а где заменить специалиста не может.

**Владислава Крсманович**, доктор наук, научный сотрудник Инновационного центра Электротехнического факультета Белградского университета. Больше десяти лет занимается алгоритмами анализа данных, машинным и глубоким обучением, от медицинских данных до археологии.

Лекция проходит в зале Word Hall на третьем этаже Палаты науки. Анонс на английском, но лекции здесь часто читаются на сербском.

Вход свободный, регистрация не нужна.","For archaeologists, Roman coins are a document on the history, politics, economy and culture of the Roman world. But the variety of coin types is enormous and the preservation of finds varies, so identifying a particular specimen can be hard. In recent years artificial intelligence algorithms have learned to extract information from images, and numismatics has gained a new tool.

The lecture shows how deep learning methods recognise and classify Roman coins from digital photographs: how an algorithm learns to tell types apart, which visual features matter, and how damaged specimens and limited data affect the results. It also addresses the limits: where the technology helps and where it cannot replace the expert.

**Dr Vladislava Krsmanović** is a research associate at the Innovation Centre of the School of Electrical Engineering, University of Belgrade. For more than ten years she has worked on data analysis algorithms, machine and deep learning, from medical data to archaeology.

The lecture takes place in the Word Hall on the third floor of the Palace of Science. The announcement is in English, but lectures here are often held in Serbian.

Free entry, no registration required.","Rimski novčići su za arheologe dokument o istoriji, politici, ekonomiji i kulturi rimskog sveta. Ali tipova novca ima ogroman broj, a očuvanost nalaza je različita, pa je određivanje konkretnog primerka često težak posao. Poslednjih godina algoritmi veštačke inteligencije naučili su da izvlače informacije iz slika, i numizmatika je dobila novi alat.

Predavanje pokazuje kako metode dubokog učenja prepoznaju i klasifikuju rimski novac na osnovu digitalnih fotografija: kako algoritam uči da razlikuje tipove, koje su vizuelne odlike za to važne i kako na rezultat utiču oštećeni primerci i nedostatak podataka. Biće reči i o granicama: gde tehnologija pomaže, a gde ne može da zameni stručnjaka.

**Dr Vladislava Krsmanović** je naučna saradnica Inovacionog centra Elektrotehničkog fakulteta Univerziteta u Beogradu. Više od deset godina bavi se algoritmima za analizu podataka, mašinskim i dubokim učenjem, od medicinskih podataka do arheologije.

Predavanje se održava u sali Word Hall na trećem spratu Palate nauke.

Ulaz slobodan, prijava nije potrebna.",17:00,0,Palata nauke,"Kralja Milana 11, Beograd","44.808340,20.463766",https://palatanauke.rs/en/events/ancient-coins-modern-technologies-deciphering-roman-coins-with-artificial-intelligence/,palatanauke.rs,,Palata nauke,https://palatanauke.rs/,,,,,,"лекция, искусственный интеллект, археология, нумизматика, Палата науки","lecture, artificial intelligence, archaeology, numismatics, Palace of Science","predavanje, veštačka inteligencija, arheologija, numizmatika, Palata nauke"
9/29/2026,9/29/2026,9/15/2026,1521,Organization,Kotlin User Group Serbia,https://www.meetup.com/serbia-kotlin-user-group/,,EducationEvent,Kotlin исполняется 15: доклад о Kotlin и Swift и вечеринка в офисе JetBrains,Kotlin Turns 15: a talk on Kotlin and Swift interoperability and a party at the JetBrains office,Kotlin puni 15: predavanje o Kotlin i Swift interoperabilnosti i žurka u kancelariji JetBrainsa,https://raw.githubusercontent.com/newsgl/arsposters/main/1521-KotlinTurns15JetBrains.webp,,Lectures,"Доклад Алексы Симича о четырёх годах Kotlin Multiplatform в реальных iOS-проектах, потом еда, напитки и нетворкинг. Belgrade Office Park, Джорджа Станоевича 12, вторник 29 сентября, 18:00. Вход свободный, регистрация на Meetup обязательна, 70 мест. На английском.","Aleksa Simić's talk on four years of Kotlin Multiplatform in real iOS projects, followed by food, drinks and networking. Belgrade Office Park, Đorđa Stanojevića 12, Tuesday 29 September, 18:00. Free, Meetup RSVP required, 70 places. In English.","Predavanje Alekse Simića o četiri godine Kotlin Multiplatforma u pravim iOS projektima, zatim hrana, piće i druženje. Belgrade Office Park, Đorđa Stanojevića 12, utorak 29. septembar, 18:00. Ulaz slobodan uz obaveznu prijavu na Meetupu, 70 mesta. Na engleskom.","Языку Kotlin пятнадцать лет, и белградское сообщество отмечает это вечером в офисе JetBrains: сначала технический доклад, потом день рождения с едой, напитками и разговорами.

Доклад **Алексы Симича**, CTO и сооснователя компании Aetherius, о том, что происходит, когда Kotlin Multiplatform внедряют в реальные клиентские проекты, глазами тех, кому потом с этим жить: iOS-разработчиков. Как на самом деле работает взаимодействие Kotlin и Swift, с какими проблемами команда столкнулась, потребляя сгенерированные API, какие инструменты и обходные пути помогли и как это всё развивалось за четыре года. Не hello world, а опыт продакшена. Полезно тем, кто уже использует KMP в существующем приложении или собирается вводить его постепенно.

Программа: 18:00 открытие дверей, 18:20 доклад (45 минут плюс вопросы), 19:20 вечеринка.

Важно: мест 70, регистрация на Meetup обязательна, в профиле должно стоять настоящее полное имя, потому что на входе в здание проверяют документы. Если не сможете прийти, снимите RSVP, чтобы место досталось кому-то из листа ожидания.

Вход свободный. Язык: английский.","Kotlin is fifteen, and the Belgrade community marks it with an evening at the JetBrains office: a technical talk first, then a birthday party with food, drinks and conversation.

The talk by **Aleksa Simić**, CTO and co founder of Aetherius, is about what happens when Kotlin Multiplatform is adopted on real client projects, told from the perspective of the people who have to live with the results: the iOS developers. How Kotlin Swift interop actually works under the hood, the concrete problems the iOS team ran into when consuming the generated APIs, the tools and workarounds they adopted, and how the setup evolved over four years. Not a hello world demo but production experience. Useful for anyone already using KMP in an existing app or planning to introduce it gradually.

Agenda: 18:00 doors, 18:20 talk (45 minutes plus Q&A), 19:20 party.

Important: capacity is 70, Meetup RSVP is required, and your Meetup profile must carry your full real name because of security checks at the building entrance. If you cannot attend, update your RSVP so someone on the waiting list can take the place.

Free entry. Language: English.","Kotlin puni petnaest godina, a beogradska zajednica to obeležava večeri u kancelariji JetBrainsa: prvo tehničko predavanje, zatim rođendan sa hranom, pićem i druženjem.

Predavanje **Alekse Simića**, CTO-a i suosnivača kompanije Aetherius, govori o tome šta se dešava kada se Kotlin Multiplatform uvede u prave klijentske projekte, iz ugla onih koji sa tim posle žive: iOS programera. Kako zapravo radi interoperabilnost Kotlina i Swifta, na koje probleme je iOS tim naišao sa generisanim API-jima, koji alati i zaobilazna rešenja su pomogli i kako se sve to razvijalo tokom četiri godine. Ne hello world, nego produkciono iskustvo. Korisno za sve koji već koriste KMP u postojećoj aplikaciji ili planiraju da ga uvode postepeno.

Program: 18:00 otvaranje vrata, 18:20 predavanje (45 minuta plus pitanja), 19:20 žurka.

Važno: kapacitet je 70 mesta, prijava na Meetupu je obavezna, a na profilu mora da stoji puno pravo ime zbog provere na ulazu u zgradu. Ako ne možete da dođete, povucite prijavu da mesto dobije neko sa liste čekanja.

Ulaz slobodan. Jezik: engleski.",18:00,0,Belgrade Office Park,"Đorđa Stanojevića 12, 11070 Novi Beograd","44.809280,20.403437",https://www.meetup.com/serbia-kotlin-user-group/events/316468786/,meetup.com,https://www.meetup.com/serbia-kotlin-user-group/events/316468786/,Kotlin User Group Serbia,https://www.meetup.com/serbia-kotlin-user-group/,,,,,,"IT, Kotlin, программирование, митап, JetBrains, английский","IT, Kotlin, programming, meetup, JetBrains, English","IT, Kotlin, programiranje, meetup, JetBrains, engleski"
9/29/2026,9/29/2026,9/15/2026,1522,MusicGroup,Innēr Sense,https://new.gigstix.com/event/donatorska-premijera-spota-inner-sense-all-i-need-is-you-beograd-29-septembar-2026/,,ScreeningEvent,Innēr Sense «All I Need Is You»: благотворительная премьера клипа в Cineplexx Galerija,Innēr Sense All I Need Is You: a charity video premiere at Cineplexx Galerija,Innēr Sense All I Need Is You: donatorska premijera spota u Cineplexx Galeriji,https://raw.githubusercontent.com/newsgl/arsposters/main/1522-InnerSensePremijeraSpota.webp,,Movies,"Белградский электронный дуэт Innēr Sense показывает новый клип на большом экране, а выручка идёт Женскому центру «Милица» на профилактику рака груди. Cineplexx Galerija, зал 7, вторник 29 сентября, 20:00, билет 2000 динаров на Gigstix.","Belgrade electronic duo Innēr Sense premieres its new video on the big screen, with proceeds going to the Milica Women's Centre for breast cancer prevention. Cineplexx Galerija, hall 7, Tuesday 29 September, 20:00, tickets 2000 dinars on Gigstix.","Beogradski elektronski duo Innēr Sense prikazuje novi spot na velikom platnu, a prihod ide Ženskom centru Milica za prevenciju raka dojke. Cineplexx Galerija, sala 7, utorak 29. septembar, 20:00, ulaznica 2000 dinara na Gigstixu.","Обычно клипы выкладывают в сеть. **Innēr Sense**, электронный дуэт из Белграда, поступает иначе: первый показ видео на песню All I Need Is You проходит в кинозале, на большом экране и в присутствии публики, а вход платный, потому что вся выручка от билетов идёт в **Женский центр «Милица»**.

Цель проекта названа прямо: привлечь внимание к профилактике рака груди и важности ранней диагностики. Так премьера клипа превращается в благотворительный вечер, где музыка это повод, а помощь центру суть.

Показ проходит в зале 7 кинотеатра Cineplexx в торговом центре Galerija. Программу вечера сверх самого показа организатор не расписывает.

Цена: 2000 динаров, продажа на Gigstix и в кассах. Организатор: Inner Circle Recordings.","Music videos usually go straight online. **Innēr Sense**, an electronic duo from Belgrade, does it differently: the first showing of the video for All I Need Is You takes place in a cinema, on the big screen and in front of an audience, and entry is paid because all ticket proceeds go to the **Milica Women's Centre**.

The aim of the project is stated plainly: to raise awareness of breast cancer prevention and the importance of early detection. That turns a video premiere into a charity evening where the music is the occasion and the support for the centre is the point.

The screening takes place in hall 7 of the Cineplexx cinema in the Galerija shopping centre. The organiser does not detail any programme beyond the screening itself.

Price: 2000 dinars, on sale at Gigstix and box offices. Organiser: Inner Circle Recordings.","Spotovi obično idu pravo na internet. **Innēr Sense**, elektronski duo iz Beograda, radi drugačije: prvo prikazivanje spota za pesmu All I Need Is You održava se u bioskopskoj sali, na velikom platnu i pred publikom, a ulaz se plaća zato što sav prihod od ulaznica ide **Ženskom centru Milica**.

Cilj projekta je jasno rečen: podizanje svesti o prevenciji raka dojke i važnosti rane intervencije. Tako se premijera spota pretvara u humanitarno veče u kome je muzika povod, a pomoć centru suština.

Projekcija je u sali 7 bioskopa Cineplexx u tržnom centru Galerija. Program večeri mimo same projekcije organizator ne navodi.

Cena: 2000 dinara, prodaja na Gigstixu i prodajnim mestima. Organizator: Inner Circle Recordings.",20:00,2000,Cineplexx Galerija,"Bulevar Vudroa Vilsona 12 (Galerija Beograd), 11000 Beograd","44.802610,20.445300",https://new.gigstix.com/event/donatorska-premijera-spota-inner-sense-all-i-need-is-you-beograd-29-septembar-2026/,gigstix.com,https://new.gigstix.com/event/donatorska-premijera-spota-inner-sense-all-i-need-is-you-beograd-29-septembar-2026/,Inner Circle Recordings,,innercirclerecordingsofc@gmail.com,060 612 43 04,,,,"премьера клипа, благотворительность, электронная музыка, Cineplexx, Innēr Sense","video premiere, charity, electronic music, Cineplexx, Innēr Sense","premijera spota, humanitarno, elektronska muzika, Cineplexx, Innēr Sense"
9/30/2026,9/30/2026,9/15/2026,1523,PerformingGroup,Nacionalni ansambl Kolo,https://www.kolo.rs/,,MusicEvent,Ансамбль «Коло»: концерт-открытие сезона в mts Dvorana,Kolo National Ensemble: the season opening concert at mts Dvorana,Nacionalni ansambl Kolo: koncert otvaranja sezone u mts Dvorani,https://raw.githubusercontent.com/newsgl/arsposters/main/1523-AnsamblKoloMts.webp,,Concerts,"Национальный ансамбль народных танцев и песен «Коло» открывает 78-й сезон вечером антологических хореографий. mts Dvorana, среда 30 сентября, 20:00, билеты от 750 динаров.","The Kolo national folk dance and song ensemble opens its 78th season with an evening of its classic choreographies. mts Dvorana, Wednesday 30 September, 20:00, tickets from 750 dinars.","Nacionalni ansambl narodnih igara i pesama Kolo otvara 78. sezonu večeri antologijskih koreografija. mts Dvorana, sreda 30. septembar, 20:00, ulaznice od 750 dinara.","Семьдесят восемь лет **ансамбль «Коло»** хранит, показывает и развивает на сцене традиционный танец, песню и музыку Сербии. Новый сезон ансамбль по традиции открывает перед белградской публикой, и для этого выбирает антологию: хореографии из богатого репертуара, которые за десятилетия стали визитной карточкой коллектива.

Что это значит для зрителя: танцы разных краёв Сербии в сценических костюмах, живой оркестр народных инструментов и уровень исполнения, за который «Коло» знают далеко за пределами страны. Для тех, кто в Сербии недавно, это самый короткий способ увидеть фольклор страны целиком за один вечер.

Концерт проходит в большом зале mts Dvorana в центре города.

Цена: от 750 динаров, продажа онлайн на сайте зала и в кассе. Организатор: Национальный ансамбль «Коло».","For seventy eight years the **Kolo ensemble** has preserved, presented and developed the traditional dance, song and music of Serbia on stage. By tradition the ensemble opens each new season in front of a Belgrade audience, and for that it chooses an anthology: choreographies from its rich repertoire that over the decades have become the company's calling card.

What that means for the audience: dances from different regions of Serbia in stage costume, a live orchestra of folk instruments and a level of performance for which Kolo is known well beyond the country. For anyone new to Serbia, this is the shortest way to see the country's folklore in one evening.

The concert takes place in the main hall of mts Dvorana in the city centre.

Price: from 750 dinars, on sale online through the venue and at the box office. Organiser: Kolo National Ensemble.","Već punih sedamdeset osam godina **ansambl Kolo** na sceni čuva, predstavlja i razvija tradicionalnu igru, pesmu i muziku Srbije. Novu umetničku sezonu ansambl po tradiciji otvara pred beogradskom publikom, i za to bira antologiju: koreografije sa bogatog repertoara koje su tokom decenija postale zaštitni znak kuće.

Šta to znači za gledaoca: igre iz različitih krajeva Srbije u scenskim kostimima, orkestar narodnih instrumenata uživo i nivo izvođenja po kome je Kolo poznato daleko izvan zemlje. Za one koji su u Srbiji odnedavno, ovo je najkraći put da se folklor cele zemlje vidi u jednoj večeri.

Koncert se održava u velikoj sali mts Dvorane u centru grada.

Cena: od 750 dinara, prodaja onlajn preko sajta dvorane i na blagajni. Organizator: Nacionalni ansambl Kolo.",20:00,750,mts Dvorana,"Dečanska 14, 11000 Beograd","44.813220,20.462629",https://www.mtsdvorana.rs/dogadjaj/koncert-ansambla-kolo,mtsdvorana.rs,https://www.mtsdvorana.rs/dogadjaj/koncert-ansambla-kolo,Nacionalni ansambl Kolo,https://www.kolo.rs/,,,,,,"фольклор, народные танцы, ансамбль Коло, mts Dvorana, концерт","folklore, folk dance, Kolo ensemble, mts Dvorana, concert","folklor, narodne igre, ansambl Kolo, mts Dvorana, koncert"
10/1/2026,10/1/2026,9/15/2026,1524,Person,Nenad Radović,https://domomladine.org/,,TheaterEvent,«Je l' imaš gram?»: спектакль для подростков о наркотиках по мотивам «Спроси у Алисы»,Je l' imaš gram?: a play for teenagers about drugs after Go Ask Alice,Je l' imaš gram?: predstava za tinejdžere o drogama po motivima knjige Pitaj Alisu,https://raw.githubusercontent.com/newsgl/arsposters/main/1524-JeLImasGramStudio.webp,,Theatre,"Образовательный спектакль Studio Centar по книге «Спроси у Алисы: дневник одной наркоманки»: история девочки, которая в большом городе тихо скатывается к краю. Четверг, 1 октября, 20:00, камерная сцена Studio Дома омладине, билет 1000 динаров через efinity. Рекомендуемый возраст 13+, на сербском языке.","An educational play by Studio Centar based on Go Ask Alice, the diary of a teenage addict: the story of a girl who quietly slides towards the edge in a big city. Thursday 1 October, 20:00, the Studio chamber stage of Dom omladine, tickets 1000 dinars via efinity. Recommended age 13+, in Serbian.","Edukativna predstava Studija Centar po knjizi Pitaj Alisu: dnevnik jedne narkomanke: priča o devojčici koja u velikom gradu tiho klizi ka ivici. Četvrtak, 1. oktobar, 20:00, Kamerna scena Studio Doma omladine, ulaznica 1000 dinara preko efinityja. Preporučeni uzrast 13+.","Интимно, прямо и без оговорок: «Je l' imaš gram?» («Есть грамм?») ведёт зрителя в мир, где наркотики не «чья-то чужая проблема», а реальность подростков, которые взрослеют сегодня. В камерной атмосфере, без дистанции, публика становится свидетелем и соучастником тихой, но разрушительной спирали.

История следует за Алисой, девочкой, которая приезжает в большой город и без больших травм и семейных драм постепенно скатывается к краю. Спектакль не только о веществах, но и о пустоте, давлении, ночных выходах и потребности принадлежать кому-то любой ценой. «Этот спектакль не смотрят комфортно. Его проживают, и он надолго остаётся», говорят авторы.

Текст **Ненада Радовича** по книге «Спроси у Алисы», соавтор инсценировки Джордже Косич, режиссёры Наджа Марьянович и Василие Крстич. Играет молодёжная труппа **Studio Centar**. Постановка родилась на фестивале Angažman Fest 2021 и идёт в рамках программы «Театральная осень для подростков», которую Дом омладине и Studio Centar проводят вместе уже восьмой год.

Спектакль идёт на сербском языке. Рекомендуемый возраст 13+.

Цена: 1000 динаров в свободной продаже, для школьных и групповых посещений скидки по почте studiocentar@gmail.com. Организатор: Дом омладине Београда и Studio Centar.","Intimate, direct and unreserved: Je l' imaš gram? (Got a gram?) leads the audience into a world where drugs are not somebody else's problem but the reality of young people growing up today. In a chamber setting, with no distance, the audience becomes witness and accomplice to a quiet but devastating spiral.

The story follows Alisa, a teenager who arrives in a big city and, without any great trauma or family breakdown, slowly slides towards the edge. The play is not only about substances but about emptiness, pressure, nights out and the need to belong at any cost. This is not a play you watch comfortably; you live through it, and it stays with you, the authors say.

Written by **Nenad Radović** after the book Go Ask Alice, with Đorđe Kosić co adapting, directed by Nađa Marjanović and Vasilije Krstić. Performed by the young company of **Studio Centar**. The production was born at Angažman Fest 2021 and runs as part of Theatre Autumn for Teenagers, the programme Dom omladine and Studio Centar have run together for eight years.

Performed in Serbian. Recommended age 13+.

Price: 1000 dinars in open sale; discounts for school and group visits by email to studiocentar@gmail.com. Organiser: Dom omladine Beograda and Studio Centar.","Intimna, direktna i bez zadrške: Je l' imaš gram? vodi publiku u svet u kome droga nije problem nekog drugog, već realnost mladih koji odrastaju danas. U kamernoj atmosferi, bez distance, publika postaje svedok i saučesnik jedne tihe, ali razorne spirale.

Priča prati Alisu, tinejdžerku koja dolazi u veliki grad i, bez velikih trauma ili porodičnih lomova, polako klizi ka ivici. Predstava ne govori samo o supstancama, već o prazninama, pritiscima, noćnim izlascima i potrebi da se pripada po svaku cenu. „Ovo je predstava koja se ne gleda komforno. Ona se proživljava i dugo ostaje“, kažu autori.

Tekst **Nenad Radović** po knjizi Pitaj Alisu, saradnik na dramatizaciji Đorđe Kosić, režija Nađa Marjanović i Vasilije Krstić. Igra mlada trupa **Studija Centar**. Predstava je nastala na Angažman Festu 2021. i igra se u okviru Pozorišne jeseni za tinejdžere, programa koji Dom omladine i Studio Centar zajedno realizuju već osmu godinu.

Preporučeni uzrast 13+.

Cena: 1000 dinara u slobodnoj prodaji; za školske i grupne posete popusti na mejl studiocentar@gmail.com. Organizator: Dom omladine Beograda i Studio Centar.",20:00,1000,Dom omladine Beograda,"Makedonska 22, Beograd","44.815407,20.462793",https://efinity.rs/event-details/je_l_imas_gram_32359,efinity.rs,https://efinity.rs/event-details/je_l_imas_gram_32359,Dom omladine Beograda i Studio Centar,https://domomladine.org/,studiocentar@gmail.com,,13+,,,"театр, подростки, Studio Centar, Дом омладине, образовательный спектакль","theatre, teenagers, Studio Centar, Dom omladine, educational play","pozorište, tinejdžeri, Studio Centar, Dom omladine, edukativna predstava"
10/1/2026,10/1/2026,9/15/2026,1525,MusicGroup,Black Heart Club,https://efinity.rs/event-details/black_heart_club_32341,,MusicEvent,Black Heart Club: трибьют Fleetwood Mac в Zappa Baza,Black Heart Club: a Fleetwood Mac tribute at Zappa Baza,Black Heart Club: Fleetwood Mac tribute u Zappa Bazi,https://raw.githubusercontent.com/newsgl/arsposters/main/1525-BlackHeartClubFleetwoodMac.webp,,Concerts,"Rhiannon, Landslide, Go Your Own Way и The Chain вживую: Black Heart Club играет Fleetwood Mac. Zappa Baza, четверг 1 октября, 21:00, билет 1200 динаров через efinity.","Rhiannon, Landslide, Go Your Own Way and The Chain live: Black Heart Club plays Fleetwood Mac. Zappa Baza, Thursday 1 October, 21:00, tickets 1200 dinars via efinity.","Rhiannon, Landslide, Go Your Own Way i The Chain uživo: Black Heart Club svira Fleetwood Mac. Zappa Baza, četvrtak 1. oktobar, 21:00, ulaznica 1200 dinara preko efinityja.","У Fleetwood Mac дискография длиной в десятилетия и биография не менее драматичная, чем их тексты: романы внутри группы, разрывы и закулисные истории, которые только добавили песням мистики. **Black Heart Club** берёт из этого наследия главное и выносит на сцену: от завораживающих гармоний Rhiannon и щемящей Landslide до эйфории Go Your Own Way и The Chain.

Группа не копирует, а «направляет дух» Стиви Никс, Линдси Бакингема, Кристин Макви и Мика Флитвуда, как формулируют это сами музыканты: живое, эмоциональное выступление, а не караоке под фонограмму.

Концерт в Zappa Baza, клубе у Савского пристанища на бульваре Войводе Бойовича 30а. В билетной системе площадка указана как Nova Zappa Barka, в анонсе и на афише как Zappa Baza: обе принадлежат одному организатору, но это разные залы, так что перед выходом стоит сверить адрес на странице события.

Цена: 1200 динаров. Организатор: Mister Zappa doo.","Fleetwood Mac have a discography spanning decades and a biography as dramatic as their lyrics: romances inside the band, breakups and backstage stories that only added to the mystique of the songs. **Black Heart Club** takes the essence of that legacy to the stage: from the mesmerising harmonies of Rhiannon and the heartbreaking Landslide to the euphoria of Go Your Own Way and The Chain.

The band does not copy but, in its own words, channels the spirit of Stevie Nicks, Lindsey Buckingham, Christine McVie and Mick Fleetwood: a live, emotional performance rather than karaoke to a backing track.

The show is at Zappa Baza, the club by the Sava port at Bulevar vojvode Bojovića 30a. The ticketing system lists the venue as Nova Zappa Barka while the announcement and the poster say Zappa Baza; both belong to the same organiser but are different rooms, so check the address on the event page before heading out.

Price: 1200 dinars. Organiser: Mister Zappa doo.","Fleetwood Mac imaju diskografiju dugu decenijama i biografiju dramatičnu koliko i njihovi tekstovi: romanse unutar benda, raskide i priče iza scene koje su pesmama samo dodale mističnost. **Black Heart Club** iz tog nasleđa uzima ono glavno i iznosi na binu: od očaravajućih harmonija Rhiannon i srceparajuće Landslide do euforije Go Your Own Way i The Chain.

Bend ne kopira, nego, kako sami kažu, kanališe duh Stevie Nicks, Lindseyja Buckinghama, Christine McVie i Micka Fleetwooda: intenzivan i emotivan nastup uživo, a ne karaoke uz matricu.

Koncert je u Zappa Bazi, klubu kod Savskog pristaništa na Bulevaru vojvode Bojovića 30a. U prodajnom sistemu mesto je navedeno kao Nova Zappa Barka, a u najavi i na plakatu kao Zappa Baza: obe pripadaju istom organizatoru, ali su različite sale, pa pre izlaska proverite adresu na stranici događaja.

Cena: 1200 dinara. Organizator: Mister Zappa doo.",21:00,1200,Zappa Baza,"Bulevar Vojvode Bojovića 30a, 11000 Beograd","44.820671,20.448039",https://efinity.rs/event-details/black_heart_club_32341,efinity.rs,https://efinity.rs/event-details/black_heart_club_32341,Mister Zappa doo,,,,,,,"концерт, трибьют, Fleetwood Mac, Zappa Baza, рок","concert, tribute, Fleetwood Mac, Zappa Baza, rock","koncert, tribute, Fleetwood Mac, Zappa Baza, rok"
10/2/2026,10/3/2026,9/15/2026,1526,Person,The Spy,,,MusicEvent,Terrible Twos с The Spy: электро и индастриал в Drugstore,Terrible Twos with The Spy: electro and industrial at Drugstore,Terrible Twos sa The Spy: elektro i industrijal u Drugstoreu,https://raw.githubusercontent.com/newsgl/arsposters/main/1526-TerribleTwosTheSpyDrugstore.webp,,Concerts,"Нидерландский продюсер The Spy с релизами на Osàre! Editions и Mechatronica, поддержка Марселя Деттманна и Ричи Хотина, плюс местные lu:ka, darling и tsola. Drugstore, пятница 2 октября, с 23:00 до 06:00. Билеты от 10,15 евро (около 1190 динаров) на Resident Advisor.","Dutch producer The Spy, with releases on Osàre! Editions and Mechatronica and support from Marcel Dettmann and Richie Hawtin, plus locals lu:ka, darling and tsola. Drugstore, Friday 2 October, 23:00 to 06:00. Tickets from 10.15 euro (about 1190 dinars) on Resident Advisor.","Holandski producent The Spy, sa izdanjima na Osàre! Editions i Mechatronici i podrškom Marcela Dettmanna i Richieja Hawtina, uz domaće lu:ka, darling i tsola. Drugstore, petak 2. oktobar, od 23:00 do 06:00. Ulaznice od 10,15 evra (oko 1190 dinara) na Resident Advisoru.","Веcсел Янссен, известный как **The Spy**: «мы полагаем, что это не настоящее имя, но вопросов у нас больше нет», пишет Drugstore в анонсе. Электро, техно, индастриал, IDM, бас и всё остальное, что лучше слушать, чем переводить на язык жанров. Релизы на Osàre! Editions и Mechatronica, поддержка от Марселя Деттманна, Ричи Хотина, Элены Коломби, Alienata и Intergalactic Gary: арсенал для работы в подвальных условиях у него собран приличный.

Местная интервенция: **lu:ka**, который «будет делать вид, что знает, что делает», **darling**, который следит, чтобы всё оставалось достаточно непредсказуемым, и **tsola**, который здесь по какой-то причине, но ему доверяют.

Drugstore это клуб на бульваре Деспота Стефана 115, во дворе бывшей бойни. Ночь идёт с 23:00 до 06:00.

Цена: первый релиз 10,15 евро, второй 14,7 евро; в динарах примерно 1190 и 1720 по курсу на день подготовки материала. Организатор в описании называет и цены в динарах: 1000 и 1500. Продажа на Resident Advisor.

Возраст: 18+.","Wessel Janssen, known as **The Spy**: we assume this is not his real name, but we have no further questions, writes Drugstore in the announcement. Electro, techno, industrial, IDM, bass and all those other things that are better listened to than translated into genres. Releases on Osàre! Editions and Mechatronica, support from Marcel Dettmann, Richie Hawtin, Elena Colombi, Alienata and Intergalactic Gary: he has built a fairly decent arsenal for working in basement conditions.

Local intervention: **lu:ka**, who will pretend he knows what he is doing the entire time, **darling**, who makes sure things remain sufficiently unpredictable, and **tsola**, who is here for some reason, but they trust him.

Drugstore is the club at Bulevar despota Stefana 115 in the courtyard of the former slaughterhouse. The night runs from 23:00 to 06:00.

Price: first release 10.15 euro, second release 14.7 euro, roughly 1190 and 1720 dinars at the rate on the day this listing was prepared. The organiser also quotes dinar prices of 1000 and 1500 in the description. Tickets on Resident Advisor.

Age: 18 and over.","Wessel Janssen, poznat kao **The Spy**: pretpostavljamo da mu to nije pravo ime, ali nemamo dalja pitanja, piše Drugstore u najavi. Elektro, tehno, industrijal, IDM, bas i sve ostalo što je bolje slušati nego prevoditi u žanrove. Izdanja na Osàre! Editions i Mechatronici, podrška Marcela Dettmanna, Richieja Hawtina, Elene Colombi, Alienate i Intergalactic Garyja: arsenal za rad u podrumskim uslovima mu je sasvim pristojan.

Lokalna intervencija: **lu:ka**, koji će se celo vreme pretvarati da zna šta radi, **darling**, koji pazi da stvari ostanu dovoljno nepredvidive, i **tsola**, koji je tu iz nekog razloga, ali mu veruju.

Drugstore je klub na Bulevaru despota Stefana 115, u dvorištu nekadašnje klanice. Noć traje od 23:00 do 06:00.

Cena: prvi release 10,15 evra, drugi 14,7 evra; u dinarima oko 1190 i 1720 po kursu na dan pripreme. Organizator u opisu navodi i cene u dinarima: 1000 i 1500. Prodaja na Resident Advisoru.

Uzrast: 18+.",23:00,1000,Drugstore,"Bulevar despota Stefana 115, 11000 Beograd","44.819103,20.489149",https://ra.co/events/2537544,ra.co,https://ra.co/events/2537544,Drugstore Productions,,,,18+,,,"клуб, электро, техно, индастриал, Drugstore","club, electro, techno, industrial, Drugstore","klub, elektro, tehno, industrijal, Drugstore"
10/2/2026,10/3/2026,9/15/2026,1527,Person,Anna Wall,,,MusicEvent,Dvica Antrakt: Anna Wall b2b Runy и Sacha Mambo в театре KPGT,Dvica Antrakt: Anna Wall b2b Runy and Sacha Mambo at KPGT,Dvica Antrakt: Anna Wall b2b Runy i Sacha Mambo u KPGT-u,https://raw.githubusercontent.com/newsgl/arsposters/main/1527-DvicaAntraktKpgt.webp,,Concerts,"Команда Dvica на одну ночь превращает индустриальный театр KPGT в клуб: резидентка лондонского fabric Anna Wall вместе с Runy и легенда диггинга Sacha Mambo. Пятница 2 октября, с 21:00 до 05:00. Билеты от 10 евро (около 1170 динаров) на Resident Advisor и SixTix.","The Dvica crew turns the industrial theatre KPGT into a club for one night: London fabric resident Anna Wall back to back with Runy, plus digging legend Sacha Mambo. Friday 2 October, 21:00 to 05:00. Tickets from 10 euro (about 1170 dinars) on Resident Advisor and SixTix.","Ekipa Dvica na jednu noć pretvara industrijski teatar KPGT u klub: rezidentkinja londonskog fabrica Anna Wall back to back sa Runyjem i legenda kopanja po pločama Sacha Mambo. Petak 2. oktobar, od 21:00 do 05:00. Ulaznice od 10 evra (oko 1170 dinara) na Resident Advisoru i SixTixu.","Антракт это пауза между двумя действиями, и именно так Dvica называет вечер, который отделяет её летний сезон от зимнего. На одну ночь KPGT, один из самых характерных индустриальных театральных пространств Белграда, в бывшем сахарном заводе на Чукарице, становится площадкой для ночной электроники.

Ведут ночь **Anna Wall** и **Runy**, давние друзья и напарники по пульту. Anna Wall с 2019 года резидентка лондонского fabric и руководит лейблом The Bricks; Runy основал CMOK, курирует программу Club Tunnel и больше десяти лет формирует клубную культуру Балкан. Их селекция идёт через хаус, техно, электро и эйсид.

Финал за **Sacha Mambo**, диджеем и диггером с почти тридцатилетним стажем, который соединяет неожиданные углы электронной музыки и с 2012 года ведёт лейбл Macadam Mambo. Поддержка от резидентов Dvica Benjamin и Gerun.

Цена: ранняя бронь 10 евро, стандарт 15, финальный релиз 18, групповой билет на четверых 30 евро; в динарах ранняя бронь примерно 1170 по курсу на день подготовки материала. Продажа на Resident Advisor и SixTix.

Возраст: 18+.","An antrakt is the interval between two acts, and that is what Dvica calls the night that separates its summer season from the winter one. For one night KPGT, one of Belgrade's most distinctive industrial theatre spaces in the former sugar factory in Čukarica, becomes a venue for late night electronic music.

Leading the night are **Anna Wall** and **Runy**, longtime friends and collaborators behind the decks. Anna Wall has been a fabric resident since 2019 and runs the label The Bricks; Runy founded CMOK, programmes Club Tunnel and has spent more than a decade shaping underground club culture across the Balkans. Their selections move through house, techno, electro and acid.

The final act belongs to **Sacha Mambo**, a DJ and digger with almost three decades behind him, known for connecting unexpected corners of electronic music and running the label Macadam Mambo since 2012. Support from Dvica residents Benjamin and Gerun.

Price: early bird 10 euro, general admission 15, final release 18, group ticket for four 30 euro; the early bird is roughly 1170 dinars at the rate on the day this listing was prepared. Tickets on Resident Advisor and SixTix.

Age: 18 and over.","Antrakt je pauza između dva čina, i tako Dvica zove veče koje razdvaja njenu letnju sezonu od zimske. Na jednu noć KPGT, jedan od najosobenijih industrijskih pozorišnih prostora Beograda u staroj šećerani na Čukarici, postaje mesto za noćnu elektroniku.

Noć vode **Anna Wall** i **Runy**, dugogodišnji prijatelji i saradnici za pultom. Anna Wall je od 2019. rezidentkinja londonskog fabrica i vodi etiketu The Bricks; Runy je osnivač CMOK-a, programski menadžer Club Tunnela i više od decenije oblikuje klupsku kulturu Balkana. Njihova selekcija ide kroz haus, tehno, elektro i acid.

Završnica pripada **Sachi Mambu**, didžeju i kopaču sa gotovo tri decenije staža, poznatom po spajanju neočekivanih uglova elektronske muzike i etiketi Macadam Mambo koju vodi od 2012. Podrška od rezidenata Dvice Benjamina i Geruna.

Cena: early bird 10 evra, redovna 15, final release 18, grupna ulaznica za četvoro 30 evra; early bird je oko 1170 dinara po kursu na dan pripreme. Prodaja na Resident Advisoru i SixTixu.

Uzrast: 18+.",21:00,1170,KPGT,"Radnička 3, Stara šećerana, Čukarica, Beograd","44.787939,20.421995",https://ra.co/events/2535265,ra.co,https://app.sixtix.com/events/dvicaAntrakt,Dvica,https://www.dvica.net/,,,18+,,,"клуб, хаус, техно, KPGT, Dvica","club, house, techno, KPGT, Dvica","klub, haus, tehno, KPGT, Dvica"
10/3/2026,10/3/2026,9/15/2026,1528,MusicGroup,Valid,,,MusicEvent,Valid: концерт в баре Sprat на Цетиньской,Valid: a gig at Sprat on Cetinjska,Valid: svirka u Spratu na Cetinjskoj,https://raw.githubusercontent.com/newsgl/arsposters/main/1528-ValidSpratBar.webp,,Concerts,"Группа Valid играет в баре Sprat в комплексе Цетиньска 15. Суббота, 3 октября, 20:00. Цену и подробности организатор пока не объявил.","The band Valid plays at Sprat, the bar in the Cetinjska 15 complex. Saturday 3 October, 20:00. The price and details have not been announced yet.","Bend Valid svira u baru Sprat u kompleksu Cetinjska 15. Subota, 3. oktobar, 20:00. Cenu i detalje organizator još nije objavio.","Sprat это бар на втором этаже комплекса Цетиньска 15 в Скадарлии, с отдельной сценой и постоянной концертной программой: здесь играют небольшие рок- и инди-группы, местные и заезжие. В субботу на этой сцене **Valid**.

Подробностей о концерте организатор пока не публиковал: ни программы, ни цены входа. Информация взята из концертного расписания группы, так что детали лучше уточнить у бара перед выходом. За день до этого группа играет в Валеве, белградский концерт второй в этой короткой связке.

Sprat находится на Цетиньской 15, вход со стороны Зетской.","Sprat is the bar on the upper floor of the Cetinjska 15 complex in Skadarlija, with its own stage and a steady gig programme: small rock and indie bands, local and touring, play here. On Saturday that stage belongs to **Valid**.

The organiser has not published any details yet: no programme and no entry price. The information comes from the band's tour listing, so check with the bar before heading out. The day before, the band plays Valjevo; the Belgrade show is the second of this short run.

Sprat is at Cetinjska 15, with the entrance from Zetska street.","Sprat je bar na spratu kompleksa Cetinjska 15 u Skadarliji, sa sopstvenom binom i stalnim koncertnim programom: ovde sviraju mali rok i indi bendovi, domaći i gostujući. U subotu je ta bina rezervisana za **Valid**.

Detalje o svirci organizator još nije objavio: ni program, ni cenu ulaza. Informacija je iz koncertnog rasporeda benda, pa detalje proverite u baru pre izlaska. Dan ranije bend svira u Valjevu; beogradski nastup je drugi u ovoj kratkoj turi.

Sprat se nalazi na Cetinjskoj 15, ulaz iz Zetske ulice.",20:00,,Sprat,"Cetinjska 15 (ulaz iz Zetske), 11000 Beograd","44.817297,20.465602",https://www.bandsintown.com/e/108876090-valid-at-sprat-bar,bandsintown.com,,Sprat,,,,,,,"концерт, рок, Sprat, Цетиньска 15, Скадарлия","gig, rock, Sprat, Cetinjska 15, Skadarlija","svirka, rok, Sprat, Cetinjska 15, Skadarlija"
10/7/2026,10/7/2026,9/15/2026,1529,Person,Nenad Radović,https://domomladine.org/,,TheaterEvent,«Grupa»: спектакль для подростков о цифровом насилии,Grupa: a play for teenagers about digital violence,Grupa: predstava za tinejdžere o digitalnom nasilju,https://raw.githubusercontent.com/newsgl/arsposters/main/1529-GrupaStudio.webp,,Theatre,"Три истории, три платформы и одна реальность, из которой нельзя разлогиниться: спектакль Studio Centar о травле в сети. Среда, 7 октября, 20:00, камерная сцена Studio Дома омладине, билет 1000 динаров через efinity. На сербском языке.","Three stories, three platforms and one reality you cannot log out of: a Studio Centar play about online bullying. Wednesday 7 October, 20:00, the Studio chamber stage of Dom omladine, tickets 1000 dinars via efinity. In Serbian.","Tri priče, tri digitalne platforme i jedna stvarnost iz koje se ne može izlogovati: predstava Studija Centar o nasilju na mrežama. Sreda, 7. oktobar, 20:00, Kamerna scena Studio Doma omladine, ulaznica 1000 dinara preko efinityja.","Три истории. Три цифровые платформы. Одна реальность, из которой нельзя «разлогиниться». «Grupa» («Группа») открывает мир, где сообщения ранят, фотографии становятся оружием, а «челленджи» перерастают в травлю. Насилие, которое начинается на экране, оставляет настоящие последствия: для идентичности, отношений и самооценки.

Через современный нарратив, документальные элементы и прямой сценический язык спектакль говорит голосом самих подростков, попавших в виртуальную ловушку. Без лёгких решений он ставит вопрос об ответственности, наблюдении и молчании. «Это не спектакль о проблемах молодых. Это спектакль молодых о мире, который мы все вместе построили».

Текст **Ненада Радовича**, режиссёры Ивана Вукович и Ана Вучич, визуальный дизайн Иваны Вукович. Играет молодёжная труппа **Studio Centar**. Постановка сезона 2024/25 идёт в рамках программы «Театральная осень для подростков» Дома омладине и Studio Centar.

Спектакль идёт на сербском языке.

Цена: 1000 динаров в свободной продаже, для школьных и групповых посещений скидки по почте studiocentar@gmail.com. Организатор: Дом омладине Београда и Studio Centar.","Three stories. Three digital platforms. One reality you cannot log out of. Grupa (The Group) opens a world where messages hurt, photographs become weapons and challenges turn into abuse. Violence that starts on a screen leaves real, deep consequences: for identity, relationships and self esteem.

Through a contemporary narrative, documentary elements and direct stage language, the play speaks in the voice of young people caught in a virtual trap. Without easy solutions, it asks about responsibility, watching and silence. This is not a play about the problems of the young; it is a play by the young about the world we have all built together.

Written by **Nenad Radović**, directed by Ivana Vuković and Ana Vučić, visual design by Ivana Vuković. Performed by the young company of **Studio Centar**. A production of the 2024/25 season, running as part of Theatre Autumn for Teenagers by Dom omladine and Studio Centar.

Performed in Serbian.

Price: 1000 dinars in open sale; discounts for school and group visits by email to studiocentar@gmail.com. Organiser: Dom omladine Beograda and Studio Centar.","Tri priče. Tri digitalne platforme. Jedna stvarnost iz koje se ne može izlogovati. Predstava Grupa otvara svet u kome poruke bole, fotografije postaju oružje, a izazovi prerastaju u zlostavljanje. Nasilje koje počinje na ekranu ostavlja stvarne, duboke posledice: po identitet, odnose i samopouzdanje.

Kroz savremeni narativ, dokumentarne elemente i direktan scenski jezik, predstava govori glasom mladih koji su uhvaćeni u virtuelnu klopku. Bez lakih rešenja, postavlja pitanje odgovornosti, posmatranja i ćutanja. „Ovo nije predstava o problemima mladih. Ovo je predstava mladih o svetu koji smo svi zajedno napravili.“

Tekst **Nenad Radović**, režija Ivana Vuković i Ana Vučić, vizuelni dizajn Ivana Vuković. Igra mlada trupa **Studija Centar**. Produkcija sezone 2024/25, igra se u okviru Pozorišne jeseni za tinejdžere Doma omladine i Studija Centar.

Cena: 1000 dinara u slobodnoj prodaji; za školske i grupne posete popusti na mejl studiocentar@gmail.com. Organizator: Dom omladine Beograda i Studio Centar.",20:00,1000,Dom omladine Beograda,"Makedonska 22, Beograd","44.815407,20.462793",https://efinity.rs/event-details/grupa_32360,efinity.rs,https://efinity.rs/event-details/grupa_32360,Dom omladine Beograda i Studio Centar,https://domomladine.org/,studiocentar@gmail.com,,12+,,,"театр, подростки, Studio Centar, Дом омладине, образовательный спектакль","theatre, teenagers, Studio Centar, Dom omladine, educational play","pozorište, tinejdžeri, Studio Centar, Dom omladine, edukativna predstava"
10/8/2026,10/8/2026,9/15/2026,1530,Person,Sloboda Mićalović,https://en.wikipedia.org/wiki/Sloboda_Mi%C4%87alovi%C4%87,,TheaterEvent,«Фрэнки и Джонни» со Слободой Мичалович и Игорем Джорджевичем в Akademija 28,Frankie and Johnny with Sloboda Mićalović and Igor Đorđević at Akademija 28,Frenki i Džoni sa Slobodom Mićalović i Igorom Đorđevićem u Akademiji 28,https://raw.githubusercontent.com/newsgl/arsposters/main/1530-FrenkiIDzoniAkademija28.webp,,Theatre,"Камерная пьеса Терренса Макнелли о двух обычных людях, которые учатся не бояться любви; в главных ролях с премьеры 2016 года Слобода Мичалович и Игорь Джорджевич. Akademija 28, четверг 8 октября, 20:00, билеты 1600 и 1800 динаров. Спектакль идёт на сербском языке.","Terrence McNally's chamber play about two ordinary people learning not to fear love, with Sloboda Mićalović and Igor Đorđević in the leads since the 2016 premiere. Akademija 28, Thursday 8 October, 20:00, tickets 1600 and 1800 dinars. In Serbian.","Kamerni komad Terensa Maknelija o dvoje sasvim običnih ljudi koji uče da se ne plaše ljubavi; u glavnim ulogama od premijere 2016. Sloboda Mićalović i Igor Đorđević. Akademija 28, četvrtak 8. oktobar, 20:00, ulaznice 1600 i 1800 dinara.","История одной совершенно обычной пары. Официантка и повар из закусочной провели вместе ночь, и теперь им предстоит решить, было ли это случайностью или началом чего-то, чего оба давно боятся. Пьеса Терренса Макнелли «Фрэнки и Джонни в свете луны» известна по фильму с Аль Пачино и Мишель Пфайффер, но на сцене Akademija 28 она живёт своей жизнью уже десять сезонов.

«Мы все ведём себя так, будто с рождения настолько эмоционально ранены, что до конца жизни должны защищаться иллюзиями из-за щитов неприкосновенности, а это неизбежно ведёт к пустоте. Этот спектакль о том, как снять броню. О том, чтобы позволить себя любить. И позволить себе быть раненым», говорит режиссёр **Теа Пухарич**.

Главные роли с премьеры 2016 года играют **Слобода Мичалович** и **Игорь Джорджевич**, и именно за их дуэт зрители возвращаются: каждый находит в этой паре что-то своё.

Спектакль идёт на Вечерней сцене Akademija 28 у Славии, на сербском языке.

Цена: 1600 и 1800 динаров в зависимости от категории, продажа онлайн и в кассе театра.","The story of one perfectly ordinary couple. A waitress and a short order cook from a diner have spent the night together and now have to decide whether it was an accident or the beginning of something both have long been afraid of. Terrence McNally's Frankie and Johnny in the Clair de Lune is known from the film with Al Pacino and Michelle Pfeiffer, but on the stage of Akademija 28 it has lived a life of its own for ten seasons.

We all behave as if we were so emotionally wounded from birth that we must spend the rest of our lives defending ourselves with illusions from behind shields of untouchability, and that inevitably leads to emptiness. This play is about taking the armour off. About allowing ourselves to be loved. And allowing ourselves to be hurt, says director **Tea Puharić**.

**Sloboda Mićalović** and **Igor Đorđević** have played the leads since the 2016 premiere, and their duet is what audiences keep coming back for: everyone finds something of their own in this couple.

Performed on the evening stage of Akademija 28 near Slavija, in Serbian.

Price: 1600 and 1800 dinars depending on the category, on sale online and at the theatre box office.","Priča o jednom sasvim običnom paru. Konobarica i kuvar iz restorana brze hrane proveli su noć zajedno i sada treba da odluče da li je to bila slučajnost ili početak nečega čega se oboje odavno plaše. Komad Terensa Maknelija Frenki i Džoni na mesečini poznat je po filmu sa Al Paćinom i Mišel Fajfer, ali na sceni Akademije 28 živi svoj život već deset sezona.

„Svi se ponašamo kao da smo samim rođenjem toliko emotivno povređeni da bi do kraja života trebalo od nečeg da se branimo sopstvenim iluzijama iza svojih štitova nedodirljivosti, a to neminovno vodi ka praznini. Ovaj komad govori o skidanju oklopa i gardova. O dozvoljavanju mogućnosti da budemo voljeni. O dozvoljavanju mogućnosti da budemo povređeni“, kaže rediteljka **Tea Puharić**.

Glavne uloge od premijere 2016. igraju **Sloboda Mićalović** i **Igor Đorđević**, i upravo zbog njihovog dueta publika se vraća: svako u ovom paru pronađe nešto svoje.

Igra se na Večernjoj sceni Akademije 28 kod Slavije.

Cena: 1600 i 1800 dinara u zavisnosti od kategorije, prodaja onlajn i na biletarnici.",20:00,1600,Akademija 28,"Nemanjina 28, 11000 Beograd","44.803498,20.463513",https://repertoar.rs/predstave/frenki-i-dzoni/,repertoar.rs,https://www.akademija28.com/,Akademija 28,https://www.akademija28.com/,,,,,,"театр, спектакль, Слобода Мичалович, Akademija 28, драма","theatre, play, Sloboda Mićalović, Akademija 28, drama","pozorište, predstava, Sloboda Mićalović, Akademija 28, drama"
10/8/2026,10/11/2026,9/15/2026,1531,TheaterGroup,Beogradsko dramsko pozorište,https://www.bdp.rs/,,TheaterEvent,«Трамвай „Желание“» с Бранкой Катич: четыре вечера в Белградском драматическом театре,A Streetcar Named Desire with Branka Katić: four nights at Belgrade Drama Theatre,Tramvaj zvani želja sa Brankom Katić: četiri večeri u Beogradskom dramskom pozorištu,https://raw.githubusercontent.com/newsgl/arsposters/main/1531-TramvajZvaniZeljaBdp.webp,,Theatre,"Теннесси Уильямс в постановке Ленки Удовички, с Бранкой Катич в роли Бланш. Малая сцена БДП, с четверга 8 по воскресенье 11 октября, ежедневно в 20:00, билет 2000 динаров. Спектакль идёт на сербском языке.","Tennessee Williams staged by Lenka Udovički, with Branka Katić as Blanche. BDP small stage, Thursday 8 to Sunday 11 October, daily at 20:00, tickets 2000 dinars. In Serbian.","Tenesi Vilijams u režiji Lenke Udovički, sa Brankom Katić u ulozi Blanš. Mala scena BDP-a, od četvrtka 8. do nedelje 11. oktobra, svakog dana u 20:00, ulaznica 2000 dinara.","На «Трамвай „Желание“» в БДП спрашивают лишний билет, и причина этому одна: **Бранка Катич** в роли Бланш. Актриса, которую публика знает по фильмам «Чёрная кошка, белый кот» и «Раны», возвращается на белградскую сцену в одной из главных женских ролей мирового репертуара.

Бланш приезжает к сестре Стелле, которая молчит о собственных проблемах, и сталкивается с её мужем Стэнли Ковальским, грубияном, которому её присутствие неудобно и который ясно даёт понять, что она здесь лишняя. Пьеса Теннесси Уильямса написана сразу после Второй мировой и принесла автору Пулитцеровскую премию; постановку Элиа Казана и фильм с Марлоном Брандо и Вивьен Ли знают все.

Режиссёр **Ленка Удовички**. На сцене также Милош Петрович Тройпец, Марко Тодорович, Ваня Ненадич, Наджа Секулич, Никола Малбаша, Йово Максич, Милош Лазаров и Бояна Стойкович. Сценография Зораны Петров, костюмы Бьянки Аджич Урсулов, музыка Найджела Осборна и Давора Рокко. Копродукция БДП, фестиваля BELEF и театра Ulysses на Бриони, который основали Раде Шербеджия и Ленка Удовички.

Спектакль идёт на Малой сцене «Предраг Пепи Лакович» БДП на Милешевской 64а четыре вечера подряд. На сербском языке.

Цена: 2000 динаров, продажа через sixtix и в кассе театра.","People ask for a spare ticket to A Streetcar Named Desire at BDP, and the reason is one: **Branka Katić** as Blanche. The actress known from Black Cat, White Cat and The Wounds returns to the Belgrade stage in one of the great female roles of the world repertoire.

Blanche comes to stay with her sister Stella, who keeps quiet about her own troubles, and runs into Stella's husband Stanley Kowalski, a brute who is uncomfortable in her presence and makes it clear she is not welcome. Tennessee Williams wrote the play right after the Second World War and won the Pulitzer Prize for it; Elia Kazan's staging and the film with Marlon Brando and Vivien Leigh need no introduction.

Directed by **Lenka Udovički**. Also on stage: Miloš Petrović Trojpec, Marko Todorović, Vanja Nenadić, Nađa Sekulić, Nikola Malbaša, Jovo Maksić, Miloš Lazarov and Bojana Stojković. Set design by Zorana Petrov, costumes by Bjanka Adžić Ursulov, music by Nigel Osborne and Davor Rocco. A co production of BDP, the BELEF festival and the Ulysses Theatre on Brijuni founded by Rade Šerbedžija and Lenka Udovički.

Performed on the Predrag Pepi Laković small stage of BDP at Mileševska 64a on four consecutive nights. In Serbian.

Price: 2000 dinars, on sale via sixtix and at the theatre box office.","Za Tramvaj zvani želja u BDP-u traži se karta viška, a razlog je jedan: **Branka Katić** u ulozi Blanš. Glumica koju publika zna iz filmova Crna mačka, beli mačor i Rane vraća se na beogradsku scenu u jednoj od najvećih ženskih uloga svetskog repertoara.

Blanš dolazi kod sestre Stele, koja ćuti o sopstvenim problemima, i nailazi na njenog muža Stenlija Kovalskog, grubijana kome je njeno prisustvo neprijatno i koji joj jasno daje do znanja da nije dobrodošla. Tenesi Vilijams je dramu napisao odmah posle Drugog svetskog rata i za nju dobio Pulicerovu nagradu; režiju Elije Kazana i film sa Marlonom Brandom i Vivijen Li znaju svi.

Režija **Lenka Udovički**. Na sceni su i Miloš Petrović Trojpec, Marko Todorović, Vanja Nenadić, Nađa Sekulić, Nikola Malbaša, Jovo Maksić, Miloš Lazarov i Bojana Stojković. Scenografija Zorana Petrov, kostimi Bjanka Adžić Ursulov, muzika Najdžel Ozborn i Davor Roko. Koprodukcija BDP-a, festivala BELEF i Teatra Ulysses na Brionima koji su osnovali Rade Šerbedžija i Lenka Udovički.

Igra se na Maloj sceni „Predrag Pepi Laković“ BDP-a u Mileševskoj 64a četiri večeri zaredom.

Cena: 2000 dinara, prodaja preko sixtixa i na blagajni pozorišta.",20:00,2000,Beogradsko dramsko pozorište,"Mileševska 64a, Beograd","44.797040,20.486130",https://repertoar.rs/predstave/tramvaj-zvani-zelja/,repertoar.rs,https://app.sixtix.rs/events/54109c81a5ea,Beogradsko dramsko pozorište,https://www.bdp.rs/,,,,,,"театр, Теннесси Уильямс, Бранка Катич, БДП, драма","theatre, Tennessee Williams, Branka Katić, BDP, drama","pozorište, Tenesi Vilijams, Branka Katić, BDP, drama"
10/10/2026,10/11/2026,9/15/2026,1532,Person,Sedef Adasï,,,MusicEvent,MRAK с Sedef Adasï: резидентка Berghain и Blitz в Drugstore,MRAK with Sedef Adasï: the Berghain and Blitz resident at Drugstore,MRAK sa Sedef Adasï: rezidentkinja Berghaina i Blitza u Drugstoreu,https://raw.githubusercontent.com/newsgl/arsposters/main/1532-MrakSedefAdasiDrugstore.webp,,Concerts,"Серия MRAK продолжает сезон с Sedef Adasï, основательницей вечеринок Hammam Nights и резиденткой мюнхенского Blitz и Berghain/Panorama Bar; в лайнапе также Sacha Mambo, tsola, Filip Xavi и IXOE. Drugstore, суббота 10 октября, с 23:00 до 06:00. Ранняя бронь 1500 динаров на Resident Advisor до 23 сентября, потом 2000, на входе 2500.","The MRAK series continues the season with Sedef Adasï, founder of the Hammam Nights parties and resident at Munich's Blitz and Berghain/Panorama Bar; also on the bill Sacha Mambo, tsola, Filip Xavi and IXOE. Drugstore, Saturday 10 October, 23:00 to 06:00. Early birds 1500 dinars on Resident Advisor until 23 September, then 2000, 2500 at the door.","Serija MRAK nastavlja sezonu sa Sedef Adasï, osnivačicom žurki Hammam Nights i rezidentkinjom minhenskog Blitza i Berghaina/Panorama Bara; u lajnapu su i Sacha Mambo, tsola, Filip Xavi i IXOE. Drugstore, subota 10. oktobar, od 23:00 do 06:00. Early bird 1500 dinara na Resident Advisoru do 23. septembra, zatim 2000, na ulazu 2500.","«Десятки по всем статьям»: так MRAK представляет свою гостью. **Sedef Adasï** в 2017 году запустила в Аугсбурге серию вечеринок Hammam Nights, которая с тех пор доехала до Panorama Bar в Berghain и сделала её резиденткой и берлинского клуба, и мюнхенского Blitz. Идея Hammam Nights, по её словам, вернуться к сути клубной культуры: тепло, единство и коллективная энергия, а не холодный техно-марафон.

Главный зал: Sedef Adasï, **Sacha Mambo** и tsola. Чёрный зал: Filip Xavi и IXOE.

Drugstore это клуб на бульваре Деспота Стефана 115, во дворе бывшей бойни, с двумя залами. Ночь идёт с 23:00 до 06:00.

Цена: ранняя бронь 1500 динаров, организатор держит её на Resident Advisor до 23 сентября; следующая цена 2000, на входе 2500. На самой платформе билеты стоят в евро (14,7, 19,2 и 23,75), что примерно соответствует динаровым ступеням.

Возраст: 18+.","Tens across the board: that is how MRAK introduces its guest. **Sedef Adasï** launched the Hammam Nights party series in Augsburg in 2017; since then it has travelled all the way to Panorama Bar at Berghain and made her a resident of both the Berlin club and Munich's Blitz. The idea of Hammam Nights, in her words, is to return to the essence of club culture: warmth, unity and collective energy rather than a cold techno marathon.

Main room: Sedef Adasï, **Sacha Mambo** and tsola. Black room: Filip Xavi and IXOE.

Drugstore is the two room club at Bulevar despota Stefana 115 in the courtyard of the former slaughterhouse. The night runs from 23:00 to 06:00.

Price: early birds 1500 dinars, which the organiser keeps available on Resident Advisor until 23 September; next price 2000, 2500 at the door. On the platform itself tickets are priced in euro (14.7, 19.2 and 23.75), roughly matching the dinar tiers.

Age: 18 and over.","Desetke po svim osnovama: tako MRAK predstavlja svoju gošću. **Sedef Adasï** je 2017. u Augsburgu pokrenula seriju žurki Hammam Nights, koja je od tada stigla do Panorama Bara u Berghainu i učinila je rezidentkinjom i berlinskog kluba i minhenskog Blitza. Ideja Hammam Nightsa je, kako kaže, povratak suštini klupske kulture: toplina, zajedništvo i kolektivna energija, a ne hladni tehno maraton.

Glavna sala: Sedef Adasï, **Sacha Mambo** i tsola. Crna sala: Filip Xavi i IXOE.

Drugstore je klub sa dve sale na Bulevaru despota Stefana 115, u dvorištu nekadašnje klanice. Noć traje od 23:00 do 06:00.

Cena: early bird 1500 dinara, koji organizator drži na Resident Advisoru do 23. septembra; sledeća cena 2000, na ulazu 2500. Na samoj platformi ulaznice su u evrima (14,7, 19,2 i 23,75), što otprilike odgovara dinarskim stepenima.

Uzrast: 18+.",23:00,1500,Drugstore,"Bulevar despota Stefana 115, 11000 Beograd","44.819103,20.489149",https://ra.co/events/2532528,ra.co,https://ra.co/events/2532528,MRAK,,,,18+,,,"клуб, техно, хаус, Drugstore, Berghain","club, techno, house, Drugstore, Berghain","klub, tehno, haus, Drugstore, Berghain"
10/10/2026,10/11/2026,9/15/2026,1533,Person,Mita Gami,,,MusicEvent,ФОМО с Mita Gami: сооснователь Maccabi House в Hangar,ФОМО with Mita Gami: the Maccabi House co founder at Hangar,ФОМО sa Mita Gamijem: suosnivač Maccabi Housea u Hangaru,https://raw.githubusercontent.com/newsgl/arsposters/main/1533-OomoMitaGamiHangar.webp,,Concerts,"Хедлайнер Mita Gami с релизами на Diynamic и Crosstown Rebels, рядом Tom Zeta с Ибицы, а также Mene и Byedov. Hangar в порту, суббота 10 октября, с 22:00 до 06:00. Билеты от 12 евро при входе до 23:00 (около 1400 динаров), ранняя бронь 17 евро, на Resident Advisor и Gigstix.","Headliner Mita Gami, with releases on Diynamic and Crosstown Rebels, joined by Ibiza based Tom Zeta plus Mene and Byedov. Hangar at the port, Saturday 10 October, 22:00 to 06:00. Tickets from 12 euro for entry before 23:00 (about 1400 dinars), early bird 17 euro, on Resident Advisor and Gigstix.","Hedlajner Mita Gami sa izdanjima na Diynamicu i Crosstown Rebelsu, uz njega Tom Zeta sa Ibice, kao i Mene i Byedov. Hangar u Luci, subota 10. oktobar, od 22:00 do 06:00. Ulaznice od 12 evra za ulaz do 23:00 (oko 1400 dinara), early bird 17 evra, na Resident Advisoru i Gigstixu.","Серия ФОМО возвращается в Hangar с **Mita Gami** во главе. Сооснователь коллектива Maccabi House соединяет запоминающиеся мелодии с неожиданным звуком, а релизы на Diynamic и Crosstown Rebels показывают его собственный взгляд на хаус. После Adam Ten, который играл здесь в прошлом сезоне, организаторы показывают ещё одну сторону саунда Maccabi House.

Рядом **Tom Zeta**, нидерландский диджей и продюсер с Ибицы: игривая смесь хауса и техно на смелых басовых линиях и выразительной перкуссии, релизы на Maccabi House и собственном лейбле Zeta Flavour. Локальная поддержка: Mene со смесью хауса и хип-хопа и Byedov, новое поколение белградской сцены с хаусом и минималом.

Hangar это клуб в порту Луки Београд на Жоржа Клемансо 37. Ночь идёт с 22:00 до 06:00. Партнёр вечера A|X Armani Exchange.

Цена: билет Not Missing Out для входа до 23:00 12 евро, ранняя бронь 17, первый релиз 21, второй 25 евро; VIP от 29 евро; в динарах самый дешёвый билет примерно 1400 по курсу на день подготовки материала. Продажа на Resident Advisor и Gigstix.

Возраст: 18+.","The ФОМО series returns to Hangar with **Mita Gami** headlining. A co founder of the Maccabi House collective, he pairs memorable melodies with unexpected sounds, and his releases on Diynamic and Crosstown Rebels reflect his individual take on house. After welcoming Adam Ten here last season, the organisers show another side of the Maccabi House sound.

Joining him is **Tom Zeta**, a Dutch DJ and producer based in Ibiza: a playful blend of house and techno driven by bold basslines and expressive percussion, with releases on Maccabi House and his own Zeta Flavour imprint. Local support from Mene, with his mix of house and hip hop influences, and Byedov, a new generation of the Belgrade scene rooted in house and minimal.

Hangar is the club at the Port of Belgrade, Žorža Klemansoa 37. The night runs from 22:00 to 06:00. The event is presented in partnership with A|X Armani Exchange.

Price: the Not Missing Out ticket for entry before 23:00 is 12 euro, early bird 17, first release 21, second release 25 euro; VIP from 29 euro; the cheapest ticket is roughly 1400 dinars at the rate on the day this listing was prepared. Tickets on Resident Advisor and Gigstix.

Age: 18 and over.","Serija ФОМО vraća se u Hangar sa **Mita Gamijem** na čelu. Suosnivač kolektiva Maccabi House spaja pamtljive melodije sa neočekivanim zvukom, a izdanja na Diynamicu i Crosstown Rebelsu pokazuju njegov lični pogled na haus. Posle Adama Tena, koji je ovde svirao prošle sezone, organizatori pokazuju još jednu stranu zvuka Maccabi Housea.

Uz njega je **Tom Zeta**, holandski didžej i producent sa Ibice: razigrana mešavina hausa i tehna na smelim bas linijama i izražajnoj perkusiji, izdanja na Maccabi Houseu i sopstvenoj etiketi Zeta Flavour. Lokalna podrška: Mene sa mešavinom hausa i hip-hopa i Byedov, nova generacija beogradske scene sa hausom i minimalom.

Hangar je klub u Luci Beograd na Žorža Klemansoa 37. Noć traje od 22:00 do 06:00. Partner večeri je A|X Armani Exchange.

Cena: ulaznica Not Missing Out za ulaz do 23:00 je 12 evra, early bird 17, prvi release 21, drugi 25 evra; VIP od 29 evra; najjeftinija ulaznica je oko 1400 dinara po kursu na dan pripreme. Prodaja na Resident Advisoru i Gigstixu.

Uzrast: 18+.",22:00,1400,Hangar (Luka Beograd),"Žorža Klemansoa 37, 11158 Beograd","44.827200,20.469800",https://ra.co/events/2534718,ra.co,https://new.gigstix.com/event/fomo-pres-mita-gami-beograd-10-oktobar-2026/,"KULT, ФОМО",,,,18+,,,"клуб, хаус, Hangar, Maccabi House, вечеринка","club, house, Hangar, Maccabi House, party","klub, haus, Hangar, Maccabi House, žurka"
10/10/2026,10/10/2026,9/15/2026,1534,TheaterGroup,Opera Narodnog pozorišta u Beogradu,https://www.narodnopozoriste.rs/,,TheaterEvent,«Кармен» Бизе на Большой сцене Народного театра,Bizet's Carmen on the main stage of the National Theatre,Bizeova Karmen na Velikoj sceni Narodnog pozorišta,https://raw.githubusercontent.com/newsgl/arsposters/main/1534-KarmenNarodnoPozoriste.webp,,Theatre,"Опера Жоржа Бизе в постановке Небойши Брадича, действие перенесено в 1940-е; в заглавной партии чередуются Ядранка Йованович, Драгана Дель Монако и Александра Ангелов. Народный театр, суббота 10 октября, 19:00. Билеты на сайте театра, на французском языке с сербскими титрами.","Georges Bizet's opera staged by Nebojša Bradić with the action moved to the 1940s; Jadranka Jovanović, Dragana Del Monaco and Aleksandra Angelov alternate in the title role. National Theatre, Saturday 10 October, 19:00. Tickets on the theatre website; sung in French with Serbian surtitles.","Opera Žorža Bizea u režiji Nebojše Bradića, radnja pomerena u četrdesete godine dvadesetog veka; u naslovnoj ulozi smenjuju se Jadranka Jovanović, Dragana Del Monako i Aleksandra Angelov. Narodno pozorište, subota 10. oktobar, 19:00. Ulaznice na sajtu pozorišta.","«Кармен» это тот случай, когда опера входит в обязательную общую культуру. Премьера в Париже в 1875 году, либретто Мельяка и Галеви по новелле Проспера Мериме, Хабанера, которую узнают даже те, кто в опере не был ни разу. Народный театр поставил её на Большой сцене в 2012 году, и с тех пор она не сходит с репертуара.

Режиссёр **Небойша Брадич** перенёс действие в сороковые годы XX века. За пультом Срболюб Динич, главный дирижёр оперы в Берне. В заглавной партии чередуются Драгана Дель Монако, Александра Ангелов и **Ядранка Йованович**, которая пела Кармен в одиннадцати постановках по миру, от Рио-де-Жанейро до Токио и Абу-Даби. Дона Хозе делят Хон Ли и Янко Синадинович, Микаэлу поют Ивана Петрович, София Пижурица и Сузана Шувакович Савич, Эскамильо Небойша Бабич, Миодраг Йованович и Александар Стаматович.

Четыре действия, от Хабанеры в севильской таверне до трагического финала.

Опера идёт на французском языке с сербскими титрами. Цена билета на сайте театра.","Carmen is the case where opera becomes part of general culture. Premiered in Paris in 1875, with a libretto by Meilhac and Halévy after Prosper Mérimée's novella, and a Habanera recognised even by people who have never set foot in an opera house. The National Theatre staged it on its main stage in 2012 and it has stayed in the repertoire ever since.

Director **Nebojša Bradić** moved the action to the 1940s. Srboljub Dinić, chief conductor of the opera in Bern, is in the pit. The title role alternates between Dragana Del Monaco, Aleksandra Angelov and **Jadranka Jovanović**, who has sung Carmen in eleven productions around the world, from Rio de Janeiro to Tokyo and Abu Dhabi. Don José is shared by Hon Lee and Janko Sinadinović, Micaëla by Ivana Petrović, Sofija Pižurica and Suzana Šuvaković Savić, Escamillo by Nebojša Babić, Miodrag Jovanović and Aleksandar Stamatović.

Four acts, from the Habanera in a Seville tavern to the tragic ending.

Sung in French with Serbian surtitles. Ticket prices are on the theatre website.","Karmen je onaj slučaj kada opera ulazi u obaveznu opštu kulturu. Premijera u Parizu 1875, libreto Meljaka i Alevija po noveli Prospera Merimea, Habanera koju prepoznaju i oni koji nikad nisu bili u operi. Narodno pozorište ju je postavilo na Veliku scenu 2012. i od tada ne silazi s repertoara.

Reditelj **Nebojša Bradić** preneo je radnju u četrdesete godine dvadesetog veka. Dirigent je Srboljub Dinić, šef dirigent Opere u Bernu. U naslovnoj ulozi smenjuju se Dragana Del Monako, Aleksandra Angelov i **Jadranka Jovanović**, koja je Karmen pevala u jedanaest svetskih produkcija, od Rio de Žaneira do Tokija i Abu Dabija. Don Hozea dele Hon Li i Janko Sinadinović, Mikaelu pevaju Ivana Petrović, Sofija Pižurica i Suzana Šuvaković Savić, Eskamilja Nebojša Babić, Miodrag Jovanović i Aleksandar Stamatović.

Četiri čina, od Habanere u seviljskoj krčmi do tragičnog kraja.

Opera se izvodi na francuskom sa titlovima na srpskom. Cena ulaznice je na sajtu pozorišta.",19:00,,Narodno pozorište u Beogradu,"Francuska 3, 11000 Beograd","44.817006,20.461005",https://repertoar.rs/predstave/opera-karmen/,repertoar.rs,https://www.narodnopozoriste.rs/lat/ulaznice/odabir-ulaznica?p=6384,Narodno pozorište u Beogradu,https://www.narodnopozoriste.rs/,,,,,,"опера, Кармен, Бизе, Народный театр, классика","opera, Carmen, Bizet, National Theatre, classical","opera, Karmen, Bize, Narodno pozorište, klasika"
10/11/2026,10/11/2026,9/15/2026,1535,Person,Sandra Silađev,https://mojakarta.rs/event/sandra-silaev-seansa-mts-dvorana-11102026?lang=sr,,TheaterEvent,«Сеанс»: чёрная комедия-монодрама Сандры Силаджев в mts Dvorana,Seansa: Sandra Silađev's black comedy monodrama at mts Dvorana,Seansa: autorska crna komedija Sandre Silađev u mts Dvorani,https://raw.githubusercontent.com/newsgl/arsposters/main/1535-SeansaSiladjevMts.webp,,Theatre,"Третья авторская монодрама Сандры Силаджев: женщина за пятьдесят на сеансе психотерапии и гротеск современной жизни, где боль измеряют аплодисментами. mts Dvorana, воскресенье 11 октября, 20:00, билеты от 2400 динаров на MojaKarta. На сербском языке.","Sandra Silađev's third original monodrama: a woman in her fifties in a psychotherapy session and the grotesque of modern life where pain is measured in applause. mts Dvorana, Sunday 11 October, 20:00, tickets from 2400 dinars on MojaKarta. In Serbian.","Treća autorska monodrama Sandre Silađev: žena u petoj deceniji na psihoterapijskoj seansi i groteska savremenog života gde se bol meri aplauzom. mts Dvorana, nedelja 11. oktobar, 20:00, ulaznice od 2400 dinara na MojaKarti.","Ясна, женщина за пятьдесят, сидит на сеансе у психотерапевта и ведёт нас через гротеск современной жизни, где боль измеряют аплодисментами, а унижение лайками. Стала ли публичная сцена коллективной терапией? Является ли личная боль новой общественной силой?

«Сеанс» это третья авторская монодрама **Сандры Силаджев**, актрисы, которую сербская публика знает по сериалам и кабаре. Чёрная комедия, которая выходит за рамки истории об одном человеке и задаёт вопросы о системе здравоохранения и обществе в целом. «Эта монодрама вас рассмешит и собьёт с толку. Возьмите с собой терпение и хорошее настроение», предупреждает автор. Место, где в рецепте вместо лекарства написано: театр.

Спектакль идёт в mts Dvorana в центре города, на сербском языке. Организатор Scena ASM.

Цена: 2400, 2600 и 2800 динаров по категориям мест, продажа на MojaKarta.","Jasna, a woman in her fifties, sits in a psychotherapy session and leads us through the grotesque of modern life, where pain is measured in applause and humiliation in likes. Has the public stage become collective therapy? Is personal pain the new social power?

Seansa is the third original monodrama by **Sandra Silađev**, an actress Serbian audiences know from television series and cabaret. A black comedy that goes beyond the story of one individual and asks questions about the health system and society as a whole. This monodrama will make you laugh and confuse you; bring patience and a good mood, the author warns. A place where the prescription says theatre instead of medicine.

Performed at mts Dvorana in the city centre, in Serbian. Organised by Scena ASM.

Price: 2400, 2600 and 2800 dinars by seat category, on sale at MojaKarta.","Jasna, žena u petoj deceniji života, sedi na psihoterapijskoj seansi i vodi nas kroz grotesku savremenog života gde se bol meri aplauzom, a poniženje lajkovima. Da li je javna scena postala kolektivna terapija? Da li je lična bol nova društvena moć?

Seansa je treća autorska monodrama **Sandre Silađev**, glumice koju publika zna iz serija i kabarea. Crna komedija koja prevazilazi okvir priče o pojedincu i postavlja pitanja o zdravstvenom sistemu i društvu. „Ova monodrama će vas nasmejati i zbuniti. Ponesite strpljenje i dobro raspoloženje“, upozorava autorka. Mesto gde na receptu, umesto leka, piše: pozorište.

Igra se u mts Dvorani u centru grada. Organizator je Scena ASM.

Cena: 2400, 2600 i 2800 dinara po kategorijama mesta, prodaja na MojaKarti.",20:00,2400,mts Dvorana,"Dečanska 14, 11000 Beograd","44.813220,20.462629",https://www.mtsdvorana.rs/dogadjaj/seansa-sandra-siladjev,mtsdvorana.rs,https://mojakarta.rs/event/sandra-silaev-seansa-mts-dvorana-11102026?lang=sr,Scena ASM,https://asmscena.rs/,,,,,,"театр, монодрама, комедия, Сандра Силаджев, mts Dvorana","theatre, monodrama, comedy, Sandra Silađev, mts Dvorana","pozorište, monodrama, komedija, Sandra Silađev, mts Dvorana"
10/13/2026,10/13/2026,9/15/2026,1536,Person,Nenad Radović,https://domomladine.org/,,TheaterEvent,«Ovo nije bajka»: спектакль о школьной травле по реальным событиям,Ovo nije bajka: a play about peer bullying based on a true story,Ovo nije bajka: predstava o vršnjačkom nasilju zasnovana na istinitom događaju,https://raw.githubusercontent.com/newsgl/arsposters/main/1536-OvoNijeBajkaStudio.webp,,Theatre,"Самый посещаемый спектакль Studio Centar за три сезона: новая ученица, которую отвергают одноклассники, и замкнутый круг насилия, где каждый передаёт его слабому. Вторник, 13 октября, 20:00, камерная сцена Studio Дома омладине, билет 1000 динаров через efinity. На сербском языке.","Studio Centar's most attended play of the last three seasons: a new girl rejected by her classmates and a vicious circle of violence where everyone passes it on to someone weaker. Tuesday 13 October, 20:00, the Studio chamber stage of Dom omladine, tickets 1000 dinars via efinity. In Serbian.","Najgledanija predstava Studija Centar u protekle tri sezone: nova učenica koju vršnjaci odbacuju i začarani krug nasilja u kome ga svako prenosi na slabijeg. Utorak, 13. oktobar, 20:00, Kamerna scena Studio Doma omladine, ulaznica 1000 dinara preko efinityja.","Что происходит, когда подростка из-за бедности травят и отвергают сверстники? Как он борется, как реагируют родители, а как система? Почему насильники всегда защищены?

«Ovo nije bajka» («Это не сказка») основана на реальном событии. Новая ученица Тара не может прижиться в классе из-за более тёмной кожи и бедной семьи. Но не только она переживает насилие: есть Мита, который хочет ей помочь, и есть сами обидчики. Все они образуют замкнутый круг, в котором каждый проходит через насилие и передаёт его дальше, тому, кто слабее.

За три последних сезона это самый посещаемый спектакль **Studio Centar**. Текст **Ненада Радовича**, режиссёры Ненад Радович и Ивана Вукович. Играет молодёжная труппа театра. Постановка сезона 2021/22 идёт в рамках программы «Театральная осень для подростков» Дома омладине и Studio Centar.

Спектакль идёт на сербском языке.

Цена: 1000 динаров в свободной продаже, для школьных и групповых посещений скидки по почте studiocentar@gmail.com. Организатор: Дом омладине Београда и Studio Centar.","What happens when a young person is bullied and rejected by her peers because her family is poor? How does she fight and cope, how do the parents react, and how does the system? Why are the bullies always protected?

Ovo nije bajka (This Is Not a Fairy Tale) is based on a true event. Tara, the new girl at school, fails to fit in because of her darker skin and her family's poverty. But she is not the only one living through violence: there is Mita, who wants to help her, and there are the bullies themselves. All of them form a vicious circle in which everyone goes through violence and passes it on to someone weaker.

Over the last three seasons this has been the most attended play of **Studio Centar**. Written by **Nenad Radović**, directed by Nenad Radović and Ivana Vuković. Performed by the theatre's young company. A production of the 2021/22 season, running as part of Theatre Autumn for Teenagers by Dom omladine and Studio Centar.

Performed in Serbian.

Price: 1000 dinars in open sale; discounts for school and group visits by email to studiocentar@gmail.com. Organiser: Dom omladine Beograda and Studio Centar.","Šta se desi kada mlada osoba zbog lošeg materijalnog stanja bude maltretirana i odbačena od svojih vršnjaka? Kako se ona bori i nosi sa tim, kako reaguju roditelji, a kako sistem? Zašto su nasilnici uvek zaštićeni?

Ovo nije bajka zasnovana je na istinitom događaju. Nova učenica Tara ne uspeva da se nametne u novom okruženju zbog svoje tamnije puti i lošeg materijalnog stanja. Ali nije jedina koja proživljava nasilje na svojoj koži: tu je i Mita koji želi da joj pomogne, ali i sami nasilnici. Svi čine jedan začarani krug u kojem svako prolazi kroz nasilje koje lančano prenosi na slabijeg od sebe.

U protekle tri sezone ovo je najgledanija predstava **Studija Centar**. Tekst **Nenad Radović**, režija Nenad Radović i Ivana Vuković. Igra mlada trupa pozorišta. Produkcija sezone 2021/22, igra se u okviru Pozorišne jeseni za tinejdžere Doma omladine i Studija Centar.

Cena: 1000 dinara u slobodnoj prodaji; za školske i grupne posete popusti na mejl studiocentar@gmail.com. Organizator: Dom omladine Beograda i Studio Centar.",20:00,1000,Dom omladine Beograda,"Makedonska 22, Beograd","44.815407,20.462793",https://efinity.rs/event-details/ovo_nije_bajka_32361,efinity.rs,https://efinity.rs/event-details/ovo_nije_bajka_32361,Dom omladine Beograda i Studio Centar,https://domomladine.org/,studiocentar@gmail.com,,12+,,,"театр, подростки, Studio Centar, Дом омладине, образовательный спектакль","theatre, teenagers, Studio Centar, Dom omladine, educational play","pozorište, tinejdžeri, Studio Centar, Dom omladine, edukativna predstava"
10/13/2026,10/13/2026,9/15/2026,1537,TheaterGroup,GMR Production,https://www.mtsdvorana.rs/dogadjaj/kazi-dragicka,,TheaterEvent,«Kaži dragička»: премьера французской комедии с Аницей Добрей и Зораном Цвияновичем в mts Dvorana,Kaži dragička: the premiere of a French comedy with Anica Dobra and Zoran Cvijanović at mts Dvorana,Kaži dragička: premijera francuske komedije sa Anicom Dobrom i Zoranom Cvijanovićem u mts Dvorani,https://raw.githubusercontent.com/newsgl/arsposters/main/1537-KaziDragickaMts.webp,,Theatre,"Можно ли успешно организовать расставание? Хит Тристана Петижирара в постановке Николы Койо, в ролях Аница Добра, Зоран Цвиянович и Деян Луткич. Премьера в mts Dvorana во вторник 13 октября, 20:00, билеты от 1100 динаров. На сербском языке.","Can a breakup be organised successfully? Tristan Petitgirard's hit comedy directed by Nikola Kojo, with Anica Dobra, Zoran Cvijanović and Dejan Lutkić. Premiere at mts Dvorana on Tuesday 13 October, 20:00, tickets from 1100 dinars. In Serbian.","Da li raskid može uspešno da se organizuje? Hit komedija Tristana Petitgirarda u režiji Nikole Koje, igraju Anica Dobra, Zoran Cvijanović i Dejan Lutkić. Premijera u mts Dvorani u utorak 13. oktobra, 20:00, ulaznice od 1100 dinara.","Потерпеть неудачу в любви может каждый. А вот можно ли успешно организовать расставание? Из этой почти абсурдной идеи выросла одна из самых успешных современных французских комедий. Её автор **Тристан Петижирар** получил за неё премию Мольера как лучший живущий франкоязычный драматург, а пьеса обошла сцены по всему миру.

На первый взгляд это история о разрыве, но уже в следующую минуту она превращается в игру любви, тайн и неожиданных встреч. Острые диалоги, быстрый ритм, юмор и повороты сюжета: спектакль говорит о современных отношениях, наших слабостях и недоразумениях, о том, что мы говорим, и ещё больше о том, о чём молчим.

Режиссёр **Никола Койо**, в ролях **Аница Добра**, **Зоран Цвиянович** и Деян Луткич. Перевод Иваны Димич, оригинальная музыка Александра Локнера. Продюсер GMR Production. Это премьерный показ.

Цена: от 1100 динаров, продажа онлайн на сайте mts Dvorana и в кассе. Язык: сербский.","Anyone can fail at love. But can a breakup be organised successfully? From this almost absurd idea grew one of the most successful contemporary French comedies. Its author **Tristan Petitgirard** received the Molière Award as the best living francophone playwright for it, and the play has toured stages around the world.

At first glance it is a story about a split, but the next moment it becomes a game of love, secrets and unexpected encounters. Sharp dialogue, quick pace, humour and plot twists: the play talks about modern relationships, our weaknesses and misunderstandings, about what we say and even more about what we keep quiet.

Directed by **Nikola Kojo**, starring **Anica Dobra**, **Zoran Cvijanović** and Dejan Lutkić. Translated by Ivana Dimić, original music by Aleksandar Lokner. Produced by GMR Production. This is the premiere performance.

Price: from 1100 dinars, on sale online through mts Dvorana and at the box office. Language: Serbian.","Neuspeh u ljubavi može da doživi svako. Ali da li raskid može uspešno da se organizuje? Iz ove gotovo apsurdne ideje nastala je jedna od najuspešnijih savremenih francuskih komedija. Njen autor **Tristan Petitgirard** dobio je za nju Molijerovu nagradu za najboljeg živog frankofonog pisca, a komad je obišao scene širom sveta.

Na prvi pogled ovo je priča o raskidu, ali već u sledećem trenutku postaje igra ljubavi, tajni i neočekivanih susreta. Britki dijalozi, brz ritam, humor i obrti: predstava govori o savremenim odnosima, našim slabostima i nesporazumima, o onome što govorimo i još više o onome što prećutkujemo.

Režija **Nikola Kojo**, igraju **Anica Dobra**, **Zoran Cvijanović** i Dejan Lutkić. Prevod Ivana Dimić, originalna muzika Aleksandar Lokner. Produkcija GMR Production. Ovo je premijerno izvođenje.

Cena: od 1100 dinara, prodaja onlajn preko sajta mts Dvorane i na blagajni.",20:00,1100,mts Dvorana,"Dečanska 14, 11000 Beograd","44.813220,20.462629",https://www.mtsdvorana.rs/dogadjaj/kazi-dragicka,mtsdvorana.rs,https://www.mtsdvorana.rs/dogadjaj/kazi-dragicka,GMR Production,,,,,,,"театр, комедия, премьера, Аница Добра, mts Dvorana","theatre, comedy, premiere, Anica Dobra, mts Dvorana","pozorište, komedija, premijera, Anica Dobra, mts Dvorana"
10/15/2026,10/15/2026,9/15/2026,1538,Person,Hristina Popović,https://sr.wikipedia.org/wiki/%D0%A5%D1%80%D0%B8%D1%81%D1%82%D0%B8%D0%BD%D0%B0_%D0%9F%D0%BE%D0%BF%D0%BE%D0%B2%D0%B8%D1%9B,,ComedyEvent,Христина Попович «Dobro sam ispala! (Šta mi fali?)»: автобиографическое комедийное шоу в Доме омладине,"Hristina Popović: Dobro sam ispala! (Šta mi fali?), an autobiographical comedy show at Dom omladine","Hristina Popović: Dobro sam ispala! (Šta mi fali?), autobiografski komedi šou u Domu omladine",https://raw.githubusercontent.com/newsgl/arsposters/main/1538-HristinaPopovicDobroSamIspala.webp,,Stand Up,"Актриса Христина Попович рассказывает о выживании в собственной семье, о прошлом и обо всём, что составляет жизнь. Большой зал Дома омладине, четверг 15 октября, 20:00, билет 2400 динаров через efinity. На сербском языке.","Actress Hristina Popović on surviving her own family, the past and everything else that makes a life. Dom omladine, main hall, Thursday 15 October, 20:00, tickets 2400 dinars via efinity. In Serbian.","Glumica Hristina Popović o preživljavanju sopstvene porodice, prošlosti i svemu ostalom što čini život. Velika sala Doma omladine, četvrtak 15. oktobar, 20:00, ulaznica 2400 dinara preko efinityja.","Почему я выпала? Кому я выпала? В какой цвет папа покрасил комнату, когда я родилась? Как мама родила меня после всего трёх месяцев беременности? Какие воспитательные методы тогда считались нормальными, а сегодня закончились бы судом? И какой главный совет о хорошей жизни дала всем нам моя бабушка на своё 95-летие?

**Христина Попович**, актриса, которую публика знает по театру и сериалам, выходит одна на сцену с автобиографическим комедийным шоу о выживании семьи, о прошлом, о том, что есть сейчас, и обо всём остальном, из чего состоит жизнь. Название переводится примерно как «Хорошо я получилась! (Чего мне не хватает?)».

«Количество мест ограничено. Как и количество нервов, которые у нас сегодня есть», предупреждает анонс.

Шоу идёт в Большом зале Дома омладине на Македонской 22, на сербском языке.

Цена: 2400 динаров, продажа через сеть efinity и онлайн.","Why did I turn out this way? For whom? What colour did dad paint the room when I was born? How did mum give birth to me after only three months of pregnancy? Which parenting methods were considered normal back then but would end in court today? And what ultimate piece of advice for a good life did my grandmother give all of us on her 95th birthday?

**Hristina Popović**, an actress audiences know from the stage and from television series, goes on stage alone with an autobiographical comedy show about surviving a family, about the past, about the present and about everything else a life is made of. The title translates roughly as I Turned Out Fine! (What Is Wrong with Me?).

The number of seats is limited, as is the number of nerves we have today, the announcement warns.

The show takes place in the main hall of Dom omladine at Makedonska 22, in Serbian.

Price: 2400 dinars, on sale through the efinity network and online.","Zašto sam ispala? Kome sam ispala? U koju boju je tata okrečio sobu kad sam se rodila? Kako me je mama rodila nakon samo tri meseca trudnoće? Koje su vaspitne metode tada bile normalne, a danas bi završile na sudu? I koji je ultimativni savet za dobar život svima nama dala moja baba na svom 95. rođendanu?

**Hristina Popović**, glumica koju publika zna sa pozorišnih dasaka i iz serija, izlazi sama na scenu sa autobiografskim komedi šouom o preživljavanju porodice, o prošlosti, o onome što je sad i o svemu ostalom što čini život.

„Broj mesta ograničen. Kao i broj živaca koje danas imamo“, upozorava najava.

Šou se igra u Velikoj sali Doma omladine na Makedonskoj 22.

Cena: 2400 dinara, prodaja preko eFinity mreže i onlajn.",20:00,2400,Dom omladine Beograda,"Makedonska 22, Beograd","44.815407,20.462793",https://domomladine.org/predstave/autobiografski-komedi-sou-hristine-popovic-dobro-sam-ispala-sta-mi-fali-4/,domomladine.org,https://efinity.rs/event-details/dobro_sam_ispala_sta_mi_fali_32320,Dom omladine Beograda,https://domomladine.org/,,,,,,"комедийное шоу, Христина Попович, Дом омладине, стендап, автобиография","comedy show, Hristina Popović, Dom omladine, stand up, autobiography","komedi šou, Hristina Popović, Dom omladine, stand-up, autobiografija"
10/16/2026,10/18/2026,9/15/2026,1539,Organization,Illusions,,,MusicFestival,"Illusions: 5 Years Beyond Reality, два дня с Mahmut Orhan и Adam Beyer в Hangar","Illusions: 5 Years Beyond Reality, two nights with Mahmut Orhan and Adam Beyer at Hangar","Illusions: 5 Years Beyond Reality, dve noći sa Mahmutom Orhanom i Adamom Beyerom u Hangaru",https://raw.githubusercontent.com/newsgl/arsposters/main/1539-IllusionsHangar.webp,,Concerts,"Пятилетие серии Illusions: пятница 16 октября с Mahmut Orhan, Arodes, People Like Us и Anya, суббота 17 октября с Adam Beyer, Pan-Pot, Volkoder и Nexie. Hangar Stage 1 в порту, обе ночи с 23:00 до 06:00. Билеты от 23 евро за день (около 2700 динаров) и от 41,3 евро за два дня на Resident Advisor.","Five years of the Illusions series: Friday 16 October with Mahmut Orhan, Arodes, People Like Us and Anya, Saturday 17 October with Adam Beyer, Pan-Pot, Volkoder and Nexie. Hangar Stage 1 at the port, both nights 23:00 to 06:00. Tickets from 23 euro per day (about 2700 dinars) and from 41.3 euro for the two day pass on Resident Advisor.","Pet godina serije Illusions: petak 16. oktobar sa Mahmutom Orhanom, Arodesom, People Like Us i Anyom, subota 17. oktobar sa Adamom Beyerom, Pan-Potom, Volkoderom i Nexie. Hangar Stage 1 u Luci, obe noći od 23:00 do 06:00. Ulaznice od 23 evra po danu (oko 2700 dinara) i od 41,3 evra za dvodnevnu na Resident Advisoru.","Белградская серия вечеринок Illusions отмечает пять лет двумя ночами в Hangar, и лайнап собран так, чтобы закрыть обе стороны большой электроники.

Первая ночь, пятница: **Mahmut Orhan**, турецкий продюсер с мелодичным дип-хаусом, известный по Feel и 6 Days, к нему Arodes, People Like Us и Anya. Это вечер про мелодии и медленный разгон.

Вторая ночь, суббота: **Adam Beyer**, глава Drumcode и одна из главных фигур техно последних двадцати лет, дуэт **Pan-Pot** из Берлина, Volkoder и Nexie. Здесь тяжелее, быстрее и прямее.

Hangar это клуб в порту Луки Београд на Жоржа Клемансо 37, сцена Stage 1. Каждая ночь идёт с 23:00 до 06:00.

Цена: обычный билет на один день 23,02 евро (суббота) и 25,93 евро (пятница), двухдневный 41,32 евро по ранней брони; VIP на день от 45,18 евро, VIP на два дня 91,4 евро. В динарах однодневный билет примерно 2700 по курсу на день подготовки материала. Продажа на Resident Advisor.

Возраст: 18+.","The Belgrade party series Illusions marks five years with two nights at Hangar, and the lineup is built to cover both sides of big room electronic music.

Night one, Friday: **Mahmut Orhan**, the Turkish producer of melodic deep house known for Feel and 6 Days, joined by Arodes, People Like Us and Anya. An evening of melodies and a slow build.

Night two, Saturday: **Adam Beyer**, head of Drumcode and one of the defining figures of techno of the last twenty years, the Berlin duo **Pan-Pot**, Volkoder and Nexie. Heavier, faster and more direct.

Hangar is the club at the Port of Belgrade, Žorža Klemansoa 37, Stage 1. Each night runs from 23:00 to 06:00.

Price: regular single day tickets 23.02 euro (Saturday) and 25.93 euro (Friday), two day pass 41.32 euro at the early bird phase; VIP from 45.18 euro per day and 91.4 euro for both days. A single day ticket is roughly 2700 dinars at the rate on the day this listing was prepared. Tickets on Resident Advisor.

Age: 18 and over.","Beogradska serija žurki Illusions obeležava pet godina sa dve noći u Hangaru, a lajnap je složen tako da pokrije obe strane velike elektronike.

Prva noć, petak: **Mahmut Orhan**, turski producent melodičnog dip hausa poznat po Feel i 6 Days, uz njega Arodes, People Like Us i Anya. Veče melodija i sporog zagrevanja.

Druga noć, subota: **Adam Beyer**, šef Drumcodea i jedna od ključnih figura tehna poslednjih dvadeset godina, berlinski duo **Pan-Pot**, Volkoder i Nexie. Ovde je teže, brže i direktnije.

Hangar je klub u Luci Beograd na Žorža Klemansoa 37, bina Stage 1. Svaka noć traje od 23:00 do 06:00.

Cena: redovna dnevna ulaznica 23,02 evra (subota) i 25,93 evra (petak), dvodnevna 41,32 evra u early bird fazi; VIP od 45,18 evra po danu i 91,4 evra za oba dana. Dnevna ulaznica je oko 2700 dinara po kursu na dan pripreme. Prodaja na Resident Advisoru.

Uzrast: 18+.",23:00,2700,Hangar (Luka Beograd),"Žorža Klemansoa 37, 11158 Beograd","44.827200,20.469800",https://ra.co/events/2533085,ra.co,https://ra.co/events/2533085,Illusions,,,,18+,,,"клуб, техно, хаус, Hangar, Adam Beyer, фестиваль","club, techno, house, Hangar, Adam Beyer, festival","klub, tehno, haus, Hangar, Adam Beyer, festival"
10/16/2026,10/17/2026,9/15/2026,1540,Person,Juan Atkins,https://en.wikipedia.org/wiki/Juan_Atkins,,MusicEvent,"Juan Atkins, «крёстный отец техно»: публичный разговор и клубный сет в Ложионице","Juan Atkins, the Godfather of Techno: a public talk and club session at Ložionica","Juan Atkins, kum tehna: javni razgovor i klupska sesija u Ložionici",https://raw.githubusercontent.com/newsgl/arsposters/main/1540-JuanAtkinsLozionica.webp,,Concerts,"Основатель детройтского техно и лейбла Metroplex в программе из двух частей: разговор с публикой, а затем двухчасовой диджей-сет. Ложионица, пятница 16 октября, с 20:00 до 03:00. Билеты 2500 динаров через efinity или от 24,85 евро на Resident Advisor; разговор бесплатный для держателей билета по регистрации, 160 мест.","The founder of Detroit techno and the Metroplex label in a two part programme: a public conversation followed by a two hour DJ set. Ložionica, Friday 16 October, 20:00 to 03:00. Tickets 2500 dinars via efinity or from 24.85 euro on Resident Advisor; the talk is free for ticket holders with registration, 160 places.","Osnivač detroitskog tehna i etikete Metroplex u programu iz dva dela: javni razgovor, a zatim dvočasovni DJ set. Ložionica, petak 16. oktobar, od 20:00 do 03:00. Ulaznice 2500 dinara preko efinityja ili od 24,85 evra na Resident Advisoru; razgovor je besplatan za vlasnike ulaznice uz prijavu, 160 mesta.","**Juan Atkins** это человек, с которого техно началось. После проекта Cybotron он основал легендарный лейбл Metroplex и под именем Model 500 выпустил No UFO's, трек, который принято считать первым техно-треком. Вместе с Дерриком Мэем и Кевином Сондерсоном он составил «беллвильскую тройку», заложившую основы жанра для всего мира.

Вечер построен в двух частях. Сначала модерируемый публичный разговор об одном из аспектов его работы и наследия, с вопросами из зала: он бесплатный для держателей билета на клубную часть, но мест всего 160, регистрация по ссылке с номером заказа. Потом Atkins встаёт за пульт на двухчасовой сет. Формат специально сдвинут раньше обычной клубной ночи: компактный поздний вечер с полной клубной атмосферой. Локальная поддержка будет объявлена позже.

Ложионица это центр креативных индустрий в бывшем паровозном депо на улице Идея 2, у Савского моста. Организатор серии [kod].

Цена: 2500 динаров через efinity; на Resident Advisor ранняя бронь 24,85 евро, примерно 2900 динаров по курсу на день подготовки материала.

Возраст: 18+.","**Juan Atkins** is the man techno started with. After his work with Cybotron he launched the legendary Metroplex label and, as Model 500, released No UFO's, widely recognised as the first techno track. Together with Derrick May and Kevin Saunderson he formed the Belleville Three, whose music laid the foundations of the genre worldwide.

The evening comes in two parts. First a moderated public conversation exploring a selected aspect of Atkins' work and legacy, with audience questions: it is free for club session ticket holders, but capacity is only 160, so register via the link using your order number. Later that night Atkins takes over the decks for a two hour set. The format is deliberately scheduled earlier than a typical club night: a compact late evening with the full club atmosphere. Local support acts to be announced.

Ložionica is the creative industries hub in the former locomotive depot at Ulica ideja 2 by the Sava bridge. The series is organised by [kod].

Price: 2500 dinars via efinity; on Resident Advisor the early bird is 24.85 euro, roughly 2900 dinars at the rate on the day this listing was prepared.

Age: 18 and over.","**Juan Atkins** je čovek od koga je tehno počeo. Posle projekta Cybotron osnovao je legendarnu etiketu Metroplex i pod imenom Model 500 objavio No UFO's, numeru koja se smatra prvim tehno trekom. Zajedno sa Derrickom Mayem i Kevinom Saundersonom činio je Belleville Three, trojku koja je postavila temelje žanra za ceo svet.

Veče je u dva dela. Prvo moderirani javni razgovor o jednom aspektu njegovog rada i nasleđa, uz pitanja publike: besplatan je za vlasnike ulaznice za klupski deo, ali mesta ima samo 160, prijava preko linka uz broj porudžbine. Zatim Atkins preuzima pult za dvočasovni set. Format je namerno pomeren ranije od uobičajene klupske noći: kompaktno kasno veče sa punom klupskom atmosferom. Lokalna podrška biće naknadno objavljena.

Ložionica je centar kreativnih industrija u nekadašnjem lokomotivskom depou u Ulici ideja 2, kod Savskog mosta. Organizator serije je [kod].

Cena: 2500 dinara preko efinityja; na Resident Advisoru early bird je 24,85 evra, oko 2900 dinara po kursu na dan pripreme.

Uzrast: 18+.",20:00,2500,Ložionica,"Ulica ideja 2, 11000 Beograd","44.800471,20.447208",https://ra.co/events/2533148,ra.co,https://efinity.rs/event-details/juan_atkins_32340,[kod],https://www.instagram.com/gradski.kod,,,18+,,,"техно, Juan Atkins, Детройт, Ложионица, лекция","techno, Juan Atkins, Detroit, Ložionica, talk","tehno, Juan Atkins, Detroit, Ložionica, razgovor"
10/17/2026,10/17/2026,9/15/2026,1541,Person,Igor Trifunov,https://www.mtsdvorana.rs/dogadjaj/igorov-magicni-show,,ChildrensEvent,Магическое шоу Игоря Трифунова: иллюзии для всей семьи в mts Dvorana,Igor Trifunov's Magic Show: illusions for the whole family at mts Dvorana,Igorov magični show: iluzije za celu porodicu u mts Dvorani,https://raw.githubusercontent.com/newsgl/arsposters/main/1541-IgorovMagicniShowMts.webp,,Kids,"Летающий стол, появляющиеся голуби, распиливание ассистентки и фокусы с картами: шоу иллюзиониста Игоря Трифунова для детей «от 3 до 103 лет». mts Dvorana, зал 6, суббота 17 октября, 12:00, билеты от 600 динаров.","A levitating table, doves out of nowhere, the sawn assistant and card tricks: illusionist Igor Trifunov's show for children from 3 to 103. mts Dvorana, hall 6, Saturday 17 October, 12:00, tickets from 600 dinars.","Lebdeći sto, stvaranje golubova, presecanje asistentkinje i čarolije sa kartama: šou iluzioniste Igora Trifunova za decu od 3 do 103 godine. mts Dvorana, sala 6, subota 17. oktobar, 12:00, ulaznice od 600 dinara.","**Игорь Трифунов**, самый титулованный сербский иллюзионист, показывает программу, которая, по его словам, особенно интересна детям от трёх до ста трёх лет. Летающий стол, голуби из ниоткуда, распиливание и исчезновение ассистентки, мгновенная смена костюмов, фокусы с картами: это только часть репертуара шоу, которое соединяет театр, мастерство иллюзиониста и комедию.

В этом сезоне программа идёт в новом оформлении и с новой сценографией, рассчитанной на зал в двести мест. Это сделано специально: зрители видят трюки вблизи, а дети участвуют в создании магии на сцене. Семейный формат, обещают отличный день, полный смеха и волшебства. Девиз шоу: все за магию, магия для всех.

Показ проходит в зале 6 mts Dvorana в центре города, в полдень.

Цена: от 600 динаров, продажа онлайн на сайте зала и в кассе.","**Igor Trifunov**, Serbia's most awarded illusionist, presents a programme that he says is especially interesting for children from three to a hundred and three. A levitating table, doves out of nowhere, the sawing and disappearance of an assistant, quick costume changes, card tricks: only part of the repertoire of a show that blends theatre, the illusionist's craft and comedy.

This season the programme comes in a new look with new set design tailored to a two hundred seat hall. That is deliberate: the audience sees the tricks up close and children take part in creating the magic on stage. A family format with a promise of a day full of laughter and wonder. The show's motto: everyone for magic, magic for everyone.

The show takes place in hall 6 of mts Dvorana in the city centre, at noon.

Price: from 600 dinars, on sale online through the venue and at the box office.","**Igor Trifunov**, najnagrađivaniji srpski iluzionista, izvodi program koji je, kako sam kaže, naročito zanimljiv za decu od 3 do 103 godine. Lebdeći sto, stvaranje golubova, presecanje i nestanak asistentkinje, brza promena kostima, čarolija sa kartama: to je samo deo repertoara šoua koji spaja teatar, mađioničarsku veštinu i komediju.

Ove sezone program ide u novom ruhu, sa novom scenografijom prilagođenom sali od dvesta mesta. To je namerno: publika doživljava trikove i iluzije iz blizine, a deca aktivno učestvuju u stvaranju magije na sceni. Porodični format, uz obećanje odličnog provoda punog smeha i magije. Moto šoua: svi za magiju, magija za sve.

Šou se igra u sali 6 mts Dvorane u centru grada, u podne.

Cena: od 600 dinara, prodaja onlajn preko sajta dvorane i na blagajni.",12:00,600,mts Dvorana,"Dečanska 14, 11000 Beograd","44.813220,20.462629",https://www.mtsdvorana.rs/dogadjaj/igorov-magicni-show,mtsdvorana.rs,https://www.mtsdvorana.rs/dogadjaj/igorov-magicni-show,Igor Trifunov,,,,3+,,,"дети, фокусы, иллюзионист, семейное шоу, mts Dvorana","kids, magic, illusionist, family show, mts Dvorana","deca, mađioničar, iluzionista, porodični šou, mts Dvorana"
10/17/2026,10/17/2026,9/15/2026,1542,PerformingGroup,Škola gusala Sandić,https://www.mtsdvorana.rs/dogadjaj/gusle-i-tesla,,MusicEvent,«Гусле и Тесла»: большой вечер гуслей к 170-летию Николы Теслы в mts Dvorana,Gusle and Tesla: a grand evening of gusle for the 170th anniversary of Nikola Tesla at mts Dvorana,Gusle i Tesla: veliko veče gusala povodom 170 godina od rođenja Nikole Tesle u mts Dvorani,https://raw.githubusercontent.com/newsgl/arsposters/main/1542-GusleITeslaMts.webp,,Concerts,"Сербская эпическая традиция, духовность и музыка в одной программе: гусляры Бошко Вуячич, Горан Перович Цуца, Марко Шчепанович и Миловим Требьешанин, этнопевица Мария Сандич, православные певчие и беседа отца Оливера Суботича о духовном облике Теслы. mts Dvorana, суббота 17 октября, 19:00, билеты от 900 динаров.","Serbian epic tradition, spirituality and music in one programme: gusle players Boško Vujačić, Goran Perović Cuca, Marko Šćepanović and Milovim Trebješanin, ethno singer Marija Sandić, Orthodox chanters and a talk by father Oliver Subotić on Tesla's spiritual character. mts Dvorana, Saturday 17 October, 19:00, tickets from 900 dinars.","Srpska epska tradicija, duhovnost i muzika u jednom programu: guslari Boško Vujačić, Goran Perović Cuca, Marko Šćepanović i Milovim Trebješanin, etno pevačica Marija Sandić, pravoslavni pojci i beseda oca Olivera Subotića o duhovnom liku Tesle. mts Dvorana, subota 17. oktobar, 19:00, ulaznice od 900 dinara.","Сто семьдесят лет со дня рождения Николы Теслы отмечают большим вечером гуслей, однострунного инструмента, под который в Сербии и Черногории веками пели эпические песни. Программа соединяет эпическую традицию, духовность и музыку и построена вокруг образа Теслы как «светоносного донебесника».

Специально для этого вечера исполняется песня, написанная по мотивам книги «Духовный облик Николы Теслы» священника и доктора наук **отца Оливера Суботича**, который в тот же вечер выступит с беседой о духовной стороне изобретателя.

Участвуют гусляры школы гуслей Сандич, этнопевица **Мария Сандич**, а также мастера гуслярской традиции **Бошко Вуячич**, Горан Перович Цуца, Марко Шчепанович и Миловим Требьешанин. Программу дополняют сербские православные певчие и духовное представление семьи Спремо с фольклорным ансамблем «Младост».

Вечер проходит в большом зале mts Dvorana. Программа на сербском языке.

Цена: от 900 динаров, продажа онлайн на сайте зала и в кассе.","The 170th anniversary of Nikola Tesla's birth is marked with a grand evening of gusle, the single string instrument to which epic songs have been sung in Serbia and Montenegro for centuries. The programme combines epic tradition, spirituality and music and is built around the image of Tesla as a luminous figure reaching for the heavens.

A song written after the book The Spiritual Character of Nikola Tesla by priest and scholar **father Oliver Subotić** is performed specially for the occasion, and the author himself gives a talk on the inventor's spiritual side the same evening.

Taking part are the gusle players of the Sandić gusle school, ethno singer **Marija Sandić**, and the masters of the gusle tradition **Boško Vujačić**, Goran Perović Cuca, Marko Šćepanović and Milovim Trebješanin. The programme is completed by Serbian Orthodox chanters and a spiritual pageant by the Spremo family with the Mladost folk ensemble.

The evening takes place in the main hall of mts Dvorana. The programme is in Serbian.

Price: from 900 dinars, on sale online through the venue and at the box office.","Sto sedamdeset godina od rođenja Nikole Tesle obeležava se velikim večerom gusala, jednožičanog instrumenta uz koji se u Srbiji i Crnoj Gori vekovima pevaju epske pesme. Program spaja srpsku epsku tradiciju, duhovnost i muziku i građen je oko lika Tesle kao svetlosnog donebesnika.

Posebno za ovu priliku izvodi se pesma nastala po motivima knjige Duhovni lik Nikole Tesle prezvitera i doktora **oca Olivera Subotića**, koji će iste večeri program obogatiti besedom o duhovnom liku pronalazača.

Učestvuju guslari Škole gusala Sandić, etno pevačica **Marija Sandić**, kao i velikani guslarske tradicije **Boško Vujačić**, Goran Perović Cuca, Marko Šćepanović i Milovim Trebješanin. Program upotpunjuju srpski pravoslavni pojci i duhovni igrokaz porodice Spremo sa Folklornim umetničkim društvom Mladost.

Veče se održava u velikoj sali mts Dvorane.

Cena: od 900 dinara, prodaja onlajn preko sajta dvorane i na blagajni.",19:00,900,mts Dvorana,"Dečanska 14, 11000 Beograd","44.813220,20.462629",https://www.mtsdvorana.rs/dogadjaj/gusle-i-tesla,mtsdvorana.rs,https://www.mtsdvorana.rs/dogadjaj/gusle-i-tesla,Škola gusala Sandić,,,,,,,"гусле, Тесла, народная музыка, эпос, mts Dvorana","gusle, Tesla, folk music, epic, mts Dvorana","gusle, Tesla, narodna muzika, epika, mts Dvorana"
10/19/2026,10/19/2026,9/15/2026,1543,Person,David Leupold,https://ifdt.bg.ac.rs/,,EducationEvent,"Дэвид Леупольд: «Смерть и жизнь южных советских городов», разговор о книге в IFDT","David Leupold: The Death and Life of Southern Soviet Cities, a book conversation at IFDT","David Leupold: The Death and Life of Southern Soviet Cities, razgovor o knjizi na IFDT-u",https://raw.githubusercontent.com/newsgl/arsposters/main/1543-SouthernSovietCitiesIfdt.webp,,Lectures,"Бишкек и Ереван как урбанистический эксперимент XX века: историк и социолог Дэвид Леупольд о городах, построенных на обещаниях будущего. Модератор Сара Николич. Институт философии и общественной теории, понедельник 19 октября, 11:00. На английском, вход свободный.","Bishkek and Yerevan as the urban experiment of the twentieth century: historical sociologist David Leupold on cities built on promises of a future. Moderated by Sara Nikolić. Institute for Philosophy and Social Theory, Monday 19 October, 11:00. In English, free entry.","Biškek i Jerevan kao urbani eksperiment dvadesetog veka: istorijski sociolog David Leupold o gradovima izgrađenim na obećanjima o budućnosti. Moderira Sara Nikolić. Institut za filozofiju i društvenu teoriju, ponedeljak 19. oktobar, 11:00. Na engleskom, ulaz slobodan.","История это гораздо больше, чем прошлое. Это ещё и рассказ обо всех путях, по которым так и не пошли или не дошли до конца. Новая книга исторического социолога **Дэвида Леупольда** The Death and Life of Southern Soviet Cities: Urban Futures and Their Afterlives (2026) рассказывает о городах, построенных на обещаниях будущего, которое так и не наступило.

Разговор о книге возвращает нас к самому спорному урбанистическому эксперименту XX века, социалистическому городу, но не в Москве, Восточном Берлине или Киеве. Взгляд направлен на южные, многонациональные регионы Советского Союза: киргизский Бишкек в Центральной Азии и армянский Ереван на Южном Кавказе. Мы проследим за интернационалистами из Чехословакии, которые говорили на эсперанто и построили в степи самоуправляемый город; познакомимся с армянскими футуристами вроде Микаэла Мазманяна, пытавшимися примирить модернизм с исламским и персидским наследием, и с киргизским философом Аароном Брудным, который хотел превратить научный городок под Москвой в первый экологический «Экополис» СССР.

Дэвид Леупольд, доктор политических наук, исследователь проекта ERC REVENANT в Университете Риеки; его первая книга Embattled Dreamlands получила премию за лучшую книгу от Североамериканского общества центральноевразийских исследований. Модерирует **Сара Николич** (IFDT).

Разговор на английском языке, снимается для канала Angažovana misao.

Вход свободный. Организатор: лаборатории PerspectLab и YugoLab IFDT.","History is much more than the past. It is also the story of all the roads never taken, or never followed to the end. The new book by historical sociologist **David Leupold**, The Death and Life of Southern Soviet Cities: Urban Futures and Their Afterlives (2026), tells the story of cities built on promises of a future that never arrived.

The conversation returns to the most controversial urban experiment of the twentieth century, the socialist city, but not in Moscow, East Berlin or Kyiv. The focus is on the southern, markedly multi ethnic regions of the Soviet Union: Kyrgyz Bishkek in Central Asia and Armenian Yerevan in the South Caucasus. We follow Esperanto speaking internationalists from Czechoslovakia who built a self managed city in the steppe from scratch; meet Armenian futurists such as Mikael Mazmanyan, who tried to reconcile modernist architecture with local Islamic and Persian heritage; and Kyrgyz philosopher Aaron Brudny, who wanted to turn a science town near Moscow into the first ecologically sustainable Ecopolis of the USSR.

David Leupold holds a doctorate in political science and is a researcher on the ERC project REVENANT at the University of Rijeka; his first book, Embattled Dreamlands, won the best book award of the North American Central Eurasian Studies Society. Moderated by **Sara Nikolić** (IFDT).

The conversation is in English and is recorded for the Angažovana misao channel.

Free entry. Organiser: the PerspectLab and YugoLab laboratories of IFDT.","Istorija je mnogo više od prošlosti. Ona je i priča o svim onim putevima kojima se nikada nije krenulo ili kojima se nije išlo do kraja. Nova knjiga istorijskog sociologa **Davida Leupolda** The Death and Life of Southern Soviet Cities: Urban Futures and Their Afterlives (2026) donosi priču o gradovima izgrađenim na obećanjima o budućnosti koja nikada nije stigla.

Razgovor o knjizi vraća nas najkontroverznijem urbanom eksperimentu dvadesetog veka, socijalističkom gradu, ali ne u Moskvi, Istočnom Berlinu ili Kijevu. Pažnja je na južnim, izrazito multietničkim regionima Sovjetskog Saveza: kirgiskom Biškeku u Centralnoj Aziji i jermenskom Jerevanu na Južnom Kavkazu. Pratimo internacionaliste iz Čehoslovačke koji su govorili esperanto i u stepi od temelja izgradili samoupravni grad; upoznajemo jermenske futuriste poput Mikajela Mazmanjana, koji su pokušavali da pomire modernističku arhitekturu sa islamskim i persijskim nasleđem, i kirgistanskog filozofa Arona Brudnog, koji je naučni gradić kod Moskve hteo da pretvori u prvi ekološki održivi Ekopolis Sovjetskog Saveza.

David Leupold je doktor političkih nauka i istraživač na ERC projektu REVENANT na Sveučilištu u Rijeci; njegova prva knjiga Embattled Dreamlands dobila je nagradu za najbolju knjigu Severnoameričkog društva za studije Centralne Evroazije. Moderira **Sara Nikolić** (IFDT).

Razgovor je na engleskom jeziku i snima se za kanal Angažovana misao.

Ulaz slobodan. Organizator: laboratorije PerspectLab i YugoLab IFDT-a.",11:00,0,Institut za filozofiju i društvenu teoriju,"Kraljice Natalije 45, Beograd","44.808120,20.462218",https://ifdt.bg.ac.rs/events/razgovor-o-knjizi-the-death-and-life-of-southern-soviet-cities-urban-futures-and-their-afterlives-perspectlab-yugolab/,ifdt.bg.ac.rs,,Institut za filozofiju i društvenu teoriju,https://ifdt.bg.ac.rs/,institut@ifdt.bg.ac.rs,,,,,"лекция, книга, урбанистика, СССР, IFDT, английский","talk, book, urbanism, USSR, IFDT, English","razgovor, knjiga, urbanizam, SSSR, IFDT, engleski"
10/20/2026,10/20/2026,9/15/2026,1544,Person,Nenad Radović,https://domomladine.org/,,TheaterEvent,«Je l' imaš gram?»: спектакль для подростков о наркотиках по мотивам «Спроси у Алисы»,Je l' imaš gram?: a play for teenagers about drugs after Go Ask Alice,Je l' imaš gram?: predstava za tinejdžere o drogama po motivima knjige Pitaj Alisu,https://raw.githubusercontent.com/newsgl/arsposters/main/1544-JeLImasGramStudio2.webp,,Theatre,"Образовательный спектакль Studio Centar по книге «Спроси у Алисы: дневник одной наркоманки»: история девочки, которая в большом городе тихо скатывается к краю. Вторник, 20 октября, 20:00, камерная сцена Studio Дома омладине, билет 1000 динаров через efinity. Рекомендуемый возраст 13+, на сербском языке.","An educational play by Studio Centar based on Go Ask Alice, the diary of a teenage addict: the story of a girl who quietly slides towards the edge in a big city. Tuesday 20 October, 20:00, the Studio chamber stage of Dom omladine, tickets 1000 dinars via efinity. Recommended age 13+, in Serbian.","Edukativna predstava Studija Centar po knjizi Pitaj Alisu: dnevnik jedne narkomanke: priča o devojčici koja u velikom gradu tiho klizi ka ivici. Utorak, 20. oktobar, 20:00, Kamerna scena Studio Doma omladine, ulaznica 1000 dinara preko efinityja. Preporučeni uzrast 13+.","Интимно, прямо и без оговорок: «Je l' imaš gram?» («Есть грамм?») ведёт зрителя в мир, где наркотики не «чья-то чужая проблема», а реальность подростков, которые взрослеют сегодня. В камерной атмосфере, без дистанции, публика становится свидетелем и соучастником тихой, но разрушительной спирали.

История следует за Алисой, девочкой, которая приезжает в большой город и без больших травм и семейных драм постепенно скатывается к краю. Спектакль не только о веществах, но и о пустоте, давлении, ночных выходах и потребности принадлежать кому-то любой ценой. «Этот спектакль не смотрят комфортно. Его проживают, и он надолго остаётся», говорят авторы.

Текст **Ненада Радовича** по книге «Спроси у Алисы», соавтор инсценировки Джордже Косич, режиссёры Наджа Марьянович и Василие Крстич. Играет молодёжная труппа **Studio Centar**. Постановка родилась на фестивале Angažman Fest 2021 и идёт в рамках программы «Театральная осень для подростков», которую Дом омладине и Studio Centar проводят вместе уже восьмой год.

Спектакль идёт на сербском языке. Рекомендуемый возраст 13+.

Цена: 1000 динаров в свободной продаже, для школьных и групповых посещений скидки по почте studiocentar@gmail.com. Организатор: Дом омладине Београда и Studio Centar.","Intimate, direct and unreserved: Je l' imaš gram? (Got a gram?) leads the audience into a world where drugs are not somebody else's problem but the reality of young people growing up today. In a chamber setting, with no distance, the audience becomes witness and accomplice to a quiet but devastating spiral.

The story follows Alisa, a teenager who arrives in a big city and, without any great trauma or family breakdown, slowly slides towards the edge. The play is not only about substances but about emptiness, pressure, nights out and the need to belong at any cost. This is not a play you watch comfortably; you live through it, and it stays with you, the authors say.

Written by **Nenad Radović** after the book Go Ask Alice, with Đorđe Kosić co adapting, directed by Nađa Marjanović and Vasilije Krstić. Performed by the young company of **Studio Centar**. The production was born at Angažman Fest 2021 and runs as part of Theatre Autumn for Teenagers, the programme Dom omladine and Studio Centar have run together for eight years.

Performed in Serbian. Recommended age 13+.

Price: 1000 dinars in open sale; discounts for school and group visits by email to studiocentar@gmail.com. Organiser: Dom omladine Beograda and Studio Centar.","Intimna, direktna i bez zadrške: Je l' imaš gram? vodi publiku u svet u kome droga nije problem nekog drugog, već realnost mladih koji odrastaju danas. U kamernoj atmosferi, bez distance, publika postaje svedok i saučesnik jedne tihe, ali razorne spirale.

Priča prati Alisu, tinejdžerku koja dolazi u veliki grad i, bez velikih trauma ili porodičnih lomova, polako klizi ka ivici. Predstava ne govori samo o supstancama, već o prazninama, pritiscima, noćnim izlascima i potrebi da se pripada po svaku cenu. „Ovo je predstava koja se ne gleda komforno. Ona se proživljava i dugo ostaje“, kažu autori.

Tekst **Nenad Radović** po knjizi Pitaj Alisu, saradnik na dramatizaciji Đorđe Kosić, režija Nađa Marjanović i Vasilije Krstić. Igra mlada trupa **Studija Centar**. Predstava je nastala na Angažman Festu 2021. i igra se u okviru Pozorišne jeseni za tinejdžere, programa koji Dom omladine i Studio Centar zajedno realizuju već osmu godinu.

Preporučeni uzrast 13+.

Cena: 1000 dinara u slobodnoj prodaji; za školske i grupne posete popusti na mejl studiocentar@gmail.com. Organizator: Dom omladine Beograda i Studio Centar.",20:00,1000,Dom omladine Beograda,"Makedonska 22, Beograd","44.815407,20.462793",https://efinity.rs/event-details/je_l_imas_gram_32362,efinity.rs,https://efinity.rs/event-details/je_l_imas_gram_32362,Dom omladine Beograda i Studio Centar,https://domomladine.org/,studiocentar@gmail.com,,13+,,,"театр, подростки, Studio Centar, Дом омладине, образовательный спектакль","theatre, teenagers, Studio Centar, Dom omladine, educational play","pozorište, tinejdžeri, Studio Centar, Dom omladine, edukativna predstava"
10/21/2026,10/24/2026,9/15/2026,1545,Organization,Beogradski džez festival,https://domomladine.org/,,Festival,42-й Белградский джазовый фестиваль «Ушће джеза»: четыре дня в Доме омладине,"42nd Belgrade Jazz Festival, Jazz Confluence: four days at Dom omladine","42. Beogradski džez festival, Ušće džeza: četiri dana u Domu omladine",https://raw.githubusercontent.com/newsgl/arsposters/main/1545-BeogradskiJazzFestival42.webp,,Festivals,"Тринадцать концертов и финальный джем-сейшн со среды 21 по субботу 24 октября: Ана Попович, The Messthetics с Джеймсом Брэндоном Льюисом, Маркиз Хилл, Тино Траканна, Chicago Underground Duo и молодые составы из Польши. Основная программа в Большом зале в 19:00 (от 2500 до 3500 динаров), ночная в Amerikana в 22:30 (от 800 до 1500), абонементы в кассе efinity.","Thirteen concerts and a closing jam session from Wednesday 21 to Saturday 24 October: Ana Popović, The Messthetics with James Brandon Lewis, Marquis Hill, Tino Tracanna, Chicago Underground Duo and young acts from Poland. Main programme in the main hall at 19:00 (2500 to 3500 dinars), late nights at Amerikana at 22:30 (800 to 1500), festival passes at the efinity box office.","Trinaest koncerata i završni džem sešn od srede 21. do subote 24. oktobra: Ana Popović, The Messthetics sa Džejmsom Brendonom Luisom, Markiz Hil, Tino Trakana, Chicago Underground Duo i mladi sastavi iz Poljske. Glavni program u Velikoj sali u 19:00 (2500 do 3500 dinara), noćni u Amerikani u 22:30 (800 do 1500), kompleti ulaznica na eFinity blagajni.","Белградский джазовый фестиваль это старейшее и самое признанное международное джазовое событие Сербии. На 42-м выпуске в Доме омладине четыре дня, тринадцать концертов и финальный джем-сейшн. Стилизованная труба в месте слияния Савы и Дуная под Калемегданом на ключевом визуале подсказала слоган «Ушће джеза», «Слияние джаза»: полвека Белград и правда остаётся местом, где встречаются герои жанра со всего света.

**Главная звезда** впервые в истории фестиваля приходит из блюза, и впервые она из Сербии: **Ана Попович**, десять номинаций на Blues Music Award, открывает фестиваль в год своего пятидесятилетия.

Американский выбор: трио **The Messthetics** из бывших участников Fugazi с тенор-саксофонистом **Джеймсом Брэндоном Льюисом**, ведущим джазовым музыкантом мира 2025 года; трубач Роб Мазурек с Chicago Underground Duo; трубач Маркиз Хилл, лауреат конкурса Thelonious Monk; трио скрипача Аруна Рамамурти с южноиндийской карнатской традицией.

Европейский выбор: октет Тино Траканны с лучшим итальянским джазовым альбомом года «Panorchestra»; дуэт Андреаса Шерера и Даниэля Гарсии; квартет Жуана Паулу Эштевеша да Силвы из Португалии; молодые польские Akimbo и JuMa.

Сербская сцена: мировая премьера программы «History Now» нонета Владимира Николова, премьера второго альбома трубача Ивана Радивоевича и квартет баритон-саксофониста Джордже Куюнджича.

Двенадцать составов выступают на фестивале впервые. Основная программа идёт в Большом зале в 19:00, ночная в зале Amerikana в 22:30. Организатор Дом омладине Београда, основатель и покровитель город Белград; фестиваль по приглашению входит в Europe Jazz Network.

Цена: концерты основной программы от 2500 до 3500 динаров, ночные от 800 до 1500. Ограниченное число абонементов на восемь концертов основной программы продаётся в кассе efinity в Доме омладине, отдельные билеты во всех точках efinity.","The Belgrade Jazz Festival is Serbia's oldest and most internationally acclaimed jazz event. Its 42nd edition at Dom omladine brings four days, thirteen concerts and a closing jam session. The stylised trumpet flowing through the confluence of the Sava and the Danube beneath Kalemegdan on this year's key visual inspired the slogan Jazz Confluence: for more than half a century Belgrade really has been the place where the heroes of the genre from all over the world meet.

**The biggest star** comes from the blues for the first time in the festival's history, and for the first time she is from Serbia: **Ana Popović**, ten Blues Music Award nominations, opens the festival in the year of her fiftieth birthday.

The American selection: the trio **The Messthetics**, rooted in Fugazi, with tenor saxophonist **James Brandon Lewis**, the world's leading jazz musician of 2025; trumpeter Rob Mazurek with Chicago Underground Duo; trumpeter Marquis Hill, winner of the Thelonious Monk competition; and violinist Arun Ramamurthy's trio with its South Indian Carnatic tradition.

The European selection: Tino Tracanna's octet with Italy's jazz album of the year Panorchestra; the duo of Andreas Schaerer and Daniel García; João Paulo Esteves da Silva's quartet from Portugal; and the young Polish acts Akimbo and JuMa.

The Serbian scene: the world premiere of Vladimir Nikolov's nonet programme History Now, the premiere of trumpeter Ivan Radivojević's second album, and baritone saxophonist Đorđe Kujundžić's quartet.

Twelve acts perform at the festival for the first time. The main programme runs in the main hall at 19:00, the late programme in the Amerikana hall at 22:30. Organised by Dom omladine Beograda, founded and supported by the City of Belgrade; the festival is a member of the Europe Jazz Network by invitation.

Price: main programme concerts 2500 to 3500 dinars, late nights 800 to 1500. A limited number of festival passes for the eight main programme concerts is sold at the efinity box office at Dom omladine; individual tickets at all efinity sales points.","Beogradski džez festival je naša najstarija i međunarodno najpriznatija džez manifestacija. Na 42. izdanju u Domu omladine četiri dana, trinaest koncerata i završni džem sešn. Stilizovana truba u toku Save i Dunava ispod Kalemegdana na ovogodišnjem vizuelu dala je slogan Ušće džeza: preko pola veka Beograd je zaista to ušće u kome se sastaju najveći heroji žanra iz svih krajeva sveta.

**Najveća zvezda** prvi put u istoriji festivala dolazi iz sveta bluza, i prvi put je iz Srbije: **Ana Popović**, deset nominacija za Blues Music Award, otvara festival u godini svog pedesetog rođendana.

Američki izbor: trio **The Messthetics** iz korena Fugazija sa tenor saksofonistom **Džejmsom Brendonom Luisom**, vodećim džez muzičarem sveta 2025; trubač Rob Mazurek sa Chicago Underground Duom; trubač Markiz Hil, laureat takmičenja Thelonious Monk; trio violiniste Aruna Ramamurtija sa južnoindijskom karnatskom tradicijom.

Evropski izbor: oktet Tina Trakane sa najboljim italijanskim džez albumom godine Panorchestra; duo Andreasa Šerera i Danijela Garsije; kvartet Žoaa Paula Estevesa da Silve iz Portugala; mladi poljski sastavi Akimbo i JuMa.

Srpska scena: svetska premijera programa History Now noneta Vladimira Nikolova, premijera drugog albuma trubača Ivana Radivojevića i kvartet bariton saksofoniste Đorđa Kujundžića.

Dvanaest sastava nastupa na festivalu prvi put. Glavni program ide u Velikoj sali u 19:00, noćni u sali Amerikana u 22:30. Organizator je Dom omladine Beograda, osnivač i pokrovitelj Grad Beograd; festival je po pozivu član Evropske džez mreže.

Cena: koncerti glavnog programa 2500 do 3500 dinara, noćni 800 do 1500. Ograničen broj kompleta ulaznica za osam koncerata glavnog programa prodaje se na eFinity blagajni u Domu omladine, pojedinačne ulaznice na svim eFinity prodajnim mestima.",19:00,800,Dom omladine Beograda,"Makedonska 22, Beograd","44.815407,20.462793",https://efinity.rs/event-details/42_bjf_105,efinity.rs,https://efinity.rs/event-details/42_bjf_105,Dom omladine Beograda,https://domomladine.org/,,,,,,"джаз, Белградский джазовый фестиваль, Дом омладине, концерт, фестиваль","jazz, Belgrade Jazz Festival, Dom omladine, concert, festival","džez, Beogradski džez festival, Dom omladine, koncert, festival"
10/21/2026,10/21/2026,9/15/2026,1546,Organization,Beogradski džez festival,https://domomladine.org/,,MusicEvent,Открытие Джазового фестиваля: Vladimir Nikolov Nonet и Ana Popović в Доме омладине,Belgrade Jazz Festival opening: Vladimir Nikolov Nonet and Ana Popović at Dom omladine,Otvaranje Džez festivala: Vladimir Nikolov Nonet i Ana Popović u Domu omladine,https://raw.githubusercontent.com/newsgl/arsposters/main/1546-BjfNikolovAnaPopovic.webp,,Concerts,"42-й Белградский джазовый фестиваль: мировая премьера программы «History Now» нонета Владимира Николова и первый в истории фестиваля хедлайнер из мира блюза, Ана Попович. Большой зал Дома омладине, среда 21 октября, 19:00, билет 3500 динаров через efinity.","42nd Belgrade Jazz Festival: the world premiere of Vladimir Nikolov's nonet programme History Now and, for the first time in the festival's history, a headliner from the blues world, Ana Popović. Dom omladine, main hall, Wednesday 21 October, 19:00, tickets 3500 dinars via efinity.","42. Beogradski džez festival: svetska premijera programa History Now noneta Vladimira Nikolova i prvi put u istoriji festivala hedlajner iz sveta bluza, Ana Popović. Velika sala Doma omladine, sreda 21. oktobar, 19:00, ulaznica 3500 dinara preko efinityja.","Открытие 42-го Белградского джазового фестиваля в Большом зале Дома омладине, и впервые за его историю главная звезда приходит из мира блюза. **Ана Попович** самая успешная сербская исполнительница популярной музыки всех времён: десять номинаций на Blues Music Award, хедлайнер ведущих блюзовых фестивалей мира, лицо с обложек гитарных журналов. В этом году ей пятьдесят, её сольному дебюту Hush четверть века, а белградской блюзовой сцене сорок пять лет. Символично, что свои первые большие концерты она играла именно в Доме омладине, в клубе St. James и на Marsoni Blues Fest, ровно тридцать лет назад. Вечер отсылает и к семидесятым, когда на фестивале выступали Би Би Кинг, Мадди Уотерс, Альберт Кинг и Мемфис Слим.

Открывает вечер **нонет Владимира Николова** с мировой премьерой программы **History Now**: музыка, которая черпает из богатой истории джаза и толкует её языком нашего времени.

Фестиваль под слоганом «Ушће джеза» («Слияние джаза») идёт четыре дня и собирает тринадцать концертов и финальный джем-сейшн; двенадцать составов выступают на нём впервые. Организатор Дом омладине Београда, основатель и покровитель город Белград.

Цена: 3500 динаров. Ограниченное число абонементов на восемь концертов основной программы (19:00) продаётся в кассе efinity в Доме омладине.","The opening of the 42nd Belgrade Jazz Festival in the main hall of Dom omladine, and for the first time in its history the biggest star comes from the world of blues. **Ana Popović** is the most successful Serbian protagonist of popular music of all time: ten Blues Music Award nominations, a headliner of the world's leading blues festivals, a face from the covers of guitar magazines. This year she turns fifty, her solo debut Hush turns twenty five, and the Belgrade blues scene turns forty five. Fittingly, she gave some of her first major performances right here at Dom omladine, at the St. James club and the Marsoni Blues Fest, exactly thirty years ago. The night also recalls the seventies, when the festival presented B. B. King, Muddy Waters, Albert King and Memphis Slim.

The evening opens with the **Vladimir Nikolov Nonet** and the world premiere of **History Now**: music that draws on the rich history of jazz and interprets it in the language of our time.

Under the slogan Jazz Confluence, the festival runs four days with thirteen concerts and a closing jam session; twelve acts perform at it for the first time. Organised by Dom omladine Beograda, founded and supported by the City of Belgrade.

Price: 3500 dinars. A limited number of festival passes for the eight main programme concerts (19:00) is available at the efinity box office at Dom omladine.","Otvaranje 42. Beogradskog džez festivala u Velikoj sali Doma omladine, i prvi put u njegovoj istoriji najveća zvezda dolazi iz sveta bluza. **Ana Popović** je najuspešnija srpska protagonistkinja popularne muzike svih vremena: deset nominacija za Blues Music Award, hedlajnerka vodećih svetskih bluz festivala, lice sa naslovnih strana gitarskih magazina. Ove godine slavi pedeseti rođendan, četvrt veka od solo debija Hush, a beogradska bluz scena 45. rođendan. Simbolično, prve velike nastupe imala je upravo u Domu omladine, u klubu St. James i na Marsoni bluz festu, tačno pre trideset godina. Veče evocira i sedamdesete, kada su na festivalu nastupali B. B. King, Madi Voters, Albert King i Memfis Slim.

Veče otvara **nonet Vladimira Nikolova** svetskom premijerom programa **History Now**: muzika koja crpi inspiraciju iz bogate istorije džeza i tumači je jezikom ovog vremena.

Festival pod sloganom Ušće džeza traje četiri dana i okuplja trinaest koncerata i završni džem sešn; čak dvanaest sastava nastupa na njemu prvi put. Organizator je Dom omladine Beograda, osnivač i pokrovitelj Grad Beograd.

Cena: 3500 dinara. Ograničen broj kompleta ulaznica za osam koncerata glavnog programa (19:00) prodaje se na eFinity blagajni u Domu omladine.",19:00,3500,Dom omladine Beograda,"Makedonska 22, Beograd","44.815407,20.462793",https://efinity.rs/event-details/bjf_1_32343,efinity.rs,https://efinity.rs/event-details/bjf_1_32343,Dom omladine Beograda,https://domomladine.org/,,,,,,"джаз, Белградский джазовый фестиваль, Дом омладине, концерт, фестиваль","jazz, Belgrade Jazz Festival, Dom omladine, concert, festival","džez, Beogradski džez festival, Dom omladine, koncert, festival"
10/22/2026,10/22/2026,9/15/2026,1547,Organization,Beogradski džez festival,https://domomladine.org/,,MusicEvent,Джазовый фестиваль: Tino Tracanna «Panorchestra» и Chicago Underground Duo в Доме омладине,Belgrade Jazz Festival: Tino Tracanna's Panorchestra and Chicago Underground Duo at Dom omladine,Džez festival: Tino Tracanna Panorchestra i Chicago Underground Duo u Domu omladine,https://raw.githubusercontent.com/newsgl/arsposters/main/1547-BjfTracannaChicagoUnderground.webp,,Concerts,"42-й Белградский джазовый фестиваль: итальянский октет Тино Траканны с лучшим джазовым альбомом года по версии критиков и трубач Роб Мазурек с барабанщиком Чедом Тейлором. Большой зал Дома омладине, четверг 22 октября, 19:00, билеты 2500 и 2800 динаров через efinity.","42nd Belgrade Jazz Festival: Tino Tracanna's Italian octet with the critics' jazz album of the year and trumpeter Rob Mazurek with drummer Chad Taylor. Dom omladine, main hall, Thursday 22 October, 19:00, tickets 2500 and 2800 dinars via efinity.","42. Beogradski džez festival: italijanski oktet Tina Trakane sa najboljim džez albumom godine po mišljenju kritičara i trubač Rob Mazurek sa bubnjarom Čedom Tejlorom. Velika sala Doma omladine, četvrtak 22. oktobar, 19:00, ulaznice 2500 i 2800 dinara preko efinityja.","Второй вечер основной программы в Большом зале Дома омладине сводит Италию и Чикаго.

Саксофонист **Тино Траканна**, знакомый белградской публике по квинтету Паоло Фрезу, привозит **Panorchestra**: альбом, который итальянские критики назвали лучшим джазовым альбомом страны (премия Top Jazz). Октет с шестью духовыми смешивает традицию Нового Орлеана с итальянским музыкальным романтизмом, органично соединяя далёкие миры.

Вторая половина за **Chicago Underground Duo**: трубач Роб Мазурек и барабанщик Чед Тейлор, проект с чикагской сцены, где импровизация, электроника и пост-рок давно живут рядом.

Фестиваль под слоганом «Ушће джеза» идёт четыре дня, тринадцать концертов и финальный джем-сейшн, двенадцать составов выступают впервые. Организатор Дом омладине Београда.

Цена: 2500 динаров (II категория) и 2800 (I категория).","The second evening of the main programme in the main hall of Dom omladine brings Italy and Chicago together.

Saxophonist **Tino Tracanna**, known to the Belgrade audience from Paolo Fresu's quintet, brings **Panorchestra**: the album Italian critics named the country's best jazz album (Top Jazz Award). The octet, with six horns, blends the New Orleans tradition with Italian musical romanticism, organically bringing distant worlds together.

The second half belongs to **Chicago Underground Duo**: trumpeter **Rob Mazurek** and drummer Chad Taylor, a project from the Chicago scene where improvisation, electronics and post rock have long lived side by side.

Under the slogan Jazz Confluence, the festival runs four days with thirteen concerts and a closing jam session; twelve acts perform at it for the first time. Organised by Dom omladine Beograda.

Price: 2500 dinars (category II) and 2800 (category I).","Drugo veče glavnog programa u Velikoj sali Doma omladine spaja Italiju i Čikago.

Saksofonista **Tino Trakana**, poznat beogradskoj publici iz kvinteta Paola Fresua, donosi **Panorchestru**: album koji su italijanski kritičari proglasili najboljim džez albumom u zemlji (nagrada Top Jazz). Oktet sa šestoricom duvača meša tradiciju Nju Orleansa sa italijanskom muzičkom romantikom, organski spajajući udaljene svetove.

Druga polovina pripada **Chicago Underground Duu**: trubač **Rob Mazurek** i bubnjar Čed Tejlor, projekat sa čikaške scene na kojoj improvizacija, elektronika i post-rok odavno žive jedno uz drugo.

Festival pod sloganom Ušće džeza traje četiri dana, trinaest koncerata i završni džem sešn, dvanaest sastava nastupa prvi put. Organizator je Dom omladine Beograda.

Cena: 2500 dinara (II kategorija) i 2800 (I kategorija).",19:00,2500,Dom omladine Beograda,"Makedonska 22, Beograd","44.815407,20.462793",https://efinity.rs/event-details/bjf_2_32344,efinity.rs,https://efinity.rs/event-details/bjf_2_32344,Dom omladine Beograda,https://domomladine.org/,,,,,,"джаз, Белградский джазовый фестиваль, Дом омладине, концерт, фестиваль","jazz, Belgrade Jazz Festival, Dom omladine, concert, festival","džez, Beogradski džez festival, Dom omladine, koncert, festival"
10/22/2026,10/23/2026,9/15/2026,1548,Organization,Beogradski džez festival,https://domomladine.org/,,MusicEvent,"Джазовый фестиваль, ночная программа: Andreas Schaerer и Daniel García Diego, Arun Ramamurthy Trio в Amerikana","Belgrade Jazz Festival late night: Andreas Schaerer and Daniel García Diego, Arun Ramamurthy Trio at Amerikana","Džez festival, noćni program: Andreas Schaerer i Daniel García Diego, Arun Ramamurthy Trio u Amerikani",https://raw.githubusercontent.com/newsgl/arsposters/main/1548-BjfSchaererGarciaRamamurthy.webp,,Concerts,"42-й Белградский джазовый фестиваль: дуэт швейцарского вокалиста Андреаса Шерера и испанского пианиста Даниэля Гарсии и трио скрипача Аруна Рамамурти с южноиндийской карнатской традицией. зал Amerikana Дома омладине, четверг 22 октября, 22:30, билет 1500 динаров через efinity.","42nd Belgrade Jazz Festival: the duo of Swiss vocalist Andreas Schaerer and Spanish pianist Daniel García and violinist Arun Ramamurthy's trio with its South Indian Carnatic tradition. Dom omladine, Amerikana hall, Thursday 22 October, 22:30, tickets 1500 dinars via efinity.","42. Beogradski džez festival: duo švajcarskog vokaliste Andreasa Šerera i španskog pijaniste Danijela Garsije i trio violiniste Aruna Ramamurtija sa južnoindijskom karnatskom tradicijom. sala Amerikana Doma omladine, četvrtak 22. oktobar, 22:30, ulaznica 1500 dinara preko efinityja.","Ночная программа фестиваля в зале Amerikana: два состава, которые тянут джаз в разные стороны.

**Андреас Шерер** и **Даниэль Гарсия Диего**, дуэт швейцарского вокалиста и испанского пианиста, которых фестиваль называет европейской суперзвёздной парой: голос как инструмент, фламенко и импровизация в одном разговоре.

**Arun Ramamurthy Trio** из США строит гипнотический сплав южноиндийской карнатской традиции и фьюжна: скрипка, которая играет по правилам раги, и ритм-секция, которая эти правила растягивает.

Зал Amerikana меньше Большого, и концерты здесь идут поздно, ближе к клубному формату. Фестиваль под слоганом «Ушће джеза» идёт четыре дня, тринадцать концертов и финальный джем-сейшн. Организатор Дом омладине Београда.

Цена: 1500 динаров.","The festival's late night programme in the Amerikana hall: two acts pulling jazz in different directions.

**Andreas Schaerer** and **Daniel García Diego**, the duo of a Swiss vocalist and a Spanish pianist that the festival calls a European superstar pairing: the voice as an instrument, flamenco and improvisation in one conversation.

The **Arun Ramamurthy Trio** from the United States builds a hypnotic blend of the South Indian Carnatic tradition and fusion: a violin that follows the rules of the raga and a rhythm section that stretches them.

The Amerikana hall is smaller than the main one and its concerts run late, closer to a club format. Under the slogan Jazz Confluence, the festival runs four days with thirteen concerts and a closing jam session. Organised by Dom omladine Beograda.

Price: 1500 dinars.","Noćni program festivala u sali Amerikana: dva sastava koja džez vuku na različite strane.

**Andreas Šerer** i **Danijel Garsija Dijego**, duo švajcarskog vokaliste i španskog pijaniste koje festival zove evropskim superstar parom: glas kao instrument, flamenko i improvizacija u jednom razgovoru.

**Arun Ramamurthy Trio** iz SAD gradi hipnotični spoj južnoindijske karnatske tradicije i fjužna: violina koja svira po pravilima rage i ritam sekcija koja ta pravila rasteže.

Sala Amerikana je manja od Velike i koncerti ovde idu kasno, bliže klupskom formatu. Festival pod sloganom Ušće džeza traje četiri dana, trinaest koncerata i završni džem sešn. Organizator je Dom omladine Beograda.

Cena: 1500 dinara.",22:30,1500,Dom omladine Beograda,"Makedonska 22, Beograd","44.815407,20.462793",https://efinity.rs/event-details/bjf_3_32345,efinity.rs,https://efinity.rs/event-details/bjf_3_32345,Dom omladine Beograda,https://domomladine.org/,,,,,,"джаз, Белградский джазовый фестиваль, Дом омладине, концерт, фестиваль","jazz, Belgrade Jazz Festival, Dom omladine, concert, festival","džez, Beogradski džez festival, Dom omladine, koncert, festival"
10/23/2026,10/23/2026,9/15/2026,1549,Organization,Beogradski džez festival,https://domomladine.org/,,MusicEvent,Джазовый фестиваль: Ivan Radivojević Quartet и The Messthetics с James Brandon Lewis в Доме омладине,Belgrade Jazz Festival: Ivan Radivojević Quartet and The Messthetics with James Brandon Lewis at Dom omladine,Džez festival: Ivan Radivojević Quartet i The Messthetics sa Jamesom Brandonom Lewisom u Domu omladine,https://raw.githubusercontent.com/newsgl/arsposters/main/1549-BjfRadivojevicMessthetics.webp,,Concerts,"42-й Белградский джазовый фестиваль: премьера второго альбома трубача Ивана Радивоевича и трио The Messthetics из бывших участников Fugazi с тенор-саксофонистом Джеймсом Брэндоном Льюисом. Большой зал Дома омладине, пятница 23 октября, 19:00, билеты 2500 и 2800 динаров через efinity.","42nd Belgrade Jazz Festival: the premiere of trumpeter Ivan Radivojević's second album and The Messthetics, the trio of former Fugazi members, with tenor saxophonist James Brandon Lewis. Dom omladine, main hall, Friday 23 October, 19:00, tickets 2500 and 2800 dinars via efinity.","42. Beogradski džez festival: premijera drugog albuma trubača Ivana Radivojevića i trio The Messthetics bivših članova Fugazija sa tenor saksofonistom Džejmsom Brendonom Luisom. Velika sala Doma omladine, petak 23. oktobar, 19:00, ulaznice 2500 i 2800 dinara preko efinityja.","Вечер, который фестиваль без сомнений называет джазовым событием сезона в Белграде.

**The Messthetics** выросли из легендарной альтернативной рок-группы Fugazi: басист Джо Лалли и барабанщик Брендан Кэнти, к которым неожиданно присоединился ведущий джазовый музыкант мира 2025 года, тенор-саксофонист **Джеймс Брэндон Льюис**, уже впечатливший белградскую публику. Объятие рок-н-ролла и джаза: мощный грув, бескомпромиссные соло и огненное выступление.

Открывает вечер **квартет Ивана Радивоевича** с участием саксофониста Растко Обрадовича: трубач впервые целиком исполняет второй альбом «Not Quite Sun, Not Quite the Moon», соединение современного Нью-Йорка со скандинавской меланхолией.

Большой зал Дома омладине. Фестиваль под слоганом «Ушће джеза» идёт четыре дня, тринадцать концертов и финальный джем-сейшн. Организатор Дом омладине Београда.

Цена: 2500 динаров (II категория) и 2800 (I категория).","The night the festival does not hesitate to call the jazz event of the season in Belgrade.

**The Messthetics** grew out of the legendary alternative rock band Fugazi: bassist Joe Lally and drummer Brendan Canty, joined, surprisingly, by the world's leading jazz musician of 2025, tenor saxophonist **James Brandon Lewis**, who has already impressed the Belgrade audience. The embrace of rock and jazz: powerful grooves, uncompromising solos and a fiery performance.

The evening opens with the **Ivan Radivojević Quartet** featuring saxophonist Rastko Obradović: the trumpeter premieres the complete material of his second album Not Quite Sun, Not Quite the Moon, a fusion of contemporary New York with Scandinavian melancholy.

Main hall of Dom omladine. Under the slogan Jazz Confluence, the festival runs four days with thirteen concerts and a closing jam session. Organised by Dom omladine Beograda.

Price: 2500 dinars (category II) and 2800 (category I).","Veče koje festival bez sumnje zove džez događajem sezone u Beogradu.

**The Messthetics** vuku korene iz slavnog alternativnog rok benda Fugazi: basista Džo Leli i bubnjar Brendan Kanti, kojima se iznenađujuće pridružio vodeći džez muzičar sveta 2025, tenor saksofonista **Džejms Brendon Luis**, koji je već impresionirao beogradsku publiku. Zagrljaj rokenrola i džeza: snažan gruv, beskompromisne solaže i vatreni nastup.

Veče otvara **kvartet Ivana Radivojevića** uz saksofonistu Rastka Obradovića: trubač premijerno izvodi kompletan sadržaj drugog albuma Not Quite Sun, Not Quite the Moon, spoj savremenog Njujorka sa skandinavskom melanholijom.

Velika sala Doma omladine. Festival pod sloganom Ušće džeza traje četiri dana, trinaest koncerata i završni džem sešn. Organizator je Dom omladine Beograda.

Cena: 2500 dinara (II kategorija) i 2800 (I kategorija).",19:00,2500,Dom omladine Beograda,"Makedonska 22, Beograd","44.815407,20.462793",https://efinity.rs/event-details/bjf_4_32346,efinity.rs,https://efinity.rs/event-details/bjf_4_32346,Dom omladine Beograda,https://domomladine.org/,,,,,,"джаз, Белградский джазовый фестиваль, Дом омладине, концерт, фестиваль","jazz, Belgrade Jazz Festival, Dom omladine, concert, festival","džez, Beogradski džez festival, Dom omladine, koncert, festival"
10/23/2026,10/24/2026,9/15/2026,1550,Organization,Beogradski džez festival,https://domomladine.org/,,MusicEvent,"Джазовый фестиваль, Seifert Night: польские Akimbo и JuMa в Amerikana","Belgrade Jazz Festival, Seifert Night: Poland's Akimbo and JuMa at Amerikana","Džez festival, Seifert Night: poljski Akimbo i JuMa u Amerikani",https://raw.githubusercontent.com/newsgl/arsposters/main/1550-BjfSeifertNightAkimboJuMa.webp,,Concerts,"42-й Белградский джазовый фестиваль: два молодых состава из Польши при поддержке фонда Збигнева Зейферта: Akimbo, лауреаты шоукейса в Брно, и квартет JuMa с конкурса Jazz Juniors в Кракове. зал Amerikana Дома омладине, пятница 23 октября, 22:30, билет 1500 динаров через efinity.","42nd Belgrade Jazz Festival: two young Polish acts supported by the Zbigniew Seifert Foundation: Akimbo, who shone at the Brno showcase, and the JuMa quartet from the Jazz Juniors competition in Kraków. Dom omladine, Amerikana hall, Friday 23 October, 22:30, tickets 1500 dinars via efinity.","42. Beogradski džez festival: dva mlada sastava iz Poljske uz podršku fondacije Zbignjeva Zajferta: Akimbo, koji je zablistao na šoukejsu u Brnu, i kvartet JuMa sa takmičenja Jazz Juniors u Krakovu. sala Amerikana Doma omladine, petak 23. oktobar, 22:30, ulaznica 1500 dinara preko efinityja.","Ночь в зале Amerikana посвящена Збигневу Зейферту, польскому джазовому скрипачу, чей фонд поддерживает молодых музыкантов, и на сцену выходят два самых заметных молодых состава Польши.

**Akimbo** блеснули на прошлогоднем Центральноевропейском джазовом шоукейсе в Брно, а квартет **JuMa** заявил о себе на конкурсе Jazz Juniors в Кракове. Оба играют на белградском фестивале впервые, как и ещё десять составов этого выпуска.

Зал Amerikana меньше Большого, и концерты здесь идут поздно, ближе к клубному формату. Фестиваль под слоганом «Ушће джеза» идёт четыре дня, тринадцать концертов и финальный джем-сейшн. Организатор Дом омладине Београда, вечер при поддержке Zbigniew Seifert Foundation.

Цена: 1500 динаров.","The night in the Amerikana hall is dedicated to Zbigniew Seifert, the Polish jazz violinist whose foundation supports young musicians, and two of Poland's most notable young acts take the stage.

**Akimbo** shone at last year's Central European Jazz Showcase in Brno, and the **JuMa** quartet made its name at the Jazz Juniors competition in Kraków. Both play the Belgrade festival for the first time, like ten other acts of this edition.

The Amerikana hall is smaller than the main one and its concerts run late, closer to a club format. Under the slogan Jazz Confluence, the festival runs four days with thirteen concerts and a closing jam session. Organised by Dom omladine Beograda; the night is supported by the Zbigniew Seifert Foundation.

Price: 1500 dinars.","Noć u sali Amerikana posvećena je Zbignjevu Zajfertu, poljskom džez violinisti čija fondacija podržava mlade muzičare, a na scenu izlaze dva najzapaženija mlada sastava Poljske.

**Akimbo** je zablistao na prošlogodišnjem Centralnoevropskom džez šoukejsu u Brnu, a kvartet **JuMa** se istakao na takmičenju Jazz Juniors u Krakovu. Oba sviraju na beogradskom festivalu prvi put, kao i još deset sastava ovog izdanja.

Sala Amerikana je manja od Velike i koncerti ovde idu kasno, bliže klupskom formatu. Festival pod sloganom Ušće džeza traje četiri dana, trinaest koncerata i završni džem sešn. Organizator je Dom omladine Beograda, veče uz podršku Zbigniew Seifert Foundation.

Cena: 1500 dinara.",22:30,1500,Dom omladine Beograda,"Makedonska 22, Beograd","44.815407,20.462793",https://efinity.rs/event-details/bjf_5_32347,efinity.rs,https://efinity.rs/event-details/bjf_5_32347,Dom omladine Beograda,https://domomladine.org/,,,,,,"джаз, Белградский джазовый фестиваль, Дом омладине, концерт, фестиваль","jazz, Belgrade Jazz Festival, Dom omladine, concert, festival","džez, Beogradski džez festival, Dom omladine, koncert, festival"
10/24/2026,10/25/2026,9/15/2026,1551,Person,Veronica Vasicka,https://en.wikipedia.org/wiki/Minimal_Wave,,MusicEvent,Disco Not Disco с Veronica Vasicka: глава Minimal Wave и Cititrax в Karmakoma,Disco Not Disco with Veronica Vasicka: the head of Minimal Wave and Cititrax at Karmakoma,Disco Not Disco sa Veronicom Vasickom: vlasnica etiketa Minimal Wave i Cititrax u Karmakomi,https://raw.githubusercontent.com/newsgl/arsposters/main/1551-DiscoNotDiscoVasickaKarmakoma.webp,,Concerts,"Серия Disco Not Disco на одну ночь переезжает в Karmakoma ради Veronica Vasicka, основательницы лейблов Minimal Wave и Cititrax; вместе с ней schwabe и Toshke. Суббота 24 октября, с 23:00 до 06:00. Билеты от 11,3 евро (около 1320 динаров) на Gigstix и Resident Advisor.","The Disco Not Disco series moves to Karmakoma for one night for Veronica Vasicka, founder of the Minimal Wave and Cititrax labels; with schwabe and Toshke. Saturday 24 October, 23:00 to 06:00. Tickets from 11.3 euro (about 1320 dinars) on Gigstix and Resident Advisor.","Serija Disco Not Disco na jednu noć seli se u Karmakomu zbog Veronice Vasicke, osnivačice etiketa Minimal Wave i Cititrax; uz nju schwabe i Toshke. Subota 24. oktobar, od 23:00 do 06:00. Ulaznice od 11,3 evra (oko 1320 dinara) na Gigstixu i Resident Advisoru.","«Нам нужна лодка побольше»: так Disco Not Disco объясняет переезд в Karmakoma на одну ночь семестра. Повод весомый. **Veronica Vasicka** это человек, который два десятилетия назад через компиляции Lost and Found Tapes на своём лейбле Minimal Wave начал возвращать из забвения холодную волну и минимал-синт 80-х, а до того вёл проект East Village Radio, из которого лейбл и вырос.

Параллельно она запустила Cititrax, где, в отличие от переизданий Minimal Wave, выходят новые артисты того же звука: Marie Davidson, An-i, Schwefelgelb, Buttechno, Broken English Club и другие. В 2018 году вышел её первый собственный EP, а годом позже она сыграла его вживую на Primavera. Её сеты вмещают всё, за что стоит Minimal Wave, плюс сырой индустриальный грит для самых ненасытных.

Вместе с ней **schwabe** и Toshke.

Karmakoma это клуб на Пуанкареовой 32, бывший Drugstore Garden. Ночь идёт с 23:00 до 06:00.

Цена: первый релиз 11,3 евро, второй 16,95 евро; в динарах примерно 1320 и 1980 по курсу на день подготовки материала. Предпродажа на Gigstix и Resident Advisor.

Возраст: 18+.","We need a bigger boat: that is how Disco Not Disco explains moving to Karmakoma for one night this semester. The reason is a heavy one. **Veronica Vasicka** is the person who, two decades ago, started bringing cold wave and 80s minimal synth back from oblivion through the Lost and Found Tapes compilations on her Minimal Wave label, having previously run East Village Radio, the project that eventually pushed her into owning a label.

In parallel she launched Cititrax, which, unlike the reissue policy of Minimal Wave, focuses on new artists carrying the same sound: Marie Davidson, An-i, Schwefelgelb, Buttechno, Broken English Club and many more. 2018 saw her first EP, which she performed live at Primavera a year later. Her sets encompass everything Minimal Wave stands for, with raw industrial grit added for the insatiable.

Joining her are **schwabe** and Toshke.

Karmakoma is the club at Poenkareova 32, the former Drugstore Garden. The night runs from 23:00 to 06:00.

Price: first release 11.3 euro, second release 16.95 euro, roughly 1320 and 1980 dinars at the rate on the day this listing was prepared. Presale on Gigstix and Resident Advisor.

Age: 18 and over.","Treba nam veći brod: tako Disco Not Disco objašnjava selidbu u Karmakomu na jednu noć ovog semestra. Razlog je težak. **Veronica Vasicka** je osoba koja je pre dve decenije kroz kompilacije Lost and Found Tapes na svojoj etiketi Minimal Wave počela da vraća iz zaborava cold wave i minimal synth osamdesetih, a pre toga je vodila East Village Radio, projekat iz koga je etiketa i izrasla.

Paralelno je pokrenula Cititrax, gde, za razliku od reizdanja Minimal Wavea, izlaze novi izvođači istog zvuka: Marie Davidson, An-i, Schwefelgelb, Buttechno, Broken English Club i mnogi drugi. Godine 2018. objavila je prvi sopstveni EP, koji je godinu kasnije izvela uživo na Primaveri. Njeni setovi obuhvataju sve za šta Minimal Wave stoji, uz sirovi industrijski grit za nezasite.

Uz nju su **schwabe** i Toshke.

Karmakoma je klub na Poenkareovoj 32, nekadašnji Drugstore Garden. Noć traje od 23:00 do 06:00.

Cena: prvi release 11,3 evra, drugi 16,95 evra; u dinarima oko 1320 i 1980 po kursu na dan pripreme. Pretprodaja na Gigstixu i Resident Advisoru.

Uzrast: 18+.",23:00,1322,Karmakoma,"Poenkareova 32, 11000 Beograd","44.818977,20.488380",https://ra.co/events/2537611,ra.co,https://ra.co/events/2537611,"Disco Not Disco, Karmakoma",,,,18+,,,"клуб, минимал-синт, cold wave, Karmakoma, Minimal Wave","club, minimal synth, cold wave, Karmakoma, Minimal Wave","klub, minimal synth, cold wave, Karmakoma, Minimal Wave"
10/24/2026,10/25/2026,9/15/2026,1552,Person,Marsh,https://anjunadeep.com/,,MusicEvent,Marsh и Amonita: мелодичный хаус Anjunadeep в Hangar,Marsh and Amonita: Anjunadeep melodic house at Hangar,Marsh i Amonita: melodični haus Anjunadeepa u Hangaru,https://raw.githubusercontent.com/newsgl/arsposters/main/1552-MarshAmonitaHangar.webp,,Concerts,"Британский продюсер Marsh, одно из главных имён лейбла Anjunadeep, впервые в Белграде, вместе с ним Amonita. Hangar, Stage 3, порт Луки Београд, суббота 24 октября, 23:00. Билет 1790 динаров на Gigstix и в кассах.","British producer Marsh, one of the leading names on the Anjunadeep label, in Belgrade for the first time, joined by Amonita. Hangar, Stage 3, Port of Belgrade, Saturday 24 October, 23:00. Tickets 1790 dinars on Gigstix and at box offices.","Britanski producent Marsh, jedno od glavnih imena etikete Anjunadeep, prvi put u Beogradu, uz njega Amonita. Hangar, Stage 3, Luka Beograd, subota 24. oktobar, 23:00. Ulaznica 1790 dinara na Gigstixu i na prodajnim mestima.","**Marsh** это Том Маршалл, британский продюсер из Кембриджа, чей мелодичный, прогрессивный хаус стал одной из визитных карточек лейбла Anjunadeep. Альбомы Lailonie и Endless сделали его постоянным участником туров лейбла от Лондона до Лос-Анджелеса, а его сеты живут на медленном нарастании и длинных мелодических линиях, а не на резких сбросах.

В Белграде он играет впервые. Разогревает вечер **Amonita**, продюсер из той же мелодичной ветви хауса, известный по релизам на Anjunadeep.

Площадка Stage 3 комплекса Hangar в порту Луки Београд на Жоржа Клемансо 37. Старт в 23:00.

Цена: 1790 динаров, продажа на Gigstix и в кассах. Организатор: UGS Pro Music Promoting.

Возраст: 18+.","**Marsh** is Tom Marshall, a British producer from Cambridge whose melodic, progressive house has become one of the calling cards of the Anjunadeep label. The albums Lailonie and Endless made him a regular on the label's tours from London to Los Angeles, and his sets live on slow builds and long melodic lines rather than sharp drops.

This is his first show in Belgrade. Warming up the night is **Amonita**, a producer from the same melodic branch of house, known for his Anjunadeep releases.

The venue is Stage 3 of the Hangar complex at the Port of Belgrade, Žorža Klemansoa 37. Doors at 23:00.

Price: 1790 dinars, on sale at Gigstix and box offices. Organiser: UGS Pro Music Promoting.

Age: 18 and over.","**Marsh** je Tom Marshall, britanski producent iz Kembridža čiji je melodični, progresivni haus postao jedan od zaštitnih znakova etikete Anjunadeep. Albumi Lailonie i Endless učinili su ga stalnim učesnikom turneja etikete od Londona do Los Anđelesa, a njegovi setovi žive na sporom rastu i dugim melodijskim linijama, a ne na oštrim dropovima.

U Beogradu svira prvi put. Veče zagreva **Amonita**, producent iz iste melodične grane hausa, poznat po izdanjima na Anjunadeepu.

Mesto je Stage 3 kompleksa Hangar u Luci Beograd na Žorža Klemansoa 37. Početak u 23:00.

Cena: 1790 dinara, prodaja na Gigstixu i na prodajnim mestima. Organizator: UGS Pro Music Promoting.

Uzrast: 18+.",23:00,1790,Hangar (Luka Beograd),"Žorža Klemansoa 37, 11158 Beograd","44.827200,20.469800",https://new.gigstix.com/event/marsh-beograd-24-oktobar-2026/,gigstix.com,https://new.gigstix.com/event/marsh-beograd-24-oktobar-2026/,UGS Pro Music Promoting,,kontakt@ugspromoting.rs,,18+,,,"клуб, мелодичный хаус, Anjunadeep, Hangar, Marsh","club, melodic house, Anjunadeep, Hangar, Marsh","klub, melodični haus, Anjunadeep, Hangar, Marsh"
10/24/2026,10/24/2026,9/15/2026,1553,Organization,Beogradski džez festival,https://domomladine.org/,,MusicEvent,Джазовый фестиваль: João Paulo Esteves da Silva Quartet и Marquis Hill Blacktet в Доме омладине,Belgrade Jazz Festival: João Paulo Esteves da Silva Quartet and Marquis Hill Blacktet at Dom omladine,Džez festival: João Paulo Esteves da Silva Quartet i Marquis Hill Blacktet u Domu omladine,https://raw.githubusercontent.com/newsgl/arsposters/main/1553-BjfEstevesDaSilvaMarquisHill.webp,,Concerts,"42-й Белградский джазовый фестиваль: португальский пианист Жуан Паулу Эштевеш да Силва с альбомом «País Distante» и чикагский трубач Маркиз Хилл, лауреат конкурса Thelonious Monk. Большой зал Дома омладине, суббота 24 октября, 19:00, билеты 2500 и 2800 динаров через efinity.","42nd Belgrade Jazz Festival: Portuguese pianist João Paulo Esteves da Silva with the album País Distante and Chicago trumpeter Marquis Hill, winner of the Thelonious Monk competition. Dom omladine, main hall, Saturday 24 October, 19:00, tickets 2500 and 2800 dinars via efinity.","42. Beogradski džez festival: portugalski pijanista Žoao Paulo Esteves da Silva sa albumom País Distante i čikaški trubač Markiz Hil, laureat takmičenja Thelonious Monk. Velika sala Doma omladine, subota 24. oktobar, 19:00, ulaznice 2500 i 2800 dinara preko efinityja.","Последний вечер основной программы в Большом зале Дома омладине: Португалия и Чикаго.

Пианист **Жуан Паулу Эштевеш да Силва** с квартетом представляет «País Distante», альбом, занявший второе место среди португальских релизов 2025 года. Из Великобритании и Португалии, как указывает фестиваль, собран и сам квартет.

Вторая половина за **Маркизом Хиллом**, трубачом из Чикаго, лауреатом конкурса Thelonious Monk и главным талантом среди трубачей по версии DownBeat 2016 года. В программе Blacktet Revisited он возвращается к составу, с которым записал свои главные альбомы.

Фестиваль под слоганом «Ушће джеза» идёт четыре дня, тринадцать концертов и финальный джем-сейшн. Организатор Дом омладине Београда.

Цена: 2500 динаров (II категория) и 2800 (I категория).","The last evening of the main programme in the main hall of Dom omladine: Portugal and Chicago.

Pianist **João Paulo Esteves da Silva** and his quartet present País Distante, the album ranked second among Portuguese releases of 2025. The quartet itself, as the festival notes, is drawn from Portugal and Great Britain.

The second half belongs to **Marquis Hill**, the Chicago trumpeter, winner of the Thelonious Monk competition and DownBeat's greatest talent among trumpeters in 2016. In Blacktet Revisited he returns to the lineup with which he recorded his key albums.

Under the slogan Jazz Confluence, the festival runs four days with thirteen concerts and a closing jam session. Organised by Dom omladine Beograda.

Price: 2500 dinars (category II) and 2800 (category I).","Poslednje veče glavnog programa u Velikoj sali Doma omladine: Portugal i Čikago.

Pijanista **Žoao Paulo Esteves da Silva** sa svojim kvartetom predstavlja País Distante, drugoplasirano izdanje u Portugalu 2025. godine. Sam kvartet je, kako navodi festival, sastavljen iz Portugala i Velike Britanije.

Druga polovina pripada **Markizu Hilu**, trubaču iz Čikaga, laureatu takmičenja Thelonious Monk i najvećem talentu među trubačima po izboru DownBeata 2016. U programu Blacktet Revisited vraća se postavi sa kojom je snimio svoje ključne albume.

Festival pod sloganom Ušće džeza traje četiri dana, trinaest koncerata i završni džem sešn. Organizator je Dom omladine Beograda.

Cena: 2500 dinara (II kategorija) i 2800 (I kategorija).",19:00,2500,Dom omladine Beograda,"Makedonska 22, Beograd","44.815407,20.462793",https://efinity.rs/event-details/bjf_6_32348,efinity.rs,https://efinity.rs/event-details/bjf_6_32348,Dom omladine Beograda,https://domomladine.org/,,,,,,"джаз, Белградский джазовый фестиваль, Дом омладине, концерт, фестиваль","jazz, Belgrade Jazz Festival, Dom omladine, concert, festival","džez, Beogradski džez festival, Dom omladine, koncert, festival"
10/24/2026,10/25/2026,9/15/2026,1554,Organization,Beogradski džez festival,https://domomladine.org/,,MusicEvent,"Джазовый фестиваль, закрытие: Đorđe Kujundžić Quartet и финальный джем-сейшн в Amerikana",Belgrade Jazz Festival closing: Đorđe Kujundžić Quartet and the final jam session at Amerikana,Zatvaranje Džez festivala: Đorđe Kujundžić Quartet i završni džem sešn u Amerikani,https://raw.githubusercontent.com/newsgl/arsposters/main/1554-BjfKujundzicJamSession.webp,,Concerts,"42-й Белградский джазовый фестиваль: квартет молодого баритон-саксофониста Джордже Куюнджича и джем-сейшн, которым фестиваль традиционно закрывается. зал Amerikana Дома омладине, суббота 24 октября, 22:30, билет 800 динаров через efinity.","42nd Belgrade Jazz Festival: the quartet of young baritone saxophonist Đorđe Kujundžić and the jam session that traditionally closes the festival. Dom omladine, Amerikana hall, Saturday 24 October, 22:30, tickets 800 dinars via efinity.","42. Beogradski džez festival: kvartet mladog bariton saksofoniste Đorđa Kujundžića i džem sešn kojim se festival tradicionalno zatvara. sala Amerikana Doma omladine, subota 24. oktobar, 22:30, ulaznica 800 dinara preko efinityja.","Финал фестиваля в зале Amerikana, и самый доступный его билет.

Молодой баритон-саксофонист **Джордже Куюнджич** смешивает в музыке латинские ритмы с блюзом, балканским фольклором и кабаретным духом Курта Вайля и Тома Уэйтса. Его квартет представляет сербскую сцену рядом с ведущими музыкантами средней и молодой генерации, которые играют на фестивале в этом году.

После концерта начинается **финальный джем-сейшн**: музыканты, выступавшие все четыре дня, выходят на сцену вместе, без программы и без плана, и именно так фестиваль закрывается каждый год.

Фестиваль под слоганом «Ушће джеза» собрал тринадцать концертов, двенадцать составов выступили впервые. Организатор Дом омладине Београда.

Цена: 800 динаров.","The festival finale in the Amerikana hall, and its most affordable ticket.

Young baritone saxophonist **Đorđe Kujundžić** blends Latin rhythms with blues, Balkan folklore and the cabaret spirit of Kurt Weill and Tom Waits. His quartet represents the Serbian scene alongside the leading musicians of the middle and younger generation playing the festival this year.

After the concert the **final jam session** begins: musicians who have performed over the four days share the stage with no programme and no plan, and that is how the festival closes every year.

Under the slogan Jazz Confluence, the festival gathered thirteen concerts, with twelve acts performing for the first time. Organised by Dom omladine Beograda.

Price: 800 dinars.","Finale festivala u sali Amerikana, i njegova najpristupačnija ulaznica.

Mladi bariton saksofonista **Đorđe Kujundžić** u muzici meša latin ritmove sa bluzom, balkanskim folklorom i kabaretskim duhom Kurta Vajla i Toma Vejtsa. Njegov kvartet predstavlja srpsku scenu uz vodeće svirače srednje i mlađe generacije koji nastupaju na ovogodišnjem festivalu.

Posle koncerta počinje **završni džem sešn**: muzičari koji su nastupali sva četiri dana izlaze na binu zajedno, bez programa i bez plana, i tako se festival zatvara svake godine.

Festival pod sloganom Ušće džeza okupio je trinaest koncerata, dvanaest sastava nastupilo je prvi put. Organizator je Dom omladine Beograda.

Cena: 800 dinara.",22:30,800,Dom omladine Beograda,"Makedonska 22, Beograd","44.815407,20.462793",https://efinity.rs/event-details/bjf_7_32349,efinity.rs,https://efinity.rs/event-details/bjf_7_32349,Dom omladine Beograda,https://domomladine.org/,,,,,,"джаз, Белградский джазовый фестиваль, Дом омладине, концерт, фестиваль","jazz, Belgrade Jazz Festival, Dom omladine, concert, festival","džez, Beogradski džez festival, Dom omladine, koncert, festival"
10/29/2026,10/29/2026,9/15/2026,1555,Person,Nenad Radović,https://domomladine.org/,,TheaterEvent,«Kocka»: спектакль для подростков об игровой зависимости по мотивам «Игрока» Достоевского,Kocka: a play for teenagers about gambling addiction inspired by Dostoevsky's The Gambler,"Kocka: predstava za tinejdžere o zavisnosti od kocke, inspirisana Dostojevskim",https://raw.githubusercontent.com/newsgl/arsposters/main/1555-KockaStudioCentar.webp,,Theatre,"Один клик, один купон и иллюзия, что всё можно получить сразу: путь школьника Алексы от мелких выигрышей до потери контроля. Studio Centar, Четверг, 29 октября, 20:00, Большой зал Дома омладине, билет 1000 динаров через efinity. Рекомендуемый возраст 14+, на сербском языке.","One click, one betting slip and the illusion that everything can be had right now: schoolboy Aleksa's road from small wins to total loss of control. Studio Centar, Thursday 29 October, 20:00, the main hall of Dom omladine, tickets 1000 dinars via efinity. Recommended age 14+, in Serbian.","Jedan klik, jedan tiket i iluzija da se sve može dobiti odmah: put srednjoškolca Alekse od sitnih dobitaka do potpunog gubitka kontrole. Studio Centar, Četvrtak, 29. oktobar, 20:00, Velika sala Doma omladine, ulaznica 1000 dinara preko efinityja. Preporučeni uzrast 14+.","Белград, наши дни. Один клик. Один купон. Одна иллюзия, что всё можно получить сразу. «Kocka» («Азарт») следует за старшеклассником Алексой по пути от азарта и мелких выигрышей до полной потери контроля, отношений и себя.

В восьми сильных сценах спектакль препарирует механизм зависимости в современной среде: онлайн-букмекеры, приложения, реклама и давление, при котором успех измеряют скоростью и риском. Отзвуки Достоевского проходят через спектакль как параллель об одержимости, страсти и моменте, когда игра перестаёт быть игрой. «Kocka» не моральный урок, а предупреждение. Спектакль не осуждает, а спрашивает: где граница, за которой ты играешь уже не чтобы выиграть, а чтобы выжить?

Текст **Ненада Радовича**, соавтор инсценировки Джордже Косич, режиссёры Ивана Вукович и Василие Крстич. Играет молодёжная труппа **Studio Centar**. Постановка родилась на Angažman Fest 2025 и идёт в рамках программы «Театральная осень для подростков» Дома омладине и Studio Centar.

Спектакль идёт на сербском языке. Рекомендуемый возраст 14+.

Цена: 1000 динаров в свободной продаже, для школьных и групповых посещений скидки по почте studiocentar@gmail.com. Организатор: Дом омладине Београда и Studio Centar.","Belgrade, today. One click. One betting slip. One illusion that everything can be had at once. Kocka (The Dice) follows high school student Aleksa on the road from excitement and small wins to a complete loss of control, relationships and identity.

In eight strong scenes the play dissects the mechanism of addiction in a contemporary setting: online bookmakers, apps, advertising and the pressure to measure success by speed and risk. Echoes of Dostoevsky run through it as a parallel about obsession, passion and the moment when the game stops being a game. Kocka is not a moral lesson but a warning. It does not judge; it asks where the line is beyond which you no longer play to win but to survive.

Written by **Nenad Radović**, with Đorđe Kosić co adapting, directed by Ivana Vuković and Vasilije Krstić. Performed by the young company of **Studio Centar**. The production was born at Angažman Fest 2025 and runs as part of Theatre Autumn for Teenagers by Dom omladine and Studio Centar.

Performed in Serbian. Recommended age 14+.

Price: 1000 dinars in open sale; discounts for school and group visits by email to studiocentar@gmail.com. Organiser: Dom omladine Beograda and Studio Centar.","Beograd, danas. Jedan klik. Jedan tiket. Jedna iluzija da se sve može dobiti odmah. Kocka prati srednjoškolca Aleksu kroz put od uzbuđenja i sitnih dobitaka do potpunog gubitka kontrole, odnosa i identiteta.

U osam snažnih scena predstava secira mehanizam zavisnosti u savremenom okruženju: onlajn kladionice, aplikacije, reklame i pritisak da se uspeh meri brzinom i rizikom. Odjeci Dostojevskog provlače se kao paralela o opsesiji, strasti i trenutku kada igra prestaje da bude igra. Kocka nije moralna lekcija, već upozorenje. Predstava ne osuđuje, već pita: gde je granica kada više ne igraš da bi pobedio, nego da bi preživeo?

Tekst **Nenad Radović**, saradnik na dramatizaciji Đorđe Kosić, režija Ivana Vuković i Vasilije Krstić. Igra mlada trupa **Studija Centar**. Predstava je nastala na Angažman Festu 2025. i igra se u okviru Pozorišne jeseni za tinejdžere Doma omladine i Studija Centar.

Preporučeni uzrast 14+.

Cena: 1000 dinara u slobodnoj prodaji; za školske i grupne posete popusti na mejl studiocentar@gmail.com. Organizator: Dom omladine Beograda i Studio Centar.",20:00,1000,Dom omladine Beograda,"Makedonska 22, Beograd","44.815407,20.462793",https://efinity.rs/event-details/kocka_32354,efinity.rs,https://efinity.rs/event-details/kocka_32354,Dom omladine Beograda i Studio Centar,https://domomladine.org/,studiocentar@gmail.com,,14+,,,"театр, подростки, Studio Centar, Дом омладине, образовательный спектакль","theatre, teenagers, Studio Centar, Dom omladine, educational play","pozorište, tinejdžeri, Studio Centar, Dom omladine, edukativna predstava"
10/29/2026,10/29/2026,9/15/2026,1556,Person,Daniel Benyamin,https://linktr.ee/danielbenyamin,,MusicEvent,Daniel Benyamin: «ghost pop» из Германии в баре Lisabon,Daniel Benyamin: ghost pop from Germany at Lisabon bar,Daniel Benyamin: ghost pop iz Nemačke u Lisabon baru,https://raw.githubusercontent.com/newsgl/arsposters/main/1556-DanielBenyaminLisabon.webp,https://open.spotify.com/artist/58FviSG7J3QiK9r4L0V3sH,Concerts,"Бывший фронтмен Sea + Air и Jumbo Jet представляет альбом Life After Music. Lisabon bar в Чавкетовом пассаже, четверг 29 октября, вход с 20:00, начало в 21:00. Билеты 600 динаров по промо, 900 в предпродаже, 1200 в день концерта, через Rock Svirke и кассу mts Dvorana.","The former frontman of Sea + Air and Jumbo Jet presents the album Life After Music. Lisabon bar in Čavketov pasaž, Thursday 29 October, doors 20:00, show 21:00. Tickets 600 dinars promo, 900 presale, 1200 on the day, via Rock Svirke and the mts Dvorana box office.","Bivši frontmen bendova Sea + Air i Jumbo Jet predstavlja album Life After Music. Lisabon bar u Čavketovom pasažu, četvrtak 29. oktobar, ulaz od 20:00, početak u 21:00. Ulaznice 600 dinara promo, 900 u pretprodaji, 1200 na dan koncerta, preko Rock Svirke i blagajne mts Dvorane.","С детства **Daniel Benyamin** пытался соединить несовместимое: меланхоличного Баха, которого играл в родительской гостиной, и неизвестные нью-вейв-группы, чьи пластинки приходилось покупать тайком, потому что рок в его доме был запрещён. В двенадцать он случайно изобрёл многоканальный магнитофон, чтобы записывать музыку, которую ему нельзя было слушать.

Бывший композитор, певец и барабанщик групп Sea + Air и Jumbo Jet, он в семнадцать ушёл из дома, сыграл больше двух тысяч концертов в тридцати пяти странах и работал, среди прочих, с Суфьяном Стивенсом, Уитни Хьюстон и Вимом Вендерсом. В 2022 году начал сольную главу, а звук, в котором аналоговые инструменты смешаны с синтезаторными текстурами, назвал «ghost pop».

В Белград он привозит новый альбом Life After Music: пышный и голый одновременно, вдохновлённый и мелодиями, и атмосферой, с отзвуками его недавней работы для танца и кино.

Концерт в Lisabon bar в Чавкетовом пассаже, продажа через tickets.rocksvirke.com и кассу mts Dvorana; бронь по почте office@rocksvirke.com.

Цена: 600 динаров по промо (ограниченное количество), 900 в предпродаже, 1200 в день концерта. Организатор: Rock Svirke.","From an early age **Daniel Benyamin** tried to bridge incompatible worlds: the melancholy Bach he played in his parents' living room and the obscure new wave bands whose records he had to buy in secret, because rock music was forbidden at home. At twelve he accidentally invented a multitrack cassette recorder to make the music he was not allowed to hear.

The former composer, singer and drummer of Sea + Air and Jumbo Jet left home at seventeen, played more than two thousand shows in thirty five countries and worked with, among others, Sufjan Stevens, Whitney Houston and Wim Wenders. In 2022 he started a solo chapter, and he calls his sound, analogue instruments blended with vivid synthesizer textures, ghost pop.

He brings the new album Life After Music to Belgrade: lush and bare at the same time, driven by melody as much as atmosphere, with echoes of his recent work for dance and film.

The show is at Lisabon bar in Čavketov pasaž; tickets via tickets.rocksvirke.com and the mts Dvorana box office, reservations by email to office@rocksvirke.com.

Price: 600 dinars promo (limited), 900 presale, 1200 on the day. Organiser: Rock Svirke.","Od malih nogu **Daniel Benyamin** je pokušavao da spoji nespojivo: melanholičnog Baha koga je svirao u dnevnoj sobi roditelja i nepoznate novotalasne bendove čije je ploče morao da kupuje u tajnosti, jer je rok muzika u njegovom domu bila zabranjena. Sa dvanaest godina je slučajno izumeo višekanalni kasetofon da bi stvarao muziku koju nije smeo da čuje.

Bivši kompozitor, pevač i bubnjar bendova Sea + Air i Jumbo Jet, sa sedamnaest je napustio dom, odsvirao više od dve hiljade koncerata u trideset pet zemalja i sarađivao, između ostalih, sa Sufjanom Stivensom, Vitni Hjuston i Vimom Vendersom. Godine 2022. započeo je solo poglavlje, a zvuk u kome se analogni instrumenti mešaju sa sintisajzerskim teksturama nazvao je ghost pop.

U Beograd donosi novi album Life After Music: raskošan i ogoljen istovremeno, inspirisan melodijama koliko i atmosferom, sa odjecima njegovog nedavnog rada na plesnoj i filmskoj muzici.

Koncert je u Lisabon baru u Čavketovom pasažu; prodaja preko tickets.rocksvirke.com i blagajne mts Dvorane, rezervacije mejlom na office@rocksvirke.com.

Cena: 600 dinara promo (ograničen kontingent), 900 u pretprodaji, 1200 na dan koncerta. Organizator: Rock Svirke.",21:00,600,Lisabon bar,"Čavketov pasaž, 11000 Beograd","44.813602,20.462208",https://www.mtsdvorana.rs/dogadjaj/daniel-benyamin,mtsdvorana.rs,https://www.mtsdvorana.rs/dogadjaj/daniel-benyamin,Rock Svirke,,office@rocksvirke.com,,,,,"концерт, инди, ghost pop, Lisabon bar, Германия","concert, indie, ghost pop, Lisabon bar, Germany","koncert, indi, ghost pop, Lisabon bar, Nemačka"
11/5/2026,11/5/2026,9/15/2026,1557,Person,Nenad Radović,https://domomladine.org/,,TheaterEvent,«Margaret»: спектакль о раннем подростковом возрасте по роману Джуди Блум,Margaret: a play about early adolescence after Judy Blume's novel,Margaret: predstava o ranom tinejdžerskom uzrastu po romanu Džudi Blum,https://raw.githubusercontent.com/newsgl/arsposters/main/1557-MargaretStudioCentar.webp,,Theatre,"Пятьдесят вторая премьера Studio Centar по книге «Ты здесь, Бог? Это я, Маргарет»: о моменте, когда ребёнок перестаёт быть ребёнком. Четверг, 5 ноября, 20:00, зал Amerikana Дома омладине, билет 1000 динаров через efinity. На сербском языке.","Studio Centar's fifty second premiere, after Are You There God? It's Me, Margaret: about the moment a child stops being a child. Thursday 5 November, 20:00, the Amerikana hall of Dom omladine, tickets 1000 dinars via efinity. In Serbian.","Pedeset druga premijera Studija Centar po romanu Bože, da li si tu? Ja sam, Margaret: o trenutku kada dete prestaje da bude dete. Četvrtak, 5. novembar, 20:00, sala Amerikana Doma omladine, ulaznica 1000 dinara preko efinityja.","Роман Джуди Блум «Ты здесь, Бог? Это я, Маргарет» полвека остаётся книгой, по которой подростки узнают себя. Спектакль **Studio Centar** по его мотивам говорит о взрослении и о моменте, когда ребёнок перестаёт быть ребёнком и становится молодым человеком.

Это ранний подростковый возраст во всей его неловкости: телесные и гормональные перемены, отношение к собственной внешности, давление сверстников, первые симпатии и первый поцелуй. Через простую и прямую историю спектакль следует за внутренним миром девочки, которая пытается понять перемены в себе и вписаться в ожидания окружающих.

«Margaret» важна тем, что открывает пространство для разговора о вещах, которые для подростков ежедневны, но редко обсуждаются ясно и открыто, будь то в школе или в семье. Спектакль поднимает вопросы уверенности в себе, принятия своего тела и понимания эмоций, не навязывая готовых ответов. Он адресован прежде всего подросткам, но и родителям и учителям, которые хотят лучше понять этот возраст.

Инсценировка **Ненада Радовича**, режиссёры Ненад Радович и Ивана Вукович, сценическое движение Сандра Спасич. Играет молодёжная труппа Studio Centar, премьера состоялась в мае 2026 года. Идёт в рамках программы «Театральная осень для подростков» Дома омладине и Studio Centar.

Спектакль идёт на сербском языке.

Цена: 1000 динаров в свободной продаже, для школьных и групповых посещений скидки по почте studiocentar@gmail.com. Организатор: Дом омладине Београда и Studio Centar.","For half a century Judy Blume's novel Are You There God? It's Me, Margaret has been the book in which teenagers recognise themselves. The **Studio Centar** play based on it talks about growing up and the moment a child stops being a child and becomes a young person.

This is early adolescence in all its awkwardness: physical and hormonal changes, the relationship with one's own appearance, peer pressure, first crushes and a first kiss. Through a simple, direct story the play follows the inner world of a girl trying to understand the changes she is going through and to fit the expectations around her.

Margaret matters because it opens space for a conversation about things that are everyday for teenagers yet rarely discussed clearly and openly, whether at school or in the family. It raises questions of self confidence, accepting one's body and understanding emotions without imposing ready answers. It is aimed first of all at teenagers, but also at parents and teachers who want to understand that age better.

Adapted by **Nenad Radović**, directed by Nenad Radović and Ivana Vuković, movement by Sandra Spasić. Performed by the young company of Studio Centar; the premiere took place in May 2026. Runs as part of Theatre Autumn for Teenagers by Dom omladine and Studio Centar.

Performed in Serbian.

Price: 1000 dinars in open sale; discounts for school and group visits by email to studiocentar@gmail.com. Organiser: Dom omladine Beograda and Studio Centar.","Roman Džudi Blum Bože, da li si tu? Ja sam, Margaret već pola veka je knjiga u kojoj tinejdžeri prepoznaju sebe. Predstava **Studija Centar** po njegovim motivima govori o odrastanju i o trenutku kada dete prestaje da bude dete i postaje mlada osoba.

To je rani tinejdžerski uzrast u svoj svojoj nespretnosti: telesne i hormonske promene, odnos prema sopstvenom izgledu, pritisci vršnjačke sredine, prve simpatije i prvi poljubac. Kroz jednostavnu i direktnu priču predstava prati unutrašnji svet devojčice koja pokušava da razume promene kroz koje prolazi i da se uklopi u očekivanja okruženja.

Margaret je važna jer otvara prostor za razgovor o temama koje su mladima svakodnevne, a često nedovoljno jasno i otvoreno obrađene, bilo u školi, bilo u porodici. Pokreće pitanja samopouzdanja, prihvatanja sopstvenog tela i razumevanja emocija, bez nametanja gotovih odgovora. Namenjena je pre svega tinejdžerima, ali i roditeljima i nastavnicima koji žele bolje da razumeju taj uzrast.

Dramatizacija **Nenad Radović**, režija Nenad Radović i Ivana Vuković, scenski pokret Sandra Spasić. Igra mlada trupa Studija Centar; premijera je bila u maju 2026. Igra se u okviru Pozorišne jeseni za tinejdžere Doma omladine i Studija Centar.

Cena: 1000 dinara u slobodnoj prodaji; za školske i grupne posete popusti na mejl studiocentar@gmail.com. Organizator: Dom omladine Beograda i Studio Centar.",20:00,1000,Dom omladine Beograda,"Makedonska 22, Beograd","44.815407,20.462793",https://efinity.rs/event-details/margaret1_32355,efinity.rs,https://efinity.rs/event-details/margaret1_32355,Dom omladine Beograda i Studio Centar,https://domomladine.org/,studiocentar@gmail.com,,12+,,,"театр, подростки, Studio Centar, Дом омладине, образовательный спектакль","theatre, teenagers, Studio Centar, Dom omladine, educational play","pozorište, tinejdžeri, Studio Centar, Dom omladine, edukativna predstava"
11/18/2026,11/18/2026,9/15/2026,1558,Person,Nenad Radović,https://domomladine.org/,,TheaterEvent,«Margaret»: спектакль о раннем подростковом возрасте по роману Джуди Блум,Margaret: a play about early adolescence after Judy Blume's novel,Margaret: predstava o ranom tinejdžerskom uzrastu po romanu Džudi Blum,https://raw.githubusercontent.com/newsgl/arsposters/main/1558-MargaretStudioCentar2.webp,,Theatre,"Пятьдесят вторая премьера Studio Centar по книге «Ты здесь, Бог? Это я, Маргарет»: о моменте, когда ребёнок перестаёт быть ребёнком. Среда, 18 ноября, 20:00, зал Amerikana Дома омладине, билет 1000 динаров через efinity. На сербском языке.","Studio Centar's fifty second premiere, after Are You There God? It's Me, Margaret: about the moment a child stops being a child. Wednesday 18 November, 20:00, the Amerikana hall of Dom omladine, tickets 1000 dinars via efinity. In Serbian.","Pedeset druga premijera Studija Centar po romanu Bože, da li si tu? Ja sam, Margaret: o trenutku kada dete prestaje da bude dete. Sreda, 18. novembar, 20:00, sala Amerikana Doma omladine, ulaznica 1000 dinara preko efinityja.","Роман Джуди Блум «Ты здесь, Бог? Это я, Маргарет» полвека остаётся книгой, по которой подростки узнают себя. Спектакль **Studio Centar** по его мотивам говорит о взрослении и о моменте, когда ребёнок перестаёт быть ребёнком и становится молодым человеком.

Это ранний подростковый возраст во всей его неловкости: телесные и гормональные перемены, отношение к собственной внешности, давление сверстников, первые симпатии и первый поцелуй. Через простую и прямую историю спектакль следует за внутренним миром девочки, которая пытается понять перемены в себе и вписаться в ожидания окружающих.

«Margaret» важна тем, что открывает пространство для разговора о вещах, которые для подростков ежедневны, но редко обсуждаются ясно и открыто, будь то в школе или в семье. Спектакль поднимает вопросы уверенности в себе, принятия своего тела и понимания эмоций, не навязывая готовых ответов. Он адресован прежде всего подросткам, но и родителям и учителям, которые хотят лучше понять этот возраст.

Инсценировка **Ненада Радовича**, режиссёры Ненад Радович и Ивана Вукович, сценическое движение Сандра Спасич. Играет молодёжная труппа Studio Centar, премьера состоялась в мае 2026 года. Идёт в рамках программы «Театральная осень для подростков» Дома омладине и Studio Centar.

Спектакль идёт на сербском языке.

Цена: 1000 динаров в свободной продаже, для школьных и групповых посещений скидки по почте studiocentar@gmail.com. Организатор: Дом омладине Београда и Studio Centar.","For half a century Judy Blume's novel Are You There God? It's Me, Margaret has been the book in which teenagers recognise themselves. The **Studio Centar** play based on it talks about growing up and the moment a child stops being a child and becomes a young person.

This is early adolescence in all its awkwardness: physical and hormonal changes, the relationship with one's own appearance, peer pressure, first crushes and a first kiss. Through a simple, direct story the play follows the inner world of a girl trying to understand the changes she is going through and to fit the expectations around her.

Margaret matters because it opens space for a conversation about things that are everyday for teenagers yet rarely discussed clearly and openly, whether at school or in the family. It raises questions of self confidence, accepting one's body and understanding emotions without imposing ready answers. It is aimed first of all at teenagers, but also at parents and teachers who want to understand that age better.

Adapted by **Nenad Radović**, directed by Nenad Radović and Ivana Vuković, movement by Sandra Spasić. Performed by the young company of Studio Centar; the premiere took place in May 2026. Runs as part of Theatre Autumn for Teenagers by Dom omladine and Studio Centar.

Performed in Serbian.

Price: 1000 dinars in open sale; discounts for school and group visits by email to studiocentar@gmail.com. Organiser: Dom omladine Beograda and Studio Centar.","Roman Džudi Blum Bože, da li si tu? Ja sam, Margaret već pola veka je knjiga u kojoj tinejdžeri prepoznaju sebe. Predstava **Studija Centar** po njegovim motivima govori o odrastanju i o trenutku kada dete prestaje da bude dete i postaje mlada osoba.

To je rani tinejdžerski uzrast u svoj svojoj nespretnosti: telesne i hormonske promene, odnos prema sopstvenom izgledu, pritisci vršnjačke sredine, prve simpatije i prvi poljubac. Kroz jednostavnu i direktnu priču predstava prati unutrašnji svet devojčice koja pokušava da razume promene kroz koje prolazi i da se uklopi u očekivanja okruženja.

Margaret je važna jer otvara prostor za razgovor o temama koje su mladima svakodnevne, a često nedovoljno jasno i otvoreno obrađene, bilo u školi, bilo u porodici. Pokreće pitanja samopouzdanja, prihvatanja sopstvenog tela i razumevanja emocija, bez nametanja gotovih odgovora. Namenjena je pre svega tinejdžerima, ali i roditeljima i nastavnicima koji žele bolje da razumeju taj uzrast.

Dramatizacija **Nenad Radović**, režija Nenad Radović i Ivana Vuković, scenski pokret Sandra Spasić. Igra mlada trupa Studija Centar; premijera je bila u maju 2026. Igra se u okviru Pozorišne jeseni za tinejdžere Doma omladine i Studija Centar.

Cena: 1000 dinara u slobodnoj prodaji; za školske i grupne posete popusti na mejl studiocentar@gmail.com. Organizator: Dom omladine Beograda i Studio Centar.",20:00,1000,Dom omladine Beograda,"Makedonska 22, Beograd","44.815407,20.462793",https://efinity.rs/event-details/margaret2_32356,efinity.rs,https://efinity.rs/event-details/margaret2_32356,Dom omladine Beograda i Studio Centar,https://domomladine.org/,studiocentar@gmail.com,,12+,,,"театр, подростки, Studio Centar, Дом омладине, образовательный спектакль","theatre, teenagers, Studio Centar, Dom omladine, educational play","pozorište, tinejdžeri, Studio Centar, Dom omladine, edukativna predstava"
11/23/2026,11/23/2026,9/15/2026,1559,Person,Nenad Radović,https://domomladine.org/,,TheaterEvent,«Je l' imaš gram?»: спектакль для подростков о наркотиках по мотивам «Спроси у Алисы»,Je l' imaš gram?: a play for teenagers about drugs after Go Ask Alice,Je l' imaš gram?: predstava za tinejdžere o drogama po motivima knjige Pitaj Alisu,https://raw.githubusercontent.com/newsgl/arsposters/main/1559-JeLImasGramAmerikana.webp,,Theatre,"Образовательный спектакль Studio Centar по книге «Спроси у Алисы: дневник одной наркоманки»: история девочки, которая в большом городе тихо скатывается к краю. Понедельник, 23 ноября, 20:00, зал Amerikana Дома омладине, билет 1000 динаров через efinity. Рекомендуемый возраст 13+, на сербском языке.","An educational play by Studio Centar based on Go Ask Alice, the diary of a teenage addict: the story of a girl who quietly slides towards the edge in a big city. Monday 23 November, 20:00, the Amerikana hall of Dom omladine, tickets 1000 dinars via efinity. Recommended age 13+, in Serbian.","Edukativna predstava Studija Centar po knjizi Pitaj Alisu: dnevnik jedne narkomanke: priča o devojčici koja u velikom gradu tiho klizi ka ivici. Ponedeljak, 23. novembar, 20:00, sala Amerikana Doma omladine, ulaznica 1000 dinara preko efinityja. Preporučeni uzrast 13+.","Интимно, прямо и без оговорок: «Je l' imaš gram?» («Есть грамм?») ведёт зрителя в мир, где наркотики не «чья-то чужая проблема», а реальность подростков, которые взрослеют сегодня. В камерной атмосфере, без дистанции, публика становится свидетелем и соучастником тихой, но разрушительной спирали.

История следует за Алисой, девочкой, которая приезжает в большой город и без больших травм и семейных драм постепенно скатывается к краю. Спектакль не только о веществах, но и о пустоте, давлении, ночных выходах и потребности принадлежать кому-то любой ценой. «Этот спектакль не смотрят комфортно. Его проживают, и он надолго остаётся», говорят авторы.

Текст **Ненада Радовича** по книге «Спроси у Алисы», соавтор инсценировки Джордже Косич, режиссёры Наджа Марьянович и Василие Крстич. Играет молодёжная труппа **Studio Centar**. Постановка родилась на фестивале Angažman Fest 2021 и идёт в рамках программы «Театральная осень для подростков», которую Дом омладине и Studio Centar проводят вместе уже восьмой год.

Спектакль идёт на сербском языке. Рекомендуемый возраст 13+.

Цена: 1000 динаров в свободной продаже, для школьных и групповых посещений скидки по почте studiocentar@gmail.com. Организатор: Дом омладине Београда и Studio Centar.","Intimate, direct and unreserved: Je l' imaš gram? (Got a gram?) leads the audience into a world where drugs are not somebody else's problem but the reality of young people growing up today. In a chamber setting, with no distance, the audience becomes witness and accomplice to a quiet but devastating spiral.

The story follows Alisa, a teenager who arrives in a big city and, without any great trauma or family breakdown, slowly slides towards the edge. The play is not only about substances but about emptiness, pressure, nights out and the need to belong at any cost. This is not a play you watch comfortably; you live through it, and it stays with you, the authors say.

Written by **Nenad Radović** after the book Go Ask Alice, with Đorđe Kosić co adapting, directed by Nađa Marjanović and Vasilije Krstić. Performed by the young company of **Studio Centar**. The production was born at Angažman Fest 2021 and runs as part of Theatre Autumn for Teenagers, the programme Dom omladine and Studio Centar have run together for eight years.

Performed in Serbian. Recommended age 13+.

Price: 1000 dinars in open sale; discounts for school and group visits by email to studiocentar@gmail.com. Organiser: Dom omladine Beograda and Studio Centar.","Intimna, direktna i bez zadrške: Je l' imaš gram? vodi publiku u svet u kome droga nije problem nekog drugog, već realnost mladih koji odrastaju danas. U kamernoj atmosferi, bez distance, publika postaje svedok i saučesnik jedne tihe, ali razorne spirale.

Priča prati Alisu, tinejdžerku koja dolazi u veliki grad i, bez velikih trauma ili porodičnih lomova, polako klizi ka ivici. Predstava ne govori samo o supstancama, već o prazninama, pritiscima, noćnim izlascima i potrebi da se pripada po svaku cenu. „Ovo je predstava koja se ne gleda komforno. Ona se proživljava i dugo ostaje“, kažu autori.

Tekst **Nenad Radović** po knjizi Pitaj Alisu, saradnik na dramatizaciji Đorđe Kosić, režija Nađa Marjanović i Vasilije Krstić. Igra mlada trupa **Studija Centar**. Predstava je nastala na Angažman Festu 2021. i igra se u okviru Pozorišne jeseni za tinejdžere, programa koji Dom omladine i Studio Centar zajedno realizuju već osmu godinu.

Preporučeni uzrast 13+.

Cena: 1000 dinara u slobodnoj prodaji; za školske i grupne posete popusti na mejl studiocentar@gmail.com. Organizator: Dom omladine Beograda i Studio Centar.",20:00,1000,Dom omladine Beograda,"Makedonska 22, Beograd","44.815407,20.462793",https://efinity.rs/event-details/jel_imas_gram3_32357,efinity.rs,https://efinity.rs/event-details/jel_imas_gram3_32357,Dom omladine Beograda i Studio Centar,https://domomladine.org/,studiocentar@gmail.com,,13+,,,"театр, подростки, Studio Centar, Дом омладине, образовательный спектакль","theatre, teenagers, Studio Centar, Dom omladine, educational play","pozorište, tinejdžeri, Studio Centar, Dom omladine, edukativna predstava"
11/25/2026,11/25/2026,9/15/2026,1560,Person,Nenad Radović,https://domomladine.org/,,TheaterEvent,«Grupa»: спектакль для подростков о цифровом насилии,Grupa: a play for teenagers about digital violence,Grupa: predstava za tinejdžere o digitalnom nasilju,https://raw.githubusercontent.com/newsgl/arsposters/main/1560-GrupaAmerikana.webp,,Theatre,"Три истории, три платформы и одна реальность, из которой нельзя разлогиниться: спектакль Studio Centar о травле в сети. Среда, 25 ноября, 20:00, зал Amerikana Дома омладине, билет 1000 динаров через efinity. На сербском языке.","Three stories, three platforms and one reality you cannot log out of: a Studio Centar play about online bullying. Wednesday 25 November, 20:00, the Amerikana hall of Dom omladine, tickets 1000 dinars via efinity. In Serbian.","Tri priče, tri digitalne platforme i jedna stvarnost iz koje se ne može izlogovati: predstava Studija Centar o nasilju na mrežama. Sreda, 25. novembar, 20:00, sala Amerikana Doma omladine, ulaznica 1000 dinara preko efinityja.","Три истории. Три цифровые платформы. Одна реальность, из которой нельзя «разлогиниться». «Grupa» («Группа») открывает мир, где сообщения ранят, фотографии становятся оружием, а «челленджи» перерастают в травлю. Насилие, которое начинается на экране, оставляет настоящие последствия: для идентичности, отношений и самооценки.

Через современный нарратив, документальные элементы и прямой сценический язык спектакль говорит голосом самих подростков, попавших в виртуальную ловушку. Без лёгких решений он ставит вопрос об ответственности, наблюдении и молчании. «Это не спектакль о проблемах молодых. Это спектакль молодых о мире, который мы все вместе построили».

Текст **Ненада Радовича**, режиссёры Ивана Вукович и Ана Вучич, визуальный дизайн Иваны Вукович. Играет молодёжная труппа **Studio Centar**. Постановка сезона 2024/25 идёт в рамках программы «Театральная осень для подростков» Дома омладине и Studio Centar.

Спектакль идёт на сербском языке.

Цена: 1000 динаров в свободной продаже, для школьных и групповых посещений скидки по почте studiocentar@gmail.com. Организатор: Дом омладине Београда и Studio Centar.","Three stories. Three digital platforms. One reality you cannot log out of. Grupa (The Group) opens a world where messages hurt, photographs become weapons and challenges turn into abuse. Violence that starts on a screen leaves real, deep consequences: for identity, relationships and self esteem.

Through a contemporary narrative, documentary elements and direct stage language, the play speaks in the voice of young people caught in a virtual trap. Without easy solutions, it asks about responsibility, watching and silence. This is not a play about the problems of the young; it is a play by the young about the world we have all built together.

Written by **Nenad Radović**, directed by Ivana Vuković and Ana Vučić, visual design by Ivana Vuković. Performed by the young company of **Studio Centar**. A production of the 2024/25 season, running as part of Theatre Autumn for Teenagers by Dom omladine and Studio Centar.

Performed in Serbian.

Price: 1000 dinars in open sale; discounts for school and group visits by email to studiocentar@gmail.com. Organiser: Dom omladine Beograda and Studio Centar.","Tri priče. Tri digitalne platforme. Jedna stvarnost iz koje se ne može izlogovati. Predstava Grupa otvara svet u kome poruke bole, fotografije postaju oružje, a izazovi prerastaju u zlostavljanje. Nasilje koje počinje na ekranu ostavlja stvarne, duboke posledice: po identitet, odnose i samopouzdanje.

Kroz savremeni narativ, dokumentarne elemente i direktan scenski jezik, predstava govori glasom mladih koji su uhvaćeni u virtuelnu klopku. Bez lakih rešenja, postavlja pitanje odgovornosti, posmatranja i ćutanja. „Ovo nije predstava o problemima mladih. Ovo je predstava mladih o svetu koji smo svi zajedno napravili.“

Tekst **Nenad Radović**, režija Ivana Vuković i Ana Vučić, vizuelni dizajn Ivana Vuković. Igra mlada trupa **Studija Centar**. Produkcija sezone 2024/25, igra se u okviru Pozorišne jeseni za tinejdžere Doma omladine i Studija Centar.

Cena: 1000 dinara u slobodnoj prodaji; za školske i grupne posete popusti na mejl studiocentar@gmail.com. Organizator: Dom omladine Beograda i Studio Centar.",20:00,1000,Dom omladine Beograda,"Makedonska 22, Beograd","44.815407,20.462793",https://efinity.rs/event-details/grupa2_32358,efinity.rs,https://efinity.rs/event-details/grupa2_32358,Dom omladine Beograda i Studio Centar,https://domomladine.org/,studiocentar@gmail.com,,12+,,,"театр, подростки, Studio Centar, Дом омладине, образовательный спектакль","theatre, teenagers, Studio Centar, Dom omladine, educational play","pozorište, tinejdžeri, Studio Centar, Dom omladine, edukativna predstava"
12/10/2026,12/10/2026,9/15/2026,1561,MusicGroup,Chegi Bend,https://www.mtsdvorana.rs/dogadjaj/chegi-bend-evolucija-ex-yu-muzike,,MusicEvent,"Chegi Bend «Эволюция ex-YU музыки»: первый сольный концерт в Белграде, mts Dvorana","Chegi Bend, Evolucija ex-YU muzike: the first Belgrade solo concert at mts Dvorana","Chegi Bend, Evolucija ex-YU muzike: prvi beogradski solistički koncert u mts Dvorani",https://raw.githubusercontent.com/newsgl/arsposters/main/1561-ChegiBendMts.webp,,Concerts,"Двадцать музыкантов на сцене, чемпион мира по классическому аккордеону и главные хиты бывшей Югославии в многоголосных аранжировках. mts Dvorana, четверг 10 декабря, 20:00, билеты от 1200 динаров.","Twenty musicians on stage, a world champion of classical accordion and the great hits of former Yugoslavia in multi part arrangements. mts Dvorana, Thursday 10 December, 20:00, tickets from 1200 dinars.","Dvadeset muzičara na bini, svetski šampion u klasičnoj harmonici i najveći hitovi bivše Jugoslavije u višeglasnim aranžmanima. mts Dvorana, četvrtak 10. decembar, 20:00, ulaznice od 1200 dinara.","Первый сольный концерт **Chegi Bend** в Белграде это музыкальное путешествие по территории бывшей Югославии: самые красивые песни с этих просторов, ностальгия вечных хитов и собственные вещи группы.

На сцене mts Dvorana выходит ансамбль из двадцати профессиональных, школьных музыкантов. В центре чемпион мира по игре на классическом аккордеоне, вокруг него мощные многоголосные аранжировки и узнаваемый звуковой почерк, который группа называет своим. Организаторы обещают аудиовизуальное шоу, а не просто вечер каверов.

Концерт проходит в большом зале mts Dvorana в центре города.

Цена: от 1200 динаров, продажа онлайн на сайте зала и в кассе.","The first solo concert of **Chegi Bend** in Belgrade is a musical journey across the territory of former Yugoslavia: the most beautiful songs from these parts, the nostalgia of timeless hits and the band's own material.

An ensemble of twenty trained professional musicians takes the stage of mts Dvorana. At the centre is a world champion of classical accordion, around him powerful multi part arrangements and the recognisable sonic signature the band calls its own. The organisers promise an audio visual show rather than just a night of covers.

The concert takes place in the main hall of mts Dvorana in the city centre.

Price: from 1200 dinars, on sale online through the venue and at the box office.","Prvi solistički koncert **Chegi Benda** u Beogradu je muzičko putovanje po prostoru bivše Jugoslavije: najlepše numere sa ovih prostora, nostalgija bezvremenskih hitova i autorski opus benda.

Na bini mts Dvorane nastupa ansambl od dvadeset školovanih profesionalnih muzičara. U centru je svetski šampion u sviranju klasične harmonike, oko njega moćni višeglasni aranžmani i prepoznatljiv zvučni pečat koji bend zove svojim. Organizatori obećavaju audio-vizuelni spektakl, a ne samo veče obrada.

Koncert se održava u velikoj sali mts Dvorane u centru grada.

Cena: od 1200 dinara, prodaja onlajn preko sajta dvorane i na blagajni.",20:00,1200,mts Dvorana,"Dečanska 14, 11000 Beograd","44.813220,20.462629",https://www.mtsdvorana.rs/dogadjaj/chegi-bend-evolucija-ex-yu-muzike,mtsdvorana.rs,https://www.mtsdvorana.rs/dogadjaj/chegi-bend-evolucija-ex-yu-muzike,Chegi Bend,,,,,,,"концерт, ex-YU, аккордеон, mts Dvorana, Chegi Bend","concert, ex-YU, accordion, mts Dvorana, Chegi Bend","koncert, ex-YU, harmonika, mts Dvorana, Chegi Bend"
