StartDate,EndDate,PubDate,UniqueID,PerformerType,PerformerName,SameAs,Language,EventType,EventNameRus,EventNameEng,EventNameSrb,CoverImage,SpotifyButton,Section,ShortDescriptionRus,ShortDescriptionEng,ShortDescriptionSrb,LongDescriptionRus,LongDescriptionEng,LongDescriptionSrb,Time,PriceDin,PlaceName,PlaceAddress,GoogleMap,EventPage,SourceName,TicketsLink,OrganizerName,OrganizerPageURL,OrganizerEmail,OrganizerPhone,AgeRestriction,EventCapacity,ImageGallery,TagsRus,TagsEng,TagsSrb
9/19/2026,9/19/2026,9/13/2026,1425,Organization,Jahting klub Kej,,,Event,Круиз по Саве и Дунаю с видом на Белградскую крепость,Belgrade river cruise on the Sava and Danube,Krstarenje Savom i Dunavom uz pogled na Kalemegdan,https://raw.githubusercontent.com/newsgl/arsposters/main/1425-BelgradeRiverCruise.webp,,Tours,"Полтора часа на двухпалубном теплоходе от Бетон-халы: крепость с воды, слияние рек, Ада-мост, бар на борту, аудиогид на английском и сербском. Суббота 19 сентября, от 36 €.","Ninety minutes on a two-deck boat from Beton Hala: the fortress from the water, the confluence, Ada Bridge, a bar on board and an audio guide in English and Serbian. Saturday 19 September, from €36.","Sat i po na brodu sa dve palube od Beton hale: tvrđava sa vode, ušće, Most na Adi, bar na brodu i audio-vodič na engleskom i srpskom. Subota 19. septembar, od 36 €.","Самый простой способ увидеть Белград целиком: с воды. Теплоход отходит от пристани у **Бетон-халы**, напротив ресторана Ambar, и за полтора часа проходит мимо Великого военного острова, Калемегдана и башни Небойша к месту, где Сава впадает в Дунай и вода двух рек ещё какое-то время не смешивается.

Дальше маршрут идёт вверх по Саве: Музей современного искусства, мост Бранко, старый Савский мост, набережная Beograd na vodi с Белградской башней, Газела, два железнодорожных моста и разворот у моста Ада.

Судно двухпалубное, на каждой палубе бар и туалет, у капитанской рубки открытая терраса для фотографий. Аудиогид на английском и сербском. Оператор возит по рекам почти двадцать лет. Не подходит для гостей на инвалидных колясках.

Место посадки: пристань напротив ресторана Ambar, Karađorđeva 2-4, Бетон-хала.

Язык экскурсии: аудиогид на английском и сербском.

Дата: суббота, 19 сентября 2026. Время начала выбирается при бронировании.

Цена: от 36 € с человека. Бронирование на GetYourGuide, отмена бесплатна за 24 часа до начала. Партнёрская ссылка на бронирование.","The easiest way to see the whole of Belgrade is from the water. The boat leaves the pier at **Beton Hala**, opposite the Ambar restaurant, and in ninety minutes passes the Great War Island, Kalemegdan and the Nebojša Tower to the spot where the Sava meets the Danube and the two rivers keep their colours for a while.

The route then turns up the Sava: the Museum of Contemporary Art, Branko's Bridge, the old Sava bridge, the Belgrade Waterfront promenade with the Belgrade Tower, Gazela, the two railway bridges and a turn at Ada Bridge.

The boat has two decks, each with a bar and toilets, and an open terrace by the wheelhouse for photos. Audio guide in English and Serbian. The operator has been running river cruises for almost twenty years. Not suitable for wheelchair users.

Boarding point: the pier opposite the Ambar restaurant, Karađorđeva 2-4, Beton Hala.

Tour language: audio guide in English and Serbian.

Date: Saturday 19 September 2026. The starting time is chosen when booking.

Price: from €36 per person. Booking on GetYourGuide, free cancellation up to 24 hours before the start. Affiliate booking link.","Najlakši način da se vidi ceo Beograd jeste sa vode. Brod polazi sa pristana kod **Beton hale**, preko puta restorana Ambar, i za sat i po prolazi pored Velikog ratnog ostrva, Kalemegdana i Kule Nebojše do mesta gde se Sava uliva u Dunav, a vode dveju reka još neko vreme zadržavaju svoju boju.

Dalje se ide uz Savu: Muzej savremene umetnosti, Brankov most, Stari savski most, šetalište Beograda na vodi sa Kulom Beograd, Gazela, dva železnička mosta i okret kod Mosta na Adi.

Brod ima dve palube, na svakoj bar i toalet, a kod kormilarnice je otvorena terasa za fotografisanje. Audio-vodič na engleskom i srpskom. Operater vozi rekama skoro dvadeset godina. Nije pogodno za goste u invalidskim kolicima.

Mesto ukrcavanja: pristan preko puta restorana Ambar, Karađorđeva 2-4, Beton hala.

Jezik ture: audio-vodič na engleskom i srpskom.

Datum: subota, 19. septembar 2026. Vreme početka bira se pri rezervaciji.

Cena: od 36 € po osobi. Rezervacija na GetYourGuide, besplatno otkazivanje do 24 sata pre početka. Partnerski link za rezervaciju.",,4210,Beton hala,"Karađorđeva 2-4, 11000 Beograd","44.823750,20.453560",https://www.getyourguide.com/belgrade-l1688/belgrade-guided-sightseeing-cruise-danube-and-sava-rivers-t619982/?partner_id=2UELYBV&utm_medium=online_publisher&cmp=ev1425,GetYourGuide,https://www.getyourguide.com/belgrade-l1688/belgrade-guided-sightseeing-cruise-danube-and-sava-rivers-t619982/?partner_id=2UELYBV&utm_medium=online_publisher&cmp=ev1425,Jahting klub Kej,https://www.getyourguide.com/belgrade-l1688/belgrade-guided-sightseeing-cruise-danube-and-sava-rivers-t619982/?partner_id=2UELYBV&utm_medium=online_publisher&cmp=ev1425,,,,,,"круиз, Сава, Дунай, теплоход, Бетон-хала, экскурсия, GetYourGuide","cruise, Sava, Danube, boat, Beton Hala, tour, GetYourGuide","krstarenje, Sava, Dunav, brod, Beton hala, tura, GetYourGuide"
9/18/2026,9/18/2026,9/13/2026,1426,Organization,Serbia Excursions,,,Event,Закатный круиз по Саве с гидом,Belgrade sunset cruise with a live guide,Krstarenje Savom u zalazak sunca sa vodičem,https://raw.githubusercontent.com/newsgl/arsposters/main/1426-BelgradeSunsetCruise.webp,,Tours,"Открытый катер, полтора часа по Саве и к Дунаю на закате, англоговорящий гид рассказывает о крепости, мостах и Ушче. Пятница 18 сентября, от 35 €.","An open boat, ninety minutes along the Sava towards the Danube at sunset, with an English-speaking guide talking about the fortress, the bridges and Ušće. Friday 18 September, from €35.","Otvoreni brod, sat i po Savom ka Dunavu u zalazak sunca, vodič na engleskom priča o tvrđavi, mostovima i Ušću. Petak 18. septembar, od 35 €.","Вечерний вариант речной прогулки: катер выходит на Саву ближе к закату, когда крепость и мосты подсвечены низким солнцем. На борту живой гид на английском, а не запись, поэтому можно задавать вопросы.

Маршрут: Белградская крепость, Великий военный остров, мост Бранко и Газела, набережная Beograd na vodi и павильоны Белградской ярмарки с первым залом, одним из самых больших купольных сооружений в мире. Чистое время на воде около 1 часа 20 минут, ещё десять минут уходят на встречу с гидом и посадку.

Летом это открытая палуба, зимой закрытая тёплая часть. Есть групповой и частный вариант. Обратите внимание: в июне солнце садится поздно, и заката в рамках прогулки может не быть, об этом честно пишут в отзывах.

Место посадки: пристань на Саве в центре города, точный адрес приходит в подтверждении брони.

Язык экскурсии: английский.

Дата: пятница, 18 сентября 2026. Время начала выбирается при бронировании.

Цена: от 35 € с человека. Бронирование на GetYourGuide, отмена бесплатна за 24 часа до начала. Партнёрская ссылка на бронирование.","The evening version of the river cruise: the boat heads out on the Sava close to sunset, when the fortress and the bridges catch the low sun. The guide on board is a live English speaker, not a recording, so you can ask questions.

The route covers Belgrade Fortress, the Great War Island, Branko's Bridge and Gazela, the Belgrade Waterfront promenade and the Belgrade Fair pavilions, whose Hall 1 is one of the largest domed structures in the world. Time on the water is about 1 hour 20 minutes, with another ten minutes for meeting the guide and boarding.

In summer this is an open deck, in winter a closed heated cabin. Group and private options are available. One honest note from the reviews: in June the sun sets late, so the cruise may end before the actual sunset.

Boarding point: a pier on the Sava in the city centre, the exact address comes with the booking confirmation.

Tour language: English.

Date: Friday 18 September 2026. The starting time is chosen when booking.

Price: from €35 per person. Booking on GetYourGuide, free cancellation up to 24 hours before the start. Affiliate booking link.","Večernja verzija rečne vožnje: brod izlazi na Savu pred zalazak sunca, kada su tvrđava i mostovi obasjani niskim suncem. Na brodu je vodič uživo na engleskom, ne snimak, pa može da se pita.

Ruta: Beogradska tvrđava, Veliko ratno ostrvo, Brankov most i Gazela, šetalište Beograda na vodi i paviljoni Beogradskog sajma, čija je Hala 1 jedna od najvećih kupola na svetu. Čisto vreme na vodi je oko 1 sat i 20 minuta, još desetak minuta ide na susret sa vodičem i ukrcavanje.

Leti je to otvorena paluba, zimi zatvoreni grejani deo. Postoje grupna i privatna varijanta. Napomena iz recenzija: u junu sunce zalazi kasno, pa se vožnja može završiti pre samog zalaska.

Mesto ukrcavanja: pristan na Savi u centru grada, tačna adresa stiže uz potvrdu rezervacije.

Jezik ture: engleski.

Datum: petak, 18. septembar 2026. Vreme početka bira se pri rezervaciji.

Cena: od 35 € po osobi. Rezervacija na GetYourGuide, besplatno otkazivanje do 24 sata pre početka. Partnerski link za rezervaciju.",,4100,Sava Promenada,Sava Promenada,"44.8065669,20.447273",https://www.getyourguide.com/belgrade-l1688/belgrade-sunset-cruise-with-live-guide-t157707/?partner_id=2UELYBV&utm_medium=online_publisher&cmp=ev1426,GetYourGuide,https://www.getyourguide.com/belgrade-l1688/belgrade-sunset-cruise-with-live-guide-t157707/?partner_id=2UELYBV&utm_medium=online_publisher&cmp=ev1426,Serbia Excursions,https://www.getyourguide.com/belgrade-l1688/belgrade-sunset-cruise-with-live-guide-t157707/?partner_id=2UELYBV&utm_medium=online_publisher&cmp=ev1426,,,,,,"закат, круиз, Сава, катер, гид, экскурсия, GetYourGuide","sunset, cruise, Sava, boat, guide, tour, GetYourGuide","zalazak sunca, krstarenje, Sava, brod, vodič, tura, GetYourGuide"
9/19/2026,9/19/2026,9/13/2026,1427,Organization,Victor Tours,,,Event,Нови-Сад и Сремски-Карловци: поездка на день из Белграда,Novi Sad and Sremski Karlovci day trip from Belgrade,Novi Sad i Sremski Karlovci: jednodnevni izlet iz Beograda,https://raw.githubusercontent.com/newsgl/arsposters/main/1427-NoviSadSremskiKarlovciTour.webp,,Tours,"Восемь часов с гидом на английском: монастырь Крушедол, бермет в Сремски-Карловци, Петроварадинская крепость и два свободных часа в Нови-Саде. Забирают от отеля. Суббота 19 сентября, от 65 €.","Eight hours with an English-speaking guide: Krušedol monastery, Bermet wine in Sremski Karlovci, Petrovaradin Fortress and two free hours in Novi Sad. Hotel pickup included. Saturday 19 September, from €65.","Osam sati sa vodičem na engleskom: manastir Krušedol, bermet u Sremskim Karlovcima, Petrovaradinska tvrđava i dva slobodna sata u Novom Sadu. Preuzimanje iz smeštaja. Subota 19. septembar, od 65 €.","Самая популярная однодневная поездка из Белграда по числу отзывов на GetYourGuide, больше 1 300. Минивэн забирает участников от отеля или квартиры в радиусе пяти километров от площади Республики, иногда просят дойти до ближайшей точки сбора, это не больше 7-8 минут пешком.

Через час дороги по Воеводине первая остановка в монастыре **Крушедол** на Фрушка-Горе, вход включён. Дальше **Сремски-Карловци**: барочная площадь, гимназия, Часовня мира и дегустация бермета, местного десертного вина, два бокала входят в цену. Потом **Петроварадинская крепость** с видом на Дунай и полчаса на прогулку по бастионам.

В **Нови-Саде** 45 минут с гидом по центру и два часа свободного времени на обед и кафе, обед за свой счёт. Возвращение в Белград ближе к вечеру. Для группы нужно минимум три участника, иначе за 16 часов предложат перенос или возврат. В монастырь нужна закрытая одежда.

Сбор: трансфер от вашего отеля или квартиры в радиусе 5 км от площади Республики, детали в подтверждении брони.

Язык экскурсии: английский.

Дата: суббота, 19 сентября 2026. Время начала выбирается при бронировании.

Цена: от 65 € с человека. Бронирование на GetYourGuide, отмена бесплатна за 24 часа до начала. Партнёрская ссылка на бронирование.","The most booked day trip from Belgrade on GetYourGuide, with over 1,300 reviews. A minivan collects you from your hotel or flat within five kilometres of Republic Square; sometimes you are asked to walk to the nearest pickup point, never more than 7-8 minutes.

After an hour across Vojvodina the first stop is **Krušedol** monastery on Fruška Gora, entry included. Then **Sremski Karlovci**: the baroque square, the old grammar school, the Chapel of Peace and a tasting of Bermet, the local dessert wine, two glasses included. Next comes **Petrovaradin Fortress** with its view over the Danube and half an hour on the bastions.

In **Novi Sad** there are 45 guided minutes in the centre and two free hours for lunch and cafés, lunch at your own expense. Back in Belgrade by early evening. The group runs with at least three participants; otherwise you are offered a new date or a refund 16 hours ahead. Modest clothing is needed for the monastery.

Meeting: pickup from your hotel or flat within 5 km of Republic Square, details in the booking confirmation.

Tour language: English.

Date: Saturday 19 September 2026. The starting time is chosen when booking.

Price: from €65 per person. Booking on GetYourGuide, free cancellation up to 24 hours before the start. Affiliate booking link.","Najtraženiji jednodnevni izlet iz Beograda po broju recenzija na GetYourGuide, više od 1.300. Minivan preuzima učesnike iz hotela ili stana u krugu od pet kilometara od Trga republike; ponekad se traži da se dođe do najbliže tačke, ne više od 7-8 minuta hoda.

Posle sat vremena vožnje kroz Vojvodinu prva stanica je manastir **Krušedol** na Fruškoj gori, ulaz uključen. Zatim **Sremski Karlovci**: barokni trg, Gimnazija, Kapela mira i degustacija bermeta, lokalnog desertnog vina, dve čaše su u ceni. Potom **Petrovaradinska tvrđava** sa pogledom na Dunav i pola sata na bedemima.

U **Novom Sadu** 45 minuta sa vodičem po centru i dva slobodna sata za ručak i kafiće, ručak o svom trošku. Povratak u Beograd predveče. Grupa ide sa najmanje tri učesnika, inače se 16 sati ranije nudi novi termin ili povraćaj. Za manastir je potrebna pristojna odeća.

Polazak: preuzimanje iz hotela ili stana u krugu od 5 km od Trga republike, detalji u potvrdi rezervacije.

Jezik ture: engleski.

Datum: subota, 19. septembar 2026. Vreme početka bira se pri rezervaciji.

Cena: od 65 € po osobi. Rezervacija na GetYourGuide, besplatno otkazivanje do 24 sata pre početka. Partnerski link za rezervaciju.",,7610,Trg republike,"Trg republike, 11000 Beograd","44.816222,20.460295",https://www.getyourguide.com/belgrade-l1688/from-belgrade-full-day-northern-serbia-pannonia-legacy-tour-t139223/?partner_id=2UELYBV&utm_medium=online_publisher&cmp=ev1427,GetYourGuide,https://www.getyourguide.com/belgrade-l1688/from-belgrade-full-day-northern-serbia-pannonia-legacy-tour-t139223/?partner_id=2UELYBV&utm_medium=online_publisher&cmp=ev1427,Victor Tours,https://www.getyourguide.com/belgrade-l1688/from-belgrade-full-day-northern-serbia-pannonia-legacy-tour-t139223/?partner_id=2UELYBV&utm_medium=online_publisher&cmp=ev1427,,,,,,"Нови-Сад, Сремски-Карловци, Петроварадин, Крушедол, бермет, поездка на день, GetYourGuide","Novi Sad, Sremski Karlovci, Petrovaradin, Krušedol, Bermet, day trip, GetYourGuide","Novi Sad, Sremski Karlovci, Petrovaradin, Krušedol, bermet, jednodnevni izlet, GetYourGuide"
9/19/2026,9/19/2026,9/13/2026,1428,Organization,Serbia Inspired Tours,,,Event,"Восточная Сербия за день: Манасия, Ресавская пещера и водопад Велики Бук","Eastern Serbia in a day: Manasija, Resava Cave and Veliki Buk waterfall","Istočna Srbija za jedan dan: Manasija, Resavska pećina i Veliki buk",https://raw.githubusercontent.com/newsgl/arsposters/main/1428-EasternSerbiaTour.webp,,Tours,"Десять часов с гидом на английском и трансфером от отеля: монастырь-крепость Манасия, Ресавская пещера, водопад Велики Бук и источник Крупай. Суббота 19 сентября, от 105 €.","Ten hours with an English-speaking guide and hotel pickup: the fortified Manasija monastery, Resava Cave, Veliki Buk waterfall and the Krupaj spring. Saturday 19 September, from €105.","Deset sati sa vodičem na engleskom i preuzimanjem iz hotela: utvrđeni manastir Manasija, Resavska pećina, vodopad Veliki buk i vrelo Krupaj. Subota 19. septembar, od 105 €.","Поездка с самой высокой оценкой среди белградских однодневных туров на GetYourGuide: 5,0 по почти шестистам отзывам. Маршрут собран вокруг Ресавского края, куда без машины добраться сложно.

Первая остановка **Манасия**, монастырь начала XV века, обнесённый крепостной стеной с одиннадцатью башнями; фрески церкви Святой Троицы считают вершиной поздневизантийской живописи в Сербии. Затем **Ресавская пещера**, открытая в 1962 году: для посетителей оборудовано 800 метров галерей, внутри круглый год около 7 градусов, берите кофту.

После обеденной паузы **Велики Бук**, самый высокий водопад Восточной Сербии в урочище Лисине, и **источник Крупай** у подножия Беляницы, карстовое озеро с водой цвета бирюзы. Возвращение в Белград ранним вечером. Забирают от отеля, гид говорит по-английски, доступны частный и малогрупповой варианты.

Сбор: трансфер от вашего отеля в Белграде, детали в подтверждении брони.

Язык экскурсии: английский.

Дата: суббота, 19 сентября 2026. Время начала выбирается при бронировании.

Цена: от 105 € с человека. Бронирование на GetYourGuide, отмена бесплатна за 24 часа до начала. Партнёрская ссылка на бронирование.","The highest-rated of the Belgrade day trips on GetYourGuide: 5.0 across almost six hundred reviews. The route is built around the Resava region, hard to reach without a car.

The first stop is **Manasija**, an early 15th-century monastery ringed by a fortress wall with eleven towers; the frescoes of its Holy Trinity church are considered the peak of late Byzantine painting in Serbia. Next is **Resava Cave**, discovered in 1962: 800 metres of galleries are open to visitors, and it stays around 7 degrees inside all year, so bring a jumper.

After a lunch break come **Veliki Buk**, the tallest waterfall in eastern Serbia at Lisine, and the **Krupaj spring** at the foot of Beljanica, a karst pool of turquoise water. Back in Belgrade by early evening. Hotel pickup, an English-speaking guide, and private or small-group options are available.

Meeting: pickup from your hotel in Belgrade, details in the booking confirmation.

Tour language: English.

Date: Saturday 19 September 2026. The starting time is chosen when booking.

Price: from €105 per person. Booking on GetYourGuide, free cancellation up to 24 hours before the start. Affiliate booking link.","Izlet sa najvišom ocenom među beogradskim jednodnevnim turama na GetYourGuide: 5,0 na skoro šest stotina recenzija. Ruta je složena oko Resavskog kraja, do kog je bez auta teško stići.

Prva stanica je **Manasija**, manastir s početka XV veka opasan tvrđavskim zidom sa jedanaest kula; freske crkve Svete Trojice smatraju se vrhuncem poznovizantijskog slikarstva u Srbiji. Zatim **Resavska pećina**, otkrivena 1962: za posetioce je uređeno 800 metara galerija, unutra je cele godine oko 7 stepeni, ponesite džemper.

Posle pauze za ručak sledi **Veliki buk**, najviši vodopad istočne Srbije na Lisinama, i **vrelo Krupaj** u podnožju Beljanice, kraško jezerce tirkizne vode. Povratak u Beograd predveče. Preuzimanje iz hotela, vodič na engleskom, postoje privatna i malogrupna varijanta.

Polazak: preuzimanje iz hotela u Beogradu, detalji u potvrdi rezervacije.

Jezik ture: engleski.

Datum: subota, 19. septembar 2026. Vreme početka bira se pri rezervaciji.

Cena: od 105 € po osobi. Rezervacija na GetYourGuide, besplatno otkazivanje do 24 sata pre početka. Partnerski link za rezervaciju.",,12290,Trg republike,"Trg republike, 11000 Beograd","44.816222,20.460295",https://www.getyourguide.com/belgrade-l1688/from-belgrade-gems-of-eastern-serbia-tour-t209859/?partner_id=2UELYBV&utm_medium=online_publisher&cmp=ev1428,GetYourGuide,https://www.getyourguide.com/belgrade-l1688/from-belgrade-gems-of-eastern-serbia-tour-t209859/?partner_id=2UELYBV&utm_medium=online_publisher&cmp=ev1428,Serbia Inspired Tours,https://www.getyourguide.com/belgrade-l1688/from-belgrade-gems-of-eastern-serbia-tour-t209859/?partner_id=2UELYBV&utm_medium=online_publisher&cmp=ev1428,,,,,,"Манасия, Ресавская пещера, Велики Бук, Крупай, Восточная Сербия, поездка на день, GetYourGuide","Manasija, Resava Cave, Veliki Buk, Krupaj, Eastern Serbia, day trip, GetYourGuide","Manasija, Resavska pećina, Veliki buk, Krupaj, istočna Srbija, jednodnevni izlet, GetYourGuide"
9/20/2026,9/20/2026,9/13/2026,1429,Organization,Victor Tours,,,Event,Крепость Голубац и Джердапское ущелье с прогулкой на катере,Golubac Fortress and the Iron Gate gorge with a boat ride,Golubačka tvrđava i Đerdapska klisura sa vožnjom brodom,https://raw.githubusercontent.com/newsgl/arsposters/main/1429-GolubacIronGateTour.webp,,Tours,"Двенадцать часов: крепость Голубац на Дунае, обед с видом на реку и час на катере через Железные Ворота, самое узкое место Дуная. Гид на английском, забирают от отеля. Воскресенье 20 сентября, от 100 €.","Twelve hours: Golubac Fortress on the Danube, lunch above the river and an hour by boat through the Iron Gate, the narrowest point of the Danube. English-speaking guide, hotel pickup. Sunday 20 September, from €100.","Dvanaest sati: Golubačka tvrđava na Dunavu, ručak s pogledom na reku i sat vožnje brodom kroz Đerdap, najuže mesto Dunava. Vodič na engleskom, preuzimanje iz hotela. Nedelja 20. septembar, od 100 €.","Дунай в Джердапе не похож на реку у Белграда: перед Голубцем он разливается на несколько километров, а в Казане сжимается до полутора сотен метров между скалами. Тур показывает и то, и другое за один длинный день.

После двух часов дороги полтора часа в **крепости Голубац**, входной билет в первую зону включён. На верхние точки пускают только в спортивной обуви. Затем обед в ресторане на Капетан-Мишином-Бреге с видом на реку, по желанию, 15 € наличными, карты там не берут.

Главная часть дня: около часа на катере через **Железные Ворота**, мимо высеченного в скале лица дакийского царя Децебала на румынском берегу и Траяновой доски. Если из-за погоды катер отменят, вместо него будет смотровая площадка и музей Лепенски-Вир. Паспорт лучше взять с собой: рядом граница, полиция иногда проверяет документы. Возвращение в Белград поздно вечером. Минимум три участника в группе.

Сбор: трансфер от вашего отеля или квартиры в радиусе 5 км от площади Республики, детали в подтверждении брони.

Язык экскурсии: английский.

Дата: воскресенье, 20 сентября 2026. Время начала выбирается при бронировании.

Цена: от 100 € с человека. Бронирование на GetYourGuide, отмена бесплатна за 24 часа до начала. Партнёрская ссылка на бронирование.","The Danube at Đerdap looks nothing like the river at Belgrade: before Golubac it spreads several kilometres wide, and in the Kazan it squeezes to about 150 metres between cliffs. This tour shows both in one long day.

After two hours on the road you get ninety minutes at **Golubac Fortress**, the entry ticket for the first zone included. The upper towers are open only in sports shoes. Then an optional lunch at a restaurant on Kapetan Mišin Breg above the river, €15 in cash, no cards accepted there.

The main event is about an hour by boat through the **Iron Gate**, past the face of the Dacian king Decebalus carved into the Romanian bank and the Tabula Traiana. If weather cancels the boat, a viewpoint and the Lepenski Vir museum take its place. Bring your passport: the border is close and police occasionally check documents. Back in Belgrade late in the evening. Minimum three participants for the group.

Meeting: pickup from your hotel or flat within 5 km of Republic Square, details in the booking confirmation.

Tour language: English.

Date: Sunday 20 September 2026. The starting time is chosen when booking.

Price: from €100 per person. Booking on GetYourGuide, free cancellation up to 24 hours before the start. Affiliate booking link.","Dunav u Đerdapu ne liči na reku kod Beograda: pred Golupcem se razliva na nekoliko kilometara, a u Kazanu se stisne na oko 150 metara između stena. Ova tura pokazuje i jedno i drugo za jedan dug dan.

Posle dva sata vožnje sledi sat i po u **Golubačkoj tvrđavi**, ulaznica za prvu zonu je uključena. Na gornje kule puštaju samo u sportskoj obući. Zatim ručak u restoranu na Kapetan Mišinom bregu sa pogledom na reku, po želji, 15 € u gotovini, kartice tamo ne primaju.

Glavni deo dana je oko sat vremena brodom kroz **Đerdapsku klisuru**, pored lika dačkog kralja Decebala uklesanog u stenu na rumunskoj obali i Trajanove table. Ako vreme otkaže brod, umesto njega su vidikovac i muzej Lepenski Vir. Ponesite pasoš: granica je blizu, policija ponekad proverava dokumenta. Povratak u Beograd kasno uveče. Najmanje tri učesnika u grupi.

Polazak: preuzimanje iz hotela ili stana u krugu od 5 km od Trga republike, detalji u potvrdi rezervacije.

Jezik ture: engleski.

Datum: nedelja, 20. septembar 2026. Vreme početka bira se pri rezervaciji.

Cena: od 100 € po osobi. Rezervacija na GetYourGuide, besplatno otkazivanje do 24 sata pre početka. Partnerski link za rezervaciju.",,11700,Trg republike,"Trg republike, 11000 Beograd","44.816222,20.460295",https://www.getyourguide.com/belgrade-l1688/from-belgrade-golubac-fortress-and-iron-gate-gorge-tour-t202822/?partner_id=2UELYBV&utm_medium=online_publisher&cmp=ev1429,GetYourGuide,https://www.getyourguide.com/belgrade-l1688/from-belgrade-golubac-fortress-and-iron-gate-gorge-tour-t202822/?partner_id=2UELYBV&utm_medium=online_publisher&cmp=ev1429,Victor Tours,https://www.getyourguide.com/belgrade-l1688/from-belgrade-golubac-fortress-and-iron-gate-gorge-tour-t202822/?partner_id=2UELYBV&utm_medium=online_publisher&cmp=ev1429,,,,,,"Голубац, Джердап, Железные Ворота, Дунай, катер, поездка на день, GetYourGuide","Golubac, Đerdap, Iron Gate, Danube, boat, day trip, GetYourGuide","Golubac, Đerdap, Gvozdena vrata, Dunav, brod, jednodnevni izlet, GetYourGuide"
9/19/2026,9/19/2026,9/13/2026,1430,Organization,Victor Tours,,,Event,"Западная Сербия за день: Шарганска осмица, Дрвенград и Домик на Дрине","Western Serbia in a day: Šargan Eight, Drvengrad and the House on the Drina","Zapadna Srbija za jedan dan: Šarganska osmica, Drvengrad i Kućica na Drini",https://raw.githubusercontent.com/newsgl/arsposters/main/1430-WesternSerbiaTour.webp,,Tours,"Десять часов в малой группе до 15 человек: узкоколейка Шарганска осмица, деревянный город Кустурицы и домик на скале посреди Дрины. Гид на английском, забирают от отеля. Суббота 19 сентября, от 110 €.","Ten hours in a small group of up to 15: the Šargan Eight narrow-gauge railway, Kusturica's wooden village and the house on a rock in the middle of the Drina. English-speaking guide, hotel pickup. Saturday 19 September, from €110.","Deset sati u maloj grupi do 15 ljudi: uskotračna Šarganska osmica, Kusturičin drveni grad i kućica na steni usred Drine. Vodič na engleskom, preuzimanje iz hotela. Subota 19. septembar, od 110 €.","Три открыточных места Западной Сербии в одной поездке. Дорога от Белграда занимает около двух с половиной часов через горы, тем, кого укачивает, стоит подготовиться заранее, об этом предупреждают в отзывах.

Первая остановка **Шарганска осмица**: узкоколейка 1925 года, где поезд с деревянными скамьями и печками описывает восьмёрку по склонам Мокра-Горы, набирая высоту. Билет на поезд включён. Рядом **Дрвенград** на холме Мечавник, деревянный посёлок, который Эмир Кустурица построил на съёмках «Жизни как чуда»; здесь полтора часа на прогулку и обед за свой счёт, вход включён.

Дальше через смотровую площадку **Капия Подринья** к Баина-Баште, где на камне посреди Дрины стоит тот самый домик с фотографии National Geographic. Возвращение в Белград к позднему вечеру. Группа не больше 15 человек, для выезда нужно минимум трое.

Сбор: трансфер от вашего отеля или квартиры в радиусе 5 км от площади Республики, детали в подтверждении брони.

Язык экскурсии: английский.

Дата: суббота, 19 сентября 2026. Время начала выбирается при бронировании.

Цена: от 110 € с человека. Бронирование на GetYourGuide, отмена бесплатна за 24 часа до начала. Партнёрская ссылка на бронирование.","Three postcard sights of western Serbia in one trip. The drive from Belgrade takes about two and a half hours through the mountains; reviews warn that anyone prone to motion sickness should come prepared.

The first stop is the **Šargan Eight**: a narrow-gauge railway from 1925 where a train with wooden benches and stoves climbs the slopes of Mokra Gora in a figure of eight. The train ticket is included. Next door is **Drvengrad** on Mećavnik hill, the timber village Emir Kusturica built while shooting Life Is a Miracle; ninety minutes here for a walk and lunch at your own expense, entry included.

Then via the **Kapija Podrinja** viewpoint to Bajina Bašta, where the house from the National Geographic photo stands on a rock in the middle of the Drina. Back in Belgrade late in the evening. Groups are capped at 15 and need at least three participants to run.

Meeting: pickup from your hotel or flat within 5 km of Republic Square, details in the booking confirmation.

Tour language: English.

Date: Saturday 19 September 2026. The starting time is chosen when booking.

Price: from €110 per person. Booking on GetYourGuide, free cancellation up to 24 hours before the start. Affiliate booking link.","Tri razgledničke tačke zapadne Srbije u jednom izletu. Put od Beograda traje oko dva i po sata kroz planine; u recenzijama upozoravaju da se oni kojima pozli u vožnji pripreme unapred.

Prva stanica je **Šarganska osmica**: uskotračna pruga iz 1925. gde voz sa drvenim klupama i pećima penje padinama Mokre Gore opisujući osmicu. Karta za voz je uključena. Odmah pored je **Drvengrad** na Mećavniku, drveno naselje koje je Emir Kusturica podigao tokom snimanja filma „Život je čudo“; ovde je sat i po za šetnju i ručak o svom trošku, ulaz uključen.

Dalje preko vidikovca **Kapija Podrinja** do Bajine Bašte, gde na steni usred Drine stoji ona kućica sa fotografije National Geographica. Povratak u Beograd kasno uveče. Grupa je najviše 15 ljudi, a za polazak je potrebno najmanje troje.

Polazak: preuzimanje iz hotela ili stana u krugu od 5 km od Trga republike, detalji u potvrdi rezervacije.

Jezik ture: engleski.

Datum: subota, 19. septembar 2026. Vreme početka bira se pri rezervaciji.

Cena: od 110 € po osobi. Rezervacija na GetYourGuide, besplatno otkazivanje do 24 sata pre početka. Partnerski link za rezervaciju.",,12870,Trg republike,"Trg republike, 11000 Beograd","44.816222,20.460295",https://www.getyourguide.com/belgrade-l1688/western-serbia-1-day-tour-of-the-key-sites-from-belgrade-t199627/?partner_id=2UELYBV&utm_medium=online_publisher&cmp=ev1430,GetYourGuide,https://www.getyourguide.com/belgrade-l1688/western-serbia-1-day-tour-of-the-key-sites-from-belgrade-t199627/?partner_id=2UELYBV&utm_medium=online_publisher&cmp=ev1430,Victor Tours,https://www.getyourguide.com/belgrade-l1688/western-serbia-1-day-tour-of-the-key-sites-from-belgrade-t199627/?partner_id=2UELYBV&utm_medium=online_publisher&cmp=ev1430,,,,,,"Шарганска осмица, Дрвенград, Мокра-Гора, Домик на Дрине, Кустурица, поездка на день, GetYourGuide","Šargan Eight, Drvengrad, Mokra Gora, House on the Drina, Kusturica, day trip, GetYourGuide","Šarganska osmica, Drvengrad, Mokra Gora, Kućica na Drini, Kusturica, jednodnevni izlet, GetYourGuide"
9/19/2026,9/19/2026,9/13/2026,1431,Organization,Serbia Inspired Tours,,,Event,Национальный парк Тара и долина Дрины: поездка из Белграда,Tara National Park and the Drina valley day trip from Belgrade,Nacionalni park Tara i dolina Drine: izlet iz Beograda,https://raw.githubusercontent.com/newsgl/arsposters/main/1431-TaraDrinaTour.webp,,Tours,"Одиннадцать часов в малой группе: Домик на Дрине, смотровые Баньска-Стена и Зеленика над каньоном, панорама Баина-Башты с Капии Подринья. Гид на английском, забирают от отеля. Суббота 19 сентября, от 115 €.","Eleven hours in a small group: the House on the Drina, the Banjska Stena and Zelenika viewpoints above the canyon, the view of Bajina Bašta from Kapija Podrinja. English-speaking guide, hotel pickup. Saturday 19 September, from €115.","Jedanaest sati u maloj grupi: Kućica na Drini, vidikovci Banjska stena i Zelenika iznad kanjona, panorama Bajine Bašte sa Kapije Podrinja. Vodič na engleskom, preuzimanje iz hotela. Subota 19. septembar, od 115 €.","Тара это горное плато над каньоном Дрины на границе с Боснией, самая зелёная часть Сербии: здесь растёт реликтовая ель Панчича и живёт самая большая в стране популяция медведей. Тур сделан ради видов, а не ради музеев.

День начинается с трансфера от отеля и дороги на запад до **Капии Подринья**, откуда открывается панорама Баина-Башты и долины. Затем **Домик на Дрине**: изба на скале посреди реки, которую студенты поставили в 1968 году и которую с тех пор несколько раз восстанавливали после паводков.

Дальше подъём в **национальный парк Тара** к смотровой **Баньска-Стена**, которую многие называют самым красивым видом в Сербии: озеро Перучац и каньон Дрины с высоты почти километра. Вторая площадка, Зеленика, смотрит на ту же долину с другой стороны. Возвращение в Белград поздно вечером. Группы маленькие, оператор тот же, что у тура по Восточной Сербии.

Сбор: трансфер от вашего отеля в Белграде, детали в подтверждении брони.

Язык экскурсии: английский.

Дата: суббота, 19 сентября 2026. Время начала выбирается при бронировании.

Цена: от 115 € с человека. Бронирование на GetYourGuide, отмена бесплатна за 24 часа до начала. Партнёрская ссылка на бронирование.","Tara is a mountain plateau above the Drina canyon on the Bosnian border and the greenest corner of Serbia: the relict Serbian spruce grows here, and the country's largest bear population lives here. This trip is about views rather than museums.

The day starts with hotel pickup and the drive west to **Kapija Podrinja**, with its panorama of Bajina Bašta and the valley. Then the **House on the Drina**: a cabin on a rock in the middle of the river, put up by students in 1968 and rebuilt several times since after floods.

The road then climbs into **Tara National Park** to the **Banjska Stena** viewpoint, which many call the finest view in Serbia: Lake Perućac and the Drina canyon from almost a kilometre up. A second viewpoint, Zelenika, looks at the same valley from the other side. Back in Belgrade late in the evening. Groups are small; the operator is the same as on the Eastern Serbia trip.

Meeting: pickup from your hotel in Belgrade, details in the booking confirmation.

Tour language: English.

Date: Saturday 19 September 2026. The starting time is chosen when booking.

Price: from €115 per person. Booking on GetYourGuide, free cancellation up to 24 hours before the start. Affiliate booking link.","Tara je planinska visoravan iznad kanjona Drine na granici sa Bosnom i najzeleniji deo Srbije: ovde raste reliktna Pančićeva omorika i živi najveća populacija medveda u zemlji. Ovaj izlet je zbog pogleda, ne zbog muzeja.

Dan počinje preuzimanjem iz hotela i vožnjom na zapad do **Kapije Podrinja**, sa koje se pruža panorama Bajine Bašte i doline. Zatim **Kućica na Drini**: brvnara na steni usred reke, koju su studenti podigli 1968. i koja je od tada nekoliko puta obnavljana posle poplava.

Sledi uspon u **Nacionalni park Tara** do vidikovca **Banjska stena**, koji mnogi zovu najlepšim pogledom u Srbiji: jezero Perućac i kanjon Drine sa skoro kilometar visine. Drugi vidikovac, Zelenika, gleda na istu dolinu sa druge strane. Povratak u Beograd kasno uveče. Grupe su male, operater je isti kao na turi po istočnoj Srbiji.

Polazak: preuzimanje iz hotela u Beogradu, detalji u potvrdi rezervacije.

Jezik ture: engleski.

Datum: subota, 19. septembar 2026. Vreme početka bira se pri rezervaciji.

Cena: od 115 € po osobi. Rezervacija na GetYourGuide, besplatno otkazivanje do 24 sata pre početka. Partnerski link za rezervaciju.",,13460,Trg republike,"Trg republike, 11000 Beograd","44.816222,20.460295",https://www.getyourguide.com/belgrade-l1688/from-belgrade-tara-national-park-drina-river-valley-tour-t210579/?partner_id=2UELYBV&utm_medium=online_publisher&cmp=ev1431,GetYourGuide,https://www.getyourguide.com/belgrade-l1688/from-belgrade-tara-national-park-drina-river-valley-tour-t210579/?partner_id=2UELYBV&utm_medium=online_publisher&cmp=ev1431,Serbia Inspired Tours,https://www.getyourguide.com/belgrade-l1688/from-belgrade-tara-national-park-drina-river-valley-tour-t210579/?partner_id=2UELYBV&utm_medium=online_publisher&cmp=ev1431,,,,,,"Тара, Дрина, Баньска-Стена, Домик на Дрине, Баина-Башта, поездка на день, GetYourGuide","Tara, Drina, Banjska Stena, House on the Drina, Bajina Bašta, day trip, GetYourGuide","Tara, Drina, Banjska stena, Kućica na Drini, Bajina Bašta, jednodnevni izlet, GetYourGuide"
9/17/2026,9/17/2026,9/13/2026,1432,Organization,GetYourGuide,,,Event,Пешая экскурсия по истории Сербии: три часа по старому Белграду,Serbian history walking tour: three hours through old Belgrade,Pešačka tura kroz istoriju Srbije: tri sata starim Beogradom,https://raw.githubusercontent.com/newsgl/arsposters/main/1432-SerbianHistoryWalkingTour.webp,,Tours,"Три часа пешком со Скадарлии до Калемегдана, Военного музея и церкви Ружица: от кельтов и римлян до девяностых. Гид на английском, есть немецкий, итальянский и испанский. Четверг 17 сентября, от 30 €.","Three hours on foot from Skadarlija to Kalemegdan, the Military Museum and the Ružica church: from the Celts and Romans to the 1990s. Guides in English, German, Italian and Spanish. Thursday 17 September, from €30.","Tri sata pešaka od Skadarlije do Kalemegdana, Vojnog muzeja i crkve Ružice: od Kelta i Rimljana do devedesetih. Vodiči na engleskom, nemačkom, italijanskom i španskom. Četvrtak 17. septembar, od 30 €.","Экскурсия для первого дня в городе, если хочется понять, почему Белград выглядит именно так. Гид ведёт рассказ от кельтского поселения и римского Сингидунума через Византию, османов и Австро-Венгрию к Югославии и распаду девяностых, не обходя неудобные темы.

Маршрут пеший, около трёх часов: богемная **Скадарлия**, старый центр, **Калемегдан** с видом на слияние рек, **Военный музей** под стенами крепости и **церковь Ружица**, встроенная в крепостную стену, с люстрами из гильз и сабель.

Оценка 4,9 по трём с лишним сотням отзывов, гидов хвалят за умение рассказывать без учебника. Экскурсии идут на английском, немецком, итальянском и испанском, язык выбирается при бронировании. Маршрут доступен для колясок.

Место встречи: в центре города, точный адрес приходит в подтверждении брони.

Язык экскурсии: английский, немецкий, итальянский или испанский, выбирается при бронировании.

Дата: четверг, 17 сентября 2026. Время начала выбирается при бронировании.

Цена: от 30 € с человека. Бронирование на GetYourGuide, отмена бесплатна за 24 часа до начала. Партнёрская ссылка на бронирование.","A walk for your first day in the city, if you want to understand why Belgrade looks the way it does. The guide runs the story from the Celtic settlement and Roman Singidunum through Byzantium, the Ottomans and Austria-Hungary to Yugoslavia and the break-up of the 1990s, without skipping the uncomfortable parts.

The route is on foot, about three hours: bohemian **Skadarlija**, the old centre, **Kalemegdan** with its view of the confluence, the **Military Museum** below the fortress walls and the **Ružica church**, built into the rampart, with chandeliers made of bullet casings and sabres.

Rated 4.9 across more than three hundred reviews; the guides are praised for telling history without reading from a textbook. Tours run in English, German, Italian and Spanish, the language is chosen when booking. The route is wheelchair accessible.

Meeting point: in the city centre, the exact address comes with the booking confirmation.

Tour language: English, German, Italian or Spanish, chosen when booking.

Date: Thursday 17 September 2026. The starting time is chosen when booking.

Price: from €30 per person. Booking on GetYourGuide, free cancellation up to 24 hours before the start. Affiliate booking link.","Šetnja za prvi dan u gradu, ako želite da razumete zašto Beograd izgleda baš ovako. Vodič vodi priču od keltskog naselja i rimskog Singidunuma preko Vizantije, Osmanlija i Austrougarske do Jugoslavije i raspada devedesetih, ne zaobilazeći neprijatne teme.

Ruta je pešačka, oko tri sata: boemska **Skadarlija**, stari centar, **Kalemegdan** sa pogledom na ušće, **Vojni muzej** ispod bedema i **crkva Ružica**, ugrađena u tvrđavski zid, sa lusterima od čaura i sablji.

Ocena 4,9 na više od tri stotine recenzija; vodiče hvale što pričaju istoriju bez udžbenika. Ture idu na engleskom, nemačkom, italijanskom i španskom, jezik se bira pri rezervaciji. Ruta je pristupačna za kolica.

Mesto susreta: u centru grada, tačna adresa stiže uz potvrdu rezervacije.

Jezik ture: engleski, nemački, italijanski ili španski, bira se pri rezervaciji.

Datum: četvrtak, 17. septembar 2026. Vreme početka bira se pri rezervaciji.

Cena: od 30 € po osobi. Rezervacija na GetYourGuide, besplatno otkazivanje do 24 sata pre početka. Partnerski link za rezervaciju.",,3510,Trg republike,"Trg republike, 11000 Beograd","44.816222,20.460295",https://www.getyourguide.com/belgrade-l1688/belgrade-3-hour-serbian-history-walking-tour-t361790/?partner_id=2UELYBV&utm_medium=online_publisher&cmp=ev1432,GetYourGuide,https://www.getyourguide.com/belgrade-l1688/belgrade-3-hour-serbian-history-walking-tour-t361790/?partner_id=2UELYBV&utm_medium=online_publisher&cmp=ev1432,GetYourGuide,https://www.getyourguide.com/belgrade-l1688/belgrade-3-hour-serbian-history-walking-tour-t361790/?partner_id=2UELYBV&utm_medium=online_publisher&cmp=ev1432,,,,,,"пешая экскурсия, история, Калемегдан, Скадарлия, Ружица, Военный музей, GetYourGuide","walking tour, history, Kalemegdan, Skadarlija, Ružica, Military Museum, GetYourGuide","pešačka tura, istorija, Kalemegdan, Skadarlija, Ružica, Vojni muzej, GetYourGuide"
9/17/2026,9/17/2026,9/13/2026,1433,Organization,Balkan Roads (Belgrade Walking Tours),,,Event,"Подземный Белград: Римский колодец, бункер и пороховой склад с бокалом вина","Underground Belgrade: Roman Well, bunker and gunpowder magazine with a glass of wine","Podzemni Beograd: Rimski bunar, bunker i barutana uz čašu vina",https://raw.githubusercontent.com/newsgl/arsposters/main/1433-BelgradeUndergroundTour.webp,,Tours,"Три часа под Калемегданом: Римский колодец, военный бункер времён Тито, Большой пороховой склад с римскими саркофагами и финал в винном погребе XIX века. Гид на английском, сбор у памятника князю Михаилу. Четверг 17 сентября, от 20 €.","Three hours beneath Kalemegdan: the Roman Well, a Tito-era military bunker, the Big Gunpowder Magazine with Roman sarcophagi and a finish in a 19th-century wine cellar. English-speaking guide, meet at the Prince Mihailo monument. Thursday 17 September, from €20.","Tri sata ispod Kalemegdana: Rimski bunar, vojni bunker iz Titovog doba, Velika barutana sa rimskim sarkofazima i završetak u vinskom podrumu iz XIX veka. Vodič na engleskom, okupljanje kod spomenika knezu Mihailu. Četvrtak 17. septembar, od 20 €.","Белградская крепость под землёй интереснее, чем сверху, и самостоятельно в большинство этих мест не попасть. Гид встречает группу у памятника князю Михаилу на площади Республики, узнать его можно по жёлтому зонту.

Первая точка **Римский колодец**: вопреки названию, шахта глубиной больше 60 метров выкопана австрийцами в XVIII веке, вниз ведёт двойная спиральная лестница. Затем **военный бункер** времён Тито внутри крепости и **Большой пороховой склад**, где сейчас стоят римские алтари и саркофаги, найденные при раскопках Сингидунума.

По дороге гид показывает казематы и лагумы, подземные ходы под Дорчолом, где когда-то хранили продукты и вино. Финал в винном погребе XIX века с бокалом вина, входные билеты и вино включены. Не подходит тем, кто плохо переносит замкнутые пространства; понадобится удобная обувь, летом вода и головной убор.

Место встречи: памятник князю Михаилу на площади Республики, гид с жёлтым зонтом.

Язык экскурсии: английский.

Дата: четверг, 17 сентября 2026. Время начала выбирается при бронировании.

Цена: от 20 € с человека. Бронирование на GetYourGuide, отмена бесплатна за 24 часа до начала. Партнёрская ссылка на бронирование.","Belgrade Fortress is more interesting below ground than above it, and most of these places cannot be visited on your own. The guide meets the group at the Prince Mihailo monument on Republic Square, recognisable by a yellow umbrella.

The first stop is the **Roman Well**: despite the name, the shaft, over 60 metres deep, was dug by the Austrians in the 18th century, with a double spiral staircase leading down. Then a **military bunker** from Tito's time inside the fortress and the **Big Gunpowder Magazine**, which now houses Roman altars and sarcophagi found in the excavations of Singidunum.

Along the way the guide shows casemates and the lagums, the underground passages under Dorćol once used to store food and wine. The tour ends in a 19th-century wine cellar with a glass of wine; entry tickets and the wine are included. Not for anyone uncomfortable in enclosed spaces; bring comfortable shoes, and water and a hat in summer.

Meeting point: the Prince Mihailo monument on Republic Square, look for the guide with a yellow umbrella.

Tour language: English.

Date: Thursday 17 September 2026. The starting time is chosen when booking.

Price: from €20 per person. Booking on GetYourGuide, free cancellation up to 24 hours before the start. Affiliate booking link.","Beogradska tvrđava je pod zemljom zanimljivija nego iznad nje, a u većinu ovih mesta ne može se samostalno. Vodič dočekuje grupu kod spomenika knezu Mihailu na Trgu republike, prepoznaje se po žutom kišobranu.

Prva tačka je **Rimski bunar**: uprkos imenu, okno dublje od 60 metara iskopali su Austrijanci u XVIII veku, a dole vode dvostruke spiralne stepenice. Zatim **vojni bunker** iz Titovog doba unutar tvrđave i **Velika barutana**, gde danas stoje rimski oltari i sarkofazi nađeni pri iskopavanjima Singidunuma.

Usput vodič pokazuje kazamate i lagume, podzemne hodnike ispod Dorćola u kojima su se nekad čuvali hrana i vino. Kraj je u vinskom podrumu iz XIX veka uz čašu vina; ulaznice i vino su uključeni. Nije za one kojima smetaju zatvoreni prostori; potrebna je udobna obuća, leti voda i kapa.

Mesto susreta: spomenik knezu Mihailu na Trgu republike, vodič sa žutim kišobranom.

Jezik ture: engleski.

Datum: četvrtak, 17. septembar 2026. Vreme početka bira se pri rezervaciji.

Cena: od 20 € po osobi. Rezervacija na GetYourGuide, besplatno otkazivanje do 24 sata pre početka. Partnerski link za rezervaciju.",,2340,Trg republike,"Trg republike, 11000 Beograd","44.816222,20.460295",https://www.getyourguide.com/belgrade-l1688/belgrade-underground-tour-with-glass-of-wine-t504475/?partner_id=2UELYBV&utm_medium=online_publisher&cmp=ev1433,GetYourGuide,https://www.getyourguide.com/belgrade-l1688/belgrade-underground-tour-with-glass-of-wine-t504475/?partner_id=2UELYBV&utm_medium=online_publisher&cmp=ev1433,Balkan Roads (Belgrade Walking Tours),https://www.getyourguide.com/belgrade-l1688/belgrade-underground-tour-with-glass-of-wine-t504475/?partner_id=2UELYBV&utm_medium=online_publisher&cmp=ev1433,,,,,,"подземелья, Римский колодец, бункер, Калемегдан, вино, экскурсия, GetYourGuide","underground, Roman Well, bunker, Kalemegdan, wine, tour, GetYourGuide","podzemlje, Rimski bunar, bunker, Kalemegdan, vino, tura, GetYourGuide"
9/17/2026,9/17/2026,9/13/2026,1434,Organization,Serbia Tour Operator,,,Event,Красный Белград: экскурсия по югославскому прошлому с Музеем Югославии,Red Belgrade: a Yugoslav-era tour ending at the Museum of Yugoslavia,Crveni Beograd: tura kroz jugoslovensku prošlost do Muzeja Jugoslavije,https://raw.githubusercontent.com/newsgl/arsposters/main/1434-RedBelgradeCommunistTour.webp,,Tours,"Четыре часа о Тито и социалистической Югославии: Теразие, отель «Москва», Пионерский парк, Генералштаб, поездка на трамвае в Дединье и Музей Югославии с Домом цветов. Гид на английском или испанском. Четверг 17 сентября, от 44 €.","Four hours on Tito and socialist Yugoslavia: Terazije, Hotel Moskva, Pionirski Park, the General Staff building, a tram ride to Dedinje and the Museum of Yugoslavia with the House of Flowers. Guide in English or Spanish. Thursday 17 September, from €44.","Četiri sata o Titu i socijalističkoj Jugoslaviji: Terazije, hotel Moskva, Pionirski park, Generalštab, vožnja tramvajem do Dedinja i Muzej Jugoslavije sa Kućom cveća. Vodič na engleskom ili španskom. Četvrtak 17. septembar, od 44 €.","Экскурсия о стране, которой нет на карте, но которая видна в Белграде на каждом шагу. Начало у памятника князю Михаилу, где в 1944 году Тито объявил о рождении новой Югославии, дальше пешком через центр.

**Теразие** и отель «Москва» с историями о гостях эпохи, площадь Николы Пашича, бывшая площадь Маркса и Энгельса, с Домом профсоюзов, **Пионерский парк** и памятник Иво Андричу, разбомблённое в 1999 году здание **Генералштаба** архитектора Николы Добровича. Затем группа садится в трамвай, самый югославский вид транспорта, и едет в Дединье, район вилл и посольств.

Финал в **Музее Югославии**: подарки Тито со всего мира, включая лунный камень от экипажа «Аполлона-11», и **Дом цветов**, где он похоронен. Билет в музей и проезд включены. Оценка 4,9 по трём с лишним сотням отзывов. Экскурсии на английском и испанском, в группе минимум два человека, для одного участника действует надбавка.

Место встречи: памятник князю Михаилу на площади Республики; для частного тура точка сбора уточняется при брони.

Язык экскурсии: английский или испанский, выбирается при бронировании.

Дата: четверг, 17 сентября 2026. Время начала выбирается при бронировании.

Цена: от 44 € с человека. Бронирование на GetYourGuide, отмена бесплатна за 24 часа до начала. Партнёрская ссылка на бронирование.","A tour about a country that is no longer on the map but is visible in Belgrade at every turn. It starts at the Prince Mihailo monument, where Tito proclaimed the new Yugoslavia in 1944, and continues on foot through the centre.

**Terazije** and Hotel Moskva with stories of its era-defining guests, Nikola Pašić Square, formerly Marx and Engels Square, with the Trade Union Hall, **Pionirski Park** and the Ivo Andrić monument, and the **General Staff building** by architect Nikola Dobrović, bombed in 1999. The group then boards a tram, the most Yugoslav means of transport, and rides to Dedinje, the district of villas and embassies.

The finale is the **Museum of Yugoslavia**: Tito's gifts from all over the world, including a piece of moon rock from the Apollo 11 crew, and the **House of Flowers**, where he is buried. The museum ticket and the ride are included. Rated 4.9 across more than three hundred reviews. Tours run in English and Spanish; the group needs at least two people, a single participant pays a surcharge.

Meeting point: the Prince Mihailo monument on Republic Square; for the private tour the meeting point is confirmed at booking.

Tour language: English or Spanish, chosen when booking.

Date: Thursday 17 September 2026. The starting time is chosen when booking.

Price: from €44 per person. Booking on GetYourGuide, free cancellation up to 24 hours before the start. Affiliate booking link.","Tura o zemlji koje više nema na mapi, ali koja se u Beogradu vidi na svakom koraku. Početak je kod spomenika knezu Mihailu, gde je Tito 1944. proglasio novu Jugoslaviju, a dalje se ide peške kroz centar.

**Terazije** i hotel Moskva sa pričama o gostima epohe, Trg Nikole Pašića, nekadašnji Trg Marksa i Engelsa, sa Domom sindikata, **Pionirski park** i spomenik Ivi Andriću, zgrada **Generalštaba** arhitekte Nikole Dobrovića bombardovana 1999. Zatim grupa ulazi u tramvaj, najjugoslovenskije prevozno sredstvo, i vozi se do Dedinja, kraja vila i ambasada.

Završetak je u **Muzeju Jugoslavije**: Titovi pokloni iz celog sveta, uključujući komad Mesečevog kamena od posade Apola 11, i **Kuća cveća**, gde je sahranjen. Ulaznica za muzej i vožnja su uključeni. Ocena 4,9 na više od tri stotine recenzija. Ture su na engleskom i španskom; u grupi su najmanje dvoje, jedan učesnik plaća doplatu.

Mesto susreta: spomenik knezu Mihailu na Trgu republike; za privatnu turu mesto se potvrđuje pri rezervaciji.

Jezik ture: engleski ili španski, bira se pri rezervaciji.

Datum: četvrtak, 17. septembar 2026. Vreme početka bira se pri rezervaciji.

Cena: od 44 € po osobi. Rezervacija na GetYourGuide, besplatno otkazivanje do 24 sata pre početka. Partnerski link za rezervaciju.",,5150,Trg republike,"Trg republike, 11000 Beograd","44.816222,20.460295",https://www.getyourguide.com/belgrade-l1688/red-belgrade-communist-tour-t72998/?partner_id=2UELYBV&utm_medium=online_publisher&cmp=ev1434,GetYourGuide,https://www.getyourguide.com/belgrade-l1688/red-belgrade-communist-tour-t72998/?partner_id=2UELYBV&utm_medium=online_publisher&cmp=ev1434,Serbia Tour Operator,https://www.getyourguide.com/belgrade-l1688/red-belgrade-communist-tour-t72998/?partner_id=2UELYBV&utm_medium=online_publisher&cmp=ev1434,,,,,,"Тито, Югославия, Музей Югославии, Дом цветов, Дединье, экскурсия, GetYourGuide","Tito, Yugoslavia, Museum of Yugoslavia, House of Flowers, Dedinje, tour, GetYourGuide","Tito, Jugoslavija, Muzej Jugoslavije, Kuća cveća, Dedinje, tura, GetYourGuide"
9/18/2026,9/18/2026,9/13/2026,1435,Organization,GetYourGuide,,,FoodEvent,Гастротур по Белграду: уличная еда и больше 20 дегустаций,Belgrade street food tour with 20+ tastings,Gastro tura Beogradom: ulična hrana i više od 20 degustacija,https://raw.githubusercontent.com/newsgl/arsposters/main/1435-BelgradeStreetFoodTour.webp,,Tours,"Три с половиной часа пешком с гидом на английском: бурек, чевапи с каймаком, четыре ракии в Скадарлии, гуляш, трюфели, вяленое мясо и сыры, столетний рынок. Приходить голодным. Пятница 18 сентября, от 60 €.","Three and a half hours on foot with an English-speaking guide: burek, ćevapi with kajmak, four rakijas in Skadarlija, goulash, truffles, cured meats and cheeses, a hundred-year-old market. Come hungry. Friday 18 September, from €60.","Tri i po sata pešaka sa vodičem na engleskom: burek, ćevapi sa kajmakom, četiri rakije na Skadarliji, gulaš, tartufi, suvo meso i sirevi, stogodišnja pijaca. Dođite gladni. Petak 18. septembar, od 60 €.","Сербская кухня собрана из австрийского, турецкого, венгерского и балканского, и этот тур проходит по ней как по карте: больше двадцати дегустаций за три с половиной часа, так что завтрак лучше пропустить.

В программе **бурек** и выпечка по рецепту прадеда пекаря, шоколад ручной работы в дизайнерском квартале, **чевапи с каймаком**, четыре вида домашней **ракии** в Скадарлии, гуляш по старому охотничьему рецепту с десертом, паста из местных трюфелей, рыбная закуска у двух братьев, восемь видов вяленого мяса от семьи с двухсотлетней традицией и восемь молодых деревенских сыров.

По дороге район стрит-арта и баров и рынок, которому больше ста лет. Тур заканчивается в старом городе у пешеходной зоны, и на прощание группа получает список ресторанов на оставшиеся дни. Оценка 4,9 по почти трём сотням отзывов, гид говорит по-английски.

Место встречи: в центре города, точный адрес приходит в подтверждении брони.

Язык экскурсии: английский.

Дата: пятница, 18 сентября 2026. Время начала выбирается при бронировании.

Цена: от 60 € с человека. Бронирование на GetYourGuide, отмена бесплатна за 24 часа до начала. Партнёрская ссылка на бронирование.","Serbian cooking is assembled from Austrian, Turkish, Hungarian and Balkan parts, and this tour walks through it like a map: more than twenty tastings in three and a half hours, so skip breakfast.

On the menu: **burek** and pastries from a baker's great-grandfather's recipe, handmade chocolate in the design district, **ćevapi with kajmak**, four kinds of homemade **rakija** in Skadarlija, goulash from an old hunter's recipe followed by dessert, local truffle paste, a fish bite from two brothers, eight cured meats from a family with two centuries of tradition and eight young village cheeses.

Along the way there is the street-art and bar district and a market more than a hundred years old. The tour ends in the old town by the pedestrian zone, and the group leaves with a list of restaurants for the rest of the stay. Rated 4.9 across almost three hundred reviews; the guide speaks English.

Meeting point: in the city centre, the exact address comes with the booking confirmation.

Tour language: English.

Date: Friday 18 September 2026. The starting time is chosen when booking.

Price: from €60 per person. Booking on GetYourGuide, free cancellation up to 24 hours before the start. Affiliate booking link.","Srpska kuhinja je sastavljena od austrijskog, turskog, mađarskog i balkanskog, a ova tura prolazi kroz nju kao kroz mapu: više od dvadeset degustacija za tri i po sata, pa doručak bolje preskočite.

Na programu su **burek** i peciva po receptu pekarevog pradede, ručno rađena čokolada u dizajnerskom kvartu, **ćevapi sa kajmakom**, četiri vrste domaće **rakije** na Skadarliji, gulaš po starom lovačkom receptu sa desertom, pasta od domaćih tartufa, riblji zalogaj kod dva brata, osam vrsta suvog mesa od porodice sa dvestagodišnjom tradicijom i osam mladih seoskih sireva.

Usput su kvart sa street artom i barovima i pijaca starija od sto godina. Tura se završava u starom gradu kod pešačke zone, a grupa na rastanku dobija spisak restorana za ostatak boravka. Ocena 4,9 na skoro tri stotine recenzija, vodič govori engleski.

Mesto susreta: u centru grada, tačna adresa stiže uz potvrdu rezervacije.

Jezik ture: engleski.

Datum: petak, 18. septembar 2026. Vreme početka bira se pri rezervaciji.

Cena: od 60 € po osobi. Rezervacija na GetYourGuide, besplatno otkazivanje do 24 sata pre početka. Partnerski link za rezervaciju.",,7020,Trg republike,"Trg republike, 11000 Beograd","44.816222,20.460295",https://www.getyourguide.com/belgrade-l1688/belgrade-street-food-and-drinks-tour-with-20tastings-t529906/?partner_id=2UELYBV&utm_medium=online_publisher&cmp=ev1435,GetYourGuide,https://www.getyourguide.com/belgrade-l1688/belgrade-street-food-and-drinks-tour-with-20tastings-t529906/?partner_id=2UELYBV&utm_medium=online_publisher&cmp=ev1435,GetYourGuide,https://www.getyourguide.com/belgrade-l1688/belgrade-street-food-and-drinks-tour-with-20tastings-t529906/?partner_id=2UELYBV&utm_medium=online_publisher&cmp=ev1435,,,,,,"гастротур, уличная еда, бурек, чевапи, ракия, Скадарлия, дегустация, GetYourGuide","food tour, street food, burek, ćevapi, rakija, Skadarlija, tasting, GetYourGuide","gastro tura, ulična hrana, burek, ćevapi, rakija, Skadarlija, degustacija, GetYourGuide"
9/18/2026,9/18/2026,9/13/2026,1436,Organization,Belgrade City Vibes,,,Event,Паб-кроул по Белграду с местным гидом,Belgrade pub crawl with a local guide,Pub crawl Beogradom sa lokalnim vodičem,https://raw.githubusercontent.com/newsgl/arsposters/main/1436-BelgradePubCrawl.webp,,Tours,"Четыре часа по барам центра с гидом: шоты в части баров, скидки на напитки, финал в одном из клубов со входом в цене. Сбор в баре Berlin Monroe, с собой удостоверение личности, 18+. Пятница 18 сентября, от 22 €.","Four hours through the city-centre bars with a guide: free shots in some bars, drink deals, a finish in one of the clubs with entry included. Meet at the Berlin Monroe bar, bring ID, 18+. Friday 18 September, from €22.","Četiri sata po barovima centra sa vodičem: šotovi u delu barova, popusti na piće, kraj u jednom od klubova sa uključenim ulazom. Okupljanje u baru Berlin Monroe, poneti ličnu kartu, 18+. Petak 18. septembar, od 22 €.","Ночная жизнь считается одной из главных причин ехать в Белград, и паб-кроул это способ увидеть её без поиска адресов и очередей на входе. Группу ведёт местный гид, состав баров меняется по сезону.

Сбор в баре **Berlin Monroe** в квартале старой пивоварни на Цетиньской. Дальше три-четыре бара по часу в каждом: в части из них приветственный шот, везде специальные цены на напитки для группы. После баров короткий переезд и финал в одном из известных клубов города, вход включён, оставаться там можно сколько угодно.

Гиды говорят по-английски и по-сербски. С собой нужен паспорт или удостоверение личности, его проверяют на входе в бары и клуб. Удобная обувь обязательна, ходить придётся много. Нетрезвых на старте и тех, кто мешает группе, снимают с тура без возврата денег.

Место встречи: бар Berlin Monroe, Cetinjska 15; участникам с бронью оператор советует написать в WhatsApp, чтобы получить браслет на входе.

Язык экскурсии: английский и сербский.

Дата: пятница, 18 сентября 2026. Время начала выбирается при бронировании.

Цена: от 22 € с человека. Бронирование на GetYourGuide, отмена бесплатна за 24 часа до начала. Партнёрская ссылка на бронирование.","Nightlife is one of the main reasons people come to Belgrade, and a pub crawl is a way to see it without hunting for addresses or queueing at doors. A local guide leads the group, and the line-up of bars changes with the season.

Meet at the **Berlin Monroe** bar in the old brewery yard on Cetinjska Street. Then three or four bars, about an hour in each: some pour a welcome shot, all offer special drink prices for the group. After the bars a short transfer and the finish in one of the city's well-known clubs, entry included, stay as long as you like.

The guides speak English and Serbian. Bring your passport or ID card, it is checked at the bars and the club. Comfortable shoes are a must, there is a lot of walking. Anyone drunk at the start or disruptive to the group is removed from the tour without a refund.

Meeting point: Berlin Monroe bar, Cetinjska 15; the operator suggests messaging on WhatsApp so they can bring your wristband to the door.

Tour language: English and Serbian.

Date: Friday 18 September 2026. The starting time is chosen when booking.

Price: from €22 per person. Booking on GetYourGuide, free cancellation up to 24 hours before the start. Affiliate booking link.","Noćni život se smatra jednim od glavnih razloga da se dođe u Beograd, a pub crawl je način da se vidi bez traženja adresa i redova na ulazu. Grupu vodi lokalni vodič, a barovi se menjaju po sezoni.

Okupljanje je u baru **Berlin Monroe** u dvorištu stare pivare u Cetinjskoj. Zatim tri-četiri bara, oko sat u svakom: u nekima je šot dobrodošlice, svuda posebne cene pića za grupu. Posle barova kratak prelazak i završetak u jednom od poznatih klubova grada, ulaz uključen, ostaje se koliko se hoće.

Vodiči govore engleski i srpski. Poneti pasoš ili ličnu kartu, proverava se na ulazu u barove i klub. Udobna obuća je obavezna, hoda se mnogo. Ko dođe pijan ili ometa grupu, skida se sa ture bez povraćaja novca.

Mesto susreta: bar Berlin Monroe, Cetinjska 15; operater savetuje poruku na WhatsApp da bi vam doneli narukvicu na ulaz.

Jezik ture: engleski i srpski.

Datum: petak, 18. septembar 2026. Vreme početka bira se pri rezervaciji.

Cena: od 22 € po osobi. Rezervacija na GetYourGuide, besplatno otkazivanje do 24 sata pre početka. Partnerski link za rezervaciju.",,2570,Cetinjska 15,"Cetinjska 15, 11000 Beograd","44.815722,20.465694",https://www.getyourguide.com/belgrade-l1688/belgrade-chuggalong-a-unique-belgrade-pub-crawl-experience-t802611/?partner_id=2UELYBV&utm_medium=online_publisher&cmp=ev1436,GetYourGuide,https://www.getyourguide.com/belgrade-l1688/belgrade-chuggalong-a-unique-belgrade-pub-crawl-experience-t802611/?partner_id=2UELYBV&utm_medium=online_publisher&cmp=ev1436,Belgrade City Vibes,https://www.getyourguide.com/belgrade-l1688/belgrade-chuggalong-a-unique-belgrade-pub-crawl-experience-t802611/?partner_id=2UELYBV&utm_medium=online_publisher&cmp=ev1436,,,18+,,,"паб-кроул, бары, клубы, ночная жизнь, Цетиньска, гид, GetYourGuide","pub crawl, bars, clubs, nightlife, Cetinjska, guide, GetYourGuide","pub crawl, barovi, klubovi, noćni život, Cetinjska, vodič, GetYourGuide"
9/19/2026,9/19/2026,9/13/2026,1437,Organization,Muzej FK Crvena zvezda,,,Event,Экскурсия по стадиону «Црвена звезда» с музеем клуба,Red Star Belgrade stadium tour with the club museum,Obilazak stadiona Rajko Mitić sa muzejom Crvene zvezde,https://raw.githubusercontent.com/newsgl/arsposters/main/1437-RedStarStadiumTour.webp,,Tours,"Музей клуба, ложа Боры Костича, 73-метровый северный туннель, телестудия и гостевая раздевалка с футболками Марадоны и Пеле. Экскурсии ежедневно в 10:00, 12:00 и 14:00 на сербском и английском. Суббота 19 сентября, от 25 €.","The club museum, the Bora Kostić box, the 73-metre north tunnel, the TV studio and the away dressing room with Maradona's and Pelé's shirts. Tours daily at 10:00, 12:00 and 14:00 in Serbian and English. Saturday 19 September, from €25.","Muzej kluba, loža Bore Kostića, severni tunel od 73 metra, TV studio i gostujuća svlačionica sa dresovima Maradone i Pelea. Obilasci svakog dana u 10, 12 i 14 časova na srpskom i engleskom. Subota 19. septembar, od 25 €.","«Маракана», официально стадион «Райко Митич», это дом клуба, который в 1991 году выиграл Кубок чемпионов. Экскурсию ведёт музей клуба, начинается она у входа в музей на западной трибуне.

В **музее** трофеи и история от основания в 1945 году, потом ложа Боры Костича, откуда в дни матчей смотрят представители гостей, и три туннеля стадиона. **Северный туннель** длиной 73 метра считают самым известным в футбольном мире: по нему команды выходят на поле под трибуну «Делие».

Дальше **телестудия** клуба, медиацентр с пресс-конференциями и **гостевая раздевалка**, где висят футболки Марадоны, Пеле и других игроков, выходивших здесь на поле, с историей гола Марадоны 1982 года. В конце кафе и клубный магазин. Экскурсии ежедневно в 10:00, 12:00 и 14:00 на сербском и английском; раздевалку и тренировочные поля показывают в дни без тренировок. Не подходит для колясок.

Место встречи: вход в музей клуба на западной трибуне стадиона «Райко Митич», Ljutice Bogdana 1a.

Язык экскурсии: сербский и английский.

Дата: суббота, 19 сентября 2026, начало в 12:00.

Цена: от 25 € с человека. Бронирование на GetYourGuide, отмена бесплатна за 24 часа до начала. Партнёрская ссылка на бронирование.","The Marakana, officially the Rajko Mitić Stadium, is home to the club that won the European Cup in 1991. The tour is run by the club museum and starts at the museum entrance on the west stand.

The **museum** covers the trophies and the history since the founding in 1945, followed by the Bora Kostić box, where away officials sit on match days, and the stadium's three tunnels. The **north tunnel**, 73 metres long, is called the most famous in football: the teams walk through it onto the pitch below the Delije stand.

Then the club's **TV studio**, the media centre with its press-conference room and the **away dressing room**, hung with shirts of Maradona, Pelé and other players who have played here, along with the story of Maradona's 1982 goal. The tour ends at the café and the club shop. Tours run daily at 10:00, 12:00 and 14:00 in Serbian and English; the dressing room and training pitches are shown on days without training. Not suitable for wheelchairs.

Meeting point: the club museum entrance on the west stand of the Rajko Mitić Stadium, Ljutice Bogdana 1a.

Tour language: Serbian and English.

Date: Saturday 19 September 2026, starts at 12:00.

Price: from €25 per person. Booking on GetYourGuide, free cancellation up to 24 hours before the start. Affiliate booking link.","Marakana, zvanično stadion Rajko Mitić, dom je kluba koji je 1991. osvojio Kup šampiona. Obilazak vodi muzej kluba, a počinje na ulazu u muzej na zapadnoj tribini.

U **muzeju** su trofeji i istorija od osnivanja 1945, zatim loža Bore Kostića, odakle na utakmicama gledaju predstavnici gostiju, i tri tunela stadiona. **Severni tunel** dug 73 metra smatra se najpoznatijim u fudbalskom svetu: kroz njega timovi izlaze na teren ispod tribine Delija.

Sledi klupski **TV studio**, medija centar sa salom za konferencije i **gostujuća svlačionica**, gde vise dresovi Maradone, Pelea i drugih igrača koji su ovde igrali, uz priču o Maradoninom golu iz 1982. Na kraju kafić i klupska prodavnica. Obilasci su svakog dana u 10, 12 i 14 časova na srpskom i engleskom; svlačionica i tereni za trening pokazuju se danima kada nema treninga. Nije pogodno za kolica.

Mesto susreta: ulaz u muzej kluba na zapadnoj tribini stadiona Rajko Mitić, Ljutice Bogdana 1a.

Jezik ture: srpski i engleski.

Datum: subota, 19. septembar 2026, početak u 12:00.

Cena: od 25 € po osobi. Rezervacija na GetYourGuide, besplatno otkazivanje do 24 sata pre početka. Partnerski link za rezervaciju.",12:00,2930,Stadion Rajko Mitić,"Ljutice Bogdana 1a, 11000 Beograd","44.783333,20.464722",https://www.getyourguide.com/belgrade-l1688/red-star-football-club-stadium-tour-ticket-t861638/?partner_id=2UELYBV&utm_medium=online_publisher&cmp=ev1437,GetYourGuide,https://www.getyourguide.com/belgrade-l1688/red-star-football-club-stadium-tour-ticket-t861638/?partner_id=2UELYBV&utm_medium=online_publisher&cmp=ev1437,Muzej FK Crvena zvezda,https://www.getyourguide.com/belgrade-l1688/red-star-football-club-stadium-tour-ticket-t861638/?partner_id=2UELYBV&utm_medium=online_publisher&cmp=ev1437,,,,,,"Црвена звезда, стадион, Маракана, футбол, музей, экскурсия, GetYourGuide","Red Star, stadium, Marakana, football, museum, tour, GetYourGuide","Crvena zvezda, stadion, Marakana, fudbal, muzej, obilazak, GetYourGuide"
9/20/2026,9/20/2026,9/13/2026,1438,Organization,Serbian Insiders Guided Tours,,,Event,"Фрушка-Гора, Сремски-Карловци и Нови-Сад с дегустацией вина","Fruška Gora, Sremski Karlovci and Novi Sad with wine tasting","Fruška gora, Sremski Karlovci i Novi Sad uz degustaciju vina",https://raw.githubusercontent.com/newsgl/arsposters/main/1438-FruskaGoraWineTour.webp,,Tours,"Девять часов с гидом на английском: прогулка по лесу Фрушка-Горы, монастырь Крушедол, дегустация в винодельне Сремски-Карловци, Петроварадин и пешая экскурсия по Нови-Саду. Трансфер от отеля включён. Воскресенье 20 сентября, от 95 €.","Nine hours with an English-speaking guide: a forest walk on Fruška Gora, Krušedol monastery, a tasting at a Sremski Karlovci winery, Petrovaradin and a walking tour of Novi Sad. Hotel transfer included. Sunday 20 September, from €95.","Devet sati sa vodičem na engleskom: šetnja šumom Fruške gore, manastir Krušedol, degustacija u vinariji u Sremskim Karlovcima, Petrovaradin i pešačka tura Novim Sadom. Prevoz od hotela uključen. Nedelja 20. septembar, od 95 €.","Тот же север Сербии, что в большом туре Victor Tours, но с другим акцентом: меньше свободного времени, больше природы и вина, и группа заметно меньше. У тура пока всего два десятка отзывов, все с оценкой 5.

День начинается с трансфера от отеля и часа дороги через Паннонскую равнину. На **Фрушка-Горе** сначала прогулка по лесу национального парка, потом **монастырь Крушедол** с фресками. В **Сремски-Карловци** короткая экскурсия по барочному центру и дегустация местных вин на винодельне, включая бермет, который здесь делают по рецептам XVIII века; дегустация входит в цену.

Затем **Петроварадинская крепость** с башней, на которой часы идут «наоборот», и панорамой Дуная, и час пешком по **Нови-Саду**: площадь Свободы, Дунавска, собор Святого Георгия с иконостасом Паи Йовановича и синагога. Возвращение в Белград ранним вечером. Тур доступен для колясок.

Сбор: трансфер от вашего отеля в Белграде, детали в подтверждении брони.

Язык экскурсии: английский.

Дата: воскресенье, 20 сентября 2026. Время начала выбирается при бронировании.

Цена: от 95 € с человека. Бронирование на GetYourGuide, отмена бесплатна за 24 часа до начала. Партнёрская ссылка на бронирование.","The same northern Serbia as the big Victor Tours trip, but with a different emphasis: less free time, more nature and wine, and a noticeably smaller group. The tour has only two dozen reviews so far, all rated 5.

The day starts with hotel pickup and an hour's drive across the Pannonian plain. On **Fruška Gora** there is first a walk through the national park forest, then **Krušedol monastery** with its frescoes. In **Sremski Karlovci** a short tour of the baroque centre and a tasting of local wines at a winery, including Bermet, made here to 18th-century recipes; the tasting is included.

Then **Petrovaradin Fortress**, with the tower whose clock hands run ""the wrong way round"" and a panorama of the Danube, and an hour on foot through **Novi Sad**: Liberty Square, Dunavska Street, St. George's Cathedral with Paja Jovanović's iconostasis and the synagogue. Back in Belgrade by early evening. The tour is wheelchair accessible.

Meeting: pickup from your hotel in Belgrade, details in the booking confirmation.

Tour language: English.

Date: Sunday 20 September 2026. The starting time is chosen when booking.

Price: from €95 per person. Booking on GetYourGuide, free cancellation up to 24 hours before the start. Affiliate booking link.","Isti sever Srbije kao u velikoj turi Victor Toursa, ali sa drugim naglaskom: manje slobodnog vremena, više prirode i vina, i primetno manja grupa. Tura zasad ima tek dvadesetak recenzija, sve sa ocenom 5.

Dan počinje preuzimanjem iz hotela i satom vožnje preko Panonske ravnice. Na **Fruškoj gori** prvo šetnja šumom nacionalnog parka, zatim **manastir Krušedol** sa freskama. U **Sremskim Karlovcima** kratka tura baroknim centrom i degustacija lokalnih vina u vinariji, uključujući bermet, koji se ovde pravi po receptima iz XVIII veka; degustacija je u ceni.

Zatim **Petrovaradinska tvrđava** sa kulom na kojoj sat ide „naopako“ i panoramom Dunava, i sat pešaka kroz **Novi Sad**: Trg slobode, Dunavska, Saborna crkva Svetog Georgija sa ikonostasom Paje Jovanovića i Sinagoga. Povratak u Beograd predveče. Tura je pristupačna za kolica.

Polazak: preuzimanje iz hotela u Beogradu, detalji u potvrdi rezervacije.

Jezik ture: engleski.

Datum: nedelja, 20. septembar 2026. Vreme početka bira se pri rezervaciji.

Cena: od 95 € po osobi. Rezervacija na GetYourGuide, besplatno otkazivanje do 24 sata pre početka. Partnerski link za rezervaciju.",,11120,Trg republike,"Trg republike, 11000 Beograd","44.816222,20.460295",https://www.getyourguide.com/sremski-karlovci-l110002/fruska-gora-wine-tasting-t640246/?partner_id=2UELYBV&utm_medium=online_publisher&cmp=ev1438,GetYourGuide,https://www.getyourguide.com/sremski-karlovci-l110002/fruska-gora-wine-tasting-t640246/?partner_id=2UELYBV&utm_medium=online_publisher&cmp=ev1438,Serbian Insiders Guided Tours,https://www.getyourguide.com/sremski-karlovci-l110002/fruska-gora-wine-tasting-t640246/?partner_id=2UELYBV&utm_medium=online_publisher&cmp=ev1438,,,,,,"Фрушка-Гора, вино, бермет, Сремски-Карловци, Крушедол, Нови-Сад, дегустация, GetYourGuide","Fruška Gora, wine, Bermet, Sremski Karlovci, Krušedol, Novi Sad, tasting, GetYourGuide","Fruška gora, vino, bermet, Sremski Karlovci, Krušedol, Novi Sad, degustacija, GetYourGuide"
9/17/2026,9/17/2026,9/13/2026,1439,Organization,Balkan Travel Hub,,,Event,Белград на электровелосипеде: три часа от Калемегдана до храма Святого Саввы,Belgrade e-bike tour: three hours from Kalemegdan to St. Sava,Beograd na električnom biciklu: tri sata od Kalemegdana do Hrama Svetog Save,https://raw.githubusercontent.com/newsgl/arsposters/main/1439-BelgradeEbikeTour.webp,,Tours,"Три часа на электровелосипеде в группе до 10 человек: Калемегдан, Дорчол, Скадарлия, Цетиньска, Ташмайдан с руинами телецентра, храм Святого Саввы и Скупщина. Старт из Чумичева сокаче. Четверг 17 сентября, от 60 €.","Three hours by e-bike in a group of up to 10: Kalemegdan, Dorćol, Skadarlija, Cetinjska, Tašmajdan with the ruins of the TV centre, St. Sava Temple and the National Assembly. Starts from Čumićevo sokače. Thursday 17 September, from €60.","Tri sata na električnom biciklu u grupi do 10 ljudi: Kalemegdan, Dorćol, Skadarlija, Cetinjska, Tašmajdan sa ruševinama RTS-a, Hram Svetog Save i Skupština. Polazak iz Čumićevog sokačeta. Četvrtak 17. septembar, od 60 €.","Белград стоит на холмах, и на обычном велосипеде экскурсия быстро превращается в тренировку. Электровелосипед снимает эту проблему: за три часа группа объезжает центр целиком, а подъём от Дорчола к Врачару перестаёт быть препятствием.

Старт у прокатной мастерской в **Чумичевом сокаче**, старом торговом пассаже рядом с площадью Республики. Маршрут: **Калемегдан** с видом на слияние Савы и Дуная, старый Дорчол, Скадарлия, барный квартал на Цетиньской, **Ташмайдан** с церковью Святого Марка и руинами телецентра, разбомблённого в 1999 году, **храм Святого Саввы**, один из крупнейших православных храмов мира, и здание Скупщины.

Велосипед, шлем и замок включены, группа не больше десяти человек, гид говорит по-английски. Нужны базовые навыки езды: часть маршрута идёт по городским улицам. Ограничения: не младше 9 лет, рост от 160 см, вес до 115 кг. Тур идёт в любую погоду, для храма нужна закрытая одежда.

Место встречи: прокат велосипедов в пассаже Чумичево сокаче, 28, вход с улицы Дечанска или Коларчева.

Язык экскурсии: английский.

Дата: четверг, 17 сентября 2026. Время начала выбирается при бронировании.

Цена: от 60 € с человека. Бронирование на GetYourGuide, отмена бесплатна за 24 часа до начала. Партнёрская ссылка на бронирование.","Belgrade sits on hills, and on an ordinary bike a sightseeing ride quickly turns into a workout. An e-bike removes that problem: in three hours the group covers the whole centre, and the climb from Dorćol up to Vračar stops being an obstacle.

The ride starts at the rental workshop in **Čumićevo sokače**, an old shopping passage next to Republic Square. The route: **Kalemegdan** with the view of the Sava and Danube confluence, old Dorćol, Skadarlija, the bar yard on Cetinjska, **Tašmajdan** with St. Mark's Church and the ruins of the TV centre bombed in 1999, **St. Sava Temple**, one of the largest Orthodox churches in the world, and the National Assembly.

Bike, helmet and lock are included, groups are capped at ten, and the guide speaks English. Basic cycling skills are needed, as part of the route runs on city streets. Limits: no riders under 9, minimum height 160 cm, maximum weight 115 kg. The tour runs in any weather; modest clothing is needed for the temple.

Meeting point: the bike rental at Čumićevo sokače 28, entered from Dečanska or Kolarčeva Street.

Tour language: English.

Date: Thursday 17 September 2026. The starting time is chosen when booking.

Price: from €60 per person. Booking on GetYourGuide, free cancellation up to 24 hours before the start. Affiliate booking link.","Beograd leži na brdima i na običnom biciklu razgledanje brzo postane trening. Električni bicikl to rešava: za tri sata grupa obiđe ceo centar, a uspon od Dorćola ka Vračaru prestaje da bude prepreka.

Polazak je kod radionice za iznajmljivanje u **Čumićevom sokačetu**, starom trgovačkom pasažu pored Trga republike. Ruta: **Kalemegdan** sa pogledom na ušće Save u Dunav, stari Dorćol, Skadarlija, dvorište barova u Cetinjskoj, **Tašmajdan** sa crkvom Svetog Marka i ruševinama RTS-a bombardovanog 1999, **Hram Svetog Save**, jedan od najvećih pravoslavnih hramova sveta, i zgrada Skupštine.

Bicikl, kaciga i brava su uključeni, grupa je najviše deset ljudi, vodič govori engleski. Potrebno je osnovno znanje vožnje, deo rute ide gradskim ulicama. Ograničenja: ne mlađi od 9 godina, visina od 160 cm, težina do 115 kg. Tura ide po svakom vremenu; za hram je potrebna pristojna odeća.

Mesto susreta: iznajmljivanje bicikala u Čumićevom sokačetu 28, ulaz iz Dečanske ili Kolarčeve.

Jezik ture: engleski.

Datum: četvrtak, 17. septembar 2026. Vreme početka bira se pri rezervaciji.

Cena: od 60 € po osobi. Rezervacija na GetYourGuide, besplatno otkazivanje do 24 sata pre početka. Partnerski link za rezervaciju.",,7020,Čumićevo sokače,Čumićeva 2,"44.8138,20.4630",https://www.getyourguide.com/belgrade-l1688/belgrade-e-bike-tour-3h-journey-through-history-culture-t739397/?partner_id=2UELYBV&utm_medium=online_publisher&cmp=ev1439,GetYourGuide,https://www.getyourguide.com/belgrade-l1688/belgrade-e-bike-tour-3h-journey-through-history-culture-t739397/?partner_id=2UELYBV&utm_medium=online_publisher&cmp=ev1439,Balkan Travel Hub,https://www.getyourguide.com/belgrade-l1688/belgrade-e-bike-tour-3h-journey-through-history-culture-t739397/?partner_id=2UELYBV&utm_medium=online_publisher&cmp=ev1439,,,,,,"электровелосипед, велоэкскурсия, Калемегдан, Ташмайдан, храм Святого Саввы, экскурсия, GetYourGuide","e-bike, bike tour, Kalemegdan, Tašmajdan, St. Sava Temple, tour, GetYourGuide","električni bicikl, biciklistička tura, Kalemegdan, Tašmajdan, Hram Svetog Save, tura, GetYourGuide"
9/20/2026,9/20/2026,9/13/2026,1440,Organization,Inspired Tours,,,Event,"Каньон Увац: меандры с воды, Ледяная пещера и смотровая Велики-Врх","Uvac canyon: the meanders by boat, the Ice Cave and the Veliki Vrh viewpoint","Kanjon Uvca: meandri sa vode, Ledena pećina i vidikovac Veliki vrh",https://raw.githubusercontent.com/newsgl/arsposters/main/1440-UvacCanyonTour.webp,,Tours,"Пятнадцать часов в группе до шести человек: выезд в 6 утра, лодка по излучинам Увца, Ледяная пещера, подъём на смотровую и белоголовые сипы над каньоном. Гид на английском, забирают от отеля. Воскресенье 20 сентября, от 150 €.","Fifteen hours in a group of up to six: departure at 6 am, a boat along the Uvac meanders, the Ice Cave, a climb to the viewpoint and griffon vultures over the canyon. English-speaking guide, hotel pickup. Sunday 20 September, from €150.","Petnaest sati u grupi do šest ljudi: polazak u 6 ujutru, čamac kroz meandre Uvca, Ledena pećina, uspon na vidikovac i beloglavi supovi iznad kanjona. Vodič na engleskom, preuzimanje iz hotela. Nedelja 20. septembar, od 150 €.","Увац это самая известная фотография Сербии: река, свёрнутая в петли между известняковыми стенами, и над ней белоголовые сипы, которых здесь около трёхсот пар. Ехать далеко, поэтому тур начинается в шесть утра от отеля и занимает весь день.

По дороге две остановки на кофе, вторая на Златарском озере. С одиннадцати часов начинается сама программа: около 12 километров на лодке по излучинам, затем **Ледяная пещера**, куда можно попасть только с воды, 700 метров оборудованного хода, и пешая часть, 1,1 километра в одну сторону до смотровой **Велики-Врх**, откуда меандры видны целиком. Обратно к машине снова на лодке.

Группа до шести человек, гид говорит по-английски. Билет на лодку, 2 650 динаров, оплачивается на месте наличными, обед берут с собой, остановок в ресторанах нет. Нужны удобная обувь для тропы и тёплая кофта для пещеры. Тур не для детей младше 10 лет и гостей старше 70, зависит от погоды: при отмене дают другую дату или возврат. Для выезда нужно минимум четыре участника.

Сбор: трансфер от вашего отеля в Белграде в 6:00, детали в подтверждении брони. С собой паспорт или удостоверение личности.

Язык экскурсии: английский.

Дата: воскресенье, 20 сентября 2026, начало в 06:00.

Цена: от 150 € с человека. Бронирование на GetYourGuide, отмена бесплатна за 24 часа до начала. Партнёрская ссылка на бронирование.","Uvac is Serbia's best-known photograph: a river folded into loops between limestone walls, with griffon vultures overhead, around three hundred pairs of them. It is a long way, so the tour leaves the hotel at six in the morning and takes the whole day.

Two coffee stops on the way, the second at Zlatar lake. The programme itself starts at eleven: about 12 kilometres by boat through the meanders, then the **Ice Cave**, reachable only from the water, 700 metres of lit passage, and the walking part, 1.1 kilometres each way up to the **Veliki Vrh** viewpoint, where the whole set of loops is laid out below. Back to the van by boat again.

Groups of up to six, English-speaking guide. The boat ticket, 2,650 dinars, is paid on the spot in cash, and lunch is packed, as there are no restaurant stops. Bring comfortable shoes for the trail and a warm layer for the cave. Not for children under 10 or guests over 70, and weather dependent: a cancellation gets a new date or a refund. The trip needs at least four participants to run.

Meeting: pickup from your hotel in Belgrade at 6:00, details in the booking confirmation. Bring your passport or ID card.

Tour language: English.

Date: Sunday 20 September 2026, starts at 06:00.

Price: from €150 per person. Booking on GetYourGuide, free cancellation up to 24 hours before the start. Affiliate booking link.","Uvac je najpoznatija fotografija Srbije: reka savijena u petlje između krečnjačkih zidova, a iznad nje beloglavi supovi, oko tri stotine parova. Daleko je, pa tura kreće iz hotela u šest ujutru i traje ceo dan.

Usput dve pauze za kafu, druga na Zlatarskom jezeru. Od jedanaest počinje program: oko 12 kilometara čamcem kroz meandre, zatim **Ledena pećina**, u koju se stiže samo sa vode, 700 metara uređene staze, i pešački deo, 1,1 kilometar u jednom smeru do vidikovca **Veliki vrh**, sa kog se meandri vide u celini. Nazad do kombija ponovo čamcem.

Grupa do šest ljudi, vodič govori engleski. Karta za čamac, 2.650 dinara, plaća se na licu mesta u gotovini, ručak se nosi sa sobom, restoranskih pauza nema. Potrebne su udobna obuća za stazu i topli sloj za pećinu. Nije za decu mlađu od 10 i goste starije od 70, zavisi od vremena: u slučaju otkazivanja nude drugi termin ili povraćaj. Za polazak je potrebno najmanje četvoro.

Polazak: preuzimanje iz hotela u Beogradu u 6.00, detalji u potvrdi rezervacije. Poneti pasoš ili ličnu kartu.

Jezik ture: engleski.

Datum: nedelja, 20. septembar 2026, početak u 06:00.

Cena: od 150 € po osobi. Rezervacija na GetYourGuide, besplatno otkazivanje do 24 sata pre početka. Partnerski link za rezervaciju.",06:00,17550,Trg republike,"Trg republike, 11000 Beograd","44.816222,20.460295",https://www.getyourguide.com/belgrade-l1688/from-belgrade-uvac-nature-reserve-tour-t602547/?partner_id=2UELYBV&utm_medium=online_publisher&cmp=ev1440,GetYourGuide,https://www.getyourguide.com/belgrade-l1688/from-belgrade-uvac-nature-reserve-tour-t602547/?partner_id=2UELYBV&utm_medium=online_publisher&cmp=ev1440,Inspired Tours,https://www.getyourguide.com/belgrade-l1688/from-belgrade-uvac-nature-reserve-tour-t602547/?partner_id=2UELYBV&utm_medium=online_publisher&cmp=ev1440,,,,,,"Увац, каньон, сипы, Ледяная пещера, Златар, поездка на день, GetYourGuide","Uvac, canyon, griffon vultures, Ice Cave, Zlatar, day trip, GetYourGuide","Uvac, kanjon, supovi, Ledena pećina, Zlatar, jednodnevni izlet, GetYourGuide"
9/20/2026,9/20/2026,9/13/2026,1441,Organization,Balkan Roads (Belgrade Walking Tours),,,Event,Студеница и Жича: монастыри Неманичей за один день,Studenica and Žiča: the Nemanjić monasteries in one day,Studenica i Žiča: manastiri Nemanjića za jedan dan,https://raw.githubusercontent.com/newsgl/arsposters/main/1441-StudenicaZicaTour.webp,,Tours,"Двенадцать часов в группе до десяти: коронационная церковь Жича, обед в Кралево, Ибарское ущелье с видом на Маглич и два часа в Студенице, объекте ЮНЕСКО. Гид на английском, забирают от отеля. Воскресенье 20 сентября, от 129 €.","Twelve hours in a group of up to ten: the coronation church of Žiča, lunch in Kraljevo, the Ibar gorge with a view of Maglič and two hours at Studenica, a UNESCO site. English-speaking guide, hotel pickup. Sunday 20 September, from €129.","Dvanaest sati u grupi do deset: krunidbena crkva Žiča, ručak u Kraljevu, Ibarska klisura s pogledom na Maglič i dva sata u Studenici, UNESCO spomeniku. Vodič na engleskom, preuzimanje iz hotela. Nedelja 20. septembar, od 129 €.","Поездка в «Долину королей» на Ибаре, где начиналось сербское средневековое государство. Оба монастыря основали Неманичи, и оба до сих пор действующие, поэтому одежда нужна закрытая, майки не пропустят, а фотографировать со вспышкой внутри нельзя.

Первая остановка после двух с половиной часов дороги **Жича**, красная церковь начала XIII века, где короновали семь сербских королей; на осмотр с гидом полтора часа. Затем час в Кралево на обед за свой счёт, короткая смотровая площадка с видом на **Ибарское ущелье** и крепость Маглич на скале над рекой.

Главная точка **Студеница**, самый большой и богатый монастырь Сербии, основанный в конце XII века и внесённый в список ЮНЕСКО: церковь Богородицы и Королевская церковь из белого мрамора с фресками XIII и XIV веков. Здесь два часа. Возвращение в Белград поздно вечером. Группа до десяти человек, тур идёт в любую погоду. У оператора 14 отзывов со средней 4,9.

Сбор: трансфер от вашего отеля в Белграде, детали в подтверждении брони.

Язык экскурсии: английский.

Дата: воскресенье, 20 сентября 2026. Время начала выбирается при бронировании.

Цена: от 129 € с человека. Бронирование на GetYourGuide, отмена бесплатна за 24 часа до начала. Партнёрская ссылка на бронирование.","A trip to the ""Valley of the Kings"" on the Ibar, where the medieval Serbian state began. Both monasteries were founded by the Nemanjić dynasty and both are still working monasteries, so cover up: vests are not allowed in, and no flash photography inside.

The first stop after two and a half hours on the road is **Žiča**, the red church from the early 13th century where seven Serbian kings were crowned; ninety minutes here with the guide. Then an hour in Kraljevo for lunch at your own expense, a short viewpoint over the **Ibar gorge** and the Maglič fortress on its rock above the river.

The main stop is **Studenica**, the largest and richest monastery in Serbia, founded in the late 12th century and on the UNESCO list: the Church of the Virgin and the King's Church in white marble with 13th- and 14th-century frescoes. Two hours here. Back in Belgrade late in the evening. Groups of up to ten, and the tour runs in any weather. The operator has 14 reviews averaging 4.9.

Meeting: pickup from your hotel in Belgrade, details in the booking confirmation.

Tour language: English.

Date: Sunday 20 September 2026. The starting time is chosen when booking.

Price: from €129 per person. Booking on GetYourGuide, free cancellation up to 24 hours before the start. Affiliate booking link.","Izlet u „Dolinu kraljeva“ na Ibru, gde je počela srednjovekovna srpska država. Oba manastira osnovali su Nemanjići i oba su i danas aktivna, pa je potrebna pristojna odeća, u majici bez rukava ne puštaju, a unutra se ne fotografiše blicem.

Prva stanica posle dva i po sata vožnje je **Žiča**, crvena crkva s početka XIII veka u kojoj je krunisano sedam srpskih kraljeva; sat i po obilaska s vodičem. Zatim sat u Kraljevu za ručak o svom trošku, kratak vidikovac nad **Ibarskom klisurom** i tvrđava Maglič na steni iznad reke.

Glavna tačka je **Studenica**, najveći i najbogatiji manastir Srbije, osnovan krajem XII veka i upisan na UNESCO listu: Bogorodičina i Kraljeva crkva od belog mermera sa freskama XIII i XIV veka. Ovde se ostaje dva sata. Povratak u Beograd kasno uveče. Grupa do deset ljudi, tura ide po svakom vremenu. Operater ima 14 recenzija sa prosekom 4,9.

Polazak: preuzimanje iz hotela u Beogradu, detalji u potvrdi rezervacije.

Jezik ture: engleski.

Datum: nedelja, 20. septembar 2026. Vreme početka bira se pri rezervaciji.

Cena: od 129 € po osobi. Rezervacija na GetYourGuide, besplatno otkazivanje do 24 sata pre početka. Partnerski link za rezervaciju.",,15090,Trg republike,"Trg republike, 11000 Beograd","44.816222,20.460295",https://www.getyourguide.com/mokra-gora-l110182/ot-belgrad-manastir-studenitsa-i-manastir-zhicha-t515748/?partner_id=2UELYBV&utm_medium=online_publisher&cmp=ev1441,GetYourGuide,https://www.getyourguide.com/mokra-gora-l110182/ot-belgrad-manastir-studenitsa-i-manastir-zhicha-t515748/?partner_id=2UELYBV&utm_medium=online_publisher&cmp=ev1441,Balkan Roads (Belgrade Walking Tours),https://www.getyourguide.com/mokra-gora-l110182/ot-belgrad-manastir-studenitsa-i-manastir-zhicha-t515748/?partner_id=2UELYBV&utm_medium=online_publisher&cmp=ev1441,,,,,,"Студеница, Жича, монастыри, Кралево, Маглич, ЮНЕСКО, поездка на день, GetYourGuide","Studenica, Žiča, monasteries, Kraljevo, Maglič, UNESCO, day trip, GetYourGuide","Studenica, Žiča, manastiri, Kraljevo, Maglič, UNESCO, jednodnevni izlet, GetYourGuide"
9/20/2026,9/20/2026,9/13/2026,1442,Organization,Inspired Tours,,,Event,"Мокра-Гора и Вишеград: Шарганска осмица, мост Мехмед-паши и Дрвенград","Mokra Gora and Višegrad: the Šargan Eight, the Mehmed Paša bridge and Drvengrad","Mokra Gora i Višegrad: Šarganska osmica, ćuprija Mehmed-paše i Drvengrad",https://raw.githubusercontent.com/newsgl/arsposters/main/1442-MokraGoraVisegradTour.webp,,Tours,"Двенадцать часов с заездом в Боснию: поезд Шарганска осмица до станции Ятаре, мост из романа Андрича в Вишеграде, Андричград и Дрвенград Кустурицы. Гид на английском, нужен паспорт, забирают от отеля в 7:00. Воскресенье 20 сентября, от 125 €.","Twelve hours with a crossing into Bosnia: the Šargan Eight train to Jatare station, the bridge from Andrić's novel in Višegrad, Andrićgrad and Kusturica's Drvengrad. English-speaking guide, passport needed, hotel pickup at 7:00. Sunday 20 September, from €125.","Dvanaest sati sa prelaskom u Bosnu: voz Šarganska osmica do stanice Jatare, ćuprija iz Andrićevog romana u Višegradu, Andrićgrad i Kusturičin Drvengrad. Vodič na engleskom, potreban pasoš, preuzimanje iz hotela u 7.00. Nedelja 20. septembar, od 125 €.","Вариант западного маршрута для тех, кто уже видел Домик на Дрине или хочет добавить к Сербии кусочек Боснии. Выезд от отеля в семь утра, возвращение около восьми вечера.

Сначала **Шарганска осмица**: полтора часа на поезде «Носталгия» с деревянными скамьями по узкоколейке 1925 года до станции Ятаре на скале, откуда видно все петли дороги, и назад. Дальше 45 минут до **Вишеграда** на боснийской стороне: экскурсия с гидом к мосту Мехмед-паши Соколовича, тому самому «Мосту на Дрине» из романа Иво Андрича, и в **Андричград**, каменный городок Кустурицы, полтора часа свободного времени на обед за свой счёт.

На обратном пути **Дрвенград** на Мечавнике, деревянный посёлок из фильма «Жизнь как чудо», полчаса с гидом. Билеты на поезд и в Дрвенград включены. Тур пересекает границу, паспорт обязателен; группа собирается от четырёх человек, иначе предложат другую дату, возврат или доплату за индивидуальный выезд. В высокий сезон билеты на поезд разбирают, бронировать лучше заранее.

Сбор: трансфер от вашего отеля в Белграде в 7:00, детали в подтверждении брони. С собой паспорт: тур заезжает в Боснию и Герцеговину.

Язык экскурсии: английский.

Дата: воскресенье, 20 сентября 2026, начало в 07:00.

Цена: от 125 € с человека. Бронирование на GetYourGuide, отмена бесплатна за 24 часа до начала. Партнёрская ссылка на бронирование.","A version of the western route for those who have already seen the House on the Drina or want to add a piece of Bosnia to Serbia. Hotel pickup at seven in the morning, back around eight in the evening.

First the **Šargan Eight**: ninety minutes on the Nostalgia train with its wooden benches along the 1925 narrow-gauge line up to Jatare station on the cliff, where all the loops of the line are visible below, and back. Then 45 minutes to **Višegrad** on the Bosnian side: a guided walk to the Mehmed Paša Sokolović bridge, the very ""Bridge on the Drina"" of Ivo Andrić's novel, and to **Andrićgrad**, Kusturica's stone town, with ninety minutes free for lunch at your own expense.

On the way back, **Drvengrad** on Mećavnik, the timber village from Life Is a Miracle, half an hour with the guide. Train and Drvengrad tickets are included. The tour crosses a border, so a passport is required; the group runs from four people, otherwise you are offered another date, a refund or a surcharge for a private departure. In high season train tickets sell out, so book early.

Meeting: pickup from your hotel in Belgrade at 7:00, details in the booking confirmation. Bring your passport: the tour enters Bosnia and Herzegovina.

Tour language: English.

Date: Sunday 20 September 2026, starts at 07:00.

Price: from €125 per person. Booking on GetYourGuide, free cancellation up to 24 hours before the start. Affiliate booking link.","Varijanta zapadne rute za one koji su već videli Kućicu na Drini ili žele da Srbiji dodaju komadić Bosne. Polazak iz hotela u sedam ujutru, povratak oko osam uveče.

Prvo **Šarganska osmica**: sat i po vozom „Nostalgija“ sa drvenim klupama uskotračnom prugom iz 1925. do stanice Jatare na steni, odakle se vide sve petlje pruge, i nazad. Zatim 45 minuta do **Višegrada** na bosanskoj strani: šetnja s vodičem do ćuprije Mehmed-paše Sokolovića, one iz Andrićevog romana „Na Drini ćuprija“, i do **Andrićgrada**, Kusturičinog kamenog gradića, uz sat i po slobodno za ručak o svom trošku.

Na povratku **Drvengrad** na Mećavniku, drveno naselje iz filma „Život je čudo“, pola sata s vodičem. Karte za voz i Drvengrad su uključene. Tura prelazi granicu, pasoš je obavezan; grupa kreće od četvoro, inače nude drugi termin, povraćaj ili doplatu za privatni polazak. U sezoni se karte za voz brzo rasprodaju, bolje rezervisati ranije.

Polazak: preuzimanje iz hotela u Beogradu u 7.00, detalji u potvrdi rezervacije. Poneti pasoš: tura ulazi u Bosnu i Hercegovinu.

Jezik ture: engleski.

Datum: nedelja, 20. septembar 2026, početak u 07:00.

Cena: od 125 € po osobi. Rezervacija na GetYourGuide, besplatno otkazivanje do 24 sata pre početka. Partnerski link za rezervaciju.",07:00,14630,Trg republike,"Trg republike, 11000 Beograd","44.816222,20.460295",https://www.getyourguide.com/belgrade-l1688/from-belgrade-drina-river-house-sargan-8-train-drvengrad-t371770/?partner_id=2UELYBV&utm_medium=online_publisher&cmp=ev1442,GetYourGuide,https://www.getyourguide.com/belgrade-l1688/from-belgrade-drina-river-house-sargan-8-train-drvengrad-t371770/?partner_id=2UELYBV&utm_medium=online_publisher&cmp=ev1442,Inspired Tours,https://www.getyourguide.com/belgrade-l1688/from-belgrade-drina-river-house-sargan-8-train-drvengrad-t371770/?partner_id=2UELYBV&utm_medium=online_publisher&cmp=ev1442,,,,,,"Вишеград, Мокра-Гора, Шарганска осмица, Андричград, Дрвенград, Босния, поездка на день, GetYourGuide","Višegrad, Mokra Gora, Šargan Eight, Andrićgrad, Drvengrad, Bosnia, day trip, GetYourGuide","Višegrad, Mokra Gora, Šarganska osmica, Andrićgrad, Drvengrad, Bosna, jednodnevni izlet, GetYourGuide"
9/20/2026,9/20/2026,9/13/2026,1443,Organization,GetYourGuide,,,Event,Манасия и Ресавская пещера: короткий вариант Восточной Сербии,Manasija and Resava Cave: the short version of Eastern Serbia,Manasija i Resavska pećina: kraća verzija istočne Srbije,https://raw.githubusercontent.com/newsgl/arsposters/main/1443-ManasijaResavaCaveTour.webp,,Tours,"Восемь часов вместо десяти: монастырь-крепость Манасия, три уровня Ресавской пещеры и водопад Велики Бук с обедом у воды по желанию. Гид на английском, забирают от отеля. Воскресенье 20 сентября, от 90 €.","Eight hours instead of ten: the fortified Manasija monastery, the three levels of Resava Cave and Veliki Buk waterfall with an optional lunch by the water. English-speaking guide, hotel pickup. Sunday 20 September, from €90.","Osam sati umesto deset: utvrđeni manastir Manasija, tri nivoa Resavske pećine i vodopad Veliki buk uz ručak pored vode po želji. Vodič na engleskom, preuzimanje iz hotela. Nedelja 20. septembar, od 90 €.","Тот же Ресавский край, что в большом туре по Восточной Сербии, но без источника Крупай и на два часа короче. Подходит, если хочется вернуться в город к ужину.

**Манасия**, крепость-монастырь XV века с одиннадцатью башнями, которую построил деспот Стефан Лазаревич; внутри фрески моравской школы и память о скриптории, где переписывали книги по «ресавской орфографии». Затем **Ресавская пещера**, три уровня залов со сталактитами и натёчными водопадами, возраст около 80 миллионов лет. Финал у водопада **Велики Бук** высотой больше 20 метров, здесь по желанию традиционный обед у реки за свой счёт.

Гид говорит по-английски, забирают от отеля, есть частный и малогрупповой вариант. Оценка 4,9 по 121 отзыву. В пещере прохладно круглый год, возьмите что-нибудь тёплое.

Сбор: трансфер от вашего отеля в Белграде, детали в подтверждении брони.

Язык экскурсии: английский.

Дата: воскресенье, 20 сентября 2026. Время начала выбирается при бронировании.

Цена: от 90 € с человека. Бронирование на GetYourGuide, отмена бесплатна за 24 часа до начала. Партнёрская ссылка на бронирование.","The same Resava region as the big Eastern Serbia tour, but without the Krupaj spring and two hours shorter. A good fit if you want to be back in the city for dinner.

**Manasija**, a 15th-century fortified monastery with eleven towers built by despot Stefan Lazarević; inside are frescoes of the Morava school and the memory of the scriptorium where books were copied in the ""Resava orthography"". Then **Resava Cave**, three levels of chambers with stalactites and flowstone cascades, around 80 million years old. The finale is the **Veliki Buk** waterfall, over 20 metres high, with an optional traditional lunch by the river at your own expense.

The guide speaks English, pickup is from your hotel, and private or small-group options exist. Rated 4.9 across 121 reviews. The cave is cool all year round, so bring something warm.

Meeting: pickup from your hotel in Belgrade, details in the booking confirmation.

Tour language: English.

Date: Sunday 20 September 2026. The starting time is chosen when booking.

Price: from €90 per person. Booking on GetYourGuide, free cancellation up to 24 hours before the start. Affiliate booking link.","Isti Resavski kraj kao u velikoj turi po istočnoj Srbiji, ali bez vrela Krupaj i dva sata kraće. Odgovara ako želite da se vratite u grad do večere.

**Manasija**, utvrđeni manastir iz XV veka sa jedanaest kula koji je podigao despot Stefan Lazarević; unutra su freske moravske škole i sećanje na skriptorijum u kom su se knjige prepisivale „resavskim pravopisom“. Zatim **Resavska pećina**, tri nivoa dvorana sa stalaktitima i salivima, stara oko 80 miliona godina. Kraj je kod vodopada **Veliki buk**, višeg od 20 metara, uz tradicionalni ručak pored reke po želji, o svom trošku.

Vodič govori engleski, preuzimanje iz hotela, postoje privatna i malogrupna varijanta. Ocena 4,9 na 121 recenziju. U pećini je hladno cele godine, ponesite nešto toplo.

Polazak: preuzimanje iz hotela u Beogradu, detalji u potvrdi rezervacije.

Jezik ture: engleski.

Datum: nedelja, 20. septembar 2026. Vreme početka bira se pri rezervaciji.

Cena: od 90 € po osobi. Rezervacija na GetYourGuide, besplatno otkazivanje do 24 sata pre početka. Partnerski link za rezervaciju.",,10530,Trg republike,"Trg republike, 11000 Beograd","44.816222,20.460295",https://www.getyourguide.com/belgrade-l1688/fortified-manasija-monastery-and-resava-cave-tour-t139325/?partner_id=2UELYBV&utm_medium=online_publisher&cmp=ev1443,GetYourGuide,https://www.getyourguide.com/belgrade-l1688/fortified-manasija-monastery-and-resava-cave-tour-t139325/?partner_id=2UELYBV&utm_medium=online_publisher&cmp=ev1443,GetYourGuide,https://www.getyourguide.com/belgrade-l1688/fortified-manasija-monastery-and-resava-cave-tour-t139325/?partner_id=2UELYBV&utm_medium=online_publisher&cmp=ev1443,,,,,,"Манасия, Ресавская пещера, Велики Бук, Восточная Сербия, поездка на день, GetYourGuide","Manasija, Resava Cave, Veliki Buk, Eastern Serbia, day trip, GetYourGuide","Manasija, Resavska pećina, Veliki buk, istočna Srbija, jednodnevni izlet, GetYourGuide"
9/20/2026,9/20/2026,9/13/2026,1444,Organization,Inspired Tours,,,Event,"Джердап на скоростном катере: Голубац, Лепенски-Вир и две смотровые","Đerdap by speedboat: Golubac, Lepenski Vir and two viewpoints","Đerdap gliserom: Golubac, Lepenski Vir i dva vidikovca",https://raw.githubusercontent.com/newsgl/arsposters/main/1444-IronGateSpeedboatTour.webp,,Tours,"Десять с половиной часов: крепость Голубац, стоянка каменного века Лепенски-Вир, час на катере от Текии мимо Траяновой доски и лица Децебала, две смотровые над ущельем. Гид на английском, забирают от отеля в 8:00. Воскресенье 20 сентября, от 135 €.","Ten and a half hours: Golubac Fortress, the Stone Age site of Lepenski Vir, an hour by speedboat from Tekija past the Tabula Traiana and the face of Decebalus, two viewpoints above the gorge. English-speaking guide, hotel pickup at 8:00. Sunday 20 September, from €135.","Deset i po sati: Golubačka tvrđava, praistorijski Lepenski Vir, sat gliserom iz Tekije pored Trajanove table i Decebalovog lika, dva vidikovca iznad klisure. Vodič na engleskom, preuzimanje iz hotela u 8.00. Nedelja 20. septembar, od 135 €.","Второй способ увидеть Джердап, быстрее и ближе к воде, чем на большом кораблике. Катер идёт от Текии по самой узкой части ущелья, и с него видно то, чего не разглядеть с берега.

День начинается в восемь утра от отеля. Через два часа **крепость Голубац** у входа в ущелье, час на осмотр с билетом в зелёную зону; затем **Лепенски-Вир**, стоянка возрастом восемь тысяч лет с каменными скульптурами, одно из старейших поселений Европы. После 45 минут дороги вдоль Дуная час на **скоростном катере**: Траянова доска, которую видно только с реки, монастырь Мракония на румынском берегу и 40-метровое лицо дакийского царя Децебала, высеченное в скале.

На обратном пути две смотровые площадки над ущельем. Обед берут с собой, в ресторан не заезжают. Билеты в крепость и Лепенски-Вир, вода и катер включены. Катер зависит от ветра, при отмене вместо него смотровая Ковилово. Паспорт или удостоверение обязательны, граница рядом. Группа от пяти человек, иначе другая дата, возврат или доплата за частный выезд. Оценка 4,9 по 105 отзывам.

Сбор: трансфер от вашего отеля в Белграде в 8:00, детали в подтверждении брони. С собой паспорт или удостоверение личности и обед.

Язык экскурсии: английский.

Дата: воскресенье, 20 сентября 2026, начало в 08:00.

Цена: от 135 € с человека. Бронирование на GetYourGuide, отмена бесплатна за 24 часа до начала. Партнёрская ссылка на бронирование.","The second way to see Đerdap, faster and closer to the water than on the big boat. The speedboat runs from Tekija through the narrowest part of the gorge and shows things you cannot make out from the shore.

The day starts at eight from your hotel. Two hours later comes **Golubac Fortress** at the mouth of the gorge, an hour inside with a green-zone ticket; then **Lepenski Vir**, an eight-thousand-year-old settlement with its stone sculptures, one of the oldest in Europe. After 45 minutes along the Danube, an hour on the **speedboat**: the Tabula Traiana, visible only from the river, the Mraconia monastery on the Romanian bank and the 40-metre face of the Dacian king Decebalus carved into the rock.

Two viewpoints above the gorge on the way back. Lunch is packed, there is no restaurant stop. Fortress and Lepenski Vir tickets, water and the boat are included. The boat depends on the wind; if cancelled, the Kovilovo viewpoint replaces it. Passport or ID is required, the border is close by. Groups run from five people, otherwise another date, a refund or a surcharge for a private departure. Rated 4.9 across 105 reviews.

Meeting: pickup from your hotel in Belgrade at 8:00, details in the booking confirmation. Bring your passport or ID card and a packed lunch.

Tour language: English.

Date: Sunday 20 September 2026, starts at 08:00.

Price: from €135 per person. Booking on GetYourGuide, free cancellation up to 24 hours before the start. Affiliate booking link.","Drugi način da se vidi Đerdap, brži i bliži vodi nego na velikom brodu. Gliser ide iz Tekije kroz najuži deo klisure i pokazuje ono što se sa obale ne vidi.

Dan počinje u osam iz hotela. Posle dva sata **Golubačka tvrđava** na ulazu u klisuru, sat obilaska sa kartom za zelenu zonu; zatim **Lepenski Vir**, naselje staro osam hiljada godina sa kamenim skulpturama, jedno od najstarijih u Evropi. Posle 45 minuta vožnje uz Dunav sat na **gliseru**: Trajanova tabla, koja se vidi samo sa reke, manastir Mrakonja na rumunskoj obali i 40 metara visok lik dačkog kralja Decebala uklesan u stenu.

Na povratku dva vidikovca iznad klisure. Ručak se nosi sa sobom, u restoran se ne svraća. Karte za tvrđavu i Lepenski Vir, voda i gliser su uključeni. Gliser zavisi od vetra, u slučaju otkazivanja zamenjuje ga vidikovac Kovilovo. Pasoš ili lična karta su obavezni, granica je blizu. Grupa od petoro, inače drugi termin, povraćaj ili doplata za privatni polazak. Ocena 4,9 na 105 recenzija.

Polazak: preuzimanje iz hotela u Beogradu u 8.00, detalji u potvrdi rezervacije. Poneti pasoš ili ličnu kartu i ručak.

Jezik ture: engleski.

Datum: nedelja, 20. septembar 2026, početak u 08:00.

Cena: od 135 € po osobi. Rezervacija na GetYourGuide, besplatno otkazivanje do 24 sata pre početka. Partnerski link za rezervaciju.",08:00,15800,Trg republike,"Trg republike, 11000 Beograd","44.816222,20.460295",https://www.getyourguide.com/belgrade-l1688/iron-gate-national-park-with-1-hour-speedboat-2-viewpoints-t214284/?partner_id=2UELYBV&utm_medium=online_publisher&cmp=ev1444,GetYourGuide,https://www.getyourguide.com/belgrade-l1688/iron-gate-national-park-with-1-hour-speedboat-2-viewpoints-t214284/?partner_id=2UELYBV&utm_medium=online_publisher&cmp=ev1444,Inspired Tours,https://www.getyourguide.com/belgrade-l1688/iron-gate-national-park-with-1-hour-speedboat-2-viewpoints-t214284/?partner_id=2UELYBV&utm_medium=online_publisher&cmp=ev1444,,,,,,"Джердап, Железные Ворота, катер, Голубац, Лепенски-Вир, Децебал, поездка на день, GetYourGuide","Đerdap, Iron Gate, speedboat, Golubac, Lepenski Vir, Decebalus, day trip, GetYourGuide","Đerdap, Gvozdena vrata, gliser, Golubac, Lepenski Vir, Decebal, jednodnevni izlet, GetYourGuide"
9/20/2026,9/20/2026,9/13/2026,1445,Organization,GetYourGuide,,,Event,"Лучшее на западе: Домик на Дрине, Дрвенград и Шарганска осмица","Best of the West: the House on the Drina, Drvengrad and the Šargan Eight","Najbolje sa zapada: Kućica na Drini, Drvengrad i Šarganska osmica",https://raw.githubusercontent.com/newsgl/arsposters/main/1445-BestOfWestTour.webp,,Tours,"Двенадцать часов по Западной Сербии в обратном порядке: сначала Домик на Дрине и малиновый сок, потом Дрвенград, поезд под конец и поздний обед с комплет-лепиней. Гид на английском, забирают от отеля. Воскресенье 20 сентября, от 110 €.","Twelve hours across western Serbia in reverse order: the House on the Drina and raspberry juice first, then Drvengrad, the train last and a late lunch with komplet lepinja. English-speaking guide, hotel pickup. Sunday 20 September, from €110.","Dvanaest sati zapadnom Srbijom obrnutim redom: prvo Kućica na Drini i sok od maline, pa Drvengrad, voz na kraju i kasni ručak uz komplet lepinju. Vodič na engleskom, preuzimanje iz hotela. Nedelja 20. septembar, od 110 €.","Те же три места, что в туре Victor Tours, но другой оператор, другой порядок и на два часа дольше. Выбор между ними это вопрос свободной даты и цены, по отзывам оба на 4,8.

Маршрут начинается с **Домика на Дрине** у Баина-Башты; этот край живёт малиной, и гид советует попробовать здесь домашний малиновый сок. Затем **Дрвенград** Кустурицы на Мечавнике, и под конец **Шарганска осмица**: поезд по узкоколейке с туннелями, мостами и петлями по склонам Мокра-Горы. После поезда поздний обед, местная рекомендация «комплет лепиня», лепёшка с каймаком и яйцами.

Забирают от отеля, гид говорит по-английски, есть частный и групповой вариант. Важно для зимы: с 16 ноября по 1 апреля железная дорога закрыта, кроме зимних каникул с 20 декабря по 24 января; в это время вместо поезда едут в национальный парк Тара на смотровую Баньска-Стена, при дожде или снеге в центр Златибора.

Сбор: трансфер от вашего отеля в Белграде, детали в подтверждении брони.

Язык экскурсии: английский.

Дата: воскресенье, 20 сентября 2026. Время начала выбирается при бронировании.

Цена: от 110 € с человека. Бронирование на GetYourGuide, отмена бесплатна за 24 часа до начала. Партнёрская ссылка на бронирование.","The same three places as the Victor Tours trip, but a different operator, a different order and two hours longer. Choosing between them comes down to available dates and price; both are rated 4.8.

The route starts at the **House on the Drina** near Bajina Bašta; this is raspberry country, and the guide suggests trying the homemade raspberry juice here. Then Kusturica's **Drvengrad** on Mećavnik, and finally the **Šargan Eight**: the narrow-gauge train with its tunnels, bridges and loops up the slopes of Mokra Gora. After the train, a late lunch, with the local recommendation of komplet lepinja, a flatbread with kajmak and eggs.

Hotel pickup, an English-speaking guide, private or group options. Important for winter: the railway is closed from 16 November to 1 April, except for the holiday period from 20 December to 24 January; in that time the train is replaced by Tara National Park and the Banjska Stena viewpoint, or by the centre of Zlatibor in rain or snow.

Meeting: pickup from your hotel in Belgrade, details in the booking confirmation.

Tour language: English.

Date: Sunday 20 September 2026. The starting time is chosen when booking.

Price: from €110 per person. Booking on GetYourGuide, free cancellation up to 24 hours before the start. Affiliate booking link.","Ista tri mesta kao u turi Victor Toursa, ali drugi operater, drugi redosled i dva sata duže. Izbor između njih je pitanje slobodnog termina i cene, po ocenama su oba na 4,8.

Ruta počinje kod **Kućice na Drini** kod Bajine Bašte; ovaj kraj živi od maline, pa vodič savetuje domaći sok od maline. Zatim Kusturičin **Drvengrad** na Mećavniku, a na kraju **Šarganska osmica**: voz uskotračnom prugom sa tunelima, mostovima i petljama po padinama Mokre Gore. Posle voza kasni ručak, uz lokalnu preporuku komplet lepinje, lepinje sa kajmakom i jajima.

Preuzimanje iz hotela, vodič govori engleski, postoje privatna i grupna varijanta. Važno za zimu: od 16. novembra do 1. aprila pruga ne radi, osim praznika od 20. decembra do 24. januara; tada umesto voza ide Nacionalni park Tara i vidikovac Banjska stena, a po kiši ili snegu centar Zlatibora.

Polazak: preuzimanje iz hotela u Beogradu, detalji u potvrdi rezervacije.

Jezik ture: engleski.

Datum: nedelja, 20. septembar 2026. Vreme početka bira se pri rezervaciji.

Cena: od 110 € po osobi. Rezervacija na GetYourGuide, besplatno otkazivanje do 24 sata pre početka. Partnerski link za rezervaciju.",,12870,Trg republike,"Trg republike, 11000 Beograd","44.816222,20.460295",https://www.getyourguide.com/belgrade-l1688/mokra-gora-drvengrad-and-sargan-8-railroad-tour-t142665/?partner_id=2UELYBV&utm_medium=online_publisher&cmp=ev1445,GetYourGuide,https://www.getyourguide.com/belgrade-l1688/mokra-gora-drvengrad-and-sargan-8-railroad-tour-t142665/?partner_id=2UELYBV&utm_medium=online_publisher&cmp=ev1445,GetYourGuide,https://www.getyourguide.com/belgrade-l1688/mokra-gora-drvengrad-and-sargan-8-railroad-tour-t142665/?partner_id=2UELYBV&utm_medium=online_publisher&cmp=ev1445,,,,,,"Домик на Дрине, Дрвенград, Шарганска осмица, Мокра-Гора, Западная Сербия, поездка на день, GetYourGuide","House on the Drina, Drvengrad, Šargan Eight, Mokra Gora, Western Serbia, day trip, GetYourGuide","Kućica na Drini, Drvengrad, Šarganska osmica, Mokra Gora, zapadna Srbija, jednodnevni izlet, GetYourGuide"
9/17/2026,9/17/2026,9/13/2026,1446,Organization,Serbia with Love,,,Event,"Обзорная прогулка по Белграду с Калемегданом, на русском или английском","Belgrade introduction walk with Kalemegdan, in English, Italian or Russian","Uvodna šetnja Beogradom sa Kalemegdanom, na engleskom, italijanskom ili ruskom",https://raw.githubusercontent.com/newsgl/arsposters/main/1446-KalemegdanCityTour.webp,,Tours,"От Студенческого парка через Кнез-Михайлову, кафану «?» и Соборную церковь до крепости и церкви Ружица, с советами, как устроен город. Есть группы на русском. Полтора часа в группе, до четырёх часов в частном формате. Четверг 17 сентября, от 38 €.","From Studentski Park along Knez Mihailova, past the ""?"" kafana and the Cathedral Church to the fortress and the Ružica church, with tips on how the city works. Ninety minutes in a group, up to four hours privately. Thursday 17 September, from €38.","Od Studentskog parka Knez Mihailovom, pored kafane „?“ i Saborne crkve do tvrđave i crkve Ružice, uz savete kako grad funkcioniše. Sat i po u grupi, do četiri sata privatno. Četvrtak 17. septembar, od 38 €.","Единственная в отборе экскурсия, где можно выбрать русский язык гида: на GetYourGuide такие в Белграде редкость. Формат вводный, для первого или второго дня в городе, с практическими советами, куда идти дальше и где есть.

Сбор в **Студенческом парке**, дальше через здания Белградского университета на площадь Республики и по **Кнез-Михайловой**. У **кафаны «?»**, старейшей в городе, гид рассказывает, откуда взялся знак вопроса в названии. Напротив **Соборная церковь Святого Архангела Михаила** с мощами сербских святых и могилой князя Милоша Обреновича. Финал в **Калемегдане** с видом на слияние рек и заходом в церковь Ружица, встроенную в крепостную стену.

Групповой вариант длится полтора часа, частный до четырёх с заходом к отелю «Москва» и на Скадарлию. Оценка 4,9 по 93 отзывам, экскурсия идёт в любую погоду. Точка сбора зависит от выбранного варианта и приходит в подтверждении.

Место встречи: Студенческий парк для группового варианта; для частного точку присылают в подтверждении брони.

Язык экскурсии: английский, итальянский или русский, выбирается при бронировании.

Дата: четверг, 17 сентября 2026. Время начала выбирается при бронировании.

Цена: от 38 € с человека. Бронирование на GetYourGuide, отмена бесплатна за 24 часа до начала. Партнёрская ссылка на бронирование.","The only tour in this selection where you can choose a Russian-speaking guide; on GetYourGuide such tours are rare in Belgrade. It is an introduction for your first or second day in the city, with practical tips on where to go next and where to eat.

Meet in **Studentski Park**, then past the University of Belgrade buildings to Republic Square and along **Knez Mihailova**. At the **""?"" kafana**, the oldest in the city, the guide explains where the question mark in the name came from. Opposite is the **Cathedral Church of St. Michael** with relics of Serbian saints and the tomb of Prince Miloš Obrenović. The walk ends in **Kalemegdan** with the view of the confluence and a stop at the Ružica church built into the fortress wall.

The group version lasts ninety minutes, the private one up to four hours with detours to Hotel Moskva and Skadarlija. Rated 4.9 across 93 reviews, and the tour runs in any weather. The meeting point depends on the option chosen and comes with the confirmation.

Meeting point: Studentski Park for the group option; for the private option the meeting point comes with the booking confirmation.

Tour language: English, Italian or Russian, chosen when booking.

Date: Thursday 17 September 2026. The starting time is chosen when booking.

Price: from €38 per person. Booking on GetYourGuide, free cancellation up to 24 hours before the start. Affiliate booking link.","Jedina tura u izboru gde može da se bira vodič na ruskom; na GetYourGuide su takve u Beogradu retkost. Format je uvodni, za prvi ili drugi dan u gradu, sa praktičnim savetima kuda dalje i gde jesti.

Okupljanje u **Studentskom parku**, zatim pored zgrada Univerziteta na Trg republike i **Knez Mihailovom**. Kod kafane **„?“**, najstarije u gradu, vodič objašnjava otkud upitnik u imenu. Preko puta je **Saborna crkva Svetog Arhangela Mihaila** sa moštima srpskih svetitelja i grobom kneza Miloša Obrenovića. Kraj je na **Kalemegdanu** s pogledom na ušće i ulaskom u crkvu Ružicu, ugrađenu u tvrđavski zid.

Grupna varijanta traje sat i po, privatna do četiri sata sa svraćanjem do hotela Moskva i na Skadarliju. Ocena 4,9 na 93 recenzije, tura ide po svakom vremenu. Mesto okupljanja zavisi od izabrane varijante i stiže uz potvrdu.

Mesto susreta: Studentski park za grupnu varijantu; za privatnu mesto stiže uz potvrdu rezervacije.

Jezik ture: engleski, italijanski ili ruski, bira se pri rezervaciji.

Datum: četvrtak, 17. septembar 2026. Vreme početka bira se pri rezervaciji.

Cena: od 38 € po osobi. Rezervacija na GetYourGuide, besplatno otkazivanje do 24 sata pre početka. Partnerski link za rezervaciju.",,4450,Studentski park,"Studentski trg, 11000 Beograd","44.819493,20.457920",https://www.getyourguide.com/belgrade-l1688/belgrade-must-see-introduction-city-tour-t465369/?partner_id=2UELYBV&utm_medium=online_publisher&cmp=ev1446,GetYourGuide,https://www.getyourguide.com/belgrade-l1688/belgrade-must-see-introduction-city-tour-t465369/?partner_id=2UELYBV&utm_medium=online_publisher&cmp=ev1446,Serbia with Love,https://www.getyourguide.com/belgrade-l1688/belgrade-must-see-introduction-city-tour-t465369/?partner_id=2UELYBV&utm_medium=online_publisher&cmp=ev1446,,,,,,"обзорная экскурсия, Калемегдан, Кнез-Михайлова, кафана «?», Соборная церковь, на русском, GetYourGuide","city walk, Kalemegdan, Knez Mihailova, ""?"" kafana, Cathedral Church, Russian-speaking, GetYourGuide","šetnja gradom, Kalemegdan, Knez Mihailova, kafana ?, Saborna crkva, na ruskom, GetYourGuide"
9/17/2026,9/17/2026,9/13/2026,1447,Organization,Balkan Travel Hub,,,Event,Велотур по Белграду: три с половиной часа на городском велосипеде,Belgrade bike tour: three and a half hours on a city bike,Biciklom kroz Beograd: tri i po sata na gradskom biciklu,https://raw.githubusercontent.com/newsgl/arsposters/main/1447-BelgradeBikeTour.webp,,Tours,"Тот же маршрут, что у электровелосипедов, но на обычных городских: Калемегдан, Дорчол, Скадарлия, Цетиньска, Ташмайдан, Скупщина и храм Святого Саввы. Гид на английском или немецком, старт из Чумичева сокаче. Четверг 17 сентября, от 55 €.","The same route as the e-bike tour but on ordinary city bikes: Kalemegdan, Dorćol, Skadarlija, Cetinjska, Tašmajdan, the National Assembly and St. Sava Temple. English- or German-speaking guide, starts from Čumićevo sokače. Thursday 17 September, from €55.","Ista ruta kao na električnim biciklima, ali na običnim gradskim: Kalemegdan, Dorćol, Skadarlija, Cetinjska, Tašmajdan, Skupština i Hram Svetog Save. Vodič na engleskom ili nemačkom, polazak iz Čumićevog sokačeta. Četvrtak 17. septembar, od 55 €.","Дешевле электровелосипеда на пять евро и на полчаса длиннее, потому что подъёмы приходится крутить самому. Подходит тем, кто в форме и хочет размяться, а не просто прокатиться.

Старт у проката в **Чумичевом сокаче**, старом пассаже у площади Республики. Полчаса в **Калемегдане**, Студенческий парк, старый **Дорчол**, Скадарлия и барный двор на Цетиньской, полчаса в **Ташмайдане** с церковью Святого Марка и руинами телецентра, разбомблённого в 1999 году, здание Скупщины и в конце **храм Святого Саввы**. Всего три с половиной часа.

Городские велосипеды, шлем и замок включены, гид говорит по-английски или по-немецки. Нужно уметно ездить в городском потоке; ограничение по весу 120 килограммов. Оценка 4,9 по 36 отзывам, оператор тот же, что у e-bike тура.

Место встречи: прокат велосипедов в пассаже Чумичево сокаче, 28, вход с улицы Дечанска или Коларчева.

Язык экскурсии: английский или немецкий.

Дата: четверг, 17 сентября 2026. Время начала выбирается при бронировании.

Цена: от 55 € с человека. Бронирование на GetYourGuide, отмена бесплатна за 24 часа до начала. Партнёрская ссылка на бронирование.","Five euros cheaper than the e-bike and half an hour longer, because you pedal the climbs yourself. Suited to anyone reasonably fit who wants some exercise rather than just a ride.

The start is at the rental in **Čumićevo sokače**, the old passage by Republic Square. Half an hour in **Kalemegdan**, Studentski Park, old **Dorćol**, Skadarlija and the bar yard on Cetinjska, half an hour in **Tašmajdan** with St. Mark's Church and the ruins of the TV centre bombed in 1999, the National Assembly and finally **St. Sava Temple**. Three and a half hours in all.

City bikes, helmet and lock are included, and the guide speaks English or German. You need to be able to ride in city traffic; the weight limit is 120 kilograms. Rated 4.9 across 36 reviews, from the same operator as the e-bike tour.

Meeting point: the bike rental at Čumićevo sokače 28, entered from Dečanska or Kolarčeva Street.

Tour language: English or German.

Date: Thursday 17 September 2026. The starting time is chosen when booking.

Price: from €55 per person. Booking on GetYourGuide, free cancellation up to 24 hours before the start. Affiliate booking link.","Pet evra jeftinije od električnog bicikla i pola sata duže, jer se uzbrdice voze sopstvenom snagom. Za one u formi koji žele da se razmrdaju, a ne samo da se provozaju.

Polazak je kod iznajmljivanja u **Čumićevom sokačetu**, starom pasažu kod Trga republike. Pola sata na **Kalemegdanu**, Studentski park, stari **Dorćol**, Skadarlija i dvorište barova u Cetinjskoj, pola sata na **Tašmajdanu** sa crkvom Svetog Marka i ruševinama RTS-a bombardovanog 1999, zgrada Skupštine i na kraju **Hram Svetog Save**. Ukupno tri i po sata.

Gradski bicikli, kaciga i brava su uključeni, vodič govori engleski ili nemački. Treba umeti voziti u gradskom saobraćaju; ograničenje težine je 120 kilograma. Ocena 4,9 na 36 recenzija, operater je isti kao na turi električnim biciklima.

Mesto susreta: iznajmljivanje bicikala u Čumićevom sokačetu 28, ulaz iz Dečanske ili Kolarčeve.

Jezik ture: engleski ili nemački.

Datum: četvrtak, 17. septembar 2026. Vreme početka bira se pri rezervaciji.

Cena: od 55 € po osobi. Rezervacija na GetYourGuide, besplatno otkazivanje do 24 sata pre početka. Partnerski link za rezervaciju.",,6440,Čumićevo sokače,Čumićeva 2,"44.8138,20.4630",https://www.getyourguide.com/belgrade-l1688/belgrade-vintage-bike-tour-t360680/?partner_id=2UELYBV&utm_medium=online_publisher&cmp=ev1447,GetYourGuide,https://www.getyourguide.com/belgrade-l1688/belgrade-vintage-bike-tour-t360680/?partner_id=2UELYBV&utm_medium=online_publisher&cmp=ev1447,Balkan Travel Hub,https://www.getyourguide.com/belgrade-l1688/belgrade-vintage-bike-tour-t360680/?partner_id=2UELYBV&utm_medium=online_publisher&cmp=ev1447,,,,,,"велотур, велосипед, Калемегдан, Ташмайдан, храм Святого Саввы, экскурсия, GetYourGuide","bike tour, bicycle, Kalemegdan, Tašmajdan, St. Sava Temple, tour, GetYourGuide","biciklistička tura, bicikl, Kalemegdan, Tašmajdan, Hram Svetog Save, tura, GetYourGuide"
9/18/2026,9/18/2026,9/13/2026,1448,Organization,Restoran Zlatar,,,FoodEvent,Дегустация ракии с мезе в ресторане «Златар»,Rakija tasting with a meze platter at the Zlatar restaurant,Degustacija rakije uz meze u restoranu Zlatar,https://raw.githubusercontent.com/newsgl/arsposters/main/1448-RakijaTasting.webp,,Tours,"Шесть ракий на выбор из тридцати сортов собственной винокурни, тарелка вяленого мяса и сыров со Златара, живая акустика по вечерам со вторника по субботу. Полтора часа за столом, 18+. Пятница 18 сентября, от 29 €.","Six rakijas of your choice from thirty kinds of the restaurant's own distillery, a platter of cured meats and cheeses from Zlatar mountain, live acoustic music on evenings from Tuesday to Saturday. Ninety minutes at the table, 18+. Friday 18 September, from €29.","Šest rakija po izboru od trideset vrsta sopstvene destilerije, tanjir suvog mesa i sireva sa Zlatara, akustična muzika uživo uveče od utorka do subote. Sat i po za stolom, 18+. Petak 18. septembar, od 29 €.","Не экскурсия, а вечер за столом: ресторан **«Златар»** работает с 1985 года, а с 2009-го у него своя винокурня двойной перегонки, и дегустацию ведёт кто-то из семьи владельцев.

На стол ставят шесть ракий по 10 мл, которые гость выбирает сам из тридцати сортов, и **мезе**: вяленое мясо, выдержанное в горном климате Златара, и домашние сыры оттуда же. По ходу рассказывают, как из 15 килограммов фруктов получается одна бутылка и почему в бутылку идёт только «сердце» дистиллята.

Со вторника по субботу с 19:00 в зале живая акустическая музыка, поэтому вечерние слоты в эти дни самые атмосферные. Столик резервируют заранее, дополнительные напитки и еда за свой счёт. Только для гостей старше 18 лет. Оценка 4,9 по 29 отзывам.

Место: ресторан Zlatar, Preradovićeva 9a, зарезервированный столик на имя брони.

Язык экскурсии: английский.

Дата: пятница, 18 сентября 2026. Время начала выбирается при бронировании.

Цена: от 29 € с человека. Бронирование на GetYourGuide, отмена бесплатна за 24 часа до начала. Партнёрская ссылка на бронирование.","Not a tour but an evening at the table: the **Zlatar** restaurant has been open since 1985 and has run its own double-distillation still since 2009, and the tasting is hosted by a member of the owners' family.

You get six rakijas of 10 ml each, chosen yourself from thirty kinds, and a **meze** platter: cured meats aged in the mountain climate of Zlatar and homemade cheeses from the same region. Along the way they explain how 15 kilograms of fruit become one bottle and why only the ""heart"" of the distillate goes into it.

From Tuesday to Saturday there is live acoustic music in the room from 19:00, so the evening slots on those days are the most atmospheric. The table is reserved in advance; extra drinks and food are at your own expense. Guests over 18 only. Rated 4.9 across 29 reviews.

Venue: Zlatar restaurant, Preradovićeva 9a, a table reserved under the booking name.

Tour language: English.

Date: Friday 18 September 2026. The starting time is chosen when booking.

Price: from €29 per person. Booking on GetYourGuide, free cancellation up to 24 hours before the start. Affiliate booking link.","Nije tura, već veče za stolom: restoran **Zlatar** radi od 1985, a od 2009. ima sopstvenu destileriju sa dvostrukom destilacijom, a degustaciju vodi neko iz vlasničke porodice.

Na sto stiže šest rakija po 10 ml, koje gost sam bira od trideset vrsta, i **meze**: suvo meso zrelo u planinskoj klimi Zlatara i domaći sirevi odande. Usput objašnjavaju kako od 15 kilograma voća nastaje jedna flaša i zašto u flašu ide samo „srce“ destilata.

Od utorka do subote od 19 časova u sali svira akustična muzika uživo, pa su večernji termini tih dana najatmosferičniji. Sto se rezerviše unapred, dodatno piće i hrana su o svom trošku. Samo za goste starije od 18 godina. Ocena 4,9 na 29 recenzija.

Mesto: restoran Zlatar, Preradovićeva 9a, rezervisan sto na ime rezervacije.

Jezik ture: engleski.

Datum: petak, 18. septembar 2026. Vreme početka bira se pri rezervaciji.

Cena: od 29 € po osobi. Rezervacija na GetYourGuide, besplatno otkazivanje do 24 sata pre početka. Partnerski link za rezervaciju.",,3390,Restoran Zlatar,"Preradovićeva 9a, 11000 Beograd","44.812593,20.482683",https://www.getyourguide.com/belgrade-l1688/belgrade-rakija-tasting-with-meze-platter-t1226594/?partner_id=2UELYBV&utm_medium=online_publisher&cmp=ev1448,GetYourGuide,https://www.getyourguide.com/belgrade-l1688/belgrade-rakija-tasting-with-meze-platter-t1226594/?partner_id=2UELYBV&utm_medium=online_publisher&cmp=ev1448,Restoran Zlatar,https://www.getyourguide.com/belgrade-l1688/belgrade-rakija-tasting-with-meze-platter-t1226594/?partner_id=2UELYBV&utm_medium=online_publisher&cmp=ev1448,,,18+,,,"ракия, дегустация, мезе, Златар, ресторан, живая музыка, GetYourGuide","rakija, tasting, meze, Zlatar, restaurant, live music, GetYourGuide","rakija, degustacija, meze, Zlatar, restoran, muzika uživo, GetYourGuide"
9/18/2026,9/18/2026,9/13/2026,1449,Organization,Cakes & Tales,,,FoodEvent,"Мастер-класс сербской выпечки с Майей: бурек, орашнице и истории к ним","Serbian baking workshop with Maya: burek, orasnice and the stories behind them","Radionica srpskih peciva sa Majom: burek, orasnice i priče uz njih",https://raw.githubusercontent.com/newsgl/arsposters/main/1449-SerbianBakingWorkshop.webp,,Tours,"Три часа на кухне в группе до десяти человек: замесить и раскатать тесто, испечь бурек и сладости по семейным рецептам, попробовать вместе и забрать своё с собой. Напитки включены, ведёт кондитер Майя на английском или сербском. Пятница 18 сентября, от 69 €.","Three hours in the kitchen in a group of up to ten: knead and roll the dough, bake burek and sweets from family recipes, taste together and take yours home. Drinks included, led by pastry chef Maya in English or Serbian. Friday 18 September, from €69.","Tri sata u kuhinji u grupi do deset ljudi: zamesiti i razviti testo, ispeći burek i slatkiše po porodičnim receptima, probati zajedno i poneti svoje. Piće uključeno, vodi poslastičarka Maja na engleskom ili srpskom. Petak 18. septembar, od 69 €.","Формат для дождливого дня и для тех, кто хочет увезти из Сербии не магнит, а навык. Занятие ведёт Майя, кондитер и хозяйка мастерской Cakes & Tales, и каждый рецепт идёт с историей, откуда он взялся в сербской кухне.

Сначала короткое знакомство с десертами, потом руками: тесто для **бурека**, которое растягивают до прозрачности, и сладкое, в отзывах упоминают **орашнице** и яблочный пирог. Готовят по шагам, в непринуждённом темпе, опыт не нужен: один из гостей пишет, что пришёл без навыков работы с тестом и ушёл с уверенностью повторить дома.

В конце всё пробуют вместе, остатки забирают с собой. Напитки во время занятия включены. Группа до десяти человек, ведущая говорит по-английски и по-сербски. Пять отзывов, все на 5. Точка сбора зависит от выбранного варианта и приходит в подтверждении брони.

Место встречи: кулинарная мастерская в центре Белграда, адрес приходит в подтверждении брони.

Язык экскурсии: английский или сербский.

Дата: пятница, 18 сентября 2026. Время начала выбирается при бронировании.

Цена: от 69 € с человека. Бронирование на GetYourGuide, отмена бесплатна за 24 часа до начала. Партнёрская ссылка на бронирование.","A format for a rainy day and for anyone who wants to take home a skill from Serbia rather than a fridge magnet. The class is led by Maya, pastry chef and owner of the Cakes & Tales workshop, and every recipe comes with the story of how it arrived in Serbian cooking.

A short introduction to the desserts first, then hands on: **burek** dough stretched until it is see-through, and something sweet, with reviews mentioning **orasnice** and an apple tart. Everything is done step by step at an easy pace, and no experience is needed: one guest writes that he arrived unable to handle dough and left confident enough to repeat it at home.

At the end everyone tastes together and the leftovers go home with you. Drinks during the class are included. Groups of up to ten, and the host speaks English and Serbian. Five reviews, all rated 5. The meeting point depends on the option chosen and comes with the booking confirmation.

Meeting point: a baking studio in central Belgrade, the address comes with the booking confirmation.

Tour language: English or Serbian.

Date: Friday 18 September 2026. The starting time is chosen when booking.

Price: from €69 per person. Booking on GetYourGuide, free cancellation up to 24 hours before the start. Affiliate booking link.","Format za kišni dan i za one koji iz Srbije žele da ponesu veštinu, a ne magnet za frižider. Radionicu vodi Maja, poslastičarka i vlasnica radionice Cakes & Tales, a svaki recept ide uz priču kako je dospeo u srpsku kuhinju.

Prvo kratko upoznavanje sa poslasticama, pa rukama: testo za **burek** koje se razvlači do providnosti, i slatko, u recenzijama se pominju **orasnice** i pita od jabuka. Radi se korak po korak, opuštenim tempom, iskustvo nije potrebno: jedan gost piše da je došao bez veštine sa testom, a otišao siguran da može da ponovi kod kuće.

Na kraju svi zajedno probaju, a ostatak se nosi kući. Piće tokom radionice je uključeno. Grupa do deset ljudi, voditeljka govori engleski i srpski. Pet recenzija, sve sa 5. Mesto okupljanja zavisi od izabrane varijante i stiže uz potvrdu rezervacije.

Mesto susreta: kulinarska radionica u centru Beograda, adresa stiže uz potvrdu rezervacije.

Jezik ture: engleski ili srpski.

Datum: petak, 18. septembar 2026. Vreme početka bira se pri rezervaciji.

Cena: od 69 € po osobi. Rezervacija na GetYourGuide, besplatno otkazivanje do 24 sata pre početka. Partnerski link za rezervaciju.",,8070,Trg republike,"Trg republike, 11000 Beograd","44.816222,20.460295",https://www.getyourguide.com/belgrade-l1688/belgrade-serbian-baking-workshop-with-maya-t1244902/?partner_id=2UELYBV&utm_medium=online_publisher&cmp=ev1449,GetYourGuide,https://www.getyourguide.com/belgrade-l1688/belgrade-serbian-baking-workshop-with-maya-t1244902/?partner_id=2UELYBV&utm_medium=online_publisher&cmp=ev1449,Cakes & Tales,https://www.getyourguide.com/belgrade-l1688/belgrade-serbian-baking-workshop-with-maya-t1244902/?partner_id=2UELYBV&utm_medium=online_publisher&cmp=ev1449,,,,,,"мастер-класс, выпечка, бурек, орашнице, кулинария, сербская кухня, GetYourGuide","workshop, baking, burek, orasnice, cooking class, Serbian cuisine, GetYourGuide","radionica, pecivo, burek, orasnice, kuvanje, srpska kuhinja, GetYourGuide"
9/18/2026,9/18/2026,9/13/2026,1450,Organization,Cruising Belgrade CB&Co,,,Event,"Закатный круиз с напитками на понтонной лодке, до восьми гостей","Sunset cruise with drinks on a pontoon boat, up to eight guests","Krstarenje u zalazak sunca uz piće na pontonskom čamcu, do osam gostiju",https://raw.githubusercontent.com/newsgl/arsposters/main/1450-SunsetCruiseDrinks.webp,,Tours,"Два часа на маленькой лодке с капитаном-гидом: Земун, Великий военный остров, Калемегдан и мосты в огнях, вино, пиво и безалкогольное в цене. Гид на английском или сербском, доступно для колясок. Пятница 18 сентября, от 89 €.","Two hours on a small boat with a skipper-guide: Zemun, the Great War Island, Kalemegdan and the bridges lit up, with wine, beer and soft drinks included. Guide in English or Serbian, wheelchair accessible. Friday 18 September, from €89.","Dva sata na malom čamcu sa skiperom-vodičem: Zemun, Veliko ratno ostrvo, Kalemegdan i mostovi u svetlima, vino, pivo i sokovi u ceni. Vodič na engleskom ili srpskom, pristupačno za kolica. Petak 18. septembar, od 89 €.","Третий круиз в разделе и самый камерный: понтонная лодка на восемь гостей вместо двухпалубного теплохода, капитан сам ведёт рассказ и подливает. Оценка 4,9 по 266 отзывам, выше, чем у больших кораблей.

Маршрут два часа: выход на закате, **Земун** с набережной и Гардошем, **Великий военный остров**, крепость с воды и мосты, под которые лодка проходит уже в темноте, когда включается городская подсветка. В цене вино, пиво, вода и безалкогольные напитки без ограничения, о чём в отзывах пишут чаще всего.

Гид говорит по-английски или по-сербски, язык выбирается при бронировании. Лодка доступна для гостей на колясках. Мест мало, в сезон бронировать заранее.

Место посадки: пристань на Саве в центре города, точный адрес приходит в подтверждении брони.

Язык экскурсии: английский или сербский.

Дата: пятница, 18 сентября 2026. Время начала выбирается при бронировании.

Цена: от 89 € с человека. Бронирование на GetYourGuide, отмена бесплатна за 24 часа до начала. Партнёрская ссылка на бронирование.","The third cruise in the section and the most intimate: a pontoon boat for eight guests instead of a two-deck ship, with the skipper telling the stories and topping up the glasses himself. Rated 4.9 across 266 reviews, higher than the big boats.

The route takes two hours: departure at sunset, **Zemun** with its quay and Gardoš hill, the **Great War Island**, the fortress from the water and the bridges, which the boat passes under after dark, once the city lights come on. Wine, beer, water and soft drinks are included without limit, which is what the reviews mention most.

The guide speaks English or Serbian, the language is chosen when booking. The boat is accessible for wheelchair users. Seats are few, so book ahead in season.

Boarding point: a pier on the Sava in the city centre, the exact address comes with the booking confirmation.

Tour language: English or Serbian.

Date: Friday 18 September 2026. The starting time is chosen when booking.

Price: from €89 per person. Booking on GetYourGuide, free cancellation up to 24 hours before the start. Affiliate booking link.","Treće krstarenje u rubrici i najintimnije: pontonski čamac za osam gostiju umesto broda sa dve palube, a skiper sam priča i dosipa. Ocena 4,9 na 266 recenzija, viša nego kod velikih brodova.

Ruta traje dva sata: polazak u zalazak sunca, **Zemun** sa kejom i Gardošem, **Veliko ratno ostrvo**, tvrđava sa vode i mostovi, ispod kojih čamac prolazi već po mraku, kada se upali gradska rasveta. U ceni su vino, pivo, voda i sokovi bez ograničenja, što se u recenzijama najčešće pominje.

Vodič govori engleski ili srpski, jezik se bira pri rezervaciji. Čamac je pristupačan za goste u kolicima. Mesta je malo, u sezoni rezervisati unapred.

Mesto ukrcavanja: pristan na Savi u centru grada, tačna adresa stiže uz potvrdu rezervacije.

Jezik ture: engleski ili srpski.

Datum: petak, 18. septembar 2026. Vreme početka bira se pri rezervaciji.

Cena: od 89 € po osobi. Rezervacija na GetYourGuide, besplatno otkazivanje do 24 sata pre početka. Partnerski link za rezervaciju.",,10410,Sava Promenada,Sava Promenada,"44.8065669,20.447273",https://www.getyourguide.com/belgrade-l1688/belgrade-sunset-sightseeing-cruise-with-drinks-t252002/?partner_id=2UELYBV&utm_medium=online_publisher&cmp=ev1450,GetYourGuide,https://www.getyourguide.com/belgrade-l1688/belgrade-sunset-sightseeing-cruise-with-drinks-t252002/?partner_id=2UELYBV&utm_medium=online_publisher&cmp=ev1450,Cruising Belgrade CB&Co,https://www.getyourguide.com/belgrade-l1688/belgrade-sunset-sightseeing-cruise-with-drinks-t252002/?partner_id=2UELYBV&utm_medium=online_publisher&cmp=ev1450,,,,,,"закат, круиз, лодка, Земун, напитки, Сава, Дунай, GetYourGuide","sunset, cruise, boat, Zemun, drinks, Sava, Danube, GetYourGuide","zalazak sunca, krstarenje, čamac, Zemun, piće, Sava, Dunav, GetYourGuide"
