StartDate,EndDate,PubDate,UniqueID,PerformerType,PerformerName,SameAs,Language,EventType,EventNameRus,EventNameEng,EventNameSrb,CoverImage,SpotifyButton,Section,ShortDescriptionRus,ShortDescriptionEng,ShortDescriptionSrb,LongDescriptionRus,LongDescriptionEng,LongDescriptionSrb,Time,PriceDin,PlaceName,PlaceAddress,GoogleMap,EventPage,SourceName,TicketsLink,OrganizerName,OrganizerPageURL,OrganizerEmail,OrganizerPhone,AgeRestriction,EventCapacity,ImageGallery,TagsRus,TagsEng,TagsSrb
9/2/2026,9/3/2026,8/29/2026,880,Person,Milanče Radosavljević,https://sr.wikipedia.org/sr-el/%D0%9C%D0%B8%D0%BB%D0%B0%D0%BD%D1%87%D0%B5_%D0%A0%D0%B0%D0%B4%D0%BE%D1%81%D0%B0%D0%B2%D1%99%D0%B5%D0%B2%D0%B8%D1%9B,,MusicFestival,Миланче Радосавлевич: концерт «Ташмайдан PLUS» на стадионе Ташмайдан,Milanče Radosavljević: Tašmajdan PLUS Concert at Tašmajdan Stadium,Milanče Radosavljević: koncert Tašmajdan PLUS na stadionu Tašmajdan,https://raw.githubusercontent.com/newsgl/arsposters/main/880-MilanceRadosavljevicTasm.webp,,Concerts,"Легенда сербской народной музыки Миланче Радосавлевич добавляет четвёртый концерт на Ташмайдане: вечер «Ташмайдан PLUS» для тех, кому не досталось билетов на распроданный финальный концерт 3 сентября. 2 сентября в 20:00 на стадионе Ташмайдан, билеты от 2200 динаров.","Serbian folk legend Milanče Radosavljević adds a fourth Tašmajdan show: the Tašmajdan PLUS evening for everyone left without tickets to the sold-out final concert on 3 September. 2 September at 20:00 at Tašmajdan Stadium, tickets from 2200 dinars.","Legenda narodne muzike Milanče Radosavljević dodaje četvrti koncert na Tašmajdanu: veče Tašmajdan PLUS za sve koji su ostali bez karata za rasprodati završni koncert 3. septembra. Koncert je 2. septembra u 20.00 na stadionu Tašmajdan, karte od 2200 dinara.","**Миланче Радосавлевич** дал свой первый большой сольный концерт на девятом десятке и с тех пор собрал Ташмайдан уже трижды. Билеты на финальный «Ташмайдан 3» разошлись за 25 минут, тысячи людей остались ни с чем, и организаторы открыли дополнительный вечер: **«Ташмайдан PLUS»** с подзаголовком «Потому что мы вам это должны».

Радосавлевич поёт народную музыку больше полувека: аккордеонист и певец из села Барич под Обреновцем, автор 44 песен, среди которых хиты «Dao bih ovo malo života» и «Žena plave kose». Его голос знают все, кто вырос на сербской народной музыке, даже если имени исполнителя не знали.

На сцене вместе с ним оркестр Александра Софрониевича, с которым Миланче играл и предыдущие ташмайданские концерты.

Цена: от 2200 до 6800 динаров.

Организатор: AS Studioton.","**Milanče Radosavljević** gave his first big solo concert in his eighties and has filled Tašmajdan three times since. Tickets for the final Tašmajdan 3 show sold out in 25 minutes, thousands were left empty-handed, so the promoters opened one more evening: **Tašmajdan PLUS**, subtitled ""Because we owe it to you"".

Radosavljević has been singing Serbian folk music for over half a century: an accordionist and singer from the village of Barič near Obrenovac, he wrote 44 songs, including the hits ""Dao bih ovo malo života"" and ""Žena plave kose"". His voice is familiar to anyone who grew up with Serbian folk music, even those who never knew the singer's name.

He is joined on stage by the orchestra of Aleksandar Sofronijević, his partner at the previous Tašmajdan concerts.

Price: from 2200 to 6800 dinars.

Promoter: AS Studioton.","**Milanče Radosavljević** prvi veliki solistički koncert održao je u devetoj deceniji života, a od tada je Tašmajdan napunio već tri puta. Karte za završni koncert Tašmajdan 3 rasprodate su za 25 minuta, hiljade ljudi ostale su bez ulaznice, pa su organizatori otvorili još jedno veče: **Tašmajdan PLUS**, uz poruku ""Jer vam to dugujemo"".

Radosavljević peva narodnu muziku više od pola veka: harmonikaš i pevač iz Bariča kod Obrenovca, autor 44 pesme, među kojima su hitovi ""Dao bih ovo malo života"" i ""Žena plave kose"". Njegov glas znaju svi koji su odrasli uz narodnu muziku, čak i ako ime pevača nisu znali.

Na sceni je uz njega orkestar Aleksandra Sofronijevića, sa kojim je svirao i prethodne tašmajdanske koncerte.

Cena: od 2200 do 6800 dinara.

Organizator: AS Studioton.",20:00,2200,Stadion Tašmajdan,"Ilije Garašanina 26-28, Beograd","44.810006,20.471536",https://efinity.rs/event-details/milance_radosavljevic4_32295,efinity.rs,https://efinity.rs/event-details/milance_radosavljevic4_32295,AS Studioton,,,,,,,"народная музыка, концерт, Ташмайдан, сербская эстрада","folk music, concert, Tašmajdan, Serbian music","narodna muzika, koncert, Tašmajdan, srpska muzika"
9/3/2026,9/3/2026,8/29/2026,881,Person,Adi Šoše,https://hr.wikipedia.org/wiki/Adi_%C5%A0o%C5%A1e,,MusicEvent,Ади Шоше: «Концерт в белом» в Ботаническом саду Евремовац,Adi Šoše: Concert in White at Jevremovac Botanical Garden,Adi Šoše: koncert u belom u Botaničkoj bašti Jevremovac,https://raw.githubusercontent.com/newsgl/arsposters/main/881-AdiSoseConcertinWhiteatJ.webp,https://open.spotify.com/artist/71pMMyCp47zSyVygLwkXtH,Concerts,"Ади Шоше, бывший вокалист группы Miligram, поёт вживую с AL Music Band: «Концерт в белом» в декорациях Ботанического сада Евремовац. 3 сентября в 18:00, билеты от 4500 динаров.","Adi Šoše, former frontman of Miligram, performs live with the AL Music Band: a Concert in White set in the Jevremovac Botanical Garden. 3 September at 18:00, tickets from 4500 dinars.","Adi Šoše, nekadašnji vokal grupe Miligram, nastupa uživo sa AL Music Bandom: koncert u belom u ambijentu Botaničke bašte Jevremovac. Koncert je 3. septembra u 18.00, karte od 4500 dinara.","«Концерт в белом» переносит энергию летней площадки «Авалско лето» в Ботанический сад Евремовац, самый зелёный концертный зал Белграда. **Ади Шоше** выступает вживую с **AL Music Band**.

Шоше родом из Мостара, и петь на публике он начал поздно: до 25 лет мешала тревожность, а голос он ставил в школе Mostar Rock School. В 2019 году дошёл до полуфинала конкурса «Звезде Гранда», в том же году стал вокалистом группы Miligram, а с 2021-го строит сольную карьеру. Дебютный альбом «Nije lako biti ja» (2023) принёс хиты «Najljepši cvijet», «Pusto ostrvo» и «Suvenir», дуэт «Sve ili ništa» он записал с Тони Цетинским.

VIP-столы бронируются по телефону +381 62 1449594.

Цена: от 4500 до 8750 динаров.

Организатор: LoveBrands&Events.","The Concert in White brings the energy of the Avalsko leto summer stage down to the Jevremovac Botanical Garden, the greenest concert venue in Belgrade. **Adi Šoše** performs live with the **AL Music Band**.

Šoše comes from Mostar and started singing in public late: anxiety kept him off stage until he was 25, and he trained his voice at the Mostar Rock School. In 2019 he reached the semifinal of the Zvezde Granda contest and became the lead singer of Miligram the same year; since 2021 he has been building a solo career. His debut album ""Nije lako biti ja"" (2023) produced the hits ""Najljepši cvijet"", ""Pusto ostrvo"" and ""Suvenir"", and he recorded the duet ""Sve ili ništa"" with Toni Cetinski.

VIP table reservations: +381 62 1449594.

Price: from 4500 to 8750 dinars.

Promoter: LoveBrands&Events.","Koncert u belom spušta energiju Avalskog leta u Botaničku baštu Jevremovac, najzeleniju koncertnu salu Beograda. **Adi Šoše** nastupa uživo sa **AL Music Bandom**.

Šoše je rodom iz Mostara, a pred publikom je počeo da peva kasno: do 25. godine sprečavala ga je anksioznost, dok je glas brusio u Mostar Rock School. Godine 2019. stigao je do polufinala Zvezda Granda i iste godine postao vokal grupe Miligram, a od 2021. gradi solo karijeru. Debitantski album ""Nije lako biti ja"" (2023) doneo je hitove ""Najljepši cvijet"", ""Pusto ostrvo"" i ""Suvenir"", a duet ""Sve ili ništa"" snimio je sa Tonijem Cetinskim.

Rezervacije VIP stolova: +381 62 1449594.

Cena: od 4500 do 8750 dinara.

Organizator: LoveBrands&Events.",18:00,4500,Botanička bašta Jevremovac,"Takovska 43, Beograd","44.815882,20.473311",https://efinity.rs/event-details/adi_sose_jevremovac_botanical_garden_32306,efinity.rs,https://efinity.rs/event-details/adi_sose_jevremovac_botanical_garden_32306,LoveBrands&Events d.o.o.,,,,,,,"поп-музыка, балканская музыка, Ботанический сад, концерт под открытым небом","pop music, Balkan music, botanical garden, open-air concert","pop muzika, balkanska muzika, botanička bašta, koncert na otvorenom"
9/5/2026,9/5/2026,8/29/2026,889,Organization,Palata nauke,,,ChildrensEvent,«Послание во времени»: детская археологическая мастерская в Палате науки,Message Through Time: Kids' Archaeology Workshop at the Palace of Science,Poruka u vremenu: dečja arheološka radionica u Palati nauke,https://raw.githubusercontent.com/newsgl/arsposters/main/889-MessageThroughTimeKidsAr.webp,,Kids,"Мастерская в Палате науки: дети осваивают методы археологии, только раскапывают не древности, а следы современной городской семьи. 5 сентября, для детей от 7 до 12 лет, в группе до 20 участников, билеты 750 динаров.","A workshop at the Palace of Science: children learn the methods of archaeology, except they dig not into antiquity but into the traces of a modern urban family. 5 September, for children aged 7 to 12, up to 20 participants, tickets 750 dinars.","Radionica u Palati nauke: deca uče metode arheologije, samo što ne kopaju po davnoj prošlosti, već po tragovima savremene gradske porodice. Radionica je 5. septembra, za decu od 7 do 12 godina, do 20 učesnika, karte 750 dinara.","Сентябрь в Сербии посвящён культурному наследию, и Палата науки предлагает взглянуть на него глазами археолога. Только копать предстоит не древние слои, а собственную повседневность.

Участники мастерской разберут «археологические находки» современной городской семьи и попробуют прочитать по ним привычки, ценности и образ жизни: так же археологи читают исчезнувшие цивилизации по фрагментам. Работа командная, с обсуждением и выводами о том, какой след мы оставляем будущим исследователям. Мастерскую поддерживает фонд Neozoik.

Занятие рассчитано на детей от 7 до 12 лет, в группе не больше 20 участников.

Цена: 750 динаров.

Организатор: Палата науки (Задужбина Миодрага Костича).","September in Serbia is dedicated to cultural heritage, and the Palace of Science suggests looking at it through an archaeologist's eyes. Except the digging happens not in ancient layers but in our own everyday lives.

Workshop participants will examine the ""archaeological remains"" of a contemporary urban family and try to read habits, values and lifestyles from them, just as archaeologists read vanished civilisations from fragments. The work is done in teams, with discussion and conclusions about the traces we are leaving for future researchers. The workshop is supported by the Neozoik Foundation.

The session is designed for children aged 7 to 12, with a maximum of 20 participants per group.

Price: 750 dinars.

Organiser: Palace of Science (Miodrag Kostić Endowment).","Septembar je u Srbiji posvećen kulturnom nasleđu, a Palata nauke predlaže da ga pogledamo očima arheologa. Samo što se ovog puta ne kopa po drevnim slojevima, već po sopstvenoj svakodnevici.

Učesnici radionice analiziraće ""arheološke ostatke"" jedne savremene gradske porodice i pokušati da iz njih pročitaju navike, vrednosti i način života: baš kao što arheolozi iz fragmenata čitaju nestale civilizacije. Radi se timski, uz diskusiju i zaključke o tome kakav trag ostavljamo budućim istraživačima. Radionicu podržava Fondacija Neozoik.

Radionica je namenjena deci od 7 do 12 godina, u grupi je najviše 20 učesnika.

Cena: 750 dinara.

Organizator: Palata nauke (Zadužbina Miodraga Kostića).",12:00,750,Palata nauke,"Kralja Milana 11, Beograd","44.808340,20.463766",https://efinity.rs/event-details/poruka_u_vremenu_32316,efinity.rs,https://efinity.rs/event-details/poruka_u_vremenu_32316,Palata nauke - Zadužbina Miodraga Kostića,,,,,,,"детям, мастерская, археология, наука","kids, workshop, archaeology, science","deca, radionica, arheologija, nauka"
9/5/2026,9/5/2026,8/29/2026,890,TheaterGroup,Pinecone teatar,,sr,ChildrensEvent,"«Лаза-скиталец: история о Тесле», иммерсивный детский спектакль в театре Pinecone","Laza the Wanderer: A Story About Tesla, Immersive Kids' Show at Pinecone Theater","Laza Lutalica: priča o Tesli, imerzivna dečja predstava u Pinecone teatru",https://raw.githubusercontent.com/newsgl/arsposters/main/890-LazatheWandererAStoryAbo.webp,,Kids,"Премьера иммерсивного детского спектакля по мотивам жизни и идей Николы Теслы: зрители от 6 до 10 лет входят в пространство спектакля и становятся частью истории. 5 сентября в театре Pinecone (Šišarka), не больше 20 детей на показ, билеты 2555 динаров. Спектакль идёт на сербском языке.","The premiere of an immersive children's play inspired by the life and ideas of Nikola Tesla: audience members aged 6 to 10 step inside the performance space and become part of the story. 5 September at Pinecone (Šišarka) Theater, a maximum of 20 children per show, tickets 2555 dinars. Performed in Serbian.","Premijera imerzivne dečje predstave inspirisane životom i idejama Nikole Tesle: mali gledaoci od 6 do 10 godina ulaze u prostor predstave i postaju deo priče. Predstava je 5. septembra u Pinecone (Šišarka) teatru, najviše 20 dece po izvođenju, karte 2555 dinara.","В иммерсивном театре дети не сидят в зале: они входят в пространство спектакля и становятся частью его мира. Вокруг декорации, рядом актёры, в ходу цвета, материалы, запахи, вкусы и звуки, а участвовать в действии каждый ребёнок может ровно настолько, насколько сам захочет.

Премьеру «Лазы-скитальца» театр **Pinecone (Šišarka)** выпускает в копродукции с театром Чича Мичи. Путешествие Лазы вдохновлено жизнью и идеями **Николы Теслы**: наука здесь пространство открытий и фантазии, а главная мысль спектакля: важно растить собственную креативность, а не повторять чужую. Текст и режиссура Матеи Попович, играют Йована Берич и Драган Петрович.

Спектакль длится 60 минут и рассчитан на детей от 6 до 10 лет, не больше 20 зрителей на показ. Дети входят в спектакль самостоятельно, родители ждут в баре Pinecone за бесплатным чаем. При покупке билета предупредите организаторов об аллергиях ребёнка.

Спектакль идёт на сербском языке.

Цена: 2555 динаров.

Организатор: Immersive World Production.","In immersive theatre children do not sit in the audience: they enter the performance space and become part of its world. Scenography surrounds them, the actors are within reach, and colours, materials, scents, tastes and sounds all play a role, while each child joins the action only as much as they want to.

The premiere of Laza the Wanderer is produced by **Pinecone (Šišarka) Theater** in co-production with the Čiča Miča Theatre. Laza's journey is inspired by the life and ideas of **Nikola Tesla**: science here is a space of discovery and imagination, and the show's core message is that growing your own creativity matters more than copying someone else's. Written and directed by Mateja Popović, performed by Jovana Berić and Dragan Petrović.

The show lasts 60 minutes and is intended for children aged 6 to 10, with a maximum of 20 young viewers per performance. Children enter on their own while parents wait in the Pinecone bar with complimentary tea. When buying tickets, please note any allergies your child has.

Performed in Serbian.

Price: 2555 dinars.

Organiser: Immersive World Production.","U imerzivnom pozorištu deca ne sede u publici: ona ulaze u prostor predstave i postaju deo njenog sveta. Okružuje ih scenografija, glumci su na dohvat ruke, a u igri su boje, materijali, mirisi, ukusi i zvuci, dok svako dete učestvuje tačno onoliko koliko samo želi.

Premijeru Laze Lutalice **Pinecone (Šišarka) teatar** izvodi u koprodukciji sa Čiča Mičinim pozorištem. Lazino putovanje inspirisano je životom i idejama **Nikole Tesle**: nauka je ovde prostor otkrića i mašte, a glavna poruka predstave je da vredi razvijati sopstvenu kreativnost, a ne ponavljati tuđu. Tekst i režija Mateja Popović, igraju Jovana Berić i Dragan Petrović.

Predstava traje 60 minuta i namenjena je deci od 6 do 10 godina, najviše 20 mališana po izvođenju. Deca ulaze u predstavu samostalno, a roditelji čekaju u Pinecone baru uz besplatan čaj. Prilikom kupovine karata naglasite ako je dete alergično na neke namirnice ili materijale.

Cena: 2555 dinara.

Organizator: Immersive World Production.",10:00,2555,Pinecone Bar & Theater,"Vladete Jerotića 5, Beograd","44.815007,20.471727",https://efinity.rs/event-details/laza_lutalica_32112,efinity.rs,https://efinity.rs/event-details/laza_lutalica_32112,Immersive World Production,,,,,,,"детям, иммерсивный театр, Тесла, премьера","kids, immersive theatre, Tesla, premiere","deca, imerzivno pozorište, Tesla, premijera"
9/9/2026,9/9/2026,8/29/2026,896,MusicGroup,The Rumjacks,https://en.wikipedia.org/wiki/The_Rumjacks,,MusicEvent,The Rumjacks в Zappa Baza: кельтский панк из Австралии,The Rumjacks at Zappa Baza: Celtic Punk from Australia,The Rumjacks u Zappa Bazi: keltski pank iz Australije,https://raw.githubusercontent.com/newsgl/arsposters/main/896-TheRumjacksatZappaBazaCe.webp,https://open.spotify.com/artist/0w2KUuMj7dvP8dV4tzoltd,Concerts,"Австралийцы The Rumjacks, одно из главных имён мирового кельтского панка, возвращаются в Белград спустя восемь лет: концерт в Zappa Baza в рамках тура Balkans to Baltics. 9 сентября, билеты 2000 динаров.","Australia's The Rumjacks, one of the leading names in Celtic punk, return to Belgrade after eight years with a Zappa Baza show on their Balkans to Baltics tour. 9 September, tickets 2000 dinars.","Australijski The Rumjacks, jedno od vodećih imena keltskog panka, vraćaju se u Beograd posle punih osam godina: koncert u Zappa Bazi u sklopu turneje Balkans to Baltics. 9. septembra, karte 2000 dinara.","Ирландский фолк, сыгранный с панковской злостью: примерно так устроена музыка **The Rumjacks**. Группа собралась в Сиднее в 2008 году и с тех пор объехала полмира, а их **An Irish Pub Song** стала визитной карточкой жанра и разошлась на десятки миллионов прослушиваний.

Волынки и вистлы здесь соседствуют с гитарным напором, а припевы написаны так, чтобы зал подхватывал их со второго раза. Именно за живые концерты The Rumjacks и ценят: это шумный, потный и очень дружелюбный праздник, который одинаково работает на фестивальной сцене и в клубе.

В Белграде группа не играла восемь лет, а в Zappa Baza выйдет впервые. Концерт проходит в рамках европейского тура Balkans to Baltics.

Цена: 2000 динаров.

Организатор: Panteon Promotions.","Irish folk played with punk fury: that is the shortest way to describe **The Rumjacks**. Formed in Sydney in 2008, the band has since toured half the world, and **An Irish Pub Song** has become a calling card of the whole genre with tens of millions of plays.

Pipes and whistles sit next to driving guitars, and the choruses are built to be shouted back by the second run-through. Live shows are exactly what The Rumjacks are loved for: loud, sweaty, remarkably friendly nights that work equally well on a festival stage and in a club.

The band has not played Belgrade in eight years, and this is their first time at Zappa Baza. The show is part of their Balkans to Baltics European tour.

Price: 2000 dinars.

Organizer: Panteon Promotions.","Irski folk odsviran pankerskom žestinom: tako najkraće zvuče **The Rumjacks**. Bend je osnovan u Sidneju 2008. i od tada je obišao pola sveta, a **An Irish Pub Song** postala je zaštitni znak čitavog žanra sa desetinama miliona slušanja.

Gajde i zviždaljke tu stoje uz gitarski naboj, a refreni su pisani tako da ih publika prihvati već iz drugog pokušaja. Upravo po koncertima uživo The Rumjacks su i poznati: bučno, znojavo i vrlo drugarski veče koje jednako radi na festivalskoj bini i u klubu.

U Beogradu nisu svirali punih osam godina, a u Zappa Bazi nastupaju prvi put. Koncert je deo evropske turneje Balkans to Baltics.

Cena: 2000 dinara.

Organizator: Panteon Promotions.",21:00,2000,Zappa Baza,"Bulevar Vojvode Bojovića 30a, 11000 Beograd","44.820671,20.448039",https://efinity.rs/event-details/rumjacks_32292,efinity.rs,https://efinity.rs/event-details/rumjacks_32292,Panteon Promotions,,,,,,,"кельтский панк, панк-рок, концерт, Zappa Baza","Celtic punk, punk rock, concert, Zappa Baza","keltski pank, pank rok, koncert, Zappa Baza"
9/10/2026,9/10/2026,8/29/2026,897,Person,Konstantinos Argiros,https://en.wikipedia.org/wiki/Konstantinos_Argyros,,MusicEvent,Konstantinos Argiros: open-air в Савском парке Belgrade Waterfront,"Konstantinos Argiros Open Air at Savski Park, Belgrade Waterfront","Konstantinos Argiros: open-air u Savskom parku, Belgrade Waterfront",https://raw.githubusercontent.com/newsgl/arsposters/main/897-KonstantinosArgirosOpenA.webp,https://open.spotify.com/artist/5YquORfLTx6nWMlBzJstx7,Concerts,"Греческий поп-певец Konstantinos Argiros возвращается в Белград после концерта, распроданного за сутки: open-air в Савском парке Belgrade Waterfront с хитами Ksimeromata, Athina Mou, Eleftheros и Ah Kardia Mou. 10 сентября, билеты от 3300 динаров.","Greek pop star Konstantinos Argiros returns to Belgrade after a show that sold out in 24 hours: an open-air concert at Savski Park, Belgrade Waterfront, with hits like Ksimeromata, Athina Mou, Eleftheros and Ah Kardia Mou. 10 September, tickets from 3300 dinars.","Grčka pop zvezda Konstantinos Argiros vraća se u Beograd posle koncerta rasprodatog za 24 sata: open-air u Savskom parku, Belgrade Waterfront, uz hitove Ksimeromata, Athina Mou, Eleftheros i Ah Kardia Mou. 10. septembra, karte od 3300 dinara.","Прошлый белградский концерт **Konstantinos Argiros** разлетелся за 24 часа, поэтому продолжение напрашивалось само. На этот раз один из самых востребованных греческих исполнителей своего поколения выступит под открытым небом, в Савском парке района Belgrade Waterfront.

В программе всё, за что его любят: **Ksimeromata**, **Athina Mou**, Eleftheros, Ah Kardia Mou и другие песни, в которых современный греческий поп смыкается с традицией лаико. Публика на его концертах обычно подпевает целыми кварталами: в Белграде живёт большая греческая диаспора, да и балканский слушатель этот жанр понимает без перевода.

Цена: от 3300 динаров, верхние категории до 23500.

Организатор: Index Corp.","The previous Belgrade concert by **Konstantinos Argiros** sold out in 24 hours, so a follow-up was only a matter of time. This time one of the most in-demand Greek singers of his generation performs in the open air, at Savski Park in the Belgrade Waterfront district.

The set list covers everything he is loved for: **Ksimeromata**, **Athina Mou**, Eleftheros, Ah Kardia Mou and other songs where contemporary Greek pop meets the laiko tradition. His audiences tend to sing along in full voice: Belgrade has a sizeable Greek community, and Balkan listeners need no translation for this genre anyway.

Price: from 3300 dinars, top categories up to 23500.

Organizer: Index Corp.","Prethodni beogradski koncert **Konstantinosa Argirosa** rasprodat je za 24 sata, pa se nastavak podrazumevao. Ovog puta jedan od najtraženijih grčkih izvođača svoje generacije nastupa pod otvorenim nebom, u Savskom parku u okviru Beograda na vodi.

Na repertoaru je sve zbog čega ga publika voli: **Ksimeromata**, **Athina Mou**, Eleftheros, Ah Kardia Mou i druge pesme u kojima se savremeni grčki pop sreće sa tradicijom laika. Na njegovim koncertima peva ceo prostor: u Beogradu živi brojna grčka zajednica, a balkanska publika ovaj žanr ionako razume bez prevoda.

Cena: od 3300 dinara, najskuplje kategorije do 23500.

Organizator: Index Corp.",20:00,3300,Savski park,"Savski park, Beograd na vodi, Beograd","44.804988,20.451521",https://efinity.rs/event-details/konstantinos_argiros_32134,efinity.rs,https://efinity.rs/event-details/konstantinos_argiros_32134,Index Corp,,,,,,,"греческая музыка, поп-музыка, open-air, Belgrade Waterfront","Greek music, pop music, open air, Belgrade Waterfront","grčka muzika, pop muzika, open-air, Belgrade Waterfront"
9/12/2026,9/12/2026,8/29/2026,904,TheaterGroup,Immersive World Production,,,MusicEvent,Lucidity Triptych: иммерсивный спектакль в театре Pinecone,Lucidity Triptych: Immersive Theatre at Pinecone,Lucidity Triptych: imerzivna predstava u teatru Pinecone,https://raw.githubusercontent.com/newsgl/arsposters/main/904-LucidityTriptychImmersiv.webp,,Concerts,"Иммерсивный спектакль в трёхэтажном особняке театра Pinecone: всего 22 зрителя свободно перемещаются между тремя параллельными снами героя. 12 сентября, билеты от 6434 динаров.","An immersive performance in the three-storey Pinecone theatre house: an audience of just 22 moves freely between the hero's three parallel dreams. 12 September, tickets from 6434 dinars.","Imerzivna predstava u trospratnoj kući teatra Pinecone: publika od svega 22 gledaoca slobodno se kreće kroz tri paralelna sna junaka. 12. septembra, karte od 6434 dinara.","Спектакль, который физически невозможно увидеть целиком за один вечер. Писатель Вильгельм на пороге сорокалетия за одну ночь проживает три сна, и все три сюжета разворачиваются в доме одновременно: зритель сам решает, идти за сновидцем, держаться одного из персонажей или переходить между линиями, собирая собственную версию истории. В основе замысла «Рождение трагедии» Ницше и теория архетипов Юнга.

Играют в **Pinecone**, трёхэтажном особняке начала XX века на Владете Еротича, 5, перестроенном под постановку. На каждый показ пускают всего 22 зрителя, перед началом каждому объясняют правила перемещения.

Драма здесь сплетена с музыкальным театром: две оперные певицы, Невена Джокович и Невена Матич, исполняют фрагменты из «Русалки», «Кармен» и «Сказок Гофмана», аранжированные под сюжет, а арфистка София Сибинович играет живьём весь вечер. Декорации и реквизит можно трогать, по дому расставлены запахи, а в баре на первом этаже подают коктейли, придуманные под героев.

Режиссёр Ана Буняк, сценарий Александра Пруджана, продюсер Йована Радованович, музыкальный руководитель Стефан Зекич.

Цена: от 6434 до 16300 динаров, промо-пакет на двоих с коктейлями 11000 динаров.

Организатор: Immersive World Production.","A performance that is physically impossible to see in full in one visit. Wilhelm, a writer approaching forty, lives through three dreams in a single night, and all three storylines unfold in the house simultaneously: each spectator decides whether to follow the dreamer, shadow one of the dream characters or drift between perspectives, building their own version of the story. The concept draws on Nietzsche's The Birth of Tragedy and Jung's theory of archetypes.

The setting is **Pinecone**, a three-storey early 20th century house at Vladete Jerotića 5, redesigned for the production. Each show admits an audience of just 22, and everyone gets movement instructions before it begins.

Drama is woven together with musical theatre: two opera singers, Nevena Đoković and Nevena Matić, perform selections from Rusalka, Carmen and The Tales of Hoffmann arranged to fit the narrative, while harpist Sofija Sibinović plays live throughout. The set and props can be touched, scents are placed around the house, and the ground-floor bar serves cocktails inspired by the characters.

Directed by Ana Bunjak, script by Aleksandar Pruđan, produced by Jovana Radovanović, music direction by Stefan Zekić.

Price: from 6434 to 16300 dinars; a promo package for two with cocktails costs 11000 dinars.

Organiser: Immersive World Production.","Predstava koju je fizički nemoguće videti celu u jednom gledanju. Pisac Vilhelm, na pragu četrdesetih, tokom jedne noći proživljava tri sna, a sve tri priče odvijaju se u kući istovremeno: gledalac sam bira da li će pratiti sanjara, držati se jednog od likova ili prelaziti između perspektiva i tako sklapati sopstvenu verziju priče. Ideja je inspirisana Ničeovim Rađanjem tragedije i Jungovom teorijom arhetipova.

Igra se u **Pinecone** teatru, trospratnoj kući s početka 20. veka u Vladete Jerotića 5, redizajniranoj za ovu priliku. Na svako izvođenje ulazi svega 22 gledaoca, a pre početka svako dobija uputstva za kretanje.

Drama je isprepletena sa muzičkim pozorištem: operske pevačice Nevena Đoković i Nevena Matić izvode izbore iz Rusalke, Karmen i Hofmanovih priča, aranžirane da se uklope u narativ, dok harfistkinja Sofija Sibinović svira uživo tokom cele večeri. Scenografija i rekviziti mogu da se dodiruju, po kući su raspoređeni mirisi, a bar u prizemlju služi koktele inspirisane junacima.

Režija Ana Bunjak, scenario Aleksandar Pruđan, produkcija Jovana Radovanović, muzička režija Stefan Zekić.

Cena: od 6434 do 16300 dinara, promo paket za dvoje sa koktelima 11000 dinara.

Organizator: Immersive World Production.",19:00,6434,Pinecone Bar & Theater,"Vladete Jerotića 5, Beograd","44.815007,20.471727",https://efinity.rs/event-details/lucidity_triptych_31868,efinity.rs,https://efinity.rs/event-details/lucidity_triptych_31868,Immersive World Production,,,,,,,"иммерсивный театр, спектакль, опера, перформанс, театр","immersive theatre, performance, opera, drama, experience","imerzivno pozorište, predstava, opera, performans, teatar"
9/12/2026,9/12/2026,8/29/2026,905,Person,Dragan Kojić Keba,https://www.facebook.com/dragankojickebaofficial/,,MusicEvent,Драган Коич Кеба: концерт «Сад и ко зна кад» на стадионе Ташмайдан,Dragan Kojić Keba: Sad i ko zna kad at Tašmajdan Stadium,Dragan Kojić Keba: koncert Sad i ko zna kad na stadionu Tašmajdan,https://raw.githubusercontent.com/newsgl/arsposters/main/905-DraganKojicKebaSadikozna.webp,https://open.spotify.com/artist/1VBweZIUq8SNikHhrT4Ixp,Concerts,"Драган Коич Кеба даёт концерт карьеры под открытым небом на стадионе Ташмайдан: главные хиты за четыре десятилетия и специальные гости. 12 сентября, билеты от 2190 до 6590 динаров.","Dragan Kojić Keba plays the concert of his career open-air at Tašmajdan Stadium: four decades of hits plus special guests. 12 September, tickets from 2190 to 6590 dinars.","Dragan Kojić Keba priređuje koncert karijere pod otvorenim nebom na stadionu Tašmajdan: najveći hitovi četiri decenije i specijalni gosti. 12. septembra, karte od 2190 do 6590 dinara.","Название концерта переводится как «сейчас, и кто знает когда ещё»: **Драган Коич Кеба**, один из самых известных фолк-певцов Сербии, обещает Ташмайдану вечер, который не собирается повторять. Сам певец называет это концертом карьеры.

В программе весь золотой запас: «Bre gidi džanum», «Nemam drage, nemam druga», «Mesečina», «Ti hodaš sa njom», а также баллады, под которые закрывались кафаны: «Imao sam», «U snu ljubim medna usta», «Kukavica», «Plavo oko plakalo je», «Srce piše suzama». Организаторы анонсируют специальных гостей и большую сценическую программу под открытым небом.

Кеба на эстраде больше сорока лет и известен тем, что каждый концерт отрабатывает, по собственному выражению, оставляя «сердце на поле».

Цена: от 2190 до 6590 динаров.

Организатор: SKY EVENTS d.o.o.","The concert title translates as ""now, and who knows when again"": **Dragan Kojić Keba**, one of Serbia's best-known folk singers, promises Tašmajdan a night he does not plan to repeat. The singer himself calls it the concert of his career.

The programme covers his entire golden catalogue: Bre gidi džanum, Nemam drage, nemam druga, Mesečina and Ti hodaš sa njom, along with the ballads that once brought taverns to silence: Imao sam, U snu ljubim medna usta, Kukavica, Plavo oko plakalo je and Srce piše suzama. The organisers announce special guests and a large-scale open-air production.

Keba has been on stage for more than four decades and is known for leaving, in his own words, his ""heart on the field"" at every show.

Price: from 2190 to 6590 dinars.

Organiser: SKY EVENTS d.o.o.","Naziv koncerta govori sam za sebe: sad, i ko zna kad ponovo. **Dragan Kojić Keba**, jedan od najpoznatijih pevača narodne muzike u Srbiji, obećava Tašmajdanu veče koje ne planira da ponavlja: sam ga naziva koncertom karijere.

Na programu je ceo zlatni repertoar: Bre gidi džanum, Nemam drage, nemam druga, Mesečina, Ti hodaš sa njom, kao i balade uz koje su se gasile kafane: Imao sam, U snu ljubim medna usta, Kukavica, Plavo oko plakalo je, Srce piše suzama. Organizatori najavljuju specijalne goste i veliku produkciju pod otvorenim nebom.

Keba je na sceni više od četiri decenije i poznat je po tome što na svakom nastupu, kako sam kaže, ostavlja srce na terenu.

Cena: od 2190 do 6590 dinara.

Organizator: SKY EVENTS d.o.o.",20:00,2190,Stadion Tašmajdan,"Ilije Garašanina 26-28, Beograd","44.810006,20.471536",https://efinity.rs/event-details/dragan_kojic_keba_32226,efinity.rs,https://efinity.rs/event-details/dragan_kojic_keba_32226,SKY EVENTS d.o.o.,,,,,,,"фолк, концерт, Ташмайдан, сербская музыка, опен-эйр","folk, concert, Tašmajdan, Serbian music, open air","narodna muzika, koncert, Tašmajdan, domaća muzika, open air"
9/13/2026,9/23/2026,8/29/2026,910,TheaterGroup,Teatar Odeon,https://www.teatarodeon.rs/,sr,TheaterEvent,Šećerna vodica: мюзикл в театре Odeon,Šećerna Vodica: A Musical at Teatar Odeon,Šećerna vodica: mjuzikl u Teatru Odeon,https://raw.githubusercontent.com/newsgl/arsposters/main/910-SecernaVodicaAMusicalatT.webp,,Theatre,"Мюзикл театра Odeon по тексту Леона Ковке: история девушки Джуры, которая учится принимать себя. Показы 13, 18 и 23 сентября, билеты от 800 до 2500 динаров. Спектакль идёт на сербском языке.","A Teatar Odeon musical based on a text by Leon Kovke: the story of a young woman named Đura learning to accept herself. Performances on 13, 18 and 23 September, tickets from 800 to 2500 dinars. Performed in Serbian.","Mjuzikl Teatra Odeon po tekstu Leona Kovkea: priča o devojci Đuri koja uči da prihvati sebe. Izvođenja 13, 18. i 23. septembra, karte od 800 do 2500 dinara.","Сюжет, знакомый по культовой югославской киноистории, театр **Odeon** превратил в современный мюзикл. В центре Бранкица Джурич по прозвищу Джура: со стороны кажется, что её главная беда внешность, но настоящий груз глубже, это внутренняя неуверенность и ощущение, что она недостаточно хороша. Выросшая без матери, под крылом гиперопекающего отца Родолюба, Джура застряла между детством и взрослой жизнью, в которую пока не научилась входить.

Режиссура и адаптация Бояна Стойчетовича по тексту Леона Ковке; в главных ролях Анастасия Кнежевич (Джура) и Саша Джурашевич (отец). Постановка говорит о принятии себя и давлении общества, одержимого совершенством, но делает это языком мюзикла: музыкой, движением и юмором.

Премьера прошла в июне 2026 года, и спектакль сразу стал одним из главных названий в репертуаре молодого театра.

Цена: от 800 до 2500 динаров.

Организатор: Teatar Odeon.","**Teatar Odeon** has turned a story familiar from a beloved Yugoslav film into a contemporary musical. At its centre is Brankica Đurić, known as Đura: from the outside her problem seems to be her looks, but the real burden lies deeper, in inner insecurity and the feeling of never being good enough. Raised without a mother, under the wing of her overprotective father Rodoljub, Đura is stuck between childhood and an adult world she has not yet learned to enter.

Directed and adapted by Bojan Stojčetović from a text by Leon Kovke, with Anastasija Knežević as Đura and Saša Đurašević as her father. The production speaks about self-acceptance and the pressure of a society obsessed with perfection, but does so in the language of the musical: through music, movement and humour.

The premiere took place in June 2026, and the show immediately became one of the young theatre's flagship titles.

Price: from 800 to 2500 dinars. Performed in Serbian.

Organiser: Teatar Odeon.","Priču poznatu iz kultne jugoslovenske filmske priče **Teatar Odeon** pretvorio je u savremeni mjuzikl. U centru je Brankica Đurić zvana Đura: spolja deluje da joj je najveća muka izgled, ali pravi teret je dublji, unutrašnja nesigurnost i osećaj da nije dovoljno dobra. Odrasla bez majke, pod krilom prezaštitničkog oca Rodoljuba, Đura je zaglavljena između detinjstva i sveta odraslih u koji još nije naučila da uđe.

Režija i adaptacija Bojan Stojčetović, po tekstu Leona Kovkea; u glavnim ulogama Anastasija Knežević (Đura) i Saša Đurašević (otac). Predstava govori o prihvatanju sebe i pritisku društva opsednutog savršenstvom, ali to čini jezikom mjuzikla: muzikom, pokretom i humorom.

Premijera je održana u junu 2026, a predstava je odmah postala jedan od glavnih naslova repertoara mladog teatra.

Cena: od 800 do 2500 dinara.

Organizator: Teatar Odeon.",19:30,800,Teatar Odeon,"Kraljice Natalije 45, Beograd","44.808247,20.462028",https://efinity.rs/event-details/secerna_vodica_32274,efinity.rs,https://efinity.rs/event-details/secerna_vodica_32274,Teatar Odeon,,,,,,,"мюзикл, театр, спектакль, музыкальный театр, комедия","musical, theatre, performance, musical theatre, comedy","mjuzikl, pozorište, predstava, muzičko pozorište, komedija"
9/16/2026,9/16/2026,8/29/2026,912,TheaterGroup,Teatar Odeon,https://www.teatarodeon.rs/,sr,TheaterEvent,"Pogledaj dom svoj, anđele: мюзикл по песням Riblja Čorba в театре Odeon","Pogledaj Dom Svoj, Anđele: The Riblja Čorba Musical at Teatar Odeon","Pogledaj dom svoj, anđele: mjuzikl po pesmama Riblje čorbe u Teatru Odeon",https://raw.githubusercontent.com/newsgl/arsposters/main/912-PogledajDomSvojAneleTheR.webp,,Theatre,"Мюзикл театра Odeon на песни Riblja Čorba: сатирическая комедия, в которой живьём звучат больше тридцати хитов группы. 16 сентября, билеты от 800 до 2500 динаров. Спектакль идёт на сербском языке.","A Teatar Odeon musical built on Riblja Čorba songs: a satirical comedy with more than thirty of the band's hits performed live. 16 September, tickets from 800 to 2500 dinars. Performed in Serbian.","Mjuzikl Teatra Odeon po pesmama Riblje čorbe: satirična komedija u kojoj uživo zvuči više od trideset hitova benda. 16. septembra, karte od 800 do 2500 dinara.","Больше тридцати песен **Riblja Čorba** сшиты в сатирическую комедию о современном обществе: лицемерие, коррупция, старлетки, папарацци и «внешний министр внутренних дел» Йован Йованович, которого играет Саша Джурашевич. Завязка нарочно бытовая: безобидное отключение электричества раскручивается в абсурдный судебный процесс и цепочку разоблачений.

Режиссёр Марко Йовичич успел обсудить замысел с самим **Борой Джорджевичем**: в последние недели жизни лидер группы обменивался с постановщиком идеями и письменно одобрил и команду, и проект. Название отсылает к песне «Pogledaj dom svoj, anđele», которую поклонники всерьёз предлагали сделать гимном, что сам Джорджевич называл красивейшим комплиментом.

На сцене драматические актёры театра Odeon, танцевальный ансамбль и хор: хиты, на которых выросло несколько поколений, звучат живьём.

Цена: от 800 до 2500 динаров.

Организатор: Teatar Odeon.","More than thirty **Riblja Čorba** songs are stitched into a satirical comedy about modern society: hypocrisy, corruption, starlets, paparazzi and the ""external minister of internal affairs"" Jovan Jovanović, played by Saša Đurašević. The setup is deliberately mundane: a harmless power cut spirals into an absurd lawsuit and a chain of exposures.

Director Marko Jovičić managed to discuss the concept with **Bora Đorđević** himself: in the final weeks of his life the band's frontman exchanged ideas with the director and gave the team and the project his written blessing. The title refers to the song Pogledaj dom svoj, anđele, which fans once seriously proposed as a national anthem, something Đorđević called the finest compliment.

On stage are Teatar Odeon's actors, a dance ensemble and a choir: the hits several generations grew up on are performed live.

Price: from 800 to 2500 dinars. Performed in Serbian.

Organiser: Teatar Odeon.","Više od trideset pesama **Riblje čorbe** utkano je u satiričnu komediju o savremenom društvu: licemerje, korupcija, starlete, paparaci i ""spoljni ministar unutrašnjih poslova"" Jovan Jovanović, koga igra Saša Đurašević. Zaplet je namerno svakodnevan: bezazlen nestanak struje raspliće se u apsurdnu tužbu i lanac razotkrivanja.

Reditelj Marko Jovičić stigao je da zamisao prodiskutuje sa samim **Borom Đorđevićem**: poslednjih nedelja života frontmen benda razmenjivao je ideje sa rediteljem i pismeno podržao i ekipu i projekat. Naslov upućuje na pesmu Pogledaj dom svoj, anđele, koju su obožavaoci svojevremeno ozbiljno predlagali za himnu, što je sam Đorđević nazvao najlepšim komplimentom.

Na sceni su glumci Teatra Odeon, plesni ansambl i hor: hitovi na kojima je odraslo nekoliko generacija zvuče uživo.

Cena: od 800 do 2500 dinara.

Organizator: Teatar Odeon.",19:30,800,Teatar Odeon,"Kraljice Natalije 45, Beograd","44.808247,20.462028",https://efinity.rs/event-details/pogledaj_dom_svoj_andjele_32275,efinity.rs,https://efinity.rs/event-details/pogledaj_dom_svoj_andjele_32275,Teatar Odeon,,,,,,,"мюзикл, театр, рок, Riblja Čorba, комедия","musical, theatre, rock, Riblja Čorba, comedy","mjuzikl, pozorište, rok, Riblja čorba, komedija"
9/17/2026,9/17/2026,8/29/2026,913,Person,Nenad Gugl,https://www.instagram.com/akademija_gugl/,sr,EducationEvent,Внутренняя крепость: лекция Ненада Гугла «Темели» в Доме омладине,Inner Fortress: Nenad Gugl's Lecture Foundations at Dom Omladine,Unutrašnja tvrđava: predavanje Nenada Gugla Temelji u Domu omladine,https://raw.githubusercontent.com/newsgl/arsposters/main/913-InnerFortressNenadGuglsL.webp,,Lectures,"Ненад Гугл открывает цикл «Внутренняя крепость» лекцией «Темели»: о том, на чём стоит человек, когда всё вокруг шатается. 17 сентября в 19:30 в большом зале Дома омладине, билеты 1400 динаров. Лекция на сербском языке.","Nenad Gugl opens his Inner Fortress series with the lecture Foundations: what a person stands on when everything shakes. 17 September at 19:30 in the grand hall of Dom omladine, tickets 1400 dinars. In Serbian.","Nenad Gugl otvara ciklus Unutrašnja tvrđava predavanjem Temelji: o onome na čemu stojimo kad se sve zatrese. 17. septembra u 19.30 u velikoj sali Doma omladine, karte 1400 dinara.","Четыре месяца, четыре лекции, одна крепость: осенний цикл **Ненада Гугла** устроен как стройка. В сентябре закладывают «Темели», фундамент, то, что держит человека, когда всё трясётся. В октябре поднимают «Зидине», стены, которые делают нас крепостью. В ноябре «Кула», башня, чтобы подняться над повседневностью и увидеть дальше. В декабре открывают «Ризницу», сокровищницу, ради которой крепость и существует.

Гугл, преподаватель, стоящий за проектом Akademija Gugl, собрал вокруг своих выступлений большую аудиторию: предыдущие двадцать лекций прошли с аншлагами, поэтому цикл переезжает в большой зал Дома омладине. Мест больше, но, предупреждают организаторы, не бесконечно.

Девиз цикла: время рушит всё внешнее, строй то, что нельзя разрушить.

Цена: 1400 динаров.

Организатор: Dragana Gugl PR Gugl Akademija.","Four months, four lectures, one fortress: **Nenad Gugl's** autumn series is structured like a building site. September lays the Foundations, what keeps a person standing when everything shakes. October raises the Walls, what makes us a fortress. November climbs the Tower, to rise above everyday life and see further. December opens the Treasury, because a fortress exists to protect what is most precious.

Gugl, the lecturer behind the Akademija Gugl project, has built a large following: his previous twenty lectures all sold out, which is why the series moves to the grand hall of Dom omladine Beograda. More seats, the organisers warn, but not unlimited.

The series motto: time destroys everything on the outside, so build what cannot be destroyed.

Price: 1400 dinars. The lecture is in Serbian.

Organiser: Dragana Gugl PR Gugl Akademija.","Četiri meseca, četiri predavanja, jedna tvrđava: jesenji ciklus **Nenada Gugla** zamišljen je kao gradilište. U septembru se kopaju Temelji, ono na čemu stojimo kada se sve zatrese. U oktobru se podižu Zidine, ono što nas čini tvrđavom. U novembru se penjemo na Kulu, da se izdignemo iznad svakodnevice i vidimo dalje. U decembru se otvara Riznica, jer tvrđava postoji da bi čuvala ono najdragocenije.

Gugl, predavač koji stoji iza projekta Akademija Gugl, okupio je veliku publiku: prethodnih dvadeset predavanja bilo je rasprodato, pa se ciklus seli u veliku salu Doma omladine Beograda. Mesta ima više, ali, upozoravaju organizatori, ne neograničeno.

Moto ciklusa: vreme ruši sve što je spolja, sagradi ono što ne može da se sruši.

Cena: 1400 dinara.

Organizator: Dragana Gugl PR Gugl Akademija.",19:30,1400,Dom omladine Beograda,"Makedonska 22, Beograd","44.815407,20.462793",https://efinity.rs/event-details/unutrasnja_tvrdjava_32315,efinity.rs,https://efinity.rs/event-details/unutrasnja_tvrdjava_32315,Dragana Gugl PR Gugl Akademija,,,,,,,"лекция, саморазвитие, Дом омладине, психология, цикл лекций","lecture, self-development, Dom omladine, psychology, lecture series","predavanje, lični razvoj, Dom omladine, psihologija, ciklus predavanja"
9/17/2026,9/17/2026,8/29/2026,914,MusicGroup,Little Sunshine,,,MusicEvent,Little Sunshine: трибьют Ghost на Nova Zappa Barka,Little Sunshine: Ghost Tribute at Nova Zappa Barka,Little Sunshine: Ghost tribute na Novoj Zappa Barci,https://raw.githubusercontent.com/newsgl/arsposters/main/914-LittleSunshineGhostTribu.webp,,Concerts,"Трибьют-группа Little Sunshine привозит на Nova Zappa Barka шоу по мотивам Ghost: маски, костюмы, спецэффекты и оккультный рок в полном обличии. 17 сентября, билеты 1500 динаров.","Tribute band Little Sunshine brings its Ghost show to Nova Zappa Barka: masks, costumes, special effects and occult rock in full regalia. 17 September, tickets 1500 dinars.","Tribute bend Little Sunshine donosi svoj Ghost šou na Novu Zappa Barku: maske, kostimi, specijalni efekti i okultni rok u punom izdanju. 17. septembra, karte 1500 dinara.","Концерт самих Ghost в Белграде пока остаётся мечтой, но **Little Sunshine** предлагает следующее по убедительности: полноценный ритуал с масками, костюмами, сценографией и спецэффектами по образцу шведских мастеров оккультного рока. Группу собрали музыканты со стажем больше пятнадцати лет, и на региональной трибьют-сцене она успела стать одним из самых заметных имён: границу между концертом и обрядом здесь стирают всерьёз.

На этот раз обещают самую масштабную продакшн в истории проекта и сюрпризы, которые не будут повторяться. После этого выступления Little Sunshine не вернётся в столицу до весны следующего года, так что другого шанса в этом сезоне не будет.

Площадка добавляет атмосферы: Zappa Barka это клуб на воде, и тёмные риффы над рекой звучат особенно уместно.

Цена: 1500 динаров.

Организатор: Mister Zappa doo (ogranak Zappa GIG).","A real Ghost concert in Belgrade remains a dream for now, but **Little Sunshine** offers the next best thing: a full ritual with masks, costumes, stage design and special effects modelled on the Swedish masters of occult rock. The band was formed by musicians with more than fifteen years on the scene, and it has grown into one of the most talked-about names on the regional tribute circuit: the line between a concert and a rite gets blurred here in earnest.

This time the band promises its biggest production yet and surprises that will not be repeated. After this show Little Sunshine will not return to the Serbian capital until next spring, so this season offers no second chance.

The venue adds to the atmosphere: Zappa Barka is a club on the water, and dark riffs over the river feel right at home.

Price: 1500 dinars.

Organiser: Mister Zappa doo (ogranak Zappa GIG).","Pravi koncert benda Ghost u Beogradu za sada ostaje san, ali **Little Sunshine** nudi sledeću najbolju stvar: pravi ritual sa maskama, kostimima, scenografijom i specijalnim efektima po uzoru na švedske majstore okultnog roka. Bend su osnovali muzičari sa više od petnaest godina staža, a na regionalnoj tribute sceni izrastao je u jedno od najzapaženijih imena: granica između koncerta i obreda ovde se briše sasvim ozbiljno.

Ovoga puta najavljuju najveću produkciju do sada i iznenađenja koja se neće ponoviti. Posle ovog nastupa Little Sunshine se ne vraća u prestonicu sve do proleća sledeće godine, pa druge prilike u ovoj sezoni neće biti.

Mesto dodatno gradi atmosferu: Zappa Barka je klub na vodi, a mračni rifovi nad rekom zvuče sasvim prirodno.

Cena: 1500 dinara.

Organizator: Mister Zappa doo (ogranak Zappa GIG).",21:00,1500,Zappa Barka,"Bulevar vojvode Bojovića, kej kod Kule Nebojša, 11000 Beograd","44.828226,20.446185",https://efinity.rs/event-details/ghost_tribute_little_sunshine_32304,efinity.rs,https://efinity.rs/event-details/ghost_tribute_little_sunshine_32304,Mister Zappa doo - ogranak Zappa GIG,,,,,,,"рок, трибьют, концерт, метал, клуб","rock, tribute, concert, metal, club show","rok, tribute, koncert, metal, klub"
9/19/2026,9/19/2026,8/29/2026,918,MusicGroup,Blackbriar,https://www.blackbriarmusic.com/,,MusicEvent,Blackbriar: тёмный симфоник-метал на Nova Zappa Barka,Blackbriar: Dark Symphonic Metal at Nova Zappa Barka,Blackbriar: mračni simfonijski metal na Novoj Zappa Barci,https://raw.githubusercontent.com/newsgl/arsposters/main/918-BlackbriarDarkSymphonicM.webp,https://open.spotify.com/artist/6PXQUX3BYTSVj7LcvviOmI,Concerts,"Нидерландская группа Blackbriar везёт в Белград свой тёмный симфоник-метал: готические баллады о любви, потере и смерти с вокалом Зоры Кок. 19 сентября на Nova Zappa Barka, билеты 2950 динаров.","Dutch band Blackbriar brings its dark symphonic metal to Belgrade: gothic tales of love, loss and death fronted by singer Zora Cock. 19 September at Nova Zappa Barka, tickets 2,950 dinars.","Holandski bend Blackbriar donosi u Beograd svoj mračni simfonijski metal: gotske priče o ljubavi, gubitku i smrti sa Zorom Cock za mikrofonom. 19. septembra na Novoj Zappa Barci, karte 2950 dinara.","Мало кто в симфоник-метале умеет строить такие кинематографичные миры, как **Blackbriar**. Группа из нидерландского Ассена существует с 2012 года: вокалистка Зора Кок, Рене Боксем, Барт Винтерс и Франк Аккерман начинали с сингла Ready to Kill, а настоящую известность им принёс Until Eternity 2015 года.

Их материал держится на трёх темах: любовь, потеря, смерть. Получаются мрачные сказки с завораживающими образами и мощной металлической основой, за которые поклонники группы, называющие себя Thorns, любят её по всему миру.

Белградский концерт пройдёт на барже: тесный клубный формат, где симфонические аранжировки и «сиренный» вокал Кок слышны с расстояния пары метров.

Цена: 2950 динаров.

Организатор: Skyevents.","Few bands in symphonic metal build worlds as cinematic as **Blackbriar**. Formed in Assen, the Netherlands, in 2012 by singer Zora Cock with René Boxem, Bart Winters and Frank Akkerman, the band debuted with the single Ready to Kill, and it was Until Eternity in 2015 that pushed them into the spotlight.

Their material rests on three themes: love, loss and death. The result is a set of dark fairy tales with enchanting imagery and a heavy metallic core, loved worldwide by fans who call themselves Thorns.

The Belgrade show takes place on a barge: a tight club setting where the symphonic arrangements and Cock's siren-like vocals reach you from a couple of metres away.

Price: 2,950 dinars.

Organizer: Skyevents.","Malo koji bend u simfonijskom metalu gradi tako filmske svetove kao **Blackbriar**. Grupa iz holandskog Asena postoji od 2012. godine: pevačica Zora Cock, René Boxem, Bart Winters i Frank Akkerman debitovali su singlom Ready to Kill, a pravu pažnju doneo im je Until Eternity iz 2015.

Njihov materijal počiva na tri teme: ljubav, gubitak i smrt. Rezultat su mračne bajke sa očaravajućim slikama i moćnom metal osnovom, zbog kojih ih fanovi, koji sebe zovu Thorns, prate širom sveta.

Beogradski koncert dešava se na barži: klupski format u kojem se simfonijski aranžmani i „sirenski"" vokal Zore Cock čuju sa par metara udaljenosti.

Cena: 2950 dinara.

Organizator: Skyevents.",20:00,2950,Zappa Barka,"Bulevar vojvode Bojovića, kej kod Kule Nebojša, 11000 Beograd","44.828226,20.446185",https://efinity.rs/event-details/blackbriar_32257,efinity.rs,https://efinity.rs/event-details/blackbriar_32257,Skyevents doo Beograd,,,,,,,"концерт, метал, готика, Zappa Barka","concert, metal, gothic, Zappa Barka","koncert, metal, gotika, Zappa Barka"
9/20/2026,9/20/2026,8/29/2026,920,TheaterGroup,Teatar Odeon,,sr,ChildrensEvent,Ивица и Марица: детский мюзикл по тексту Бранко Коцкицы в Teatar Odeon,Ivica i Marica: A Children's Musical by Teatar Odeon,Ivica i Marica: mjuzikl po tekstu Branka Kockice u Teatru Odeon,https://raw.githubusercontent.com/newsgl/arsposters/main/920-IvicaiMaricaAChildrensMu.webp,,Kids,"Мюзикл «Ивица и Марица» по тексту Бранко Коцкицы: сказка братьев Гримм, пересобранная без страшных сцен, с музыкой, юмором и разговором о важном для детей и взрослых. 20 сентября в Teatar Odeon, билеты от 600 до 1900 динаров. Спектакль идёт на сербском языке.","The musical Ivica i Marica (Hansel and Gretel), based on a text by Branko Kockica: the Brothers Grimm tale rebuilt without the scary parts, with music, humour and a serious message for kids and parents alike. 20 September at Teatar Odeon, tickets 600 to 1,900 dinars. Performed in Serbian.","Mjuzikl Ivica i Marica po tekstu Branka Kockice: bajka braće Grim prepakovana bez strašnih scena, uz muziku, humor i poruku za decu i odrasle. 20. septembra u Teatru Odeon, karte od 600 do 1900 dinara.","Автор честно предупреждает: название «Ивица и Марица» здесь скорее уловка. Классической сказки братьев Гримм со страшной ведьмой и печкой не будет: **Бранко Коцкица**, на чьих передачах выросли поколения югославских детей, «смял и выбросил» все ужасы оригинала и написал собственную озорную историю, где брат и сестра всё же встретятся зрителю.

После успеха мюзикла «Пепеляга» команда Teatar Odeon снова берётся за сказку: игра, музыка и современный язык сцены рассказывают о храбрости, находчивости и любви между братом и сестрой, которые вместе ищут дорогу через тёмный лес страхов и искушений.

За пёстрой и смешной формой стоят серьёзные темы: одиночество, жадность, одержимость деньгами и вера в добро. Спектакль построен так, что зал постоянно движется между смехом и раздумьем.

Спектакль идёт на сербском языке.

Цена: от 600 до 1900 динаров.

Организатор: Teatar Odeon.","The author warns honestly: the title Ivica i Marica (Hansel and Gretel) is something of a trick. The classic Brothers Grimm tale with the witch and the oven is not coming: **Branko Kockica**, the man whose TV shows raised generations of Yugoslav children, crumpled up and threw out all the horrors of the original and wrote his own playful story, in which the brother and sister still make their appearance.

After the success of their musical Cinderella, the Teatar Odeon team returns to fairy tales: play, music and a modern stage language tell a story of courage, resourcefulness and the love between a brother and sister finding their way through a dark forest of fears and temptations.

Behind the colourful, funny surface sit serious themes: loneliness, greed, obsession with money and faith in goodness. The show keeps the audience moving between laughter and reflection.

Performed in Serbian.

Price: 600 to 1,900 dinars.

Organizer: Teatar Odeon.","Pisac pošteno upozorava: naslov Ivica i Marica ovde je svojevrsna varka. Klasične bajke braće Grim sa strašnom vešticom i loncem neće biti: **Branko Kockica**, uz čije su emisije odrasle generacije, „zgužvao je i izbacio"" sve groze originala i napisao sopstvenu vragolastu priču, u kojoj se Ivica i Marica ipak pojavljuju.

Posle uspeha mjuzikla Pepeljuga, ekipa Teatra Odeon ponovo plovi u svet bajki: igra, muzika i savremeni scenski izraz pričaju o hrabrosti, snalažljivosti i ljubavi brata i sestre koji zajedno traže put kroz mračnu šumu strahova i iskušenja.

Iza šarene i duhovite forme stoje ozbiljne teme: usamljenost, pohlepa, opsednutost novcem i vera u dobro. Predstava je građena tako da se publika stalno kreće između smeha i razmišljanja.

Cena: od 600 do 1900 dinara.

Organizator: Teatar Odeon.",17:00,600,Teatar Odeon,"Kraljice Natalije 45, Beograd","44.808247,20.462028",https://efinity.rs/event-details/ivica_i_marica_32277,efinity.rs,https://efinity.rs/event-details/ivica_i_marica_32277,Teatar Odeon,,,,,,,"детям, мюзикл, сказка, Teatar Odeon","kids, musical, fairy tale, Teatar Odeon","za decu, mjuzikl, bajka, Teatar Odeon"
9/24/2026,9/24/2026,8/29/2026,926,MusicGroup,Profesor Čonta i Patka,,,MusicEvent,Profesor Čonta i Patka: 45 лет альбому Strah od monotonije на Nova Zappa Barka,Profesor Čonta i Patka: 45 Years of Strah od Monotonije at Nova Zappa Barka,Profesor Čonta i Patka: 45 godina albuma Strah od monotonije na Novoj Zappa Barci,https://raw.githubusercontent.com/newsgl/arsposters/main/926-ProfesorContaiPatka45Yea.webp,,Concerts,"Небойша Чонкич, он же Профессор Чонта, фронтмен легендарной панк-группы Pekinška Patka, отмечает 45-летие альбома Strah od monotonije и сингла Bila je tako lijepa: вечер панка и пост-панка с хитами и новыми песнями. 24 сентября на Nova Zappa Barka, билеты 1600 динаров.","Nebojša Čonkić, aka Profesor Čonta, frontman of the legendary punk band Pekinška Patka, marks 45 years of the album Strah od Monotonije and the single Bila je tako lijepa: a night of punk and post-punk with the hits and some new songs. 24 September at Nova Zappa Barka, tickets 1,600 dinars.","Nebojša Čonkić, poznatiji kao Profesor Čonta, frontmen legendarne pank grupe Pekinška patka, obeležava 45 godina albuma Strah od monotonije i singla Bila je tako lijepa: veče panka i post-panka uz hitove i nekoliko novih pesama. 24. septembra na Novoj Zappa Barci, karte 1600 dinara.","Повод у концерта юбилейный: 45 лет культовому альбому **Strah od monotonije** и легендарному синглу Bila je tako lijepa, записанным Pekinška Patka, пионерами югославского панка из Нови-Сада.

У микрофона тот самый голос: **Небойша Чонкич**, он же Профессор Чонта, фронтмен и главное лицо «Утки». Состав дополняют Зоран Булатович Дон Бале на гитаре и бэк-вокале, Роберт Радич Роби за барабанами и Марко Ванович Рамон на басу.

Обещан вечер панка и пост-панка «для памяти»: без знаменитых хитов группы публику не отпустят, а вдобавок прозвучат и несколько новых песен. Формат баржи на воде добавляет происходящему нужную степень тесноты: этот жанр так и было положено слушать, вплотную к сцене.

Цена: 1600 динаров.

Организатор: Mister Zappa.","The occasion is an anniversary: 45 years of the cult album **Strah od Monotonije** and the legendary single Bila je tako lijepa, recorded by Pekinška Patka, the Novi Sad pioneers of Yugoslav punk.

At the microphone is that same voice: **Nebojša Čonkić**, better known as Profesor Čonta, the band's frontman and defining figure. The line-up is completed by Zoran Bulatović Don Bale on guitar and backing vocals, Robert Radić Robi on drums and Marko Vanović Ramon on bass.

The promise is a night of punk and post-punk to remember: the band's famous hits are guaranteed, along with several new songs. The barge setting adds exactly the right amount of crowding: this genre was always meant to be heard right up against the stage.

Price: 1,600 dinars.

Organizer: Mister Zappa.","Povod je jubilarni: 45 godina od izlaska kultnog albuma **Strah od monotonije** i legendarnog singla Bila je tako lijepa, koje je snimila Pekinška patka, novosadski pioniri jugoslovenskog panka.

Za mikrofonom je onaj glas: **Nebojša Čonkić**, poznatiji kao Profesor Čonta, frontmen i zaštitno lice „Patke"". Postavu čine i Zoran Bulatović Don Bale na gitari i pratećim vokalima, Robert Radić Robi na bubnjevima i Marko Vanović Ramon na basu.

Najavljeno je veče panka i post-panka za pamćenje: čuveni hitovi benda se podrazumevaju, a čuće se i nekoliko novih pesama. Barža na vodi daje svemu potrebnu dozu tesnobe: ovaj žanr se oduvek najbolje slušao uz samu binu.

Cena: 1600 dinara.

Organizator: Mister Zappa.",21:00,1600,Zappa Barka,"Bulevar vojvode Bojovića, kej kod Kule Nebojša, 11000 Beograd","44.828226,20.446185",https://efinity.rs/event-details/profesor_conta_i_patka_32317,efinity.rs,https://efinity.rs/event-details/profesor_conta_i_patka_32317,Mister Zappa doo - ogranak Zappa GIG,,,,,,,"концерт, панк, рок, Zappa Barka","concert, punk, rock, Zappa Barka","koncert, pank, rok, Zappa Barka"
9/26/2026,9/27/2026,8/29/2026,935,TheaterGroup,Teatar Odeon,,sr,ChildrensEvent,«Кошка в сапогах»: детский мюзикл в театре Odeon,Puss in Boots: A Children's Musical at Teatar Odeon,Mačka u čizmama: mjuzikl po tekstu Branka Kockice u Teatru Odeon,https://raw.githubusercontent.com/newsgl/arsposters/main/935-PussinBootsAChildrensMus.webp,,Kids,"Детский мюзикл по тексту Бранко Миличевича, знаменитого Бранко Коцкицы: комедия положений про принца, служанку Добрилу и кошку Мацану. 26 и 27 сентября в театре Odeon, билеты от 600 динаров. Спектакль идёт на сербском языке.","A children's musical based on a text by Branko Milićević, Serbia's beloved Branko Kockica: a comedy of errors with a prince, the maid Dobrila and Macana the cat. 26 and 27 September at Teatar Odeon, tickets from 600 dinars. Performed in Serbian.","Mjuzikl za decu po tekstu Branka Milićevića, čuvenog Branka Kockice: komedija zabuna sa princem, sobaricom Dobrilom i mačkom Macanom. 26. i 27. septembra u Teatru Odeon, karte od 600 dinara.","Текст этого мюзикла написал **Бранко Миличевич**, для нескольких поколений сербских детей просто **Бранко Коцкица**: его пьесы десятилетиями идут в детском театре «Пуж». «Mačka u čizmama» в его версии: комедия положений, где всё вертится вокруг любви, волшебных сапог и цепочки недоразумений.

Действие происходит в сказочной лечебной бане. Принц пытается завоевать сердце Добрилы, служанки принцессы, но у него появляется неожиданная соперница: сестра Добрилы, неотёсанная кошка в сапогах Мацана. Эксцентричный министр Абразие тем временем задумал украсть сапоги и только запутывает и без того запутанную историю. Подмены, любовные треугольники и вопрос, действительно ли счастье зависит от правильной обуви: к финалу всё это складывается в один общий смех.

Цена: от 600 до 1900 динаров.

Организатор: Teatar Odeon.","The text of this musical was written by **Branko Milićević**, known to generations of children across Serbia simply as **Branko Kockica**; his plays have been staged for decades at the Puž children's theatre. Mačka u čizmama (Puss in Boots) is his comedy of situations where everything revolves around love, magical boots and a chain of misunderstandings.

The story is set in a fairytale healing spa. A prince is trying to win the heart of Dobrila, the princess's maid, but an unexpected rival appears: Dobrila's sister Macana, a rough-edged cat in boots. Meanwhile the eccentric minister Abrazije schemes to steal the boots, tangling an already tangled plot. Swapped identities, love triangles and the question of whether happiness really depends on the right footwear all come together in one big laugh at the finale.

Price: from 600 to 1900 dinars.

Organiser: Teatar Odeon.","Tekst ovog mjuzikla napisao je **Branko Milićević**, generacijama poznat prosto kao **Branko Kockica**; njegovi komadi decenijama se igraju u pozorištu Puž. Mačka u čizmama je njegova komedija situacije u kojoj se sve vrti oko ljubavi, čarobnih čizama i lanca zabuna.

Radnja je smeštena u lekovitu banju kao iz bajke. Princ pokušava da osvoji srce Dobrile, princezine sobarice, ali se pojavljuje neočekivana suparnica: Dobrilina sestra Macana, neotesana mačka u čizmama. Otkačeni ministar Abrazije u međuvremenu smišlja kako da ukrade čizme i samo dodatno komplikuje ionako zapetljanu priču. Zamene identiteta, ljubavni trouglovi i pitanje da li sreća zaista zavisi od pravih čizama na kraju se slivaju u jedan veliki smeh.

Cena: od 600 do 1900 dinara.

Organizator: Teatar Odeon.",17:00,600,Teatar Odeon,"Kraljice Natalije 45, Beograd","44.808247,20.462028",https://efinity.rs/event-details/macka_u_cizmama_32279,efinity.rs,https://efinity.rs/event-details/macka_u_cizmama_32279,Teatar Odeon,,,,,,,"детский спектакль, мюзикл, сказка, театр","kids show, musical, fairy tale, theatre","predstava za decu, mjuzikl, bajka, pozorište"
9/26/2026,9/26/2026,8/29/2026,936,MusicGroup,Partibrejkers,https://en.wikipedia.org/wiki/Partibrejkers,,MusicEvent,Partibrejkers на новой Zappa Barka,Partibrejkers at the New Zappa Barka,Partibrejkers na novoj Zappa Barci,https://raw.githubusercontent.com/newsgl/arsposters/main/936-PartibrejkersattheNewZap.webp,https://open.spotify.com/artist/40uSnIgEMCKxGDvvoVQ8rW,Concerts,"Partibrejkers, одна из главных рок-групп бывшей Югославии, впервые играют на новой Zappa Barka: хиты сорокалетней карьеры в клубном формате. 26 сентября, билеты 3000 динаров.","Partibrejkers, one of the biggest rock bands of the former Yugoslavia, play the new Zappa Barka for the first time: four decades of hits in a club setting. 26 September, tickets 3000 dinars.","Partibrejkers, jedan od najvećih bendova sa prostora bivše Jugoslavije, prvi put nastupa na novoj Zappa Barci: hitovi četiri decenije duge karijere u klupskoj atmosferi. 26. septembra, karte 3000 dinara.","Гитарный рок-н-ролл без примесей: **Partibrejkers** играют его с 1982 года, и, как честно пишут организаторы, этому концерту не нужны ни рекомендации, ни особые приглашения. Группа фронтмена **Зорана Костича Цане** и гитариста Небойши Антониевича Антона давно вошла в число главных на пространстве бывшей Югославии; дебютный альбом вышел в 1985 году и с тех пор разошёлся на цитаты.

На новой **Zappa Barka** Partibrejkers выступают впервые: клубный формат, сцена на расстоянии вытянутой руки и хиты сорокалетней карьеры в программе.

Цена: 3000 динаров.

Организатор: Mister Zappa doo.","Guitar rock'n'roll with nothing added: **Partibrejkers** have been playing it since 1982, and as the organisers themselves put it, this is a concert that needs no recommendations or special invitation. The band fronted by **Zoran Kostić Cane**, with guitarist Nebojša Antonijević Anton at his side, long ago became one of the defining acts of the former Yugoslav scene; their debut album came out in 1985.

This show is their first at the new **Zappa Barka**: a club setting, the stage within arm's reach, and a setlist of hits spanning a 40-year career.

Price: 3000 dinars.

Organiser: Mister Zappa doo.","Gitarski rokenrol bez primesa: **Partibrejkers** ga sviraju od 1982. godine i, kako pošteno kažu organizatori, ovom koncertu ne trebaju nikakve preporuke niti specijalan poziv. Bend frontmena **Zorana Kostića Caneta** i gitariste Nebojše Antonijevića Antona odavno je jedan od najvećih sa prostora bivše Jugoslavije; prvi album objavili su 1985. godine.

Na novoj **Zappa Barci** Partibrejkers nastupaju prvi put: klupska atmosfera, bina nadohvat ruke i hitovi četrdesetogodišnje karijere na repertoaru.

Cena: 3000 dinara.

Organizator: Mister Zappa doo.",21:00,3000,Zappa Barka,"Bulevar vojvode Bojovića, kej kod Kule Nebojša, 11000 Beograd","44.828226,20.446185",https://efinity.rs/event-details/partibrejkers_32313,efinity.rs,https://efinity.rs/event-details/partibrejkers_32313,Mister Zappa doo,,,,,,,"рок, концерт, Partibrejkers, Zappa Barka","rock, concert, Partibrejkers, Zappa Barka","rok, koncert, Partibrejkers, Zappa Barka"
9/30/2026,9/30/2026,8/29/2026,950,TheaterGroup,Teatar Odeon,,sr,TheaterEvent,Kralj Cigana: мюзикл по песням Шабана Байрамовича в театре Odeon,Kralj Cigana: a Musical Based on Šaban Bajramović's Songs at Teatar Odeon,Kralj Cigana: mjuzikl po pesmama Šabana Bajramovića u Teatru Odeon,https://raw.githubusercontent.com/newsgl/arsposters/main/950-KraljCiganaaMusicalBased.webp,,Theatre,"Мюзикл театра Odeon по песням Шабана Байрамовича: история короля цыганской песни, от лагеря на Голом отоке до мировой славы. 30 сентября, билеты от 800 до 2500 динаров. Спектакль идёт на сербском языке.","A Teatar Odeon musical built on the songs of Šaban Bajramović: the story of the king of Gypsy song, from the Goli Otok prison camp to world fame. 30 September, tickets 800 to 2500 dinars. Performed in Serbian.","Mjuzikl Teatra Odeon po pesmama Šabana Bajramovića: priča o kralju ciganske pesme, od Golog otoka do svetske slave. Na programu 30. septembra, karte od 800 do 2500 dinara.","«Не суди меня, пока не узнаешь». С этой фразы начинается разговор, который **Шабан Байрамович** ведёт со зрителем в мюзикле «Kralj Cigana». Театр Odeon собрал песни музыканта, которого называли королём цыганской песни, в сценическую биографию от первого лица.

История Байрамовича и без сцены звучит как драма: лагерь на Голом отоке, нищета, скитания, а затем слава, вынесшая его музыку далеко за пределы Балкан. Спектакль не прячет тёмные страницы: герой сам говорит о боли, ошибках и прощении, а его девиз «быть ромом значит быть человеком» держит всю постановку.

Песни Байрамовича звучат живьём и остаются главным аргументом: их энергию не приглушают ни годы, ни перевод на язык театра.

Цена: от 800 до 2500 динаров.

Организатор: Teatar Odeon.","Do not judge me until you know me: that is how **Šaban Bajramović** opens his conversation with the audience in Kralj Cigana. Teatar Odeon has turned the songs of the man they called the king of Gypsy song into a first-person stage biography.

Bajramović's life reads like a drama even without a stage: the Goli Otok prison camp, poverty and wandering, then a fame that carried his music far beyond the Balkans. The show does not hide the dark chapters: the hero himself speaks of pain, mistakes and forgiveness, and his creed, to be Roma is to be human, holds the whole production together.

Bajramović's songs are performed live and remain the strongest argument: neither the years nor the theatrical form dims their energy.

Price: 800 to 2500 dinars.

Organizer: Teatar Odeon.","„Ne sudi mi dok me ne upoznaš."" Tako **Šaban Bajramović** počinje razgovor sa publikom u mjuziklu „Kralj Cigana"". Teatar Odeon pretvorio je pesme čoveka koga su zvali kraljem ciganske pesme u scensku biografiju ispričanu u prvom licu.

Bajramovićev život i bez pozornice zvuči kao drama: Goli otok, siromaštvo i lutanja, a potom slava koja je njegovu muziku odnela daleko van Balkana. Predstava ne krije tamna poglavlja: junak sam govori o bolu, greškama i praštanju, a njegova misao da biti Rom znači biti čovek drži celu postavku.

Bajramovićeve pesme izvode se uživo i ostaju glavni adut večeri: ni godine ni pozorišni okvir ne mogu da im uzmu energiju.

Cena: od 800 do 2500 dinara.

Organizator: Teatar Odeon.",19:30,800,Teatar Odeon,"Kraljice Natalije 45, Beograd","44.808247,20.462028",https://efinity.rs/event-details/kralj_cigana_32281,efinity.rs,https://efinity.rs/event-details/kralj_cigana_32281,Teatar Odeon,,,,,,,"мюзикл, Шабан Байрамович, цыганская музыка, театр Odeon","musical, Šaban Bajramović, Roma music, Teatar Odeon","mjuzikl, Šaban Bajramović, romska muzika, Teatar Odeon"
9/30/2026,9/30/2026,8/29/2026,951,Organization,Tosha Management & Production,,sr,TheaterEvent,Pesme moje: вечер памяти Томы Здравковича в Сава-центре,Pesme moje: a Toma Zdravković Tribute at Sava Centar,Pesme moje: veče sećanja na Tomu Zdravkovića u Sava centru,https://raw.githubusercontent.com/newsgl/arsposters/main/951-PesmemojeaTomaZdravkovic.webp,,Theatre,"Концерт-посвящение Томе Здравковичу в день, когда исполняется 35 лет со дня его смерти: «Za Ljiljanu», «Kafana je moja sudbina», «Danka» и другие песни на большой сцене. 30 сентября в Сава-центре, билеты от 2550 до 12000 динаров. Вечер идёт на сербском языке.","A tribute concert to Toma Zdravković on the day marking 35 years since his death: Za Ljiljanu, Kafana je moja sudbina, Danka and other songs on a big stage. 30 September at Sava Centar, tickets 2550 to 12000 dinars. Performed in Serbian.","Koncert posvećen Tomi Zdravkoviću na dan kada se navršava 35 godina od njegove smrti: Za Ljiljanu, Kafana je moja sudbina, Danka i druge pesme na velikoj sceni. Program je 30. septembra u Sava centru, karte od 2550 do 12000 dinara.","Есть артисты, которые пишут хиты, а есть те, кто пишет чужие воспоминания. **Тома Здравкович** из вторых: его песни были чьей-то первой любовью, последним объятием и долгой ночью в кафане. «Za Ljiljanu», «Dotakao sam dno života», «Kafana je moja sudbina», «Danka», «Tužno leto», «Svirajte noćas samo za nju»: эти строки сегодня поют и те, кто родился много позже.

Концерт «Pesme moje, vi za mene živite» назначен на день, когда исполняется ровно 35 лет с момента, как голос Здравковича умолк. Организаторы задумали вечер не как ностальгическое шоу, а как общий поклон человеку, который превратил эстрадную песню в исповедь.

Большая сцена Сава-центра, живое исполнение и зал, который наверняка будет подпевать каждую строчку.

Цена: от 2550 до 12000 динаров.

Организатор: Tosha Management & Production.","Some artists write hits; others write other people's memories. **Toma Zdravković** belongs to the second kind: his songs were someone's first love, a last embrace, a long night in a kafana. Za Ljiljanu, Dotakao sam dno života, Kafana je moja sudbina, Danka, Tužno leto, Svirajte noćas samo za nju: these lines are still sung by people born long after they were written.

The concert Pesme moje, vi za mene živite falls on the day marking exactly 35 years since Zdravković's voice went silent. The organizers conceived the evening not as a nostalgia show but as a shared tribute to a man who turned popular song into confession.

Expect the big stage of Sava Centar, live performances and an audience likely to sing along with every line.

Price: 2550 to 12000 dinars.

Organizer: Tosha Management & Production.","Postoje umetnici koji pišu hitove, i oni koji pišu tuđe uspomene. **Toma Zdravković** spada u ove druge: njegove pesme bile su nečija prva ljubav, poslednji zagrljaj i duga kafanska noć. Za Ljiljanu, Dotakao sam dno života, Kafana je moja sudbina, Danka, Tužno leto, Svirajte noćas samo za nju: te stihove danas pevaju i oni rođeni mnogo kasnije.

Koncert „Pesme moje, vi za mene živite"" zakazan je za dan kada se navršava tačno 35 godina otkako je Tomin glas zauvek utihnuo. Organizatori veče nisu zamislili kao nostalgični šou, već kao zajednički naklon čoveku koji je od pesme napravio ispovest.

Velika scena Sava centra, izvođenje uživo i publika koja će sigurno pevati svaki stih.

Cena: od 2550 do 12000 dinara.

Organizator: Tosha Management & Production.",20:00,2550,Sava Centar,"Milentija Popovića 9, 11070 Novi Beograd","44.809354,20.432128",https://efinity.rs/event-details/toma_zdravkovic_pesme_moje_32314,efinity.rs,https://efinity.rs/event-details/toma_zdravkovic_pesme_moje_32314,Tosha Management & Production,,,,,,,"Тома Здравкович, трибьют, сербская эстрада, Сава-центр","Toma Zdravković, tribute, Serbian music, Sava Centar","Toma Zdravković, tribjut, domaća muzika, Sava centar"
10/2/2026,10/2/2026,8/29/2026,955,MusicGroup,Mestiza,https://en.wikipedia.org/wiki/M%C3%ABstiza_(DJs),,MusicEvent,Mestiza: afro house в атриуме Ложионицы,Mestiza: Afro House Night at the Ložionica Atrium,Mestiza: afro house veče u atrijumu Ložionice,https://raw.githubusercontent.com/newsgl/arsposters/main/955-MestizaAfroHouseNightatt.webp,https://open.spotify.com/artist/1l6pQ0SDItjXzbG9zloE2n,Concerts,"Испанский диджей-дуэт Mestiza открывает клубный сезон вечеринкой под открытым небом: afro house и melodic house в атриуме Ложионицы, на разогреве Divolly & Markward, Talaz, Neni, Rossa и Dunya. 2 октября с 19:00 до 01:00, билеты от 2900 до 11000 динаров.","Spanish DJ duo Mestiza opens the club season with an open-air party: afro house and melodic house in the Ložionica atrium, supported by Divolly & Markward, Talaz, Neni, Rossa and Dunya. 2 October from 19:00 to 01:00, tickets 2900 to 11000 dinars.","Španski DJ duo Mestiza otvara klupsku sezonu žurkom na otvorenom: afro house i melodic house u atrijumu Ložionice, uz podršku imena Divolly & Markward, Talaz, Neni, Rossa i Dunya. Žurka je 2. oktobra od 19.00 do 01.00, karte od 2900 do 11000 dinara.","Атриум Ложионицы прощается с летом танцами под открытым небом: в Белград впервые в этом сезоне привозят **Mestiza**, один из самых востребованных женских диджей-дуэтов современности.

Испанки Питти Бернад и Белах смешивают afro house, melodic house и средиземноморские мотивы с отсылками к фламенко: этот фирменный коктейль за несколько лет привёл дуэт на крупнейшие фестивали и в резиденцию клуба Hï Ibiza. Сеты Mestiza держат площадку в движении от первого до последнего трека.

До и после хедлайнеров играют региональные артисты: Divolly & Markward, Talaz, Neni, Rossa и Dunya. Обещают серьёзную продукцию, сценографию и звук: вечеринка задумана как переход от летних open-air к новому клубному сезону.

VIP-билет не бронирует стол автоматически: резерв согласовывают с организатором отдельно.

Цена: от 2900 до 11000 динаров.

Организатор: Cheri Events Beograd.","The Ložionica atrium says goodbye to summer with open-air dancing: Belgrade welcomes **Mestiza**, one of the most in-demand female DJ duos of the moment.

Spaniards Pitty Bernad and Belah blend afro house, melodic house and Mediterranean motifs with flamenco touches: in just a few years this signature mix has taken the duo to major festivals and a residency at Hï Ibiza. Their sets keep a floor moving from the first track to the last.

Before and after the headliners the decks belong to regional acts: Divolly & Markward, Talaz, Neni, Rossa and Dunya. The organizers promise serious production, stage design and sound: the party is planned as the bridge from summer open-airs to the new club season.

A VIP ticket does not automatically reserve a table: bookings are arranged separately with the organizer.

Price: 2900 to 11000 dinars.

Organizer: Cheri Events Beograd.","Atrijum Ložionice ispraća leto igrankom pod otvorenim nebom: u Beograd stiže **Mestiza**, jedan od najtraženijih ženskih DJ dvojaca današnjice.

Špankinje Pitty Bernad i Belah mešaju afro house, melodic house i mediteranske motive sa primesama flamenka: taj prepoznatljivi spoj odveo ih je za nekoliko godina na najveće festivale i u rezidenciju kluba Hï Ibiza. Njihovi setovi drže podijum u pokretu od prvog do poslednjeg takta.

Pre i posle hedlajnerki za pultom su regionalna imena: Divolly & Markward, Talaz, Neni, Rossa i Dunya. Najavljeni su ozbiljna produkcija, scenografija i zvuk: žurka je zamišljena kao prelaz iz letnjih open-air izdanja u novu klupsku sezonu.

VIP karta ne rezerviše automatski separe: rezervacija stola dogovara se posebno sa organizatorom.

Cena: od 2900 do 11000 dinara.

Organizator: Cheri Events Beograd.",19:00,2900,Ložionica,"Ulica ideja 2, 11000 Beograd","44.800471,20.447208",https://efinity.rs/event-details/mestiza_32285,efinity.rs,https://efinity.rs/event-details/mestiza_32285,Cheri Events Beograd,,,,,,,"afro house, вечеринка, электронная музыка, Ложионица","afro house, party, electronic music, Ložionica","afro house, žurka, elektronska muzika, Ložionica"
10/6/2026,10/6/2026,8/29/2026,962,DanceGroup,Royal National Ballet of Georgia,,,MusicEvent,Королевский балет Грузии: шоу The Fire of Georgia в mts Dvorana,Royal National Ballet of Georgia: The Fire of Georgia at mts Dvorana,Kraljevski nacionalni balet Gruzije: The Fire of Georgia u mts Dvorani,https://raw.githubusercontent.com/newsgl/arsposters/main/962-RoyalNationalBalletofGeo.webp,,Concerts,"Королевский национальный балет Грузии привозит в Белград программу The Fire of Georgia: кавказские ритмы, номера с кинжалами и саблями и два часа сценического действия. 6 октября в 19:30 в mts Dvorana, билеты от 3500 до 7000 динаров.","The Royal National Ballet of Georgia brings The Fire of Georgia to Belgrade: Caucasian rhythms, dagger and sword choreography and two hours of stage action. 6 October at 19:30 at mts Dvorana, tickets from 3500 to 7000 dinars.","Kraljevski nacionalni balet Gruzije donosi u Beograd program The Fire of Georgia: kavkaski ritmovi, koreografske tačke sa bodežima i mačevima i dva sata scenskog spektakla. 6. oktobra u 19.30 u mts Dvorani, karte od 3500 do 7000 dinara.","Ансамбль под руководством **Гелы Поцхишвили** и **Майи Кикнадзе** существует больше 30 лет: его выступлениям аплодировали свыше 40 миллионов зрителей в 80 странах. Танцовщиков коллектива отличают точная техника, экспрессия и узнаваемый стиль грузинского народного танца.

Программа **The Fire of Georgia** задумана не как набор отдельных номеров, а как цельный спектакль с общей идеей и сюжетом: точность движений и элегантность соединяются с темпераментом, по которому грузинский танец узнают сразу. В хореографии есть эксклюзивные номера с кинжалами и саблями, а картину дополняют живописные костюмы и продуманная сценография.

Спектакль идёт около двух часов и держит зал от поднятия занавеса до последнего поклона: это возможность увидеть культуру Грузии в концентрированном виде, не выезжая из Белграда.

Цена: от 3500 до 7000 динаров.

Организатор: Dublu Sens SRL Beograd.","The ensemble led by **Gela Potskhishvili** and **Maia Kiknadze** has been on stage for more than 30 years: over 40 million people in 80 countries have applauded its shows. The company's dancers are known for precise technique, expressiveness and the distinctive style of Georgian folk dance.

**The Fire of Georgia** is built as a complete theatrical performance with a single idea and storyline rather than a sequence of separate numbers: precision and elegance meet the temperament that makes Georgian dance instantly recognisable. The choreography includes exclusive numbers with daggers and swords, framed by rich costumes and detailed set design.

The show runs for about two hours and holds the hall from curtain up to the final bow: a concentrated portrait of Georgian culture without leaving Belgrade.

Price: from 3500 to 7000 dinars.

Organizer: Dublu Sens SRL Beograd.","Ansambl pod umetničkim vođstvom **Gele Pockhišvilija** i **Maje Kiknadze** postoji više od 30 godina: nastupima je aplaudiralo preko 40 miliona gledalaca u 80 zemalja. Igrače ansambla odlikuju precizna tehnika, ekspresivnost i prepoznatljiv stil gruzijskog narodnog plesa.

Program **The Fire of Georgia** zamišljen je kao celovita predstava sa jedinstvenom idejom i pričom, a ne kao niz odvojenih tačaka: preciznost pokreta i elegancija spajaju se sa temperamentom po kome se gruzijski ples odmah prepoznaje. Koreografija uključuje ekskluzivne tačke sa bodežima i mačevima, uz raskošne kostime i pažljivo rađenu scenografiju.

Predstava traje oko dva sata i drži pažnju od podizanja zavese do poslednjeg naklona: prilika da se autentična kultura Gruzije doživi u Beogradu.

Cena: od 3500 do 7000 dinara.

Organizator: Dublu Sens SRL Beograd.",19:30,3500,mts Dvorana,"Dečanska 14, 11000 Beograd","44.813220,20.462629",https://efinity.rs/event-details/georgian_royal_ballet_32252,efinity.rs,https://efinity.rs/event-details/georgian_royal_ballet_32252,Dublu Sens SRL Beograd,,,,,,,"балет, народный танец, Грузия, mts Dvorana","ballet, folk dance, Georgia, mts Dvorana","balet, narodni ples, Gruzija, mts Dvorana"
10/15/2026,10/15/2026,8/29/2026,977,Person,Petar Grašo,https://open.spotify.com/artist/1JbDmDlop4Pm4IyJhc22jt,,MusicEvent,Petar Grašo: концерт в Sava Centar,Petar Grašo Live at Sava Centar,Petar Grašo: koncert u Sava Centru,https://raw.githubusercontent.com/newsgl/arsposters/main/977-PetarGrasoLiveatSavaCent.webp,https://open.spotify.com/artist/1JbDmDlop4Pm4IyJhc22jt,Concerts,"Petar Grašo возвращается в Sava Centar с программой из своих главных песен, от «Ako te pitaju» до «Volim i postojim». 15 октября, билеты от 2490 до 10000 динаров.","Petar Grašo returns to Sava Centar with a programme of his best known songs, from «Ako te pitaju» to «Volim i postojim». 15 October, tickets from 2490 to 10000 dinars.","Petar Grašo se vraća u Sava Centar sa programom svojih najpoznatijih pesama, od „Ako te pitaju“ do „Volim i postojim“. 15. oktobra, karte od 2490 do 10000 dinara.","Голос **Petra Graša** знает вся бывшая Югославия, и знает по конкретным песням, а не по общему впечатлению. Далматинский мелодизм, спокойная подача, тексты про любовь без надрыва.

В программе вечера в Sava Centar собраны вещи, на которых выросло несколько поколений: «Ako te pitaju», «Ko nam brani», «Utorak», «Moje zlato», а также «Volim i postojim», «Srce za vodiča» и «92».

Концерты Грашо держатся не на спецэффектах, а на том, что зал поёт вместе с ним. Организаторы из SKYMUSIC ставят его в один ряд с исполнителями, чьи песни не стареют, и по залу это видно: приходят и те, кто слушал его в девяностые, и те, кто узнал его недавно.

Цена: от 2490 динаров, верхние категории до 10000.

Организатор: SKY EVENTS.","**Petar Grašo** is known across the former Yugoslavia by specific songs rather than by a general impression: Dalmatian melody, an unhurried delivery, love lyrics without melodrama.

The Sava Centar programme gathers the material several generations grew up with: «Ako te pitaju», «Ko nam brani», «Utorak», «Moje zlato», together with «Volim i postojim», «Srce za vodiča» and «92».

His concerts rest on the audience singing along rather than on stage effects. The promoters at SKYMUSIC place him among performers whose songs have outlasted their decade, and the hall reflects that: people who first heard him in the nineties sit next to people who found him recently.

Price: from 2490 dinars, top categories up to 10000.

Organiser: SKY EVENTS.","Glas **Petra Graša** poznaje cela regija, i to po konkretnim pesmama, a ne po opštem utisku. Dalmatinska melodika, smirena interpretacija i ljubavni tekstovi bez patetike.

Program u Sava Centru okuplja pesme na kojima je odraslo nekoliko generacija: „Ako te pitaju“, „Ko nam brani“, „Utorak“, „Moje zlato“, kao i „Volim i postojim“, „Srce za vodiča“ i „92“.

Njegovi koncerti ne počivaju na efektima, već na tome što publika peva sa njim. Organizatori iz SKYMUSIC-a svrstavaju ga među izvođače čije pesme odolevaju vremenu, a to se vidi i u sali: dolaze i oni koji ga slušaju od devedesetih i oni koji su ga otkrili nedavno.

Cena: od 2490 dinara, najviše kategorije do 10000.

Organizator: SKY EVENTS.",20:00,2490,Sava Centar,"Milentija Popovića 9, 11070 Novi Beograd","44.809354,20.432128",https://efinity.rs/event-details/petar_graso_32262,efinity.rs,https://efinity.rs/event-details/petar_graso_32262,SKY EVENTS,,,,,,,"поп, концерт, Sava Centar, региональная эстрада","pop, concert, Sava Centar, regional hits","pop, koncert, Sava Centar, regionalni hitovi"
10/21/2026,10/21/2026,8/29/2026,985,Person,GZUZ,https://en.wikipedia.org/wiki/Gzuz,,MusicEvent,GZUZ в Белграде: немецкий рэп в KRAN на Beton Hali,"GZUZ in Belgrade: German Rap at KRAN, Beton Hala",GZUZ u Beogradu: nemački rep u klubu KRAN na Beton Hali,https://raw.githubusercontent.com/newsgl/arsposters/main/985-GZUZinBelgradeGermanRapa.webp,,Concerts,"Немецкий рэпер GZUZ, участник гамбургской команды 187 Strassenbande, привозит в Белград свой европейский тур. 21 октября в KRAN на Beton Hali, билеты 4950 динаров.","German rapper GZUZ, a member of the Hamburg crew 187 Strassenbande, brings his European tour to Belgrade. 21 October at KRAN in Beton Hala, tickets 4950 dinars.","Nemački reper GZUZ, član hamburške ekipe 187 Strassenbande, u okviru evropske turneje stiže u Beograd. 21. oktobra u klubu KRAN na Beton Hali, ulaznice 4950 dinara.","**GZUZ** приезжает в Белград на волне самого успешного тура в своей карьере: за него продано больше 50 тысяч билетов.

Залы вроде Porsche Arena в Штутгарте, Zenith в Мюнхене и Mitsubishi Halle в Дюссельдорфе разошлись заранее, а финалом стал давно распроданный концерт в гамбургском Sporthalle вместе с коллегами по **187 Strassenbande**, команде, из которой рэпер и вырос.

Спрос оказался таким, что осенью последовал большой европейский тур: Германия, Австрия, Швейцария, Дания, Нидерланды, Польша, Чехия, Словения, Венгрия, Болгария, Хорватия, Румыния, Франция и другие страны. Белградская дата на площадке KRAN в этом списке.

Цена: 4950 динаров.

Организатор: SKYEVENTS DOO Beograd.","**GZUZ** arrives in Belgrade on the back of the most successful tour of his career, with more than 50,000 tickets sold.

Venues such as the Porsche Arena in Stuttgart, the Zenith in Munich and the Mitsubishi Halle in Düsseldorf sold out in advance, and the finale took place at Hamburg's long sold out Sporthalle alongside his fellow members of **187 Strassenbande**, the crew he came up with.

Demand was strong enough to trigger a full European tour this autumn, taking in Germany, Austria, Switzerland, Denmark, the Netherlands, Poland, the Czech Republic, Slovenia, Hungary, Bulgaria, Croatia, Romania, France and more. The Belgrade show at KRAN is part of that run.

Price: 4950 dinars.

Organiser: SKYEVENTS DOO Beograd.","**GZUZ** dolazi u Beograd na talasu najuspešnije turneje u svojoj karijeri, sa preko 50.000 prodatih ulaznica.

Dvorane poput Porsche Arene u Štutgartu, Zenitha u Minhenu i Mitsubishi Halle u Dizeldorfu bile su rasprodate unapred, a finale je proslavljeno u odavno rasprodatoj hamburškoj Sporthalle, zajedno sa kolegama iz ekipe **187 Strassenbande**, iz koje je reper i potekao.

Zbog velikog interesovanja ove jeseni sledi velika evropska turneja: Nemačka, Austrija, Švajcarska, Danska, Holandija, Poljska, Češka, Slovenija, Mađarska, Bugarska, Hrvatska, Rumunija, Francuska i druge zemlje. Beogradski nastup u klubu KRAN deo je tog niza.

Cena: 4950 dinara.

Organizator: SKYEVENTS DOO Beograd.",21:00,4950,Kran,"Karađorđeva 2-4 (Beton hala), Beograd","44.819865,20.448431",https://efinity.rs/event-details/gzuz_32119,efinity.rs,https://efinity.rs/event-details/gzuz_32119,SKYEVENTS DOO Beograd,,,,,,,"рэп, хип-хоп, немецкая сцена, KRAN, Beton Hala","rap, hip-hop, German scene, KRAN, Beton Hala","rep, hip-hop, nemačka scena, KRAN, Beton Hala"
10/24/2026,10/24/2026,8/29/2026,990,Person,Сергей Детков,,ru,ComedyEvent,Сергей Детков: стендап-концерт в Centar za kulturu Vlada Divljan,Sergey Detkov: Stand-Up Show at Centar za kulturu Vlada Divljan,Sergej Detkov: stand-up koncert u Centru za kulturu Vlada Divljan,https://raw.githubusercontent.com/newsgl/arsposters/main/990-SergeyDetkovStandUpShowa.webp,,Stand Up,"Сергей Детков впервые выступает на Балканах со своим сольным стендап-концертом. 24 октября в Centar za kulturu Vlada Divljan, билеты от 3600 до 8000 динаров.","Sergey Detkov brings his solo stand-up show to the Balkans for the first time. 24 October at Centar za kulturu Vlada Divljan, tickets from 3600 to 8000 dinars. In Russian.","Sergej Detkov po prvi put nastupa na Balkanu sa svojim solo stand-up koncertom. 24. oktobra u Centru za kulturu Vlada Divljan, ulaznice od 3600 do 8000 dinara. Na ruskom jeziku.","**Сергей Детков** доезжает до Балкан впервые. Тем, кто следит за ним давно, это повод наконец увидеть материал вживую, остальным знакомство с комиком, которого проще один раз послушать, чем пересказать.

Детков родился в Киеве, начинал на телевизионных юмористических проектах, а потом ушёл в чистый стендап и объехал с ним украинские города. Русскоязычной аудитории он знаком по резидентству в Stand Up на ТНТ и по выпускам «Что было дальше?».

Последние годы комик живёт в Европе и регулярно ездит с концертами по городам, где собралась русскоязычная публика. Белградское выступление часть такого тура.

Концерт идёт на русском языке.

Цена: от 3600 до 8000 динаров.

Организатор: ARENAPUB.","**Sergey Detkov** is playing the Balkans for the first time. For anyone who has followed him for years this is a chance to finally hear the material live; for everyone else it is an introduction to a comic who is easier to watch once than to describe.

Detkov was born in Kyiv and started out on television comedy projects before moving into pure stand-up and touring Ukrainian cities with it. Russian-speaking audiences know him as a resident of Stand Up on TNT and from episodes of the online show Chto Bylo Dalshe.

In recent years he has been based in Europe, touring cities with sizeable Russian-speaking communities. The Belgrade date is part of that run.

The show is in Russian.

Price: from 3600 to 8000 dinars.

Organiser: ARENAPUB.","**Sergej Detkov** prvi put nastupa na Balkanu. Onima koji ga odavno prate ovo je prilika da materijal konačno čuju uživo, a ostalima upoznavanje sa komičarem kog je lakše jednom poslušati nego prepričati.

Detkov je rođen u Kijevu i počeo je na televizijskim humorističkim projektima, a zatim je prešao na čist stand-up i obišao ukrajinske gradove. Ruskoj publici poznat je kao rezident emisije Stand Up na TNT i po epizodama internet emisije „Šta je bilo dalje“.

Poslednjih godina živi u Evropi i redovno nastupa u gradovima sa velikom ruskom zajednicom. Beogradski koncert deo je te turneje.

Koncert je na ruskom jeziku.

Cena: od 3600 do 8000 dinara.

Organizator: ARENAPUB.",20:00,3600,Centar za kulturu Vlada Divljan,"Mitropolita Petra 8, Beograd","44.816425,20.485499",https://efinity.rs/event-details/sergej_detakov_beograd_32303,efinity.rs,https://efinity.rs/event-details/sergej_detakov_beograd_32303,ARENAPUB,,,,,,,"стендап, юмор, на русском языке, Vlada Divljan","stand-up, comedy, in Russian, Vlada Divljan","stand-up, humor, na ruskom jeziku, Vlada Divljan"
11/8/2026,11/8/2026,8/29/2026,1004,DanceGroup,Flamencuentro,,,MusicEvent,«Pisma iz Španije»: фламенко-спектакль в Доме молодёжи,Letters from Spain: Flamenco Performance at Dom Omladine,Pisma iz Španije: flamenko predstava u Domu omladine,https://raw.githubusercontent.com/newsgl/arsposters/main/1004-LettersfromSpainFlamenco.webp,,Concerts,"Музыкально-танцевальный спектакль по испанским записям Дучича, Црнянского и Андрича. 8 ноября в зале «Американа» Дома молодёжи, играет ансамбль Flamencuentro. Билеты 1900 динаров, места не нумерованы. Спектакль идёт на сербском языке.","A flamenco music and dance piece drawn from the Spanish writings of Dučić, Crnjanski and Andrić. On 8 November in the Amerikana hall at Dom Omladine, performed by the Flamencuentro ensemble. Tickets 1900 dinars, seating is unnumbered.","Muzičko plesna flamenko predstava inspirisana španskim zapisima Dučića, Crnjanskog i Andrića. 8. novembra u sali Amerikana Doma omladine, izvodi ansambl Flamencuentro. Karte 1900 dinara, mesta nisu numerisana.","Что мы на самом деле ищем, уезжая в другую страну: новые места, другую жизнь или возможность стать кем-то ещё? С этого вопроса начинается **«Pisma iz Španije»**, спектакль, выросший из путевых записок, писем и размышлений Йована Дучича, Милоша Црнянского и Иво Андрича.

Испания здесь существует на границе реальности и памяти. Её собирают из звука гитар, ритма перкуссии, движения, света и тени: красивую и жёсткую, близкую и недостижимую одновременно. Разные формы фламенко ведут не столько по испанским городам, сколько по внутреннему маршруту человека, который пытается понять чужую культуру и постепенно упирается в вопросы о себе.

На сцене ансамбль **Flamencuentro**: Ойдана Радович, танец; Емельян Галушко и Андрей Смирнов, гитары фламенко; Shojka, перкуссия.

Места в зале не нумерованы, рассадка свободная.

Цена: 1900 динаров.

Организатор: EMELIJAN GALUŠKO PR.","What are we actually looking for when we leave for another country: new places, a different life, or the chance to become someone else? **Letters from Spain** starts from that question, built on the travel writing, letters and reflections of Jovan Dučić, Miloš Crnjanski and Ivo Andrić.

Spain here exists on the border between reality and memory, assembled from guitar, percussion, movement, light and shadow: beautiful and harsh, familiar and out of reach at once. The different forms of flamenco trace less a route through Spanish cities than the inner journey of someone trying to understand a foreign culture and running into questions about themselves.

The **Flamencuentro** ensemble performs: Ojdana Radović on dance, Emelijan Galuško and Andrej Smirnov on flamenco guitar, and Shojka on percussion.

Seating is unnumbered and free to choose.

Price: 1900 dinars.

Organiser: EMELIJAN GALUŠKO PR.","Šta zapravo tražimo kada krenemo u drugu zemlju: nova mesta, drugačiji život ili mogućnost da postanemo neko drugi? Od tog pitanja polaze **Pisma iz Španije**, predstava građena na putopisima, pismima i razmišljanjima Jovana Dučića, Miloša Crnjanskog i Ive Andrića.

Španija ovde postoji na granici između stvarnosti i sećanja. Sklapa se od zvuka gitara, ritma perkusija, pokreta, svetlosti i senke: lepa i surova, bliska a nedostižna. Kroz različite forme flamenka otvara se manje putovanje kroz španske gradove, a više unutrašnji put čoveka koji pokušava da razume tu kulturu i postepeno se suočava sa pitanjima o sebi.

Na sceni je ansambl **Flamencuentro**: Ojdana Radović, ples; Emelijan Galuško i Andrej Smirnov, flamenko gitara; Shojka, perkusije.

Mesta nisu numerisana, izbor sedišta je slobodan.

Cena: 1900 dinara.

Organizator: EMELIJAN GALUŠKO PR.",20:00,1900,Dom omladine Beograda,"Makedonska 22, Beograd","44.815407,20.462793",https://efinity.rs/event-details/pisma_iz_spanije_32305,efinity.rs,https://efinity.rs/event-details/pisma_iz_spanije_32305,Emelijan Galuško PR,,,,,,,"фламенко, танец, спектакль, Дом молодёжи, живая музыка","flamenco, dance, performance, Dom Omladine, live music","flamenko, ples, predstava, Dom omladine, muzika uživo"
11/12/2026,11/12/2026,8/29/2026,1009,Person,Halid Muslimović,https://sr.wikipedia.org/wiki/Halid_Muslimović,,MusicEvent,Халид Муслимович: гала-концерт в Sava Centar,Halid Muslimović: Gala Concert at Sava Centar,Halid Muslimović: gala koncert u Sava Centru,https://raw.githubusercontent.com/newsgl/arsposters/main/1009-HalidMuslimovicGalaConce.webp,,Concerts,"Халид Муслимович возвращается в Голубой зал Sava Centar с гала-концертом: «Hej, ljubavi u dalekom gradu», «Putuj, putuj srećo moja», «O jarane, jarane» и другие песни, которые публика поёт наизусть. 12 ноября в 20:00, билеты от 2500 динаров.","Halid Muslimović returns to the Blue Hall of Sava Centar with a gala concert built around the songs the audience knows by heart: ""Hej, ljubavi u dalekom gradu"", ""Putuj, putuj srećo moja"", ""O jarane, jarane"". 12 November at 20:00, tickets from 2500 dinars.","Halid Muslimović se vraća u Plavu dvoranu Sava Centra sa gala koncertom: ""Hej, ljubavi u dalekom gradu"", ""Putuj, putuj srećo moja"", ""O jarane, jarane"" i još pesama koje publika peva napamet. 12. novembra u 20.00, karte od 2500 dinara.","Голос **Халида Муслимовича** на Балканах слышен уже больше сорока лет: его песни переписывали на кассеты, пели на свадьбах и передавали дальше, следующему поколению.

Прошлогодний концерт в Sava Centar собрал полный Голубой зал, и новый гала-вечер организаторы объявили именно из-за спроса. В программе то, ради чего публика и приходит: «Hej, ljubavi u dalekom gradu», «Putuj, putuj srećo moja», «Znam, za sve sam kriv», «O jarane, jarane», «Slušaj majko moju pjesmu», «Nije mene dušo ubilo».

Формат обещают тот же: большой состав музыкантов, отобранный репертуар и несколько часов совместного пения с залом. Голубой зал Sava Centar для такой музыки подходит лучше многих площадок региона: звук там ровный, а расстояние до сцены небольшое даже с верхних рядов.

Цена: от 2500 динаров, верхние категории до 8000.

Организатор: Melos Estrada Co.","**Halid Muslimović** has been a fixture of Balkan popular music for more than four decades. His songs travelled on cassettes, at weddings and through family record collections, and they are still sung by people who were not born when the recordings came out.

Last year's concert filled the Blue Hall of Sava Centar, and the new gala evening was announced because of the demand that followed. The setlist is built around the standards: ""Hej, ljubavi u dalekom gradu"", ""Putuj, putuj srećo moja"", ""Znam, za sve sam kriv"", ""O jarane, jarane"", ""Slušaj majko moju pjesmu"" and ""Nije mene dušo ubilo"".

The format stays the same as last time: a full band, a carefully chosen repertoire and several hours of singing along with the hall. The Blue Hall suits this kind of music well, with even sound and a stage that stays close even from the upper rows.

Price: from 2500 dinars, top categories up to 8000.

Organizer: Melos Estrada Co.","**Halid Muslimović** peva više od četiri decenije, a njegove pesme su putovale sa kaseta, sa svadbi i iz porodičnih kolekcija do generacija koje nisu bile rođene kada su snimljene.

Prošlogodišnji koncert napunio je Plavu dvoranu Sava Centra do poslednjeg mesta, pa je novo gala veče zakazano upravo zbog interesovanja publike. Na repertoaru je ono zbog čega se i dolazi: ""Hej, ljubavi u dalekom gradu"", ""Putuj, putuj srećo moja"", ""Znam, za sve sam kriv"", ""O jarane, jarane"", ""Slušaj majko moju pjesmu"" i ""Nije mene dušo ubilo"".

Format ostaje isti: veliki bend, pažljivo biran repertoar i višesatno pevanje sa publikom. Plava dvorana za ovakvu muziku i dalje vredi: zvuk je ujednačen, a scena blizu i iz gornjih redova.

Cena: od 2500 dinara, najviše kategorije do 8000.

Organizator: Melos Estrada Co.",20:00,2500,Sava Centar,"Milentija Popovića 9, 11070 Novi Beograd","44.809354,20.432128",https://efinity.rs/event-details/halid_muslimovic_32269,efinity.rs,https://efinity.rs/event-details/halid_muslimovic_32269,Melos Estrada Co,,,,,,,"концерт, народная музыка, Sava Centar, хиты, Балканы","concert, folk music, Sava Centar, hits, Balkans","koncert, narodna muzika, Sava Centar, hitovi, Balkan"
11/14/2026,11/14/2026,8/29/2026,1011,Person,Conway the Machine,https://en.wikipedia.org/wiki/Conway_the_Machine,,MusicEvent,"Conway the Machine и Daringer: дебют в Белграде, Drugstore",Conway the Machine and Daringer Live at Drugstore,Conway the Machine i Daringer u Drugstoreu,https://raw.githubusercontent.com/newsgl/arsposters/main/1011-ConwaytheMachineandDarin.webp,https://open.spotify.com/artist/67gqUXxHedeUGDTxwBzdjS,Concerts,"Американский рэпер Conway the Machine впервые выступает в Белграде вместе с продюсером Daringer: тур к десятилетию микстейпа «Reject 2». 14 ноября в Drugstore, билеты 2000 динаров.","American rapper Conway the Machine plays Belgrade for the first time, joined by producer Daringer on the tour marking ten years of the mixtape ""Reject 2"". 14 November at Drugstore, tickets 2000 dinars.","Američki reper Conway the Machine prvi put nastupa u Beogradu, uz producenta Daringera, na turneji povodom deset godina mikstejpa ""Reject 2"". 14. novembra u Drugstoreu, karte 2000 dinara.","**Conway the Machine** из Баффало входит в костяк лейбла Griselda Records, вместе с Westside Gunn и Benny the Butcher. Их звук вернул в моду то, что казалось архивом: тяжёлые барабаны, пыльные сэмплы, длинные плотные куплеты без припева.

В Белград он приезжает впервые, в рамках тура к десятилетию микстейпа «Reject 2», и не один. За пультом **Daringer**, продюсер, во многом и придумавший узнаваемое звучание Griselda. Именно его биты держат большинство ключевых записей лейбла.

Drugstore для такой программы место подходящее: бывшая бойня на Бульваре деспота Стефана давно работает как клуб с ровным, жёстким звуком.

Цена: 2000 динаров.

Организаторы: Druga Strana Events и Udruženje Kišobran.","**Conway the Machine** from Buffalo is part of the core of Griselda Records, alongside Westside Gunn and Benny the Butcher. Their sound brought back what looked like an archive style: heavy drums, dusty samples and long, dense verses with barely a hook.

This is his first show in Belgrade, part of the tour marking ten years of the mixtape ""Reject 2"", and he is not coming alone. **Daringer**, the producer who largely shaped the recognisable Griselda sound, is on the beats, and most of the label's key records run on his production.

Drugstore fits the programme. The former slaughterhouse on Bulevar despota Stefana has long worked as a club with a hard, even sound.

Price: 2000 dinars.

Organizers: Druga Strana Events and Udruženje Kišobran.","**Conway the Machine** iz Bafala pripada jezgru izdavačke kuće Griselda Records, uz Westside Gunna i Bennyja the Butchera. Njihov zvuk je vratio ono što je delovalo kao arhiva: teški bubnjevi, prašnjavi semplovi i dugačke, guste strofe bez refrena.

U Beograd dolazi premijerno, na turneji povodom deset godina miksteupa ""Reject 2"", i to ne sam. Za bitovima je **Daringer**, producent koji je u velikoj meri i osmislio prepoznatljiv zvuk Griselde i potpisao većinu ključnih izdanja kuće.

Drugstore je za ovakav program pravo mesto: nekadašnja klanica na Bulevaru despota Stefana odavno radi kao klub sa čvrstim i ujednačenim zvukom.

Cena: 2000 dinara.

Organizatori: Druga Strana Events i Udruženje Kišobran.",22:00,2000,Drugstore,"Bulevar despota Stefana 115, 11000 Beograd","44.819103,20.489149",https://efinity.rs/event-details/conway_the_machine_32245,efinity.rs,https://efinity.rs/event-details/conway_the_machine_32245,Druga Strana Events & Udruženje Kišobran,,,,,,,"хип-хоп, рэп, Drugstore, андеграунд, концерт","hip-hop, rap, Drugstore, underground, concert","hip-hop, rep, Drugstore, andergraund, koncert"
11/27/2026,11/27/2026,8/29/2026,1022,Person,Nikolija,https://en.wikipedia.org/wiki/Nikolija,,MusicEvent,Nikolija: первый сольный концерт в Голубом зале Sava Centar,Nikolija: First Solo Concert at the Blue Hall of Sava Centar,Nikolija: prvi samostalni koncert u Plavoj dvorani Sava centra,https://raw.githubusercontent.com/newsgl/arsposters/main/1022-NikolijaFirstSoloConcert.webp,,Concerts,"Nikolija впервые выходит к домашней публике с сольной программой: шоу, задуманное для стадиона Ташмайдан, переехало в Голубой зал Sava Centar и превратилось в аудиовизуальный перформанс. 27 ноября, билеты от 2390 динаров.","Nikolija plays her first solo show for the home audience: the concert originally planned for Tasmajdan stadium has moved to the Blue Hall of Sava Centar and turned into an audio-visual performance. 27 November, tickets from 2390 dinars.","Nikolija prvi put staje pred domaću publiku samostalno: spektakl prvobitno planiran za Tašmajdan preselio se u Plavu dvoranu Sava centra i prerastao u audio-vizuelni performans. 27. novembra, karte od 2.390 dinara.","Больше десяти лет **Nikolija** во многом задаёт звучание региональной поп-сцены, но полноценного сольного концерта перед домашней публикой у неё до сих пор не было.

Николия Йованович родилась в 1989 году в Загребе, выросла в Белграде, она дочь певицы Весны Змиянац. Дебютный сингл Ćao zdravo вышел в 2013 году, за ним последовали Opasna igra, Meduza, MDMA и Lavina; её клипы собрали более 700 миллионов просмотров на YouTube. Стилистически это смесь поп-рэпа, трэпа и дэнс-попа.

Программа изначально готовилась как открытая площадка на Ташмайдане под названием SILA, но переехала в Голубой зал Sava Centar. Зал сидячий, места пронумерованы, а само шоу организаторы описывают как аудиовизуальный перформанс.

Цена: от 2390 динаров, верхние категории до 10 000 динаров.","For over a decade **Nikolija** has helped shape the sound of the regional pop scene, yet she has never given a full solo concert for her home audience until now.

Nikolija Jovanovic was born in 1989 in Zagreb and grew up in Belgrade; she is the daughter of singer Vesna Zmijanac. Her debut single Cao zdravo came out in 2013, followed by Opasna igra, Meduza, MDMA and Lavina, and her videos have passed 700 million views on YouTube. The sound mixes pop rap, trap and dance pop.

The show was first announced as an open-air night at Tasmajdan stadium under the name SILA, then moved indoors to the Blue Hall of Sava Centar. Seating is numbered throughout, and the organisers describe the evening as an audio-visual performance.

Price: from 2390 dinars, top categories up to 10,000 dinars.","Više od decenije **Nikolija** oblikuje zvuk regionalne pop scene, a pravi samostalni koncert pred domaćom publikom do sada nije imala.

Nikolija Jovanović rođena je 1989. u Zagrebu, odrasla u Beogradu, ćerka je pevačice Vesne Zmijanac. Debi singl Ćao zdravo objavila je 2013, a za njim su išli Opasna igra, Meduza, MDMA i Lavina; njeni spotovi imaju preko 700 miliona pregleda na Jutjubu. Zvuk je spoj pop repa, trepa i dens popa.

Program je prvobitno najavljen kao noć na Tašmajdanu pod imenom SILA, pa je preseljen u Plavu dvoranu Sava centra. Dvorana je sedeća, sa numerisanim mestima, a organizatori veče opisuju kao audio-vizuelni performans.

Cena: od 2.390 dinara, najviše kategorije do 10.000 dinara.",20:00,2390,Sava Centar,"Milentija Popovića 9, 11070 Novi Beograd","44.809354,20.432128",https://efinity.rs/event-details/nikolija_32221,efinity.rs,https://efinity.rs/event-details/nikolija_32221,eFinity,,,,,,,"поп, трэп, Sava Centar, концерт","pop, trap, Sava Centar, concert","pop, trep, Sava centar, koncert"
12/8/2026,12/8/2026,8/29/2026,1031,Person,Aleksandar Sofronijević,https://www.facebook.com/SofronijevicOfficial/,,MusicEvent,Aleksandar Sofronijević i Majstori za dušu в Sava Centar,Aleksandar Sofronijević and Majstori za Dušu at Sava Centar,Aleksandar Sofronijević i Majstori za dušu u Sava centru,https://raw.githubusercontent.com/newsgl/arsposters/main/1031-AleksandarSofronijevican.webp,,Concerts,"Аккордеонист Aleksandar Sofronijević со своим оркестром играет инструментальную программу из традиционных мелодий региона. 8 декабря в Голубом зале Sava Centar, билеты от 2500 динаров, верхние категории до 10 000. Концерт инструментальный.","Accordionist Aleksandar Sofronijević and his orchestra play an instrumental programme drawn from the traditional melodies of the region. 8 December in the Blue Hall of Sava Centar, tickets from 2500 dinars, top categories up to 10,000.","Harmonikaš Aleksandar Sofronijević sa svojim orkestrom svira instrumentalni program sastavljen od tradicionalnih melodija ovog podneblja. 8. decembra u Plavoj dvorani Sava centra, karte od 2.500 dinara, najviše kategorije do 10.000.","**Aleksandar Sofronijević** один из самых уважаемых аккордеонистов региона, и название вечера, Majstori za dušu, довольно точно описывает то, чем занимается его оркестр.

Программа собрана из инструментальных пьес, традиционных мелодий и вещей, которые сформировали музыкальное наследие этих краёв. Играют их в узнаваемой манере Софрониевича, где старая школа соседствует с современными аранжировками, а солирующая гармоника остаётся в центре.

Карьера у него сложилась на распроданных залах и признании коллег, но большой сольный вечер в Голубом зале Sava Centar для него самый серьёзный вызов на сегодня. Зал сидячий, места пронумерованы.

Цена: от 2500 динаров, верхние категории до 10 000 динаров.

Организатор: AS Studioton.","**Aleksandar Sofronijević** is one of the most respected accordionists in the region, and the title of the evening, Majstori za dušu, describes fairly precisely what his orchestra does.

The programme is built from instrumental pieces, traditional melodies and works that shaped the musical heritage of these parts. They are played in Sofronijević's recognisable manner, where the old school sits next to contemporary arrangements and the lead accordion stays at the centre.

His career has been built on sold-out halls and the respect of fellow musicians, but a full solo evening in the Blue Hall of Sava Centar is his biggest test so far. The hall is seated, with numbered places.

Price: from 2500 dinars, top categories up to 10,000 dinars.

Promoter: AS Studioton.","**Aleksandar Sofronijević** je jedan od najcenjenijih harmonikaša u regionu, a naziv večeri, Majstori za dušu, prilično precizno opisuje ono čime se njegov orkestar bavi.

Program je sastavljen od instrumentalnih kompozicija, tradicionalnih melodija i dela koja su obeležila muzičko nasleđe ovog podneblja. Izvode ih u prepoznatljivom Sofronijevićevom maniru, gde stara škola stoji uz savremene aranžmane, a vodeća harmonika ostaje u središtu.

Karijeru je izgradio na rasprodatim salama i poštovanju kolega, ali veliko samostalno veče u Plavoj dvorani Sava centra za njega je najozbiljniji izazov do sada. Dvorana je sedeća, sa numerisanim mestima.

Cena: od 2.500 dinara, najviše kategorije do 10.000 dinara.

Organizator: AS Studioton.",20:00,2500,Sava Centar,"Milentija Popovića 9, 11070 Novi Beograd","44.809354,20.432128",https://efinity.rs/event-details/aleksandar_sofronijevic_32282,efinity.rs,https://efinity.rs/event-details/aleksandar_sofronijevic_32282,AS Studioton,,,,,,,"гармоника, инструментальная музыка, Sava Centar, традиция","accordion, instrumental music, Sava Centar, folk tradition","harmonika, instrumentalna muzika, Sava centar, tradicija"
4/14/2027,4/14/2027,8/29/2026,1051,MusicGroup,Tindersticks,https://www.tindersticks.co.uk/,,MusicEvent,Tindersticks в mts Dvorana,Tindersticks at mts Dvorana,Tindersticks u mts Dvorani,https://raw.githubusercontent.com/newsgl/arsposters/main/1051-TindersticksatmtsDvorana.webp,https://open.spotify.com/artist/3dmSPhg0tdao8ePj4pySJ5,Concerts,"Британцы Tindersticks возвращаются в Белград с пятнадцатым альбомом и старыми песнями: Let's Pretend, Tiny Tears, Another Night In. 14 апреля 2027 года в mts Dvorana, билеты от 3900 динаров.","British band Tindersticks return to Belgrade with their fifteenth album and older songs such as Let's Pretend, Tiny Tears and Another Night In. 14 April 2027 at mts Dvorana, tickets from 3900 dinars.","Britanci Tindersticks vraćaju se u Beograd sa petnaestim albumom i starim pesmama: Let's Pretend, Tiny Tears, Another Night In. 14. aprila 2027. u mts Dvorani, karte od 3900 dinara.","Группа существует с 1992 года и за это время почти не сменила интонацию: медленные песни, струнные, орган, духовые и низкий, чуть надтреснутый голос **Стюарта Стейплза** поверх всего этого. Их музыку обычно ставят рядом с ночным городом и поздним разговором, а не со стадионом.

Отдельная линия в биографии группы, работа в кино: многолетнее сотрудничество с французским режиссёром Клер Дени дало несколько саундтреков, которые слушают и без фильмов.

В Белград **Tindersticks** приезжают с пятнадцатым по счёту альбомом, но публика может рассчитывать и на вещи, которые сопровождают группу десятилетиями: Let's Pretend, Tiny Tears, What Are You Fighting For, Another Night In.

Белградскую публику коллектив знает хорошо, это уже не первый его приезд в город.

Цена: от 3900 динаров, верхние категории до 5500.

Организатор: Charm Music.","The band has been going since 1992 and has barely changed its tone of voice in that time: slow songs, strings, organ, brass, and the low, slightly cracked voice of **Stuart Staples** on top. Their music belongs to a night-time city and a late conversation rather than to a stadium.

Film work forms a separate strand in their history: a long collaboration with the French director Claire Denis has produced several soundtracks that people listen to without the films.

**Tindersticks** come to Belgrade with their fifteenth album, though the audience can also count on songs that have travelled with the band for decades: Let's Pretend, Tiny Tears, What Are You Fighting For and Another Night In.

The group knows the Belgrade audience well, and this is far from its first visit to the city.

Price: from 3900 dinars, top categories up to 5500.

Organiser: Charm Music.","Bend postoji od 1992. godine i za sve to vreme jedva da je promenio ton: spore pesme, gudači, orgulje, duvači i dubok, blago napukao glas **Stjuarta Stejplsa** preko svega toga. Njihova muzika pripada noćnom gradu i kasnom razgovoru, a ne stadionu.

Poseban tok u biografiji benda je film: dugogodišnja saradnja sa francuskom rediteljkom Kler Deni dala je nekoliko soundtrackova koji se slušaju i bez slike.

U Beograd **Tindersticks** stižu sa petnaestim albumom, ali publika može da računa i na pesme koje bend prate decenijama: Let's Pretend, Tiny Tears, What Are You Fighting For i Another Night In.

Beogradsku publiku dobro poznaju, ovo im nije prvi dolazak u grad.

Cena: od 3900 dinara, više kategorije do 5500.

Organizator: Charm Music.",21:00,3900,mts Dvorana,"Dečanska 14, 11000 Beograd","44.813220,20.462629",https://efinity.rs/event-details/tindersticks_32186,efinity.rs,https://efinity.rs/event-details/tindersticks_32186,Charm Music,,,,,,,"инди, концерт, Tindersticks, mts Dvorana","indie, concert, Tindersticks, mts Dvorana","indi, koncert, Tindersticks, mts Dvorana"
