StartDate,EndDate,PubDate,UniqueID,PerformerType,PerformerName,SameAs,Language,EventType,EventNameRus,EventNameEng,EventNameSrb,CoverImage,SpotifyButton,Section,ShortDescriptionRus,ShortDescriptionEng,ShortDescriptionSrb,LongDescriptionRus,LongDescriptionEng,LongDescriptionSrb,Time,PriceDin,PlaceName,PlaceAddress,GoogleMap,EventPage,SourceName,TicketsLink,OrganizerName,OrganizerPageURL,OrganizerEmail,OrganizerPhone,AgeRestriction,EventCapacity,ImageGallery,TagsRus,TagsEng,TagsSrb
9/7/2026,9/9/2026,9/5/2026,1158,MusicGroup,Beogradska filharmonija,https://www.bgf.rs/,,ChildrensEvent,Концерты для малышей: первый цикл в зале Белградской филармонии,Concerts for Babies: First Cycle at the Belgrade Philharmonic Hall,Koncerti za bebe: prvi ciklus u Sali Beogradske filharmonije,https://raw.githubusercontent.com/newsgl/arsposters/main/1158-ConcertsforBabiesFirstCy.webp,,Kids,"Белградская филармония открывает сезон 26/27 концертами для детей от 0 до 2 лет: полчаса Моцарта в зале, превращённом в музыкальную игровую. 7, 8 и 9 сентября, сеансы в 11:00 и 12:30.","The Belgrade Philharmonic opens its 26/27 season with concerts for children aged 0 to 2: half an hour of Mozart in a concert hall turned into a musical playroom. 7, 8 and 9 September, sessions at 11:00 and 12:30.","Beogradska filharmonija otvara sezonu 26/27 koncertima za bebe od 0 do 2 godine: pola sata Mocarta u sali pretvorenoj u muzičku igraonicu. 7, 8. i 9. septembra, termini u 11.00 i 12.30.","Первые выступления нового сезона Белградская филармония отдаёт самым младшим слушателям. **Концерты для малышей** идут уже девятый сезон и остаются самой востребованной программой оркестра: билеты на них обычно разбирают за считанные минуты после старта продаж.

Формат придуман под детей от рождения до двух лет. Зал филармонии на Studentski trg превращается в музыкальную игровую: фойе отдают под парковку колясок, малышам не нужно сидеть на месте, они слушают, ползают и разглядывают музыкантов вблизи. Программа длится около 30 минут, ровно столько, сколько ребёнок этого возраста способен выдержать.

В первом цикле звучит **Моцарт**: увертюра к «Свадьбе Фигаро», «Маленькая ночная серенада» и дивертисмент в исполнении оркестра филармонии.

Каждый день цикла даётся два сеанса, число мест ограничено размером зала. Продажа билетов открылась 3 сентября в кассе филармонии и онлайн.

Организатор: Beogradska filharmonija.","The Belgrade Philharmonic gives the first performances of its new season to its youngest listeners. **Concerts for Babies** are now in their ninth season and remain the orchestra's most sought-after programme: tickets usually go within minutes of release.

The format is built around children from birth to age two. The Philharmonic hall on Studentski trg becomes a musical playroom: the foyer turns into stroller parking, and the babies are free to crawl, wander and watch the musicians up close instead of sitting still. Each programme lasts about 30 minutes, roughly the attention span of a listener this age.

The first cycle is all **Mozart**: the overture to The Marriage of Figaro, Eine kleine Nachtmusik and a divertimento, played by the Philharmonic orchestra.

There are two sessions on each day of the cycle, and the number of places is limited by the size of the hall. Tickets went on sale on 3 September at the Philharmonic box office and online.

Organiser: Beogradska filharmonija.","Prve nastupe u novoj sezoni Beogradska filharmonija posvećuje najmlađoj publici. **Koncerti za bebe** ulaze u devetu sezonu i ostaju najtraženiji program orkestra: karte obično nestanu za nekoliko minuta od početka prodaje.

Format je smišljen za decu od rođenja do dve godine. Sala Filharmonije na Studentskom trgu pretvara se u veselu muzičku igraonicu: hol postaje parking za kolica, a bebe ne moraju da sede mirno, slobodno puze, šetaju i gledaju muzičare izbliza. Program traje oko 30 minuta, koliko pažnja u tom uzrastu i može da izdrži.

U prvom ciklusu na programu je **Mocart**: uvertira za Figarovu ženidbu, Mala noćna muzika i divertimento u izvođenju orkestra Filharmonije.

Svakog dana ciklusa održavaju se dva termina, a broj mesta ograničen je veličinom sale. Karte su u prodaji od 3. septembra na blagajni Filharmonije i onlajn.

Organizator: Beogradska filharmonija.",11:00,,Sala Beogradske filharmonije,"Studentski trg 11, Beograd","44.819232,20.455808",https://www.bgf.rs/repertoar_cp/kontserti-za-bebe-prvi-tsiklus/,bgf.rs,https://www.bgf.rs/repertoar_cp/kontserti-za-bebe-prvi-tsiklus/,Beogradska filharmonija,https://www.bgf.rs/,,,,,,"концерт для малышей, классическая музыка, Моцарт, Белградская филармония, дети 0-2","concert for babies, classical music, Mozart, Belgrade Philharmonic, kids 0-2","koncert za bebe, klasična muzika, Mocart, Beogradska filharmonija, deca 0-2"
9/8/2026,9/22/2026,9/5/2026,1159,Organization,Language Café Belgrade,https://www.facebook.com/LanguageCafeBeograd/,,EducationEvent,Language Café: разговорный вечер на 10-20 языках в KC Grad,Language Café: Conversation Evening in 10 to 20 Languages at KC Grad,Language Café: veče razgovora na 10 do 20 jezika u KC Gradu,https://raw.githubusercontent.com/newsgl/arsposters/main/1159-LanguageCafeConversation.webp,,Master classes,"Language Café Belgrade: разговорные столы на 10-20 языках с носителями, один стол на один язык. 8 и 22 сентября в 18:00 в KC Grad (Савамала). Вход свободный, приветствуется добровольный взнос.","Language Café Belgrade: conversation tables in 10 to 20 languages with native speakers, one table per language. 8 and 22 September at 18:00 at KC Grad in Savamala. Free entry, a voluntary donation is welcome.","Language Café Belgrade: stolovi za razgovor na 10 do 20 jezika sa izvornim govornicima, jedan sto za jedan jezik. 8. i 22. septembra u 18.00 u KC Gradu u Savamali. Ulaz je slobodan, dobrovoljni prilog je dobrodošao.","Сколько языков можно услышать за один вечер в Савамале? В **Language Café Belgrade** обычно от десяти до двадцати. Формат простой: в зале KC Grad расставлены столы, у каждого табличка с языком, за столом сидит носитель или тот, кто говорит свободно. Садитесь, куда хотите, и разговариваете; надоело или устали, пересаживаетесь за другой стол.

Встречи идут с 2016 года каждый второй вторник и стали одним из постоянных программ KC Grad. Среди языков, которые здесь появляются регулярно: сербский, английский, русский, немецкий, испанский, французский, греческий, китайский, албанский, шведский, нидерландский. Набор столов зависит от того, кто пришёл: организаторы приглашают носителей вести свой стол.

Учебников и заданий нет, это не курс, а практика разговора и способ познакомиться с людьми, живущими в Белграде. Новичкам без уровня тоже можно: за столом сербского часто сидят те, кто только начал.

Вход свободный, приветствуется добровольный взнос организаторам.

Организатор: Language Café Belgrade.","How many languages can you hear in one evening in Savamala? At **Language Café Belgrade** the usual answer is between ten and twenty. The format is simple: tables are set out in the KC Grad hall, each with a sign naming a language, and at each one sits a native or fluent speaker. You sit wherever you like and talk; when you have had enough, you move to another table.

The meetings have been running since 2016, every second Tuesday, and are one of KC Grad's regular programmes. Languages that come up regularly include Serbian, English, Russian, German, Spanish, French, Greek, Chinese, Albanian, Swedish and Dutch. The actual set of tables depends on who turns up: the organisers invite native speakers to host a table of their own.

There are no textbooks or exercises. This is not a course but conversation practice and a way to meet people who live in Belgrade. Beginners are welcome too: the Serbian table often has people who have only just started.

Entry is free; a voluntary donation to the organisers is welcome.

Organiser: Language Café Belgrade.","Koliko jezika može da se čuje za jedno veče u Savamali? U **Language Café Belgrade** obično između deset i dvadeset. Format je jednostavan: u sali KC Grada raspoređeni su stolovi, na svakom je tablica sa nazivom jezika, a za stolom sedi izvorni govornik ili neko ko jezik tečno govori. Sednete gde želite i pričate; kad vam dosadi, pređete za drugi sto.

Susreti traju od 2016. godine, svakog drugog utorka, i spadaju u stalne programe KC Grada. Jezici koji se redovno pojavljuju: srpski, engleski, ruski, nemački, španski, francuski, grčki, kineski, albanski, švedski, holandski. Koji će stolovi biti postavljeni zavisi od toga ko dođe: organizatori pozivaju izvorne govornike da vode svoj sto.

Nema udžbenika ni zadataka, ovo nije kurs nego vežba razgovora i način da upoznate ljude koji žive u Beogradu. Dobrodošli su i početnici: za srpskim stolom često sede oni koji su tek počeli da uče.

Ulaz je slobodan, dobrovoljni prilog organizatorima je dobrodošao.

Organizator: Language Café Belgrade.",18:00,0,KC Grad,"Braće Krsmanović 4, Beograd","44.814317,20.450415",https://kcgrad.rs/calendar/#2026-09-08-language-caf,kcgrad.rs,https://kcgrad.rs/calendar/#2026-09-08-language-caf,Language Café Belgrade,https://www.facebook.com/LanguageCafeBeograd/,,,,,,"языки, разговорный клуб, Language Café, KC Grad, Савамала","languages, conversation club, Language Café, KC Grad, Savamala","jezici, konverzacija, Language Café, KC Grad, Savamala"
9/8/2026,9/8/2026,9/5/2026,1160,Organization,Trivia Sphere,https://www.meetup.com/trivia-sphere-quiz-nights/,,SocialEvent,International Quiz Night от Trivia Sphere в Harat's Irish Pub BW,International Quiz Night by Trivia Sphere at Harat's Irish Pub BW,International Quiz Night uz Trivia Sphere u Harat's Irish Pub BW,https://raw.githubusercontent.com/newsgl/arsposters/main/1160-InternationalQuizNightby.webp,,Games,"Паб-квиз на английском от Trivia Sphere: 10 раундов, 50 вопросов на общую эрудицию, команды от 2 до 6 человек, одиночек подсаживают к другим. 8 сентября в 19:30 в Harat's Irish Pub в Белград-на-воде, взнос 500 динаров с человека. На английском языке.","An English-language pub quiz by Trivia Sphere: 10 rounds, 50 general knowledge questions, teams of 2 to 6, solo players get paired up. 8 September at 19:30 at Harat's Irish Pub in Belgrade Waterfront, entry 500 dinars per person. In English.","Pab kviz na engleskom u organizaciji Trivia Sphere: 10 rundi, 50 pitanja iz opšte kulture, ekipe od 2 do 6 igrača, a solo igrači dobijaju tim na licu mesta. 8. septembra u 19.30 u Harat's Irish Pub na Beogradu na vodi, kotizacija 500 dinara po osobi. Na engleskom jeziku.","Вторник, ирландский паб в Белград-на-воде и пятьдесят вопросов, над которыми можно спорить всей командой. **Trivia Sphere** проводит квиз на общую эрудицию: 10 категорий по 5 вопросов, от географии и музыки до поп-культуры и всего, что между ними. Цель одна: выяснить, чья команда знает больше.

Играют на **английском**, так что это удобный формат для интернациональной компании и для тех, кто хочет познакомиться с новыми людьми в городе. Команда от 2 до 6 человек. Если своей команды нет, можно записаться одному: организаторы подсадят к другим игрокам. Победителям достаются медали и сладкие призы, остальным, по словам организаторов, атмосфера квизового вечера, после которого хочется вернуться.

Запись команды через Meetup, в директ Instagram организаторов или по WhatsApp/SMS +381 63 867 5162. Ориентировочная длительность два часа.

Цена: 500 динаров с человека.

Организатор: Trivia Sphere.","A Tuesday night, an Irish pub in Belgrade Waterfront and fifty questions to argue over with your team. **Trivia Sphere** runs a general knowledge quiz: 10 categories with 5 questions each, covering geography, music, pop culture and everything in between. The aim is simple: find out which team knows the most.

The quiz is in **English**, which makes it a good fit for mixed groups and for newcomers looking to meet people in the city. Teams have 2 to 6 players. No team? Sign up solo and the organisers will pair you with other players. Winners get medals and sweet prizes; everyone else gets, in the organisers' words, the kind of quiz-night energy that makes you come back.

Register your team via Meetup, Instagram DM or WhatsApp/SMS at +381 63 867 5162. Expect about two hours.

Price: 500 dinars per person.

Organiser: Trivia Sphere.","Utorak uveče, irski pab na Beogradu na vodi i pedeset pitanja oko kojih se cela ekipa može raspravljati. **Trivia Sphere** organizuje kviz opšte kulture: 10 kategorija po 5 pitanja, od geografije i muzike do pop kulture i svega između. Cilj je jednostavan: videti koja ekipa zna najviše.

Kviz je na **engleskom**, pa odgovara mešovitim društvima i onima koji tek upoznaju grad i ljude u njemu. Ekipe broje od 2 do 6 igrača. Ako nemate ekipu, prijavite se sami, organizatori će vas spojiti sa drugim igračima. Pobednike čekaju medalje i slatke nagrade, a ostale, kako kažu organizatori, atmosfera kviz večeri zbog koje se vraća.

Prijava ekipe preko Meetupa, u Instagram poruci organizatora ili putem WhatsApp/SMS na +381 63 867 5162. Računajte na oko dva sata.

Cena: 500 dinara po osobi.

Organizator: Trivia Sphere.",19:30,500,Harat's Irish Pub BW,"Bulevar Vudroa Vilsona 10A, Beograd na vodi, Beograd","44.804641,20.450207",https://www.meetup.com/trivia-sphere-quiz-nights/events/316369068/,meetup.com,https://www.meetup.com/trivia-sphere-quiz-nights/events/316369068/,Trivia Sphere,https://www.meetup.com/trivia-sphere-quiz-nights/,,,,,,"квиз, паб, на английском, Белград-на-воде, Trivia Sphere","quiz, pub, in English, Belgrade Waterfront, Trivia Sphere","kviz, pab, na engleskom, Beograd na vodi, Trivia Sphere"
9/8/2026,9/8/2026,9/5/2026,1161,Person,Anton Markoč,,,EducationEvent,Вопль не есть возражение: лекция Антона Маркоча о контрактуализме в IFDT,A Cry Is Not an Objection: Anton Markoč on Contractualism at IFDT,Vapaj nije prigovor: predavanje Antona Markoča o kontraktualizmu u IFDT,https://raw.githubusercontent.com/newsgl/arsposters/main/1161-ACryIsNotanObjectionAnto.webp,,Lectures,"Философ Антон Маркоч (Институт перспективных исследований Университета Черногории) разбирает контрактуализм Т. М. Скэнлона с позиции жертв угнетения. 8 сентября в 12:00 в Институте философии и общественной теории, Kraljice Natalije 45. Вход свободный. На сербском языке.","Philosopher Anton Markoč (Institute for Advanced Studies, University of Montenegro) examines T. M. Scanlon's contractualism from the standpoint of victims of oppression. 8 September at 12:00 at the Institute for Philosophy and Social Theory, Kraljice Natalije 45. Free entry. In Serbian.","Filozof Anton Markoč (Institut za napredne studije Univerziteta Crne Gore) čita kontraktualizam T. M. Skenlona iz ugla žrtava potčinjavanja i ugnjetavanja. Predavanje je 8. septembra u 12.00 u Institutu za filozofiju i društvenu teoriju, Kraljice Natalije 45. Ulaz je slobodan.","Может ли моральная теория, построенная на идее взаимного оправдания, объяснить, что происходит с жертвой насилия? **Антон Маркоч** считает, что контрактуализм Т. М. Скэнлона с этим не справляется, и в лекции объясняет почему.

У Скэнлона поступок неправилен, если его нельзя оправдать перед каждым, кого он затрагивает, а сила возражений сравнивается и взвешивается. Маркоч, опираясь на замечания Симоны Вейль к теориям прав, показывает: такая квази-юридическая рамка ставит жертву и преступника в положение равных «заявителей» и скрывает асимметрию власти между ними. Пережитое страдание жертвы и искреннее раскаяние обидчика в эту схему не помещаются, потому что некоторые моральные опыты не поддаются взвешиванию и сравнению.

В финале лектор ставит под вопрос монистическое понимание морали, основанное на одной ценности оправдываемости, и предлагает плюралистический взгляд, учитывающий разнообразие морального опыта.

**Антон Маркоч**: научный сотрудник Института перспективных исследований Университета Черногории, доктор философии Центрально-Европейского университета, работал как исследователь в Гарварде под руководством Скэнлона. Переводчик и редактор сербского издания «Морального контрактуализма» Скэнлона и Парфита.

Лекцию проводит лаборатория CriticLab, ведётся запись для YouTube-канала института «Angažovana misao». Вход свободный.

Организатор: Институт философии и общественной теории Белградского университета.","Can a moral theory built on mutual justification account for what happens to a victim of violence? **Anton Markoč** argues that T. M. Scanlon's contractualism cannot, and this lecture explains why.

For Scanlon, an act is wrong if it cannot be justified to everyone it affects, and the strength of competing objections is compared and weighed. Drawing on Simone Weil's remarks on theories of rights, Markoč shows that this quasi-legal framework treats victim and perpetrator as equally placed claimants and so conceals the asymmetry of power between them. The lived suffering of the victim and the sincere remorse of the oppressor do not fit the scheme, because some moral experiences resist weighing and comparison.

The lecture closes by questioning a monistic view of morality based on the single value of justifiability and proposing a pluralistic one that respects the diversity of moral experience.

**Anton Markoč** is a research fellow at the Institute for Advanced Studies, University of Montenegro. He holds a PhD in philosophy from Central European University and worked as a visiting researcher at Harvard under Scanlon himself. He translated and edited the Serbian edition of Scanlon and Parfit's Moral Contractualism.

The lecture is hosted by the CriticLab laboratory and recorded for the institute's YouTube channel Angažovana misao. Free entry.

Organiser: Institute for Philosophy and Social Theory, University of Belgrade.","Može li moralna teorija zasnovana na ideji međusobnog opravdanja da objasni šta se dešava žrtvi nasilja? **Anton Markoč** tvrdi da kontraktualizam T. M. Skenlona to ne može, a na predavanju objašnjava zašto.

Kod Skenlona je postupak pogrešan ako se ne može opravdati pred svakim koga pogađa, a težina prigovora se upoređuje i meri. Nadovezujući se na primedbe Simon Vej teorijama prava, Markoč pokazuje da ovakav kvazi-pravni okvir stavlja žrtvu i zločinca u položaj ravnopravnih „tražitelja” i tako prikriva asimetriju moći među njima. Proživljena patnja žrtve i iskreno kajanje tlačitelja ne uklapaju se u tu šemu, jer se pojedina moralna iskustva opiru vaganju i upoređivanju.

Na kraju se dovodi u pitanje monističko shvatanje morala zasnovano na jednoj vrednosti, opravdivosti, i zagovara pluralističko koje bi uvažilo različitost moralnog iskustva.

**Anton Markoč** je naučni saradnik Instituta za napredne studije Univerziteta Crne Gore. Doktorirao je filozofiju na Centralnoevropskom univerzitetu, a kao istraživač boravio je na Harvardu pod mentorstvom samog Skenlona. Preveo je i priredio Moralni kontraktualizam Skenlona i Parfita.

Predavanje organizuje laboratorija CriticLab, a snima se za Jutjub kanal instituta „Angažovana misao”. Ulaz je slobodan.

Organizator: Institut za filozofiju i društvenu teoriju Univerziteta u Beogradu.",12:00,0,Institut za filozofiju i društvenu teoriju,"Kraljice Natalije 45, Beograd","44.808120,20.462218",https://ifdt.bg.ac.rs/events/predavanje-vapaj-nije-prigovor-o-kvazi-pravnom-karakteru-kontraktualizma-criticlab/,ifdt.bg.ac.rs,https://ifdt.bg.ac.rs/events/predavanje-vapaj-nije-prigovor-o-kvazi-pravnom-karakteru-kontraktualizma-criticlab/,Institut za filozofiju i društvenu teoriju Univerziteta u Beogradu,https://ifdt.bg.ac.rs/,,,,,,"лекция, философия, этика, IFDT, бесплатно","lecture, philosophy, ethics, IFDT, free","predavanje, filozofija, etika, IFDT, besplatno"
9/8/2026,9/8/2026,9/5/2026,1162,Organization,Dom omladine Beograda,https://domomladine.org/,,EducationEvent,"Трибуна «ИИ и мы: культура, литература и общество в цифровую эпоху» в Доме молодёжи Белграда","AI & Us: Culture, Literature and Society in the Digital Age, Panel at Dom omladine Beograda","Tribina „VI & Mi: kultura, književnost i društvo u digitalnoj epohi“ u Domu omladine Beograda",https://raw.githubusercontent.com/newsgl/arsposters/main/1162-AIUsCultureLiteratureand.webp,,Lectures,"Два доклада и панельная дискуссия о том, что искусственный интеллект делает с чтением, литературой и преподаванием: профессора Милена Шкобо и Майя Чук, детская писательница Ясминка Петрович, исследовательница Елена Гуга и другие. Цикл «Границы и возможности: ИИ в образовании, культуре и обществе». 8 сентября в 19:00 в зале Americana Дома молодёжи, вход свободный. На сербском языке.","Two talks and a panel on what artificial intelligence is doing to reading, literature and teaching: professors Milena Škobo and Maja Ćuk, children's author Jasminka Petrović, researcher Jelena Guga and others. Part of the series Limits and Possibilities: AI in Education, Culture and Society. 8 September at 19:00 in the Amerikana hall of Dom omladine Beograda, free entry. In Serbian.","Dva izlaganja i panel o tome šta veštačka inteligencija radi čitanju, književnosti i nastavi: profesorke Milena Škobo i Maja Ćuk, književnica Jasminka Petrović, istraživačica Jelena Guga i drugi. Ciklus „Granice i mogućnosti: veštačka inteligencija u obrazovanju, kulturi i društvu“. 8. septembra u 19.00 u sali Amerikana Doma omladine Beograda, ulaz slobodan.","Когда алгоритмы подбирают, что нам читать, а иногда и дописывают за нас, что остаётся от чтения как привычки? Этот вечер в Доме молодёжи Белграда открывает цикл трибун **«Границы и возможности: искусственный интеллект в образовании, культуре и обществе»**, который DOB ведёт в 2026 году вместе с преподавателями, исследователями и людьми из медиа и технологий.

Программа из трёх частей.

Проф. д-р **Милена Шкобо** говорит о литературе и культуре в эпоху ИИ: как машины меняют процесс письма, как читатель выбирает и запоминает тексты, какие возможности инструменты ИИ дают для сохранения и доступности литературного наследия и как пользоваться ими, не отказываясь от самостоятельного мышления.

Проф. д-р **Майя Чук** (Факультет иностранных языков Alfa BK Университета) показывает, что происходит, когда студенты становятся соавторами вместе с ИИ: на её курсах авторские радиопьесы студентов превращались в короткие фильмы и аудиовизуальные перформансы Modern Witch и «Язык любви».

Панельная дискуссия «Литература, кино и творчество в эпоху ИИ: что остаётся человеческим?» собирает детскую писательницу **Ясминку Петрович**, д-ра Елену Гугу (Лаборатория цифрового общества Института философии и общественной теории), литературоведа проф. Светлану Томич и маркетолога и филолога Марко Ковачевича. Модерирует Майя Чук. Отдельная тема: что может побудить детей и подростков читать и станет ли ИИ здесь помехой или союзником.

Вход свободный.

Организатор: Дом молодёжи Белграда.","When algorithms pick what we read and sometimes finish the writing for us, what is left of reading as a habit? This evening at Dom omladine Beograda opens the discussion series **Limits and Possibilities: Artificial Intelligence in Education, Culture and Society**, which DOB is running through 2026 with teachers, researchers and people from media and technology.

The programme has three parts.

Prof. **Milena Škobo** speaks on literature and culture in the age of AI: how machines change the writing process, how readers choose and remember texts, what AI tools can do for preserving and opening up literary heritage, and how to use them without giving up independent thinking.

Prof. **Maja Ćuk** (Faculty of Foreign Languages, Alfa BK University) shows what happens when students become co-creators with AI: on her literature courses, students' own radio plays were turned into short films and the audiovisual performances Modern Witch and The Language of Love.

The panel Literature, Film and Creativity in the Age of AI: What Remains Human? brings together children's author **Jasminka Petrović**, Dr Jelena Guga (Digital Society Lab, Institute for Philosophy and Social Theory), literary scholar Prof. Svetlana Tomić and marketing director and philologist Marko Kovačević, moderated by Maja Ćuk. A separate thread: what can get children and teenagers reading, and whether AI is an obstacle or an ally there.

Free entry. The event is in Serbian.

Organiser: Dom omladine Beograda.","Kada algoritmi biraju šta čitamo, a ponekad i dopisuju umesto nas, šta ostaje od čitanja kao navike? Ovo veče u Domu omladine Beograda otvara ciklus tribina **„Granice i mogućnosti: veštačka inteligencija u obrazovanju, kulturi i društvu“**, koji DOB tokom 2026. vodi sa nastavnicima, istraživačima i ljudima iz medija i tehnologije.

Program ima tri dela.

Prof. dr **Milena Škobo** govori o književnosti i kulturi u doba VI: kako mašine menjaju proces pisanja, kako publika bira i pamti tekstove, šta alati VI mogu da urade za očuvanje i dostupnost književnog nasleđa i kako ih koristiti bez odricanja od samostalnog mišljenja.

Prof. dr **Maja Ćuk** (Fakultet za strane jezike Alfa BK Univerziteta) pokazuje šta se dešava kada studenti postanu ko-kreatori zajedno sa VI: na njenim kursevima autorske radio-drame studenata pretvorene su u kratke filmove i audio-vizuelne performanse „Modern Witch“ i „Jezik ljubavi“.

Panel „Književnost, film i stvaralaštvo u doba VI: šta ostaje ljudsko?“ okuplja književnicu za decu **Jasminku Petrović**, dr Jelenu Gugu (Laboratorija za digitalno društvo IFDT), teoretičarku književnosti prof. dr Svetlanu Tomić i filologa i direktora marketinga Marka Kovačevića, a moderira Maja Ćuk. Posebna tema: šta može da podstakne decu i mlade da čitaju i da li je VI tu prepreka ili saveznik.

Ulaz je slobodan.

Organizator: Dom omladine Beograda.",19:00,0,Dom omladine Beograda,"Makedonska 22, Beograd","44.815407,20.462793",https://domomladine.org/debate/tribina-vi-mi-kultura-knjizevnost-i-drustvo-u-digitalnoj-epohi/,domomladine.org,https://domomladine.org/debate/tribina-vi-mi-kultura-knjizevnost-i-drustvo-u-digitalnoj-epohi/,Dom omladine Beograda,https://domomladine.org/,,,,,,"искусственный интеллект, литература, дискуссия, образование, Дом молодёжи","artificial intelligence, literature, panel discussion, education, Dom omladine","veštačka inteligencija, književnost, tribina, obrazovanje, Dom omladine"
9/8/2026,9/8/2026,9/5/2026,1163,Organization,Biblioteka grada Beograda,https://bgb.rs/,,EducationEvent,Вечер памяти фотографа и писателя Божидара Витаса в библиотеке «Бранко Милькович»,Poetry Evening in Memory of Photographer and Writer Božidar Vitas at the Branko Miljković Library,"Poetsko veče „Sećanje na Božidara Vitasa, fotografa i književnika“ u Biblioteci „Branko Miljković“",https://raw.githubusercontent.com/newsgl/arsposters/main/1163-PoetryEveninginMemoryofP.webp,,Lectures,"Поэтический вечер памяти Божидара Витаса, фотографа и литератора, в звездарском филиале Библиотеки Белграда. Участвуют Томка Витас, Снежана Хамзич, Драгица Ужарева, Божидар Пешев и Живко Николич. 8 сентября в 17:30, вход свободный. На сербском языке.","A poetry evening in memory of Božidar Vitas, photographer and writer, at the Zvezdara branch of the Belgrade City Library. With Tomka Vitas, Snežana Hamzić, Dragica Užareva, Božidar Pešev and Živko Nikolić. 8 September at 17:30, free entry. In Serbian.","Poetsko veče posvećeno sećanju na Božidara Vitasa, fotografa i književnika, u zvezdarskom ogranku Biblioteke grada Beograda. Učestvuju Tomka Vitas, Snežana Hamzić, Dragica Užareva, Božidar Pešev i Živko Nikolić. 8. septembra u 17.30, ulaz slobodan.","Библиотека «Бранко Милькович» на Звездаре собирает друзей и коллег **Божидара Витаса**, фотографа и литератора, на вечер его памяти.

Витас известен прежде всего как фотограф православных храмов и монастырей: первый снимок, колокольню Соборной церкви в Сремских Карловцах, он сделал ещё в 1960 году, а потом десятилетиями снимал церкви, монастыри и портреты монахов и монахинь. Серия его работ посвящена Хиландару, куда он ездил много лет. В 2015 году персональная выставка «Духовные горизонты» из 54 фотографий сербских монастырей и церквей прошла в культурном центре «4 октября» в Брестоваце.

На вечере выступают **Томка Витас**, Снежана Хамзич, поэтесса Драгица Ужарева, писатель **Божидар Пешев** и Живко Николич. Формат поэтический: стихи, воспоминания, разговор о человеке и его работах.

Вход свободный.

Организатор: Библиотека города Белграда.","The Branko Miljković Library in Zvezdara brings together friends and colleagues of **Božidar Vitas**, photographer and writer, for an evening in his memory.

Vitas is known above all as a photographer of Orthodox churches and monasteries. He took his first picture, the bell tower of the Cathedral Church in Sremski Karlovci, back in 1960 and spent the following decades photographing churches, monasteries and portraits of monks and nuns. A separate body of work is devoted to the Hilandar monastery on Mount Athos, which he visited for many years. In 2015 his solo exhibition Spiritual Horizons, 54 photographs of Serbian monasteries and churches, was shown at the 4. oktobar cultural centre in Brestovac.

Taking part in the evening are **Tomka Vitas**, Snežana Hamzić, poet Dragica Užareva, writer **Božidar Pešev** and Živko Nikolić. The format is a poetry evening: verse, memories and conversation about the man and his work.

Free entry. The evening is held in Serbian.

Organiser: Belgrade City Library.","Biblioteka „Branko Miljković“ na Zvezdari okuplja prijatelje i saradnike **Božidara Vitasa**, fotografa i književnika, na večeri sećanja.

Vitas je poznat pre svega kao fotograf pravoslavnih crkava i manastira. Prvu fotografiju, toranj Saborne crkve u Sremskim Karlovcima, snimio je još 1960. godine, a potom je decenijama beležio crkve, manastire i portrete monaha i monahinja. Poseban ciklus posvetio je Hilandaru, u koji je odlazio godinama. Godine 2015. njegova samostalna izložba „Duhovni horizonti“, 54 fotografije srpskih manastira i crkava, prikazana je u Kulturnom centru „4. oktobar“ u Brestovcu.

Na večeri učestvuju **Tomka Vitas**, Snežana Hamzić, pesnikinja Dragica Užareva, književnik **Božidar Pešev** i Živko Nikolić. Program je poetski: stihovi, sećanja i razgovor o čoveku i njegovom delu.

Ulaz je slobodan.

Organizator: Biblioteka grada Beograda.",17:30,0,Biblioteka „Branko Miljković“ (BGB),"Bulevar kralja Aleksandra 298, Beograd","44.795797,20.497838",https://bgb.rs/dogadjaji/#event_7319,bgb.rs,https://bgb.rs/dogadjaji/#event_7319,Biblioteka grada Beograda,https://bgb.rs/,,,,,,"поэзия, фотография, вечер памяти, библиотека, Звездара","poetry, photography, memorial evening, library, Zvezdara","poezija, fotografija, veče sećanja, biblioteka, Zvezdara"
9/8/2026,11/3/2026,9/5/2026,1164,Organization,Muzej Jugoslavije,https://muzej-jugoslavije.org/,,EducationEvent,Разговоры о Югославии: цикл дискуссий к выставке «Свобода для нас мечта» в Музее Югославии,Conversations about Yugoslavia: Talks Accompanying the Exhibition Freedom Is a Dream for Us at the Museum of Yugoslavia,Razgovori o Jugoslaviji: ciklus razgovora uz izložbu „Sloboda je za nas san“ u Muzeju Jugoslavije,https://raw.githubusercontent.com/newsgl/arsposters/main/1164-ConversationsaboutYugosl.webp,,Lectures,"Пять разговоров с музейщиками, историками и литературоведами о том, как хранить и показывать предметы из лагерей Второй мировой и как складывается память о них: 8 и 22 сентября, 6 и 20 октября и 3 ноября, по вторникам в 18:00 в кинозале Музея Югославии. Вход свободный. На сербском языке.","Five conversations with museum professionals, historians and literary scholars on how to preserve and display objects from Second World War camps and how memory of them takes shape: 8 and 22 September, 6 and 20 October and 3 November, Tuesdays at 18:00 in the cinema hall of the Museum of Yugoslavia. Free entry. In Serbian.","Pet razgovora sa muzealcima, istoričarima i proučavaocima književnosti o tome kako se čuvaju i izlažu predmeti iz logora Drugog svetskog rata i kako nastaje sećanje na njih: 8. i 22. septembra, 6. i 20. oktobra i 3. novembra, utorkom u 18.00 u Bioskopskoj sali Muzeja Jugoslavije. Ulaz slobodan.","Можно ли выставлять обувь повешенных на Теразиях так, чтобы это не превратилось в сенсацию? С этого вопроса начинается цикл **«Разговоры о Югославии»**, сопровождающий выставку **«Свобода для нас мечта: о заточении, страдании и сопротивлении»** в Музее Югославии. Выставка о лагерях и плене Второй мировой открылась в апреле 2026 года; её кураторы Ана Панич, Веселинка Кастратович Ристич и Душица Стоянович ведут и разговоры.

Пять встреч, каждая в кинозале музея.

**Как выставлять предметы погибших: этика, кураторство, консервация.** Татьяна Неделькович и Александар Бандович (Народный музей Сербии), проф. Симона Чупич (философский факультет). Отдельно о недавно отреставрированной обуви повешенных на Теразиях, которая теперь в экспозиции.

**Музеефикация материалов из лагерей как свидетельств страдания, заточения и сопротивления.** Вана Гович Маркович («Липа памти»), Драгана Гарич Йовичич (Музей Воеводины), Никола Миликич (Исторический музей Сербии): о «трудном наследии» и роли музеев в памяти о жертвах.

**Показ документального фильма «Путешествие» и разговор.** Режиссёр Александра Митрич сняла, как её двенадцатилетний сын читает мемуары прабабушки, партизанки Милки Меняк Штифанич, доставленной в Аушвиц первым транспортом; её письмо с рисунком есть на выставке. С Митрич говорит Саня Петрович Тодосиевич (Институт новейшей истории Сербии).

**Как мы помним Баницу?** Первая серия телесериала «Баница» и разговор о памяти о белградском лагере с Гораном Антоничем (Музей города Белграда), Раде Ристановичем и Радосавом Туцовичем (Институт современной истории) и Исидорой Стоянович Теодосич (Исторический архив Белграда). Остальные серии показывают в музее в течение следующих дней.

**Лагеря в литературе.** Станислава Барач и Жарка Свирчев (Институт литературы и искусства) о том, как (пост)югославская проза о лагерях формирует коллективную память.

Вход свободный.

Организатор: Музей Югославии.","Can the shoes of people hanged on Terazije be displayed without turning them into a spectacle? That question opens **Conversations about Yugoslavia**, the talk series accompanying the exhibition **Freedom Is a Dream for Us: On Captivity, Suffering and Resistance** at the Museum of Yugoslavia. The exhibition on Second World War camps and captivity opened in April 2026; its curators Ana Panić, Veselinka Kastratović Ristić and Dušica Stojanović also moderate the talks.

Five sessions, all in the museum's cinema hall.

**Displaying objects of those who perished: ethics, curating, conservation.** Tatjana Nedeljković and Aleksandar Bandović (National Museum of Serbia) and Prof. Simona Čupić (Faculty of Philosophy). Part of the talk concerns the recently conserved shoes of those hanged on Terazije, now in the exhibition.

**Musealising camp materials as witnesses of suffering, captivity and resistance.** Vana Gović Marković (Lipa pamti), Dragana Garić Jovičić (Museum of Vojvodina) and Nikola Milikić (Historical Museum of Serbia) on difficult heritage and the role of museums in remembering the victims.

**Screening of the documentary Putovanje (The Journey) and discussion.** Director Aleksandra Mitrić filmed her twelve-year-old son reading the memoirs of his great-grandmother, partisan Milka Menjak Štifanić, who arrived in Auschwitz on the first transport; her letter with a drawing is in the exhibition. Mitrić is joined by Sanja Petrović Todosijević (Institute for Recent History of Serbia).

**How do we remember Banjica?** The first episode of the TV series Banjica, followed by a conversation on memory of the Belgrade camp with Goran Antonić (Belgrade City Museum), Rade Ristanović and Radosav Tucović (Institute for Contemporary History) and Isidora Stojanović Teodosić (Historical Archives of Belgrade). The remaining episodes are screened at the museum over the following days.

**Camps in literature.** Stanislava Barać and Žarka Svirčev (Institute for Literature and Art) on how (post-)Yugoslav writing about the camps shapes collective memory.

Free entry. The talks are in Serbian.

Organiser: Museum of Yugoslavia.","Mogu li se cipele obešenih na Terazijama izložiti a da to ne postane senzacija? Tim pitanjem počinje ciklus **„Razgovori o Jugoslaviji“**, prateći program izložbe **„Sloboda je za nas san: o zatočeništvu, stradanju i otporu“** u Muzeju Jugoslavije. Izložba o logorima i zarobljeništvu u Drugom svetskom ratu otvorena je u aprilu 2026; njene autorke Ana Panić, Veselinka Kastratović Ristić i Dušica Stojanović moderiraju i razgovore.

Pet susreta, svi u Bioskopskoj sali muzeja.

**Izlaganje predmeta stradalih: etički, kustoski i konzervatorski ugao.** Tatjana Nedeljković i Aleksandar Bandović (Narodni muzej Srbije) i prof. dr Simona Čupić (Filozofski fakultet). Deo razgovora posvećen je nedavno konzerviranim cipelama obešenih na Terazijama, koje su sada u postavci.

**Muzealizacija građe iz logora kao svedoka stradanja, zatočeništva i otpora.** Vana Gović Marković („Lipa pamti“), Dragana Garić Jovičić (Muzej Vojvodine) i Nikola Milikić (Istorijski muzej Srbije) o tegobnom nasleđu i ulozi muzeja u negovanju sećanja na žrtve.

**Projekcija dokumentarnog filma „Putovanje“ i razgovor.** Rediteljka Aleksandra Mitrić snimila je kako se njen dvanaestogodišnji sin suočava sa memoarima prabake, partizanke Milke Menjak Štifanić, koja je prvim transportom stigla u Aušvic; njeno pismo sa crtežom deo je postavke. Sa Mitrić razgovara Sanja Petrović Todosijević (Institut za noviju istoriju Srbije).

**Kako se sećamo Banjice?** Prva epizoda TV serije „Banjica“ i razgovor o kulturi sećanja na beogradski logor sa Goranom Antonićem (Muzej grada Beograda), Radetom Ristanovićem i Radosavom Tucovićem (Institut za savremenu istoriju) i Isidorom Stojanović Teodosić (Istorijski arhiv Beograda). Ostatak serijala prikazuje se u muzeju narednih dana.

**Logori u književnosti.** Stanislava Barać i Žarka Svirčev (Institut za književnost i umetnost) o tome kako (post)jugoslovenska proza o logorima oblikuje kolektivno sećanje.

Ulaz je slobodan.

Organizator: Muzej Jugoslavije.",18:00,0,Muzej Jugoslavije,"Mihaila Mike Jankovića 6, 11000 Beograd","44.788020,20.452314",https://muzej-jugoslavije.org/program/razgovori-o-jugoslaviji-ciklus-pratecih-razgovora-izlozbe-sloboda-je-za-nas-san/,muzej-jugoslavije.org,https://muzej-jugoslavije.org/program/razgovori-o-jugoslaviji-ciklus-pratecih-razgovora-izlozbe-sloboda-je-za-nas-san/,Muzej Jugoslavije,https://muzej-jugoslavije.org/,,,,,,"история, Вторая мировая, музей, дискуссия, память","history, Second World War, museum, panel discussion, memory","istorija, Drugi svetski rat, muzej, razgovor, sećanje"
9/9/2026,9/9/2026,9/5/2026,1165,Organization,1by1.party,https://www.instagram.com/1by1.party/,,MusicEvent,Charli XCX Theme Party от 1by1.party в KC Grad,Charli XCX Theme Party by 1by1.party at KC Grad,Charli XCX Theme Party by 1by1.party u KC Gradu,https://raw.githubusercontent.com/newsgl/arsposters/main/1165-CharliXCXThemePartyby1by.webp,,Concerts,"Тематическая вечеринка 1by1.party: весь вечер только Charli XCX, от ранних синглов до Brat, в диджейском сете. 9 сентября в 20:00 в KC Grad (Савамала). Цена входа не объявлена.","A 1by1.party theme night: Charli XCX all evening long, from the early singles to Brat, in a DJ set. 9 September at 20:00 at KC Grad in Savamala. Entry price not announced.","Tematska žurka 1by1.party: cele večeri samo Charli XCX, od ranih singlova do albuma Brat, u DJ setu. 9. septembra u 20.00 u KC Gradu u Savamali. Cena ulaza nije objavljena.","Белградская команда **1by1.party** («Jedna po jedna», буквально «одна за одной») устраивает вечеринки по простому принципу: один вечер, один артист. Диджей играет только его треки, ремиксы и фиты, а публика подпевает всё подряд. В этой серии в KC Grad уже были вечера Арианы Гранде, Pitbull и Inna, дальше обещают Лану Дель Рей.

Героиня этого вечера **Charli XCX**: британская певица, которая начинала с клубного электропопа и синглов вроде Boom Clap и I Love It, а летом 2024 года выпустила альбом Brat, ставший главным поп-релизом сезона и превратившим кислотно-зелёный цвет в отдельный мем. Ждите Brat целиком, старые хиты и ремиксы.

Площадка: KC Grad, бывший склад на набережной Савы, один из первых культурных центров Савамалы. Вечеринка идёт на первом этаже, в баре можно передохнуть.

Организатор: 1by1.party.","The Belgrade crew **1by1.party** (in Serbian ""Jedna po jedna"", literally ""one by one"") runs its nights on a simple rule: one evening, one artist. The DJ plays only that artist's tracks, remixes and features, and the crowd sings along to everything. Earlier nights in this series at KC Grad were devoted to Ariana Grande and to Pitbull and Inna; a Lana Del Rey night is announced next.

This time it is **Charli XCX**: the British singer who started out in club electropop with singles like Boom Clap and I Love It, and in summer 2024 released Brat, the pop record of that season, the one that turned a shade of acid green into a meme. Expect Brat in full, the older hits and the remixes.

The venue is KC Grad, a former warehouse on the Sava riverbank and one of the first cultural centres in Savamala. The party takes the ground floor, with the bar for a breather.

Organiser: 1by1.party.","Beogradska ekipa **1by1.party** (Jedna po jedna) pravi žurke po jednostavnom principu: jedno veče, jedan izvođač. DJ pušta samo njegove pesme, remikse i saradnje, a publika peva sve redom. U ovoj seriji u KC Gradu već su bile večeri posvećene Ariani Grande i dvojcu Pitbull i Inna, a najavljena je i Lana Del Rey.

Ovog puta na redu je **Charli XCX**: britanska pevačica koja je krenula iz klupskog elektropopa sa singlovima Boom Clap i I Love It, a leta 2024. objavila album Brat, pop ploču te sezone koja je jednu nijansu kiselo-zelene pretvorila u mim. Očekujte ceo Brat, starije hitove i remikse.

Mesto je KC Grad, nekadašnji magacin na obali Save i jedan od prvih kulturnih centara Savamale. Žurka je u prizemlju, a bar je tu za predah.

Organizator: 1by1.party.",20:00,,KC Grad,"Braće Krsmanović 4, Beograd","44.814317,20.450415",https://kcgrad.rs/calendar/#2026-09-09-charlie-xcx-theme-party-by-1by1-party,kcgrad.rs,https://kcgrad.rs/calendar/#2026-09-09-charlie-xcx-theme-party-by-1by1-party,1by1.party,https://www.instagram.com/1by1.party/,,,,,,"вечеринка, Charli XCX, DJ-сет, 1by1.party, KC Grad","party, Charli XCX, DJ set, 1by1.party, KC Grad","žurka, Charli XCX, DJ set, 1by1.party, KC Grad"
9/9/2026,9/9/2026,9/5/2026,1166,Organization,Institut za filozofiju i društvenu teoriju,https://ifdt.bg.ac.rs/,,EducationEvent,Будущее труда в цифровом капитализме: разговор о книге в IFDT,The Future of Work in Digital Capitalism: Book Talk at IFDT,Fragmentacija i budućnost rada u digitalnom kapitalizmu: razgovor o knjizi u IFDT,https://raw.githubusercontent.com/newsgl/arsposters/main/1166-TheFutureofWorkinDigital.webp,,Lectures,"Редакторы сборника «Фрагментация и будущее труда в цифровом капитализме» и гости-социологи обсуждают, как платформы и искусственный интеллект меняют работу, знание и институты. 9 сентября в 18:00 в Институте философии и общественной теории, Kraljice Natalije 45. Вход свободный. На сербском языке.","The editors of the volume Fragmentation and the Future of Work in Digital Capitalism and guest sociologists discuss how platforms and artificial intelligence are reshaping labour, knowledge and institutions. 9 September at 18:00 at the Institute for Philosophy and Social Theory, Kraljice Natalije 45. Free entry. In Serbian.","Urednice zbornika Fragmentacija i budućnost rada u digitalnom kapitalizmu i gosti iz sociologije i studija medija razgovaraju o tome kako platforme i veštačka inteligencija menjaju rad, znanje i institucije. 9. septembra u 18.00 u Institutu za filozofiju i društvenu teoriju, Kraljice Natalije 45. Ulaz je slobodan.","Что остаётся от «работы» в привычном смысле, когда задачи дробятся на микрозадания, а посредником между работником и заказчиком становится алгоритм? Об этом сборник **«Фрагментация и будущее труда в цифровом капитализме»**, который редакторы представят вместе с коллегами.

Книга выросла из многолетнего сотрудничества трёх институций: Центра перспективных исследований Юго-Восточной Европы Университета Риеки, Факультета общественных наук Университета Любляны и Института философии и общественной теории Белградского университета. Авторы из разных дисциплин разбирают, как цифровизация, платформизация и искусственный интеллект меняют труд, производство знания и общественные институты, и показывают, насколько неравными и противоречивыми оказываются последствия этой трансформации для демократии и общества.

В разговоре участвуют редакторы сборника **Саня Боянич** (Риека) и **Александра Канюо-Мрчела** (Любляна), а также Елена Чериман и Срджан Проданович (IFDT), Ана Мартиноли (Факультет драматических искусств, Белград) и Далибор Петрович (Транспортный факультет Белградского университета). Ведёт Елена Гуга (IFDT), третий редактор книги.

Электронная версия сборника уже открыта онлайн, печатную можно будет получить на встрече. Разговор организует лаборатория DigiLab. Вход свободный.

Организатор: Институт философии и общественной теории Белградского университета.","What is left of ""work"" in the familiar sense when jobs are split into micro-tasks and an algorithm mediates between worker and client? That is the subject of **Fragmentation and the Future of Work in Digital Capitalism**, a collective volume its editors present together with colleagues.

The book grew out of a long regional collaboration between the Center for Advanced Studies of Southeast Europe at the University of Rijeka, the Faculty of Social Sciences at the University of Ljubljana and the Institute for Philosophy and Social Theory at the University of Belgrade. Authors from different disciplines examine how digitalisation, platformisation and artificial intelligence transform labour, knowledge production and social institutions, and show how unequal and contradictory the consequences of this transformation are for democracy and society.

Taking part are the editors **Sanja Bojanić** (Rijeka) and **Aleksandra Kanjuo-Mrčela** (Ljubljana), together with Jelena Ćeriman and Srđan Prodanović (IFDT), Ana Martinoli (Faculty of Dramatic Arts, Belgrade) and Dalibor Petrović (Faculty of Transport and Traffic Engineering, University of Belgrade). The discussion is moderated by Jelena Guga (IFDT), the book's third editor.

The electronic edition is already available online; printed copies will be handed out at the event. The talk is hosted by the DigiLab laboratory. Free entry.

Organiser: Institute for Philosophy and Social Theory, University of Belgrade.","Šta ostaje od „rada” u uobičajenom smislu kada se poslovi cepaju na mikrozadatke, a između radnika i naručioca stoji algoritam? O tome govori zbornik **Fragmentacija i budućnost rada u digitalnom kapitalizmu**, koji urednice predstavljaju zajedno sa koleginicama i kolegama.

Knjiga je nastala iz dugogodišnje regionalne saradnje Centra za napredne studije jugoistočne Evrope Univerziteta u Rijeci, Fakulteta društvenih nauka Univerziteta u Ljubljani i Instituta za filozofiju i društvenu teoriju Univerziteta u Beogradu. Autorke i autori iz različitih disciplina razmatraju kako digitalizacija, platformizacija i veštačka inteligencija menjaju rad, proizvodnju znanja i društvene institucije, ukazujući na nejednake i protivrečne posledice te transformacije za demokratiju i društvo.

U razgovoru učestvuju urednice **Sanja Bojanić** (Rijeka) i **Aleksandra Kanjuo-Mrčela** (Ljubljana), kao i Jelena Ćeriman i Srđan Prodanović (IFDT), Ana Martinoli (Fakultet dramskih umetnosti) i Dalibor Petrović (Saobraćajni fakultet). Moderira Jelena Guga (IFDT), treća urednica knjige.

Elektronsko izdanje zbornika već je dostupno onlajn, a štampano će se deliti na događaju. Razgovor organizuje laboratorija DigiLab. Ulaz je slobodan.

Organizator: Institut za filozofiju i društvenu teoriju Univerziteta u Beogradu.",18:00,0,Institut za filozofiju i društvenu teoriju,"Kraljice Natalije 45, Beograd","44.808120,20.462218",https://ifdt.bg.ac.rs/events/razgovor-o-knjizi-fragmentacija-i-buducnost-rada-u-digitalnom-kapitalizmu-digilab/,ifdt.bg.ac.rs,https://ifdt.bg.ac.rs/events/razgovor-o-knjizi-fragmentacija-i-buducnost-rada-u-digitalnom-kapitalizmu-digilab/,Institut za filozofiju i društvenu teoriju Univerziteta u Beogradu,https://ifdt.bg.ac.rs/,,,,,,"разговор о книге, социология, цифровой труд, IFDT, бесплатно","book talk, sociology, digital labour, IFDT, free","razgovor o knjizi, sociologija, digitalni rad, IFDT, besplatno"
9/9/2026,9/9/2026,9/5/2026,1167,Person,Emilija Aćimović,https://palatanauke.rs/,,EducationEvent,Есть ли у зданий только одна жизнь? Экскурсия по Палате науки с искусствоведом,Do Buildings Have Only One Life? Expert tour of the Palace of Science,Imaju li zgrade samo jedan život? Stručno vođenje kroz Palatu nauke,https://raw.githubusercontent.com/newsgl/arsposters/main/1167-DoBuildingsHaveOnlyOneLi.webp,,Lectures,"Искусствовед Эмилия Ачимович ведёт экскурсию по зданию бывшего Ядранско-Подунавского банка, где теперь работает Палата науки: архитектура 1920-х, «умная» инженерия своего времени и то, как наследие получает вторую жизнь. 9 сентября в 17:00, сбор в банковском зале на первом этаже. Вход свободный. На сербском языке.","Art historian Emilija Aćimović leads a tour of the former Adriatic-Danube Bank building, now the Palace of Science: 1920s architecture, the smart engineering of its day and how heritage gets a second life. 9 September at 17:00, meeting point in the Banking Hall on the ground floor. Admission free. In Serbian.","Istoričarka umetnosti Emilija Aćimović vodi kroz zgradu nekadašnje Jadransko-podunavske banke, današnju Palatu nauke: arhitektura dvadesetih, tehnika koja je za svoje vreme bila napredna i to kako nasleđe dobija drugi život. 9. septembra u 17.00, okupljanje u Šalter sali u prizemlju. Ulaz slobodan.","Может ли здание хранить следы эпохи, которой больше нет, и при этом жить дальше? Палата науки на Кралья Милана отвечает на этот вопрос собственной историей. В середине 1920-х дом строили как штаб-квартиру **Ядранско-Подунавского банка**, и всё в нём, от массивного объёма и пышного фасада до скульптур и углового расположения, должно было внушать клиентам ощущение надёжности и силы.

При этом палата была для своего времени «умным зданием»: внутри работали система доставки почты и установки кондиционирования воздуха, редкость для Белграда тех лет. Поэтому история банка оказывается разговором не только о прошлом, но и о том, как наследие переживает перемены и получает новый смысл.

Экскурсию ведёт **Эмилия Ачимович**, младший научный сотрудник Института истории искусства философского факультета Белградского университета. Она покажет детали, мимо которых прохожие обычно пробегают, не поднимая головы. Сентябрь в Палате науки посвящён культурному наследию, и это одна из двух экскурсий по самому зданию: вторая рассказывает о его скульптурном убранстве.

Сбор группы в банковском зале (Šalter sala) на первом этаже. Экскурсия на сербском языке.

Вход свободный, регистрация не нужна.

Организатор: Палата науки (Задужбина Миодрага Костича).","Can a building keep the traces of a time that no longer exists and still go on living? The Palace of Science on Kralja Milana answers with its own story. In the mid-1920s it was built as the headquarters of the **Adriatic-Danube Bank**, and everything about it, from the massive volume and lavish facade to the sculptures and the corner position, was meant to tell clients that their money was in safe and powerful hands.

It was also a smart building for its day: an internal mail delivery system and air-conditioning installations were rare in Belgrade at the time. That is why the story of the bank is not only about the past but about how heritage survives change and takes on new meaning.

The tour is led by **Emilija Aćimović**, junior research assistant at the Institute of Art History, Faculty of Philosophy, University of Belgrade. She points out the details most people walk past without looking up. September at the Palace of Science is dedicated to cultural heritage, and this is one of two tours of the building itself; the other one focuses on its sculptural decoration.

The group meets in the Banking Hall (Šalter sala) on the ground floor. The tour is in Serbian.

Admission is free, no registration required.

Organiser: Palace of Science (Miodrag Kostić Endowment).","Može li zgrada da sačuva tragove vremena koje više ne postoji, a da pritom nastavi da živi? Palata nauke u Kralja Milana odgovara sopstvenom pričom. Sredinom dvadesetih podignuta je kao sedište **Jadransko-podunavske banke** i sve na njoj, od masivne mase i raskošne fasade do skulptura i uglovne pozicije, trebalo je da klijentima poruči da im je novac na sigurnom.

Za svoje vreme bila je i pametna zgrada: unutrašnji sistem za dostavu pošte i instalacije za klimatizaciju bili su u tadašnjem Beogradu retkost. Zato priča o banci nije samo priča o prošlosti, već o tome kako nasleđe preživljava promene i dobija novo značenje.

Vođenje drži **Emilija Aćimović**, istraživač pripravnik Instituta za istoriju umetnosti Filozofskog fakulteta u Beogradu. Pokazuje detalje pored kojih se svakodnevno prolazi bez podizanja pogleda. Septembar u Palati nauke posvećen je kulturnom nasleđu, a ovo je jedno od dva vođenja kroz samu zgradu; drugo se bavi njenim skulptorskim ukrasom.

Grupa se okuplja u Šalter sali u prizemlju.

Ulaz je slobodan, prijave nisu potrebne.

Organizator: Palata nauke (Zadužbina Miodraga Kostića).",17:00,0,Palata nauke,"Kralja Milana 11, Beograd","44.808340,20.463766",https://palatanauke.rs/en/events/do-buildings-have-only-one-life/,palatanauke.rs,https://palatanauke.rs/en/events/do-buildings-have-only-one-life/,Palata nauke (Zadužbina Miodraga Kostića),https://palatanauke.rs/,,,,,,"экскурсия, архитектура, Палата науки, наследие, бесплатно","guided tour, architecture, Palace of Science, heritage, free","stručno vođenje, arhitektura, Palata nauke, nasleđe, besplatno"
9/9/2026,9/9/2026,9/5/2026,1168,Person,Miljan Paunović,http://www.miljan-paunovic.com/,,EducationEvent,Милян Паунович представляет роман «Конечный выход» в Римском зале Библиотеки Белграда,Miljan Paunović Presents His Novel Konačni izlaz at the Roman Hall of the Belgrade City Library,Predstavljanje romana „Konačni izlaz“ Miljana Paunovića u Rimskoj dvorani Biblioteke grada Beograda,https://raw.githubusercontent.com/newsgl/arsposters/main/1168-MiljanPaunovicPresentsHi.webp,,Lectures,"Журналист и писатель Милян Паунович представляет третий роман, политический триллер «Конечный выход» (Konačni izlaz). О книге говорят журналистка Татьяна Манойлович, издатель Владица Миленкович и автор. 9 сентября в 18:00 в Римском зале Библиотеки Белграда, вход свободный. На сербском языке.","Journalist and writer Miljan Paunović presents his third novel, the political thriller Konačni izlaz (Final Exit). Journalist Tatjana Manojlović, publisher Vladica Milenković and the author discuss the book. 9 September at 18:00 in the Roman Hall of the Belgrade City Library, free entry. In Serbian.","Novinar i pisac Miljan Paunović predstavlja svoj treći roman, politički triler „Konačni izlaz“. O knjizi govore novinarka Tatjana Manojlović, izdavač Vladica Milenković i autor. 9. septembra u 18.00 u Rimskoj dvorani Biblioteke grada Beograda, ulaz slobodan.","Журналистка Тамара Лазич принимает решение, которое меняет её жизнь, и оказывается внутри тайного проекта по разоблачению криминальных и политических структур, десятилетиями разрушающих систему. Так начинается **«Конечный выход»** (Konačni izlaz), третий роман журналиста и писателя **Миляна Пауновича** после «Комнаты тайн» (2017) и «Тоннелей прошлого» (2021).

Действие открывается в Париже летом 2022 года, затем переносится в Белград и в разные уголки Сербии. Сюжет закручивается после убийства коллеги героини, который вышел на крупное открытие. Паунович остаётся в жанре политического триллера, но добавляет к криминальной интриге расследовательскую журналистику, психологию и социальную критику: книга спрашивает, что такое правда, власть и моральная ответственность.

Автор писал роман три года: начал в Нормандии, закончил в Доньем Милановаце. Книга вышла в августе 2026 года в издательстве Nova Artija.

На презентации в **Римском зале**, где под полом библиотеки сохранились остатки римских ворот Сингидунума, о книге говорят журналистка Татьяна Манойлович, директор издательства Владица Миленкович и сам автор.

Вход свободный.

Организатор: Библиотека города Белграда.","Journalist Tamara Lazić makes a decision that changes her life and finds herself inside a secret project to expose the criminal and political structures that have been eroding the system for decades. So begins **Konačni izlaz** (Final Exit), the third novel by journalist and writer **Miljan Paunović**, after Soba tajni (2017) and Tuneli prošlosti (2021).

The story opens in Paris in the summer of 2022, then moves to Belgrade and across Serbia. The plot tightens after the heroine's colleague, on the trail of a major discovery, is murdered. Paunović stays within the political thriller, but layers investigative journalism, psychology and social critique onto the crime plot: the novel asks what truth, power and moral responsibility amount to.

The author spent three years on the book, starting it in Normandy and finishing in Donji Milanovac. It was published in August 2026 by Nova Artija.

The presentation takes place in the **Roman Hall**, where the remains of a Roman gate of Singidunum survive beneath the library floor. Journalist Tatjana Manojlović, publisher Vladica Milenković and the author discuss the book.

Free entry. The event is in Serbian.

Organiser: Belgrade City Library.","Novinarka Tamara Lazić donosi odluku koja joj menja život i ulazi u tajni projekat razotkrivanja kriminalnih i političkih struktura koje decenijama razaraju sistem. Tako počinje **„Konačni izlaz“**, treći roman novinara i pisca **Miljana Paunovića**, posle „Sobe tajni“ (2017) i „Tunela prošlosti“ (2021).

Radnja kreće iz Pariza u leto 2022, pa se seli u Beograd i u razne krajeve Srbije. Zaplet se zaoštrava kada je ubijen kolega junakinje, koji je došao do velikog otkrića. Paunović ostaje veran političkom trileru, ali na kriminalističku priču nadograđuje istraživačko novinarstvo, psihologiju i društvenu kritiku: roman pita šta su istina, moć i moralna odgovornost.

Autor je roman pisao tri godine: počeo ga je u Normandiji, a završio u Donjem Milanovcu. Knjigu je u avgustu 2026. objavila izdavačka kuća Nova Artija.

Promocija se održava u **Rimskoj dvorani**, gde su ispod poda biblioteke sačuvani ostaci rimske kapije Singidunuma. O knjizi govore novinarka Tatjana Manojlović, direktor izdavačke kuće Vladica Milenković i sam autor.

Ulaz je slobodan.

Organizator: Biblioteka grada Beograda.",18:00,0,Biblioteka grada Beograda,"Knez Mihailova 56, Beograd","44.820020,20.453450",https://bgb.rs/dogadjaji/#event_7312,bgb.rs,https://bgb.rs/dogadjaji/#event_7312,Biblioteka grada Beograda,https://bgb.rs/,,,,,,"литература, презентация книги, триллер, библиотека, сербские авторы","literature, book launch, thriller, library, Serbian authors","književnost, promocija knjige, triler, biblioteka, domaći autori"
9/10/2026,9/10/2026,9/5/2026,1169,Organization,Pena Art Cafe,https://www.penabeograd.art/,,SocialEvent,The Night Table: вечер разговоров за общим столом в Pena Art Cafe,The Night Table: conversation evening at one shared table at Pena Art Cafe,The Night Table: veče razgovora za zajedničkim stolom u Pena Art Cafe,https://raw.githubusercontent.com/newsgl/arsposters/main/1169-TheNightTableconversatio.webp,,Games,"Один общий стол в кафе на Делиградской, за который садятся путешественники, местные, художники и студенты: не вечеринка, не нетворкинг и не языковой обмен, просто разговор за напитком. 10 сентября с 19:00 до 22:00, прийти и уйти можно в любой момент. Объявление на английском языке.","One shared table at a cafe on Deligradska where travellers, locals, artists and students sit down together: not a party, not networking, not a language exchange, just conversation over a drink. 10 September from 19:00 to 22:00, come and go as you like. Announced in English.","Jedan zajednički sto u kafeu na Deligradskoj za koji sedaju putnici, Beograđani, umetnici i studenti: nije žurka, nije networking, nije razmena jezika, samo razgovor uz piće. 10. septembra od 19.00 do 22.00, dolazi se i odlazi kad ko hoće. Najava je na engleskom.","Не вечеринка. Не нетворкинг. Не языковой обмен. Так сами организаторы описывают The Night Table: это просто стол, который почему-то всё время становится длиннее.

Формат предельно простой. В **Pena Art Cafe** на Делиградской ставят один общий стол, и за него садится каждый, кто пришёл: путешественники, местные, художники, студенты, завсегдатаи кафе и все, кому хочется хорошего разговора за напитком. Никакой программы, ведущего и тем для обсуждения: приходите, когда хотите, уходите, когда нужно. По словам кафе, за столом собираются англо-, русско-, турецко- и сербоязычные гости.

Pena Art Cafe само по себе небольшое место с кофе, коктейлями, летним садом и регулярными событиями: живой музыкой, вечерами рисования и подобными встречами.

Объявление на английском языке. Напитки за свой счёт.

Организатор: Pena Art Cafe.","Not a party. Not a networking event. Not a language exchange. That is how the organisers describe The Night Table: just a table that somehow keeps getting bigger.

The format could not be simpler. **Pena Art Cafe** on Deligradska sets one shared table and everyone who turns up sits down at it: travellers, locals, artists, students, regulars and anyone looking for a good conversation over a drink. No programme, no host, no set topics: come when you want, leave when you have to. According to the cafe, the table brings together English, Russian, Turkish and Serbian speakers.

Pena Art Cafe itself is a small spot with coffee, cocktails, a summer garden and a regular run of events: live music, painting evenings and gatherings like this one.

Announced in English. Drinks at your own expense.

Organiser: Pena Art Cafe.","Nije žurka. Nije networking. Nije razmena jezika. Tako organizatori opisuju The Night Table: samo sto koji nekako stalno postaje veći.

Format je krajnje jednostavan. U **Pena Art Cafe** na Deligradskoj postavi se jedan zajednički sto i za njega sedne svako ko dođe: putnici, Beograđani, umetnici, studenti, stalni gosti i svi kojima se priča uz piće. Nema programa, voditelja ni zadatih tema: dođite kad hoćete, idite kad morate. Kako kažu iz kafea, za stolom se okupljaju gosti koji govore engleski, ruski, turski i srpski.

Pena Art Cafe je inače malo mesto sa kafom, koktelima, letnjom baštom i redovnim dešavanjima: svirkama, večerima slikanja i okupljanjima poput ovog.

Najava je na engleskom. Piće se plaća.

Organizator: Pena Art Cafe.",19:00,,Pena Art Caffe,"Deligradska 1, Beograd","44.802076,20.465646",https://www.meetup.com/penaartcafe-events/events/316215438/,meetup.com,https://www.meetup.com/penaartcafe-events/events/316215438/,Pena Art Cafe,https://www.penabeograd.art/,,,,,,"встреча, разговоры, кафе, экспаты, Pena Art Cafe","meetup, conversation, cafe, expats, Pena Art Cafe","druženje, razgovor, kafe, stranci, Pena Art Cafe"
9/10/2026,9/10/2026,9/5/2026,1170,Person,Robert M. Hayden,,,EducationEvent,Этнические архипелаги: Роберт Хейден и Марио Катич о послевоенной Боснии в IFDT,Ethnic Archipelagos: Robert M. Hayden and Mario Katić on Post-War Bosnia at IFDT,Etnički arhipelazi: Robert M. Hejden i Mario Katić o posleratnoj Bosni u IFDT,https://raw.githubusercontent.com/newsgl/arsposters/main/1170-EthnicArchipelagosRobert.webp,,Lectures,"Антрополог Роберт Хейден (Питтсбург) и этнолог Марио Катич (Задар) рассказывают, что построили на месте разрушенных войной церквей, мечетей и памятников в Боснии и Герцеговине. 10 сентября в 14:00 в Институте философии и общественной теории, Kraljice Natalije 45, а также онлайн в Zoom. Вход свободный. На английском языке.","Anthropologist Robert M. Hayden (Pittsburgh) and ethnologist Mario Katić (Zadar) present what was rebuilt in place of the churches, mosques and monuments destroyed in the Bosnian war. 10 September at 14:00 at the Institute for Philosophy and Social Theory, Kraljice Natalije 45, and online via Zoom. Free entry. In English.","Antropolog Robert M. Hejden (Pitsburg) i etnolog Mario Katić (Zadar) govore o tome šta je podignuto na mestu crkava, džamija i spomenika porušenih u ratu u Bosni i Hercegovini. 10. septembra u 14.00 u Institutu za filozofiju i društvenu teoriju, Kraljice Natalije 45, kao i onlajn preko Zooma. Ulaz je slobodan. Na engleskom jeziku.","Про разрушенные в войну храмы Боснии и Герцеговины написано много. Куда меньше известно о том, что после войны восстановили, отстроили заново или возвели впервые. Именно это с 2018 года изучает проект **(Re)Constructing Religioscapes as Competing Territorial Claims in Post-War Bosnia & Herzegovina**, результаты которого представляют его руководители.

Авторы рассматривают сети православных и католических церквей, мечетей, социалистических памятников и послевоенных мемориалов как материальные знаки присутствия, доминирования и конкурирующих территориальных претензий. В лекции прозвучат понятия, выработанные в проекте: этнические архипелаги, сообщества, основанные на инфраструктуре, седиментация и эрозия времени в городских ландшафтах. На примерах из разных частей страны лекторы показывают, как османский, социалистический, военный и послевоенный слои переплетаются в сегодняшнем пространстве и что это говорит об обществе, которое уже послевоенное, но ещё не постконфликтное.

**Роберт Хейден**: почётный профессор антропологии и права Питтсбургского университета, более тридцати лет исследует Балканы. **Марио Катич**: доцент кафедры этнологии и антропологии Задарского университета. Разговор после лекции ведёт Лиляна Пантович (IFDT).

Лекция на английском языке, для онлайн-участия нужна регистрация в Zoom. Вход свободный.

Организатор: Институт философии и общественной теории Белградского университета, лаборатория YugoLab.","Much has been written about the churches and mosques of Bosnia and Herzegovina destroyed in the war. Far less is known about what was restored, rebuilt or newly erected afterwards. That is the question the project **(Re)Constructing Religioscapes as Competing Territorial Claims in Post-War Bosnia & Herzegovina** has pursued since 2018, and its two leaders present the results.

The authors read networks of Orthodox and Catholic churches, mosques, socialist monuments and post-war memorials as material markers of presence, dominance and competing territorial claims. The lecture introduces concepts developed in the project: ethnic archipelagos, infrastructure-based communities, and the sedimentation and erosion of time in urban landscapes. Through examples from across the country, the speakers show how Ottoman, socialist, wartime and post-war layers intertwine in today's space and what this reveals about a society that is post-war but not yet post-conflict.

**Robert M. Hayden** is professor emeritus of anthropology and law at the University of Pittsburgh and has studied the Balkans for more than three decades. **Mario Katić** is associate professor of ethnology and anthropology at the University of Zadar. The discussion after the lecture is moderated by Ljiljana Pantović (IFDT).

The lecture is in English; online attendance requires Zoom registration. Free entry.

Organiser: Institute for Philosophy and Social Theory, University of Belgrade, YugoLab laboratory.","O crkvama i džamijama Bosne i Hercegovine porušenim u ratu mnogo je pisano. Znatno manje se zna o tome šta je posle rata obnovljeno, ponovo izgrađeno ili podignuto kao novo. Upravo to od 2018. istražuje projekat **(Re)Constructing Religioscapes as Competing Territorial Claims in Post-War Bosnia & Herzegovina**, čije rezultate predstavljaju njegovi rukovodioci.

Autori čitaju mreže pravoslavnih i katoličkih crkava, džamija, socijalističkih spomenika i posleratnih memorijala kao materijalne oznake prisustva, dominacije i konkurentskih teritorijalnih zahteva. Na predavanju se predstavljaju pojmovi razvijeni tokom projekta: etnički arhipelazi, zajednice zasnovane na infrastrukturi, sedimentacija i erozija vremena u urbanim pejzažima. Kroz primere iz različitih delova zemlje predavači pokazuju kako se osmanski, socijalistički, ratni i posleratni slojevi prepliću u današnjem prostoru i šta to otkriva o društvu koje jeste posleratno, ali još nije postkonfliktno.

**Robert M. Hejden** je profesor emeritus antropologije i prava na Univerzitetu u Pitsburgu, Balkanom se bavi više od tri decenije. **Mario Katić** je vanredni profesor etnologije i antropologije na Univerzitetu u Zadru. Razgovor posle predavanja vodi Ljiljana Pantović (IFDT).

Predavanje je na engleskom, a za onlajn učešće potrebna je registracija na Zoomu. Ulaz je slobodan.

Organizator: Institut za filozofiju i društvenu teoriju Univerziteta u Beogradu, laboratorija YugoLab.",14:00,0,Institut za filozofiju i društvenu teoriju,"Kraljice Natalije 45, Beograd","44.808120,20.462218",https://ifdt.bg.ac.rs/events/predavanje-suocavanje-sa-sadasnjoscu-u-bosni-i-hercegovini-etnicki-arhipelazi-i-zajednice-zasnovane-na-infrastrukturi-yugolab/,ifdt.bg.ac.rs,https://ifdt.bg.ac.rs/events/predavanje-suocavanje-sa-sadasnjoscu-u-bosni-i-hercegovini-etnicki-arhipelazi-i-zajednice-zasnovane-na-infrastrukturi-yugolab/,Institut za filozofiju i društvenu teoriju Univerziteta u Beogradu,https://ifdt.bg.ac.rs/,,,,,,"лекция, антропология, Босния и Герцеговина, IFDT, бесплатно","lecture, anthropology, Bosnia and Herzegovina, IFDT, free","predavanje, antropologija, Bosna i Hercegovina, IFDT, besplatno"
9/10/2026,9/10/2026,9/5/2026,1171,Person,Ivan Simić,,,EducationEvent,Серп и хиджаб: историк Иван Симич о коммунистической политике в отношении мусульманок в IFDT,Sickle and Veil: Historian Ivan Simić on Communist Gender Policies towards Muslim Minorities at IFDT,Srp i veo: istoričar Ivan Simić o komunističkim rodnim politikama prema muslimanskim manjinama u IFDT,https://raw.githubusercontent.com/newsgl/arsposters/main/1171-SickleandVeilHistorianIv.webp,,Lectures,"Историк Иван Симич представляет книгу Sickle and Veil о том, как власти СССР, Болгарии и Югославии переделывали быт мусульманских общин, от запрета паранджи до смены имён. 10 сентября в 16:30 в Институте философии и общественной теории, Kraljice Natalije 45, а также онлайн в Zoom. Вход свободный. На сербском языке.","Historian Ivan Simić presents his book Sickle and Veil on how the authorities of the USSR, Bulgaria and Yugoslavia reshaped the everyday life of Muslim communities, from banning the veil to changing names. 10 September at 16:30 at the Institute for Philosophy and Social Theory, Kraljice Natalije 45, and online via Zoom. Free entry. In Serbian.","Istoričar Ivan Simić predstavlja knjigu Sickle and Veil o tome kako su vlasti SSSR-a, Bugarske i Jugoslavije preoblikovale svakodnevicu muslimanskih zajednica, od zabrane zara i feredže do promene imena. 10. septembra u 16.30 u Institutu za filozofiju i društvenu teoriju, Kraljice Natalije 45, kao i onlajn preko Zooma. Ulaz je slobodan.","Паранджа, феска, шаровары, мусульманские имена, обряд обрезания: в трёх коммунистических государствах всё это объявили препятствием для модернизации. Историк гендера **Иван Симич** проследил, как это происходило в Советском Союзе, Болгарии и Югославии, и рассказывает о своей книге **Sickle and Veil: Communist Gender Policies towards Muslim Minorities in Eastern Europe**.

Книга основана на архивах нескольких стран и источниках на шести языках. Власти стремились перестроить быт мусульманских общин, прежде всего положение и публичную видимость женщин: одежда, религиозные обычаи и личные имена стали предметом политического контроля.

Главный тезис Симича: идеи о гендере пересекали государственные границы и приспосабливались к местным условиям, а советская политика в Центральной Азии сильно повлияла на подход к мусульманам в других коммунистических странах. Отсюда критика историографии, замкнутой в национальных рамках. Отдельная тема: как люди сопротивлялись навязанным мерам, принимали их или прагматично приспосабливались.

Лекция показывает, что политика в отношении мусульманских меньшинств вырастала не только из атеизма, но из стремления к модернизации, гомогенизации и контролю. Разговор после лекции ведёт Иван Эюб Костич, научный сотрудник IFDT.

Лекция на сербском языке, для онлайн-участия нужна регистрация в Zoom. Вход свободный.

Организатор: Институт философии и общественной теории Белградского университета (Группа религиозных исследований, YugoLab, GenLab).","The veil, the fez, baggy trousers, Muslim personal names, the practice of circumcision: three communist states declared all of these obstacles to modernisation. Gender historian **Ivan Simić** traced how this unfolded in the Soviet Union, Bulgaria and Yugoslavia, and presents his book **Sickle and Veil: Communist Gender Policies towards Muslim Minorities in Eastern Europe**.

The book rests on archives in several countries and sources in six languages. The authorities set out to remake the everyday life of Muslim communities, above all the position and public visibility of women: dress, religious customs and personal names became objects of political control.

Simić's central argument is that ideas about gender crossed state borders and were adapted to local circumstances, with Soviet policies in Central Asia strongly influencing the approach to Muslims in other communist states. Hence his critique of nationally bounded historiography. A separate strand follows the people who resisted the imposed measures, accepted them or pragmatically adjusted.

The lecture shows that policies towards Muslim minorities grew not only out of atheism but out of a wider drive for modernisation, homogenisation and control. The discussion afterwards is moderated by Ivan Ejub Kostić, research fellow at IFDT.

The lecture is in Serbian; online attendance requires Zoom registration. Free entry.

Organiser: Institute for Philosophy and Social Theory, University of Belgrade (Religious Studies Group, YugoLab, GenLab).","Veo, fes, šalvare, muslimanska imena, praksa obrezivanja: u tri komunističke države sve je to proglašeno preprekom modernizaciji. Istoričar roda **Ivan Simić** pratio je kako se to odvijalo u Sovjetskom Savezu, Bugarskoj i Jugoslaviji i predstavlja svoju knjigu **Sickle and Veil: Communist Gender Policies towards Muslim Minorities in Eastern Europe**.

Knjiga se oslanja na arhive više zemalja i izvore na šest jezika. Vlasti su nastojale da preobraze svakodnevicu muslimanskih zajednica, naročito položaj i javnu vidljivost žena: odevanje, verski običaji i lična imena postali su predmet političke kontrole.

Simićeva glavna teza: ideje o rodu prelazile su državne granice i prilagođavale se lokalnim okolnostima, a sovjetske politike u Centralnoj Aziji snažno su uticale na pristup muslimanima u drugim komunističkim državama. Otuda kritika nacionalno ograničene istoriografije. Posebna tema su ljudi koji su se nametnutim merama suprotstavljali, prihvatali ih ili im se pragmatično prilagođavali.

Predavanje pokazuje da politike prema muslimanskim manjinama nisu proizlazile samo iz ateizma, već i iz šire težnje ka modernizaciji, homogenizaciji i kontroli. Razgovor posle predavanja vodi Ivan Ejub Kostić, naučni saradnik IFDT-a.

Predavanje je na srpskom, a za onlajn učešće potrebna je registracija na Zoomu. Ulaz je slobodan.

Organizator: Institut za filozofiju i društvenu teoriju Univerziteta u Beogradu (Grupa za religijske studije, YugoLab, GenLab).",16:30,0,Institut za filozofiju i društvenu teoriju,"Kraljice Natalije 45, Beograd","44.808120,20.462218",https://ifdt.bg.ac.rs/events/predavanje-srp-i-veo-komunisticke-rodne-politike-prema-muslimanskim-manjinama-u-istocnoj-evropi-grupa-za-religijske-studije-yugolab-genlab/,ifdt.bg.ac.rs,https://ifdt.bg.ac.rs/events/predavanje-srp-i-veo-komunisticke-rodne-politike-prema-muslimanskim-manjinama-u-istocnoj-evropi-grupa-za-religijske-studije-yugolab-genlab/,Institut za filozofiju i društvenu teoriju Univerziteta u Beogradu,https://ifdt.bg.ac.rs/,,,,,,"лекция, история, гендер, ислам, IFDT","lecture, history, gender, Islam, IFDT","predavanje, istorija, rod, islam, IFDT"
9/10/2026,9/10/2026,9/5/2026,1172,Person,Alen Santrač,,,EducationEvent,Ален Сантрач: лекция о путешествии по Гватемале в Римском зале Библиотеки Белграда,Alen Santrač: Travel Talk on Guatemala at the Roman Hall of the Belgrade City Library,"Putopisno predavanje Alena Santrača „Gvatemala, zemlja koju vredi upoznati“ u Rimskoj dvorani",https://raw.githubusercontent.com/newsgl/arsposters/main/1172-AlenSantracTravelTalkonG.webp,,Lectures,"Путешественник и гид по Латинской Америке Ален Сантрач рассказывает о Гватемале: лекция «Гватемала, страна, которую стоит узнать» из цикла путевых лекций Библиотеки Белграда. 10 сентября в 19:00 в Римском зале, вход свободный. На сербском языке.","Traveller and Latin America tour guide Alen Santrač talks about Guatemala in the lecture Guatemala, a Country Worth Getting to Know, part of the Belgrade City Library travel talk series. 10 September at 19:00 in the Roman Hall, free entry. In Serbian.","Putnik i vodič po Latinskoj Americi Alen Santrač govori o Gvatemali: putopisno predavanje „Gvatemala, zemlja koju vredi upoznati“ u okviru putopisnog ciklusa Biblioteke grada Beograda. 10. septembra u 19.00 u Rimskoj dvorani, ulaz slobodan.","Гватемала редко попадает в маршруты путешественников из Сербии, хотя именно здесь стоят города майя Тикаль и Киригуа, колониальная Антигуа у подножия вулканов и озеро Атитлан. Путевая лекция **Алена Сантрача** в Римском зале Библиотеки Белграда как раз об этом: почему эту страну стоит узнать поближе.

Сантрач много лет занимается Латинской Америкой. В Белграде он основал общество сербско-латиноамериканской дружбы Cumbres и проводил лекции о Южной и Центральной Америке, древних цивилизациях и жизни в Андах и Амазонии, затем работал в туристических агентствах специалистом по этому региону и водил группы по Южной и Центральной Америке. Сейчас у него собственное турагентство в Коста-Рике.

Лекция входит в цикл путевых лекций Библиотеки города Белграда, которые проходят в **Римском зале**: под полом главного здания на Кнез-Михайловой сохранились остатки римских ворот и башни лагеря Сингидунума.

Вход свободный.

Организатор: Библиотека города Белграда.","Guatemala rarely makes it onto the travel plans of people living in Serbia, yet it is home to the Maya cities of Tikal and Quiriguá, colonial Antigua at the foot of volcanoes and Lake Atitlán. The travel talk by **Alen Santrač** in the Roman Hall of the Belgrade City Library is about exactly that: why this country is worth getting to know.

Santrač has worked on Latin America for many years. In Belgrade he founded Cumbres, a Serbian-Latin American friendship association, and gave talks on South and Central America, ancient civilisations and life in the Andes and the Amazon. He then worked for travel agencies as a specialist for the region, leading groups across South and Central America, and now runs his own travel agency in Costa Rica.

The talk is part of the library's travel lecture series held in the **Roman Hall**: beneath the floor of the main building on Knez Mihailova lie the remains of a Roman gate and tower of the Singidunum camp.

Free entry. The talk is in Serbian.

Organiser: Belgrade City Library.","Gvatemala retko dospeva u planove putnika iz Srbije, a upravo tamo su gradovi Maja Tikal i Kirigva, kolonijalna Antigva u podnožju vulkana i jezero Atitlan. Putopisno predavanje **Alena Santrača** u Rimskoj dvorani Biblioteke grada Beograda govori baš o tome: zašto ovu zemlju vredi upoznati.

Santrač se Latinskom Amerikom bavi godinama. U Beogradu je osnovao udruženje srpsko-latinoameričkog prijateljstva Cumbres i držao predavanja o Južnoj i Centralnoj Americi, drevnim civilizacijama i životu u Andima i Amazoniji, a potom je radio u turističkim agencijama kao specijalista za taj region i vodio grupe po Južnoj i Centralnoj Americi. Danas ima sopstvenu turističku agenciju u Kostariki.

Predavanje je deo putopisnog ciklusa Biblioteke grada Beograda koji se održava u **Rimskoj dvorani**: ispod poda glavne zgrade u Knez Mihailovoj sačuvani su ostaci rimske kapije i kule logora Singidunuma.

Ulaz je slobodan.

Organizator: Biblioteka grada Beograda.",19:00,0,Biblioteka grada Beograda,"Knez Mihailova 56, Beograd","44.820020,20.453450",https://bgb.rs/dogadjaji/#event_7314,bgb.rs,https://bgb.rs/dogadjaji/#event_7314,Biblioteka grada Beograda,https://bgb.rs/,,,,,,"путешествия, лекция, Гватемала, Латинская Америка, библиотека","travel, lecture, Guatemala, Latin America, library","putopis, predavanje, Gvatemala, Latinska Amerika, biblioteka"
9/11/2026,9/11/2026,9/5/2026,1173,Person,Olivera Potić i Jana Potić,,,EducationEvent,"Презентация пособия по сербскому языку «Bez po muke, ide nam od ruke» в Римском зале Библиотеки Белграда","Presentation of the Serbian Language Handbook Bez po muke, ide nam od ruke at the Roman Hall","Predstavljanje priručnika „Bez po muke, ide nam od ruke“ Jane i Olivere Potić u Rimskoj dvorani",https://raw.githubusercontent.com/newsgl/arsposters/main/1173-PresentationoftheSerbian.webp,,Lectures,"Яна и Оливера Потич представляют новое издание пособия по сербскому языку и литературе для старших классов основной школы «Bez po muke, ide nam od ruke»: грамматика и литература с карикатурами вместо скучных таблиц. 11 сентября в 19:00 в Римском зале Библиотеки Белграда, вход свободный. На сербском языке.","Jana and Olivera Potić present a new edition of Bez po muke, ide nam od ruke, a Serbian language and literature handbook for the upper grades of primary school that explains grammar with caricatures instead of dry tables. 11 September at 19:00 in the Roman Hall of the Belgrade City Library, free entry. In Serbian.","Jana i Olivera Potić predstavljaju novo izdanje priručnika iz srpskog jezika i književnosti za više razrede osnovne škole „Bez po muke, ide nam od ruke“: gramatika i književnost uz karikature umesto suvoparnih tabela. 11. septembra u 19.00 u Rimskoj dvorani Biblioteke grada Beograda, ulaz slobodan.","Пособие **«Bez po muke, ide nam od ruke»** (примерно «Без мучений, всё само получается») впервые вышло в 1992 году в издательстве «Политика» тиражом 10 000 экземпляров и с тех пор переиздавалось несколько раз, в основном силами самих авторов, с поправками под новое правописание сербского языка. Оно предназначено школьникам от 11 до 15 лет, старшим классам основной школы, и охватывает грамматику и литературу в сжатом виде.

Необычным пособие сделали форма и способ работы: серьёзный школьный предмет впервые в Сербии подали с карикатурами и в шутливом тоне, а рисунки для первого издания сделала восьмиклассница Ивана Яковлевич. Авторы обсуждали главы с учениками и включили в книгу их замечания и даже несколько придуманных ими определений.

Оригинал написали Лиляна Йович и **Оливера Потич**. Новое издание в Римском зале Библиотеки Белграда представляют **Яна и Оливера Потич**.

Вход свободный.

Организатор: Библиотека города Белграда.","The handbook **Bez po muke, ide nam od ruke** (roughly: No Sweat, It Comes Easily) first appeared in 1992, published by Politika in a print run of 10,000 copies, and has been reissued several times since, mostly by the authors themselves, with updates to follow the revised Serbian orthography. It is aimed at pupils aged 11 to 15, the upper grades of primary school, and covers grammar and literature in condensed form.

What made it unusual was the form and the way it was written: for the first time in Serbia a serious school subject was presented with caricatures and in a playful tone, and the drawings for the first edition were made by an eighth-grader, Ivana Jakovljević. The authors discussed the chapters with pupils and included their remarks and even a few of their definitions in the book.

The original was written by Ljiljana Jović and **Olivera Potić**. The new edition is presented in the Roman Hall of the Belgrade City Library by **Jana and Olivera Potić**.

Free entry. The event is in Serbian.

Organiser: Belgrade City Library.","Priručnik **„Bez po muke, ide nam od ruke“** prvi put je objavljen 1992. godine u izdanju „Politike“, u tiražu od 10.000 primeraka, i od tada je doživeo više izdanja, uglavnom u izdanju samih autorki, usklađenih sa novim Pravopisom srpskog jezika. Namenjen je učenicima od 11 do 15 godina, višim razredima osnovne škole, i sažeto obuhvata gramatiku i književnost.

Neobičnim su ga učinili forma i način rada: ozbiljan školski predmet prvi put je u Srbiji predstavljen kroz karikature i vedar ton, a ilustracije za prvo izdanje uradila je tadašnja osmakinja Ivana Jakovljević. Autorke su poglavlja prolazile sa učenicima i u knjigu unele njihove primedbe, pa i nekoliko definicija koje su đaci sami smislili.

Original su napisale Ljiljana Jović i **Olivera Potić**. Novo izdanje u Rimskoj dvorani Biblioteke grada Beograda predstavljaju **Jana i Olivera Potić**.

Ulaz je slobodan.

Organizator: Biblioteka grada Beograda.",19:00,0,Biblioteka grada Beograda,"Knez Mihailova 56, Beograd","44.820020,20.453450",https://bgb.rs/dogadjaji/#event_7316,bgb.rs,https://bgb.rs/dogadjaji/#event_7316,Biblioteka grada Beograda,https://bgb.rs/,,,,,,"сербский язык, учебник, презентация книги, школьники, библиотека","Serbian language, textbook, book launch, school, library","srpski jezik, priručnik, promocija knjige, osnovci, biblioteka"
9/12/2026,9/12/2026,9/5/2026,1174,MusicGroup,Ničim izazvan,https://sr.wikipedia.org/wiki/Ничим_изазван,,MusicEvent,Ničim izazvan: концерт на Zappa Barka,Ničim izazvan live at Zappa Barka,Ničim izazvan na Zappa Barki,https://raw.githubusercontent.com/newsgl/arsposters/main/1174-NicimizazvanliveatZappaB.webp,,Concerts,"Поп-рок группа из Врбаса Ničim izazvan впервые играет на барже Zappa Barka: это её единственный концерт в Белграде этим летом. 12 сентября в 21:00, билеты на bilet.rs и в Zappa Bar.","Pop-rock band Ničim izazvan from Vrbas play their first show on the Zappa Barka barge, their only Belgrade concert this summer. 12 September at 21:00, tickets via bilet.rs and at Zappa Bar.","Pop-rok sastav Ničim izazvan iz Vrbasa prvi put svira na Zappa Barki i to je njihov jedini beogradski koncert ovog leta. 12. septembra u 21.00, karte na bilet.rs i u Zappa baru.","Девять человек на сцене, гитары, клавиши и тексты, которые подпевают целыми залами: **Ničim izazvan** из Врбаса за пятнадцать лет выросли из локальной группы в одно из самых узнаваемых имён сербского поп-рока. В 2012 году их сингл стал песней года на радио B92, а в 2017-м группа получила награду MTV Best Adria Act.

На счету три альбома: дебютный **Ničim izazvan** (2014), **Odlaziš?** (2015) с участием Дарко Рундека и **Aurora** (2018), записанный в Мостаре и Германии. В концертной программе ожидаются главные хиты: «Trideset», «Rekla je», «Pusti ljubav», «O tebi».

Этот концерт для группы особенный: на барже Zappa Barka у Калемегдана она выступает впервые, и других белградских дат этим летом у неё нет. Формат площадки камерный, так что энергичный живой звук группы будет слышен вблизи.

Билеты: на bilet.rs и в Zappa Bar.

Организатор: G&B Music.","Nine musicians on stage, guitars, keys and lyrics that whole venues sing back: **Ničim izazvan** from Vrbas have grown over fifteen years from a local band into one of the best-known names in Serbian pop rock. Their 2012 single was named song of the year by Radio B92, and in 2017 the band won the MTV Best Adria Act award.

They have released three albums: the self-titled debut **Ničim izazvan** (2014), **Odlaziš?** (2015) with a guest appearance by Darko Rundek, and **Aurora** (2018), recorded in Mostar and Germany. Expect the big songs live: Trideset, Rekla je, Pusti ljubav, O tebi.

This is a first for the band: they have never played the Zappa Barka barge below Kalemegdan before, and they have no other Belgrade dates this summer. The venue is small, so the band's energetic live sound comes up close.

Tickets: via bilet.rs and at Zappa Bar.

Promoter: G&B Music.","Devet ljudi na bini, gitare, klavijature i stihovi koje pevaju cele sale: **Ničim izazvan** iz Vrbasa za petnaest godina izrasli su iz lokalnog benda u jedno od najprepoznatljivijih imena domaćeg pop-roka. Njihov singl iz 2012. proglašen je pesmom godine na radiju B92, a 2017. bend je dobio nagradu MTV Best Adria Act.

Iza njih su tri albuma: prvenac **Ničim izazvan** (2014), **Odlaziš?** (2015) na kome gostuje Darko Rundek i **Aurora** (2018), snimljena u Mostaru i Nemačkoj. Na koncertu se očekuju najveći hitovi: „Trideset“, „Rekla je“, „Pusti ljubav“, „O tebi“.

Ovaj nastup je za bend poseban: na Zappa Barki ispod Kalemegdana sviraju prvi put, a drugih beogradskih datuma ovog leta nemaju. Prostor je kamerni, pa se energija benda oseća iz prvog reda.

Karte: na bilet.rs i u Zappa baru.

Organizator: G&B Music.",21:00,,Zappa Barka,"Bulevar vojvode Bojovića, kej kod Kule Nebojša, 11000 Beograd","44.828226,20.446185",https://www.bandsintown.com/e/108626842-nicim-izazvan-at-zappa-barka,bandsintown.com,https://bilet.rs/events/369/nicim-izazvan-na-zappa-barki,G&B Music,,,,,,,"поп-рок, концерт, Zappa Barka, сербская музыка","pop rock, concert, Zappa Barka, Serbian music","pop rok, koncert, Zappa Barka, domaća muzika"
9/15/2026,9/15/2026,9/5/2026,1175,MusicGroup,Beogradska filharmonija,https://www.bgf.rs/,,MusicEvent,Концерт Белградской филармонии ко Дню сербского флага,Belgrade Philharmonic Flag Day Concert,Koncert Beogradske filharmonije povodom Dana zastave,https://raw.githubusercontent.com/newsgl/arsposters/main/1175-BelgradePhilharmonicFlag.webp,,Concerts,"Белградская филармония отмечает День сербского единства, свободы и национального флага концертом в своём зале на Studentski trg 11. 15 сентября в 20:00. Дирижёр и программа пока не объявлены.","The Belgrade Philharmonic marks the Day of Serbian Unity, Freedom and the National Flag with a concert in its own hall at Studentski trg 11. 15 September at 20:00. Conductor and programme to be announced.","Beogradska filharmonija obeležava Dan srpskog jedinstva, slobode i nacionalne zastave koncertom u svojoj sali na Studentskom trgu 11. 15. septembra u 20.00. Dirigent i program još nisu objavljeni.","Пятнадцатое сентября в Сербии с 2020 года отмечают как День сербского единства, свободы и национального флага. Дата привязана к прорыву Салоникского фронта в 1918 году, который открыл путь к освобождению страны в Первой мировой войне. Белградская филармония отзывается на праздник концертом в собственном зале.

Это первый из внеплановых концертов сезона **Fortissimo 26/27**, идущих вне абонементного цикла на Коларце. Оркестр играет дома: зал филармонии на Studentski trg вмещает около двухсот слушателей, и даже большая симфоническая программа звучит здесь почти камерно.

Белградская филармония существует с 1923 года, её основал композитор Стеван Христич. Сегодня это главный симфонический оркестр страны, регулярно работающий с дирижёрами и солистами первого ряда: в этом же сезоне к нему приедут Зубин Мета и Ланг Ланг.

Дирижёр и программа вечера на сайте филармонии пока не опубликованы.

Организатор: Beogradska filharmonija.","Since 2020, Serbia has observed 15 September as the Day of Serbian Unity, Freedom and the National Flag. The date recalls the breakthrough of the Salonika Front in 1918, which opened the way to the country's liberation in the First World War. The Belgrade Philharmonic marks the holiday with a concert in its own hall.

This is the first of the special concerts of the **Fortissimo 26/27** season, held outside the subscription cycle at Kolarac. The orchestra plays at home: the Philharmonic hall on Studentski trg seats about two hundred, so even a full symphonic programme sounds almost chamber-like here.

The Belgrade Philharmonic has existed since 1923, when it was founded by the composer Stevan Hristić. Today it is the country's leading symphony orchestra and works regularly with front-rank conductors and soloists: Zubin Mehta and Lang Lang both join it later this season.

The conductor and programme for the evening have not yet been published on the Philharmonic's website.

Organiser: Beogradska filharmonija.","Petnaesti septembar se u Srbiji od 2020. godine obeležava kao Dan srpskog jedinstva, slobode i nacionalne zastave. Datum je vezan za proboj Solunskog fronta 1918. godine, koji je otvorio put oslobođenju zemlje u Prvom svetskom ratu. Beogradska filharmonija praznik obeležava koncertom u sopstvenoj sali.

Ovo je prvi od vanrednih koncerata sezone **Fortissimo 26/27**, koji idu mimo pretplatničkog ciklusa na Kolarcu. Orkestar svira kod kuće: Sala Filharmonije na Studentskom trgu prima oko dvesta slušalaca, pa i veliki simfonijski program ovde zvuči gotovo kamerno.

Beogradska filharmonija postoji od 1923. godine, a osnovao ju je kompozitor Stevan Hristić. Danas je to vodeći simfonijski orkestar zemlje, koji redovno radi sa dirigentima i solistima prvog reda: u ovoj sezoni dolaze mu Zubin Mehta i Lang Lang.

Dirigent i program večeri još nisu objavljeni na sajtu Filharmonije.

Organizator: Beogradska filharmonija.",20:00,,Sala Beogradske filharmonije,"Studentski trg 11, Beograd","44.819232,20.455808",https://www.bgf.rs/repertoar_cp/kontsert-povodom-dana-zastave/,bgf.rs,https://www.bgf.rs/repertoar_cp/kontsert-povodom-dana-zastave/,Beogradska filharmonija,https://www.bgf.rs/,,,,,,"классическая музыка, симфонический оркестр, Белградская филармония, День флага, праздничный концерт","classical music, symphony orchestra, Belgrade Philharmonic, Flag Day, holiday concert","klasična muzika, simfonijski orkestar, Beogradska filharmonija, Dan zastave, praznični koncert"
9/15/2026,9/15/2026,9/5/2026,1176,Person,Smoke Mardeljano,https://sr.wikipedia.org/wiki/Smoke_Mardeljano,,MusicEvent,Smoke Mardeljano: концерт в KC Grad,Smoke Mardeljano Live at KC Grad,Smoke Mardeljano: koncert u KC Gradu,https://raw.githubusercontent.com/newsgl/arsposters/main/1176-SmokeMardeljanoLiveatKCG.webp,https://open.spotify.com/artist/7BX6qYxFUopITZy5m8DkHd,Concerts,"Smoke Mardeljano, рэпер с Вождоваца и один из самых заметных голосов сербского бум-бэпа, играет клубный концерт с материалом нового альбома Ja se ne bojim и старыми хитами. 15 сентября в 20:00 в KC Grad (Савамала). Цена билета не объявлена.","Smoke Mardeljano, the rapper from Voždovac and one of the strongest voices of Serbian boom bap, plays a club show with material from his new album Ja se ne bojim and the older hits. 15 September at 20:00 at KC Grad in Savamala. Ticket price not announced.","Smoke Mardeljano, reper sa Voždovca i jedan od najjačih glasova srpskog bum-bepa, svira klupski koncert sa pesmama sa novog albuma Ja se ne bojim i starim hitovima. 15. septembra u 20.00 u KC Gradu u Savamali. Cena karte nije objavljena.","**Smoke Mardeljano** (Милош Стоянович, род. 1991) вырос на Вождоваце, в квартале, который местные зовут «Вьетнам», и читает рэп с 2007 года. Его биография сама похожа на текст: подростком он попал в исправительный дом в Крушеваце, где получил номер 9625 (он до сих пор встречается в его треках) и начал всерьёз записываться в самодельной «глухой комнате». В 2016 году о нём сняли документальный фильм «Ja repujem».

Звук Smoke, это классический **бум-бэп**: тяжёлые барабаны, сэмплы, плотная читка про улицу, справедливость и цену собственных ошибок. За плечами EP 2012, альбомы Znaš me znam te, Ja repujem, To je rep, совместная с Ajs Nigrutin пластинка Kad goveda utihnu (2022) и Neka teče (2023). Среди постоянных партнёров по трекам Prti Bee Gee, Struka, Timbe, Bvana.

В 2026 году вышел альбом **Ja se ne bojim**: 16 новых песен, гости Juice, CYA и Ghet, а из Нью-Йорка Diamond D (D.I.T.C.) и дуэт Smif-N-Wessun; заглавный трек спродюсировал DJ Goce. Концерт в KC Grad, клубный формат: небольшой зал бывшего склада на набережной Савы, сцена на расстоянии вытянутой руки.

Организатор: KC Grad.","**Smoke Mardeljano** (Miloš Stojanović, born 1991) grew up in Voždovac, in a block locals call ""Vietnam"", and has been rapping since 2007. His biography reads like one of his verses: as a teenager he was sent to the juvenile correctional facility in Kruševac, where he was given the number 9625 (it still turns up in his tracks) and started recording seriously in a makeshift ""deaf room"". In 2016 a documentary about him, Ja repujem, was released.

His sound is classic **boom bap**: heavy drums, samples and dense rhymes about the street, justice and the price of one's own mistakes. Behind him are the EP 2012, the albums Znaš me znam te, Ja repujem and To je rep, the joint record with Ajs Nigrutin Kad goveda utihnu (2022) and Neka teče (2023). Regular collaborators include Prti Bee Gee, Struka, Timbe and Bvana.

In 2026 he released **Ja se ne bojim**: 16 new tracks with guests Juice, CYA and Ghet, plus New York veterans Diamond D of D.I.T.C. and the duo Smif-N-Wessun; the title track was produced by DJ Goce. The KC Grad show is a club-sized one: the small hall of a former warehouse on the Sava riverbank, with the stage within arm's reach.

Organiser: KC Grad.","**Smoke Mardeljano** (Miloš Stojanović, 1991) odrastao je na Voždovcu, u kraju koji komšiluk zove Vijetnam, i repuje od 2007. Njegova biografija zvuči kao strofa: kao tinejdžer dospeo je u popravni dom u Kruševcu, gde je dobio broj 9625 (i danas se pojavljuje u njegovim pesmama) i počeo ozbiljno da snima u improvizovanoj ""gluvoj sobi"". O njemu je 2016. snimljen dokumentarac Ja repujem.

Zvuk je klasičan **bum-bep**: teški bubnjevi, semplovi i gust tekst o ulici, pravdi i ceni sopstvenih grešaka. Iza njega su EP 2012, albumi Znaš me znam te, Ja repujem i To je rep, zajednička ploča sa Ajs Nigrutinom Kad goveda utihnu (2022) i Neka teče (2023). Među stalnim saradnicima su Prti Bee Gee, Struka, Timbe i Bvana.

U 2026. izašao je album **Ja se ne bojim**: 16 novih pesama, gosti Juice, CYA i Ghet, a iz Njujorka Diamond D iz D.I.T.C. kolektiva i dvojac Smif-N-Wessun; naslovnu numeru producirao je DJ Goce. Koncert u KC Gradu je klupskog formata: mala sala nekadašnjeg magacina na obali Save, bina na dohvat ruke.

Organizator: KC Grad.",20:00,,KC Grad,"Braće Krsmanović 4, Beograd","44.814317,20.450415",https://kcgrad.rs/calendar/#2026-09-15-smoke-mardiljano-concert,kcgrad.rs,https://kcgrad.rs/calendar/#2026-09-15-smoke-mardiljano-concert,KC Grad,https://www.kcgrad.rs/,,,,,,"хип-хоп, рэп, Smoke Mardeljano, концерт, KC Grad","hip hop, rap, Smoke Mardeljano, concert, KC Grad","hip-hop, rep, Smoke Mardeljano, koncert, KC Grad"
9/15/2026,9/15/2026,9/5/2026,1177,Organization,Institut za filozofiju i društvenu teoriju,https://ifdt.bg.ac.rs/,,EducationEvent,"Разговор о переводе: Адриана Захариевич, Тияна Парезанович и Елена Купсяк в галерее Polet","Talking Translation: Adriana Zaharijević, Tijana Parezanović and Jelena Kupsjak at Galerija Polet","Razgovor o prevođenju: Adriana Zaharijević, Tijana Parezanović i Jelena Kupsjak u Galeriji Polet",https://raw.githubusercontent.com/newsgl/arsposters/main/1177-TalkingTranslationAdrian.webp,,Lectures,"Три переводчицы, философ Адриана Захариевич, англистка Тияна Парезанович и антрополог Елена Купсяк, рассказывают о словах, которые не хотят переводиться, и о решениях, которых не видно в готовой книге. 15 сентября в 19:00 в галерее Polet, Cetinjska 15. Вход свободный. На сербском языке.","Three translators, philosopher Adriana Zaharijević, anglicist Tijana Parezanović and anthropologist Jelena Kupsjak, talk about words that resist translation and the decisions invisible in a finished book. 15 September at 19:00 at Galerija Polet, Cetinjska 15. Free entry. In Serbian.","Tri prevoditeljke, filozofkinja Adriana Zaharijević, anglistkinja Tijana Parezanović i antropološkinja Jelena Kupsjak, govore o rečima koje se opiru prevodu i odlukama koje se u gotovoj knjizi ne vide. 15. septembra u 19.00 u Galeriji Polet, Cetinjska 15. Ulaz je slobodan.","Что происходит с текстом, когда он переходит из одного языка в другой? Где заканчивается верность оригиналу и начинается новый текст? И сколько в каждом переводе остаётся от самой переводчицы? Об этом на конкретных примерах из своей работы говорят три специалистки, для которых перевод стал частью научной биографии.

**Адриана Захариевич**, научный советник IFDT, уже два десятилетия переводит феминистскую теорию и философию с английского на сербский, в том числе Джудит Батлер, о которой написала две монографии. **Тияна Парезанович**, профессор и декан Факультета иностранных языков Университета Alfa BK, автор учебника «Основы перевода для англистов» и литературная переводчица. **Елена Купсяк**, доцент Задарского университета, антрополог, перевела на хорватский книгу Анны Лёвенхаупт Цзин «Гриб на краю света».

Речь пойдёт о понятиях, для которых в другом языке нет простого эквивалента, о разнице между переводом теории и литературы, о решениях, рождающихся в разговорах с коллегами, и о том, что обычно остаётся невидимым: сомнениях, ошибках, компромиссах и моментах, когда перевод начинает менять и текст, и язык, на котором он создаётся.

Открытый разговор проводит лаборатория SolidCareLab (исследования филантропии, солидарности и заботы). Вход свободный.

Организатор: Институт философии и общественной теории Белградского университета.","What happens to a text when it crosses from one language into another? Where does fidelity to the original end and a new text begin? And how much of the translator herself remains in every translation? Three scholars for whom translating became part of their academic lives discuss these questions through concrete examples from their own work.

**Adriana Zaharijević**, principal research fellow at IFDT, has translated feminist theory and philosophy from English into Serbian for two decades, including Judith Butler, on whom she has written two monographs. **Tijana Parezanović**, professor and dean of the Faculty of Foreign Languages at Alfa BK University, is a literary translator and author of the textbook Osnovi prevođenja za angliste. **Jelena Kupsjak**, assistant professor at the University of Zadar and an anthropologist, translated Anna Lowenhaupt Tsing's The Mushroom at the End of the World into Croatian.

The conversation covers concepts with no simple equivalent in another language, the difference between translating theory and literature, decisions born in conversations with others, and what usually stays hidden once the book is printed: doubts, mistakes, compromises and the moments when a translation starts to change both the text and the language it is written in.

The open discussion is hosted by SolidCareLab, the institute's laboratory for the study of philanthropy, solidarity and care. Free entry.

Organiser: Institute for Philosophy and Social Theory, University of Belgrade.","Šta se događa s tekstom kada pređe iz jednog jezika u drugi? Gde prestaje vernost izvorniku, a počinje novi tekst? I koliko u svakom prevodu ostaje traga same prevoditeljke? O tome, na konkretnim primerima iz sopstvenog rada, govore tri naučnice kojima je prevođenje postalo deo akademske biografije.

**Adriana Zaharijević**, naučna savetnica IFDT-a, već dve decenije prevodi feminističku teoriju i filozofiju s engleskog na srpski, uključujući Džudit Batler, o kojoj je napisala dve monografije. **Tijana Parezanović**, redovna profesorka i dekanica Fakulteta za strane jezike Alfa BK Univerziteta, književna je prevoditeljka i autorka udžbenika Osnovi prevođenja za angliste. **Jelena Kupsjak**, docentkinja Sveučilišta u Zadru i antropološkinja, prevela je na hrvatski knjigu Ane Louenhaupt Cing Gljiva na kraju svijeta.

Biće reči o pojmovima za koje u drugom jeziku nema jednostavnog ekvivalenta, o razlici između prevođenja teorije i književnosti, o odlukama koje nastaju u razgovoru s drugima i o onome što obično ostaje nevidljivo kad knjiga izađe: nedoumicama, greškama, kompromisima i trenucima kada prevod počne da menja i tekst i jezik u kojem nastaje.

Otvoreni razgovor organizuje SolidCareLab, laboratorija instituta za studije filantropije, solidarnosti i brige. Ulaz je slobodan.

Organizator: Institut za filozofiju i društvenu teoriju Univerziteta u Beogradu.",19:00,0,Polet,"Cetinjska 15, 11000 Beograd","44.818020,20.465398",https://ifdt.bg.ac.rs/events/otvoreni-razgovor-razgovor-o-prevodenju-solidcare/,ifdt.bg.ac.rs,https://ifdt.bg.ac.rs/events/otvoreni-razgovor-razgovor-o-prevodenju-solidcare/,Institut za filozofiju i društvenu teoriju Univerziteta u Beogradu,https://ifdt.bg.ac.rs/,,,,,,"разговор, перевод, литература, философия, бесплатно","talk, translation, literature, philosophy, free","razgovor, prevođenje, književnost, filozofija, besplatno"
9/15/2026,9/15/2026,9/5/2026,1178,Person,Oleg Ekimov,https://heapspace.rs/,,EducationEvent,Бизнес-аналитик в эпоху ИИ: лекция Олега Екимова (EPAM) в Startit centar,Being a Business Analyst in the AI Era: Oleg Ekimov (EPAM) at Startit Centar,Being a Business Analyst in the AI Era: predavanje Olega Ekimova (EPAM) u Startit centru,https://raw.githubusercontent.com/newsgl/arsposters/main/1178-BeingaBusinessAnalystint.webp,,Lectures,"Олег Екимов, ведущий бизнес-аналитик EPAM, разбирает, что ИИ на самом деле изменил в ежедневной работе бизнес-аналитика, а где это пока только разговоры. 15 сентября в 19:00 в Startit centar (Savska 5), двери с 18:30. Вход свободный по регистрации. На английском языке.","Oleg Ekimov, Lead Business Analyst at EPAM, looks at what AI has really changed in a business analyst's daily work and where it is still more hype than substance. 15 September at 19:00 at Startit Centar (Savska 5), doors at 18:30. Free with registration. In English.","Oleg Ekimov, vodeći poslovni analitičar u EPAM-u, govori o tome šta je veštačka inteligencija zaista promenila u svakodnevnom radu biznis analitičara, a gde je i dalje više priče nego suštine. 15. septembra u 19.00 u Startit centru (Savska 5), vrata od 18.30. Ulaz je besplatan uz prijavu. Na engleskom jeziku.","Все говорят, что ИИ меняет работу бизнес-аналитика. Но что именно изменилось, а что осталось прежним? Об этом рассказывает **Олег Екимов**, Lead Business Analyst в EPAM Systems, одной из компаний-партнёров сообщества Heapspace.

Формат не отчёт с трибуны, а разговор по существу. Екимов делится собственными наблюдениями из практики: где ИИ реально экономит время аналитику, а где ожидания не совпадают с результатом. После выступления он открывает дискуссию: слушателей приглашают рассказать, что поменялось в их ежедневной работе, а что нет.

Лекция подойдёт бизнес- и системным аналитикам, продакт-менеджерам и всем, кто работает на стыке бизнеса и разработки. Уровень подготовки не важен.

**Heapspace** с 2004 года развивает IT-сообщество Сербии: проводит митапы, конференцию Heapcon и Belgrade SEO Conference. Двери открываются в 18:30, выступление начинается в 19:00.

На английском языке.

Вход свободный, нужна регистрация.

Организатор: Heapspace.","Everyone says AI is changing what business analysts do. But what exactly has changed, and what has stayed the same? **Oleg Ekimov**, Lead Business Analyst at EPAM Systems, one of Heapspace's partner companies, shares his own view from the field.

This is not a slide deck read from a podium. Ekimov talks about his day-to-day observations: where AI genuinely saves an analyst's time, and where the promise does not match the result. He then opens the floor: the audience is invited to say what has changed in their own work and what has not.

The talk suits business and systems analysts, product managers and anyone working between business and engineering. No prior knowledge is required.

**Heapspace** has been building Serbia's IT community since 2004, running meetups, the Heapcon conference and the Belgrade SEO Conference. Doors open at 18:30, the talk starts at 19:00.

In English.

Free entry, registration required.

Organiser: Heapspace.","Svi pričaju da veštačka inteligencija menja posao biznis analitičara. Ali šta se tačno promenilo, a šta je ostalo isto? O tome govori **Oleg Ekimov**, Lead Business Analyst u kompaniji EPAM Systems, jednoj od partnerskih firmi zajednice Heapspace.

Nije reč o prezentaciji koja se čita sa slajdova. Ekimov iznosi sopstvena zapažanja iz prakse: gde AI analitičaru zaista štedi vreme, a gde obećanja ne prate rezultati. Zatim otvara diskusiju: publika je pozvana da kaže šta se promenilo u njenom svakodnevnom radu, a šta nije.

Predavanje je za biznis i sistemske analitičare, product menadžere i sve koji rade na granici biznisa i razvoja. Predznanje nije potrebno.

**Heapspace** od 2004. godine razvija IT zajednicu u Srbiji: organizuje mitape, konferenciju Heapcon i Belgrade SEO Conference. Vrata se otvaraju u 18.30, predavanje počinje u 19.00.

Na engleskom jeziku.

Ulaz je besplatan, potrebna je prijava.

Organizator: Heapspace.",19:00,0,Startit centar,"Savska 5, Beograd","44.806917,20.455505",https://www.meetup.com/heapspace/events/316382328/,meetup.com,https://forms.gle/ErKf4pEXsCqUrieH7,Heapspace,https://heapspace.rs/,,,,,,"лекция, IT, бизнес-анализ, искусственный интеллект, Heapspace","lecture, IT, business analysis, artificial intelligence, Heapspace","predavanje, IT, biznis analiza, veštačka inteligencija, Heapspace"
9/15/2026,9/15/2026,9/5/2026,1179,Person,Sivert Høyem,https://en.wikipedia.org/wiki/Sivert_H%C3%B8yem,,MusicEvent,Sivert Høyem с группой на Zappa Barka,Sivert Høyem and band at Zappa Barka,Sivert Høyem sa bendom na Zappa Barki,https://raw.githubusercontent.com/newsgl/arsposters/main/1179-SivertHyemandbandatZappa.webp,https://open.spotify.com/artist/2xMBy2SwN1OMgSSCKmX3IG,Concerts,"Норвежец Сиверт Хойем, бывший фронтмен Madrugada, возвращается в Белград с группой и юбилейной программой: от «Moon Landing» и «Prisoner of the Road» до альбома «Dancing Headlights» (2025). 15 сентября в 21:00 на Zappa Barka, двери в 20:00. Билеты 3600 динаров в предпродаже, 4200 в день концерта.","Norwegian singer Sivert Høyem, former Madrugada frontman, returns to Belgrade with his band and an anniversary set: from Moon Landing and Prisoner of the Road to the 2025 album Dancing Headlights. 15 September at 21:00 at Zappa Barka, doors 20:00. Tickets 3600 dinars in presale, 4200 on the day.","Norvežanin Sivert Høyem, nekadašnji frontmen Madrugade, vraća se u Beograd sa bendom i jubilarnim programom: od „Moon Landing“ i „Prisoner of the Road“ do albuma „Dancing Headlights“ (2025). 15. septembra u 21.00 na Zappa Barki, ulaz od 20.00. Karte 3600 dinara u pretprodaji, 4200 na dan koncerta.","Низкий баритон, который узнают с первой ноты: **Сиверт Хойем** десять лет был голосом норвежской группы **Madrugada**, а после её распада в 2008 году построил не менее заметную сольную карьеру. Семь альбомов, от «Ladies and Gentlemen of the Opposition» (2004) до «On an Island» (2024) и «Dancing Headlights» (2025), плюс «Black & Gold», заглавная тема сериала «Оккупированные».

Нынешний тур сам музыкант называет праздником рубежей: 20 лет альбому «Exiles», 10 лет «Lioness» и собственное пятидесятилетие. Организаторы обещают, что каждый вечер тура будет разным: редкие вещи из каталога, сюрпризы и тихие акустические моменты вперемешку с хитами вроде «Moon Landing», «Prisoner of the Road» и «Sleepwalking Man». Играет Хойем с постоянной концертной группой.

В Белграде он не впервые, и площадка выбрана под стать: баржа Zappa Barka у крепости, где сцена и зрители на расстоянии нескольких метров.

Цена: 3600 динаров в предпродаже, 4200 в день концерта.

Организатор: Rock Svirke Agency.","A low baritone you recognise from the first note: **Sivert Høyem** fronted the Norwegian band **Madrugada** for a decade and, after the group ended in 2008, built an equally strong solo career. Seven albums so far, from Ladies and Gentlemen of the Opposition (2004) to On an Island (2024) and Dancing Headlights (2025), plus Black & Gold, the theme song of the TV series Occupied.

Høyem calls this tour a celebration of milestones: 20 years of the album Exiles, 10 years of Lioness, and his own 50th birthday. The promoters promise that no two nights will be the same, with rarities from the back catalogue, surprises and quiet acoustic moments alongside staples such as Moon Landing, Prisoner of the Road and Sleepwalking Man. He performs with his regular touring band.

This is not his first Belgrade visit, and the venue fits the music: the Zappa Barka barge below the fortress, where the stage is only a few metres from the crowd.

Price: 3600 dinars in presale, 4200 on the day of the show.

Promoter: Rock Svirke Agency.","Duboki bariton koji se prepoznaje od prve note: **Sivert Høyem** je deset godina bio glas norveškog benda **Madrugada**, a posle raspada grupe 2008. izgradio je jednako zapaženu solo karijeru. Sedam albuma, od „Ladies and Gentlemen of the Opposition“ (2004) do „On an Island“ (2024) i „Dancing Headlights“ (2025), plus „Black & Gold“, uvodna tema serije „Okkupert“.

Ovu turneju sam muzičar zove proslavom prekretnica: 20 godina albuma „Exiles“, 10 godina „Lioness“ i sopstveni pedeseti rođendan. Organizatori najavljuju da nijedno veče neće biti isto: retke pesme iz kataloga, iznenađenja i tihi akustični trenuci uz numere kao što su „Moon Landing“, „Prisoner of the Road“ i „Sleepwalking Man“. Svira sa stalnim koncertnim bendom.

U Beogradu nije prvi put, a prostor je biran po meri muzike: Zappa Barka ispod tvrđave, gde su bina i publika na nekoliko metara.

Cena: 3600 dinara u pretprodaji, 4200 na dan koncerta.

Organizator: Rock Svirke Agency.",21:00,3600,Zappa Barka,"Bulevar vojvode Bojovića, kej kod Kule Nebojša, 11000 Beograd","44.828226,20.446185",https://www.bandsintown.com/e/108328154-sivert-hoyem-at-zappa-barka,bandsintown.com,https://tickets.rocksvirke.com/event-detail/69f0a3e6e4786f1722171a21/,Rock Svirke Agency,https://www.rocksvirke.com/,,,,,,"рок, инди, Норвегия, Madrugada, Zappa Barka","rock, indie, Norway, Madrugada, Zappa Barka","rok, indi, Norveška, Madrugada, Zappa Barka"
9/16/2026,9/16/2026,9/5/2026,1180,Organization,1by1.party,https://www.instagram.com/1by1.party/,,MusicEvent,A$AP Rocky & Rihanna Theme Party от 1by1.party в KC Grad,A$AP Rocky & Rihanna Theme Party by 1by1.party at KC Grad,A$AP Rocky & Rihanna Theme Party by 1by1.party u KC Gradu,https://raw.githubusercontent.com/newsgl/arsposters/main/1180-AAPRockyRihannaThemePart.webp,,Concerts,"Тематическая вечеринка 1by1.party: вечер из треков Рианны и A$AP Rocky, от Umbrella до Fashion Killa, в диджейском сете. 16 сентября в 21:00 в KC Grad (Савамала). Цена входа не объявлена.","A 1by1.party theme night: an evening of Rihanna and A$AP Rocky tracks, from Umbrella to Fashion Killa, in a DJ set. 16 September at 21:00 at KC Grad in Savamala. Entry price not announced.","Tematska žurka 1by1.party: veče pesama Rihanne i A$AP Rockyja, od Umbrella do Fashion Killa, u DJ setu. 16. septembra u 21.00 u KC Gradu u Savamali. Cena ulaza nije objavljena.","Команда **1by1.party** («Jedna po jedna») продолжает серию вечеринок в KC Grad, где весь вечер отдан одному артисту или одному дуэту. Уже были Ариана Гранде, Pitbull с Inna и Charli XCX; на этот раз два имени сразу, потому что в жизни они тоже вместе.

**Рианна**: певица с Барбадоса, восемь студийных альбомов, Umbrella, We Found Love, Diamonds, Work и десяток других номеров первых строчек, а с 2016 года пауза в музыке ради Fenty и семьи. **A$AP Rocky**: рэпер из Гарлема, лидер коллектива A$AP Mob, альбомы Long.Live.A$AP и At.Long.Last.A$AP, трек Fashion Killa с Рианной в клипе ещё в 2013 году. Пара вместе с 2020 года, у них двое сыновей.

Диджей играет только их: сольные хиты, совместные вещи, фиты и ремиксы. Дресс-код не объявлен, но по духу вечера понятно, куда его тянуть.

Организатор: 1by1.party.","The **1by1.party** crew (Jedna po jedna) continues its series of nights at KC Grad where the whole evening belongs to one artist, or one duo. Ariana Grande, Pitbull with Inna and Charli XCX have had their nights; this time it is two names at once, because off stage they are together too.

**Rihanna**: the singer from Barbados, eight studio albums, Umbrella, We Found Love, Diamonds, Work and a dozen more chart-toppers, and since 2016 a break from music for Fenty and family. **A$AP Rocky**: the Harlem rapper who fronts the A$AP Mob collective, the albums Long.Live.A$AP and At.Long.Last.A$AP, and Fashion Killa, whose 2013 video already starred Rihanna. The two have been a couple since 2020 and have two sons.

The DJ plays only them: solo hits, the joint tracks, features and remixes. No dress code has been announced, but the spirit of the night makes the direction obvious.

Organiser: 1by1.party.","Ekipa **1by1.party** (Jedna po jedna) nastavlja seriju žurki u KC Gradu na kojima celo veče pripada jednom izvođaču ili jednom dvojcu. Već su prošli Ariana Grande, Pitbull sa Innom i Charli XCX; ovog puta dva imena odjednom, jer su i van bine zajedno.

**Rihanna**: pevačica sa Barbadosa, osam studijskih albuma, Umbrella, We Found Love, Diamonds, Work i još desetak numera sa vrha lista, a od 2016. pauza od muzike zbog Fentyja i porodice. **A$AP Rocky**: reper iz Harlema, lider kolektiva A$AP Mob, albumi Long.Live.A$AP i At.Long.Last.A$AP i pesma Fashion Killa, u čijem spotu je Rihanna glumila još 2013. Par su od 2020. i imaju dva sina.

DJ pušta samo njih dvoje: solo hitove, zajedničke pesme, saradnje i remikse. Dress code nije objavljen, ali duh večeri jasno govori u kom pravcu.

Organizator: 1by1.party.",21:00,,KC Grad,"Braće Krsmanović 4, Beograd","44.814317,20.450415",https://kcgrad.rs/calendar/#2026-09-16-asap-rihanna-theme-party-by-1by1-party,kcgrad.rs,https://kcgrad.rs/calendar/#2026-09-16-asap-rihanna-theme-party-by-1by1-party,1by1.party,https://www.instagram.com/1by1.party/,,,,,,"вечеринка, Rihanna, A$AP Rocky, DJ-сет, 1by1.party, KC Grad","party, Rihanna, A$AP Rocky, DJ set, 1by1.party, KC Grad","žurka, Rihanna, A$AP Rocky, DJ set, 1by1.party, KC Grad"
9/16/2026,9/16/2026,9/5/2026,1181,Organization,Dvadeset Jedan,https://t.me/dvadesetjedan21,,EducationEvent,Bitcoin only meetup: встреча сообщества Dvadeset Jedan в Docker Brewery,Bitcoin Only Meetup: Dvadeset Jedan Community at Docker Brewery,Bitcoin only meetup: okupljanje zajednice Dvadeset Jedan u Docker pivari,https://raw.githubusercontent.com/newsgl/arsposters/main/1181-BitcoinOnlyMeetupDvadese.webp,,Lectures,"Ежемесячная встреча биткоин-максималистов Dvadeset Jedan: разговоры о биткоине, экономике, технологиях и философии за пивом, новичков ждут особенно. 16 сентября в 19:00 в Docker Brewery & Beer Garden (Žorža Klemansoa 27b). Вход свободный. На сербском и английском языках.","Monthly gathering of the Bitcoin maximalists of Dvadeset Jedan: talk about bitcoin, economics, technology and philosophy over a beer, beginners especially welcome. 16 September at 19:00 at Docker Brewery & Beer Garden (Žorža Klemansoa 27b). Free entry. In Serbian and English.","Mesečno okupljanje bitcoin maksimalista iz grupe Dvadeset Jedan: razgovor o bitcoinu, ekonomiji, tehnologiji i filozofiji uz pivo, početnici su posebno dobrodošli. 16. septembra u 19.00 u Docker pivari i bašti (Žorža Klemansoa 27b). Ulaz slobodan. Na srpskom i engleskom jeziku.","Что общего у экономики, криптографии и философии? Для участников **Dvadeset Jedan** ответ один: биткоин. Название группы отсылает к 21 миллиону монет, больше которых никогда не будет выпущено.

Dvadeset Jedan объединяет биткоин-максималистов с территории бывшей Югославии: часть из них работает в биткоин-индустрии, остальные энтузиасты. Их объединяет позиция, что биткоин единственная настоящая криптовалюта, и на встречах об альткоинах не говорят. Обсуждают сам биткоин, экономику, технологии, философию и смежные темы; иногда участники показывают свои проекты, проводят воркшопы и записывают подкаст на YouTube.

Встречи проходят каждую третью среду месяца в пивоварне **Docker Brewery & Beer Garden** на Дорчоле. Формат свободный: приходите с вопросами или просто послушать. Организаторы подчёркивают, что рады новичкам и с удовольствием объяснят основы.

Разговор идёт на сербском и английском.

Вход свободный.

Организатор: Dvadeset Jedan.","What do economics, cryptography and philosophy have in common? For the members of **Dvadeset Jedan** the answer is bitcoin. The group's name (""twenty-one"" in Serbian) refers to the 21 million coins that will ever exist.

Dvadeset Jedan brings together bitcoin maximalists from the former Yugoslavia: some work in the bitcoin industry, others are enthusiasts. What unites them is the view that bitcoin is the only real cryptocurrency, so altcoins are not on the agenda. The conversation covers bitcoin itself, economics, technology, philosophy and related topics; members occasionally present projects, run workshops and record a podcast on YouTube.

The meetup takes place every third Wednesday of the month at **Docker Brewery & Beer Garden** in Dorćol. The format is informal: bring questions or just come to listen. The organisers stress that beginners are welcome and that they are happy to explain the basics.

In Serbian and English.

Free entry.

Organiser: Dvadeset Jedan.","Šta je zajedničko ekonomiji, kriptografiji i filozofiji? Za članove grupe **Dvadeset Jedan** odgovor je bitcoin. Ime grupe upućuje na 21 milion novčića, više od toga nikada neće biti izdato.

Dvadeset Jedan okuplja bitcoin maksimaliste sa ex-yu prostora: neki od njih rade u bitcoin industriji, drugi su entuzijasti. Zajednički im je stav da je bitcoin jedina prava kriptovaluta, pa altkoini nisu tema. Razgovara se o samom bitcoinu, ekonomiji, tehnologiji, filozofiji i srodnim temama; ponekad članovi predstavljaju projekte, drže radionice i snimaju podkast na YouTube-u.

Okupljanje je svake treće srede u mesecu u pivari **Docker Brewery & Beer Garden** na Dorćolu. Format je opušten: dođite sa pitanjima ili samo da slušate. Organizatori naglašavaju da su početnici dobrodošli i da će im rado objasniti osnove.

Na srpskom i engleskom jeziku.

Ulaz slobodan.

Organizator: Dvadeset Jedan.",19:00,0,Docker Brewery & Beer Garden,"Žorža Klemansoa 27b, Beograd","44.824553,20.471015",https://www.meetup.com/dvadeset-jedan/events/316299659/,meetup.com,https://www.meetup.com/dvadeset-jedan/events/316299659/,Dvadeset Jedan,https://www.meetup.com/dvadeset-jedan/,,,,,,"митап, биткоин, криптовалюты, экономика, Дорчол","meetup, bitcoin, cryptocurrency, economics, Dorćol","mitap, bitcoin, kriptovalute, ekonomija, Dorćol"
9/16/2026,9/17/2026,9/5/2026,1182,MusicGroup,Magla bend,https://magla-bend.com/,,MusicFestival,Magla bend: два концерта в Плавой дворане Сава-центра,Magla bend: two nights at Sava Centar's Plava dvorana,Magla bend: dva koncerta u Plavoj dvorani Sava Centra,https://raw.githubusercontent.com/newsgl/arsposters/main/1182-MaglabendtwonightsatSava.webp,,Concerts,"Белградская поп-группа Magla bend даёт шестой и седьмой сольные концерты в Плавой дворане Сава-центра: хиты вроде «Samo se noćas pojavi» и новые песни, новая сценография с «сценой внутри сцены». 16 и 17 сентября в 20:30, билеты от 2300 динаров.","Belgrade pop band Magla bend play their sixth and seventh headline shows in Sava Centar's Plava dvorana: hits such as Samo se noćas pojavi plus new songs, with a new stage design built around a stage within the stage. 16 and 17 September at 20:30, tickets from 2300 dinars.","Beogradski pop sastav Magla bend drži šesti i sedmi solistički koncert u Plavoj dvorani Sava Centra: hitovi poput „Samo se noćas pojavi“ i nove pesme, uz novu scenografiju sa „binom u bini“. 16. i 17. septembra u 20.30, karte od 2300 dinara.","Два вечера подряд в одном из самых больших залов города: для группы, которая появилась в Белграде в 2015 году, это уже шестой и седьмой сольный концерт в Сава-центре. **Magla bend** начинали с альбома «Kad se ljubav rađa» (2016), а в 2018-м песня **«Samo se noćas pojavi»** возглавила сербские и региональные чарты и сделала группу одним из самых востребованных поп-составов страны. Тогда же вышел дуэт с Наташей Бекваац «Neprijatelj», позже последовали новые синглы и совместные записи с известными исполнителями.

Состав: Владан Савич, Миодраг Цвьетан, Игорь Бириньски, Бошко Драганич и Дарко Троянович.

На этот раз группа обещает не просто концерт, а сценическое шоу с новой визуальной концепцией. Главная идея: **сцена внутри сцены**, приём, который на сербских концертах пока не использовали, чтобы сократить дистанцию между музыкантами и залом. Режиссёр постановки Иван Стоилькович, работавший над крупными международными проектами, ставит концерт в Сербии впервые. В программе главные хиты и новые песни, которые сейчас поднимаются в региональных чартах.

Вход в зал только со стороны улицы Владимира Поповича, через парадный вход Плавой двораны.

Цена: от 2300 динаров.","Two nights in a row in one of the city's biggest halls: for a band formed in Belgrade in 2015, these are already their sixth and seventh headline concerts at Sava Centar. **Magla bend** started with the album Kad se ljubav rađa (2016); in 2018 the song **Samo se noćas pojavi** topped the Serbian and regional charts and turned them into one of the most in-demand pop acts in the country. The same year brought the duet Neprijatelj with Nataša Bekvalac, followed by new singles and collaborations with established artists.

The line-up: Vladan Savić, Miodrag Cvjetan, Igor Birinjski, Boško Draganić and Darko Trojanović.

This time the band promises a full stage production with a new visual concept. The central idea is a **stage within the stage**, a device not yet used at Serbian concerts, meant to shrink the distance between the musicians and the audience. The show is directed by Ivan Stojiljković, who has worked on major international productions and is staging a concert in Serbia for the first time. The set list mixes the biggest hits with new songs currently climbing the regional charts.

Entry is only from Vladimira Popovića Street, through the main entrance of Plava dvorana.

Price: from 2300 dinars.","Dve večeri zaredom u jednoj od najvećih sala u gradu: za bend osnovan u Beogradu 2015. ovo su već šesti i sedmi solistički koncert u Sava Centru. **Magla bend** je krenuo albumom „Kad se ljubav rađa“ (2016), a 2018. pesma **„Samo se noćas pojavi“** zauzela je vrh domaćih i regionalnih lista i dovela ih među najtraženije pop sastave u zemlji. Iste godine izašao je i duet „Neprijatelj“ sa Natašom Bekvalac, a potom novi singlovi i saradnje sa poznatim izvođačima.

Postava: Vladan Savić, Miodrag Cvjetan, Igor Birinjski, Boško Draganić i Darko Trojanović.

Ovog puta bend najavljuje muzičko-scenski spektakl sa novim vizuelnim konceptom. Glavna ideja je **bina u bini**, rešenje koje na domaćim koncertima do sada nije korišćeno, kako bi se skratilo rastojanje između muzičara i publike. Reditelj je Ivan Stojiljković, koji je radio na velikim međunarodnim projektima, a ovo mu je prvi koncert u Srbiji. Na repertoaru su najveći hitovi i nove pesme koje trenutno rastu na regionalnim listama.

Ulaz u salu isključivo iz Ulice Vladimira Popovića, na svečani ulaz Plave dvorane.

Cena: od 2300 dinara.",20:30,2300,Sava Centar,"Milentija Popovića 9, 11070 Novi Beograd","44.809354,20.432128",https://www.bandsintown.com/e/108560752-magla-bend-at-sava-centar-plava-dvorana,bandsintown.com,https://tickets.rs/tour/magla_bend_2411,,,,,,,,"поп, концерт, Сава-центр, сербская музыка","pop, concert, Sava Centar, Serbian music","pop, koncert, Sava Centar, domaća muzika"
9/17/2026,9/17/2026,9/5/2026,1183,Person,Ina Poljak,https://velikeprice.com/author/ina-poljak/,,EducationEvent,Ина Поляк представляет роман «Majka» в KC Grad,Ina Poljak Presents Her Novel Majka at KC Grad,Ina Poljak predstavlja roman „Majka“ u KC Gradu,https://raw.githubusercontent.com/newsgl/arsposters/main/1183-InaPoljakPresentsHerNove.webp,,Lectures,"Белградская презентация романа «Majka» психолога и писательницы Ины Поляк (издательство Veseli četvrtak): история о матери, которая периодически исчезает, и дочери, живущей с последствиями. 17 сентября в 19:00 в KC Grad (Савамала). На сербском языке.","The Belgrade launch of Majka, a novel by psychologist and writer Ina Poljak (published by Veseli četvrtak): the story of a mother who periodically disappears and a daughter who lives with the consequences. 17 September at 19:00 at KC Grad in Savamala. In Serbian.",Beogradska promocija romana „Majka“ psihološkinje i spisateljice Ine Poljak (IK Veseli četvrtak): priča o majci koja povremeno nestaje i ćerki koja živi sa posledicama. 17. septembra u 19.00 u KC Gradu u Savamali.,"Что мы должны своим матерям, и что они должны самим себе? Вокруг этого вопроса построен роман **«Majka»** («Мать») Ины Поляк, вышедший в 2026 году в издательстве Veseli četvrtak. В центре история женщины, которая время от времени исчезает из жизни семьи, и дочери, которой достаются последствия этих уходов. Рассказчица проходит детство, юность и взрослость, и фрагментарное повествование постепенно складывается в семейную хронику, где матери и дочери сталкиваются с собственным выбором, виной и свободой.

Редактор книги Зоран Пеневски описывает её как путешествие по семейным умолчаниям, а не поиск оправданий: отсутствие здесь формирует жизнь сильнее присутствия.

**Ина Поляк** (род. 1987, Нови-Сад) окончила психологию на философском факультете в Нови-Саде, живёт в Любляне, работает консультантом и помогает людям и брендам рассказывать свои истории. Её дебютный роман «Dobar momak» (Laguna, 2025) о «хорошем парне» Тодоре и цене послушания собрал полный зал на презентации в Delfi SKC. «Majka» её вторая книга, 324 страницы.

Встреча на сербском языке. Состав участников презентации организаторы объявят отдельно.

Организатор: IK Veseli četvrtak.","What do we owe our mothers, and what do they owe themselves? Ina Poljak's novel **Majka** (""Mother""), published in 2026 by Veseli četvrtak, is built around that question. At its centre is a woman who now and then disappears from her family's life, and a daughter left with the consequences of each departure. The narrator moves through childhood, adolescence and adulthood, and the fragmented narrative gradually forms a family chronicle in which mothers and daughters face their own choices, guilt and freedom.

The book's editor Zoran Penevski describes it as a journey through family silences rather than a search for excuses: here absence shapes lives more strongly than presence.

**Ina Poljak** (born 1987 in Novi Sad) studied psychology at the Faculty of Philosophy in Novi Sad, lives in Ljubljana and works as a consultant helping people and brands tell their stories. Her debut novel Dobar momak (Laguna, 2025), about a ""good guy"" named Todor and the price of obedience, filled the Delfi SKC bookshop at its launch. Majka is her second book, 324 pages.

The event is in Serbian. The organisers will announce the speakers separately.

Organiser: IK Veseli četvrtak.","Šta dugujemo svojim majkama, a šta one duguju sebi? Oko tog pitanja sazdan je roman **„Majka“** Ine Poljak, objavljen 2026. u izdanju Veselog četvrtka. U središtu je žena koja s vremena na vreme nestaje iz života porodice i ćerka koja ostaje sa posledicama tih odlazaka. Naratorka prolazi kroz detinjstvo, mladost i odraslo doba, a fragmentarna priča postepeno se slaže u porodičnu hroniku u kojoj se majke i ćerke suočavaju sa sopstvenim izborima, krivicom i slobodom.

Urednik knjige Zoran Penevski opisuje je kao putovanje kroz porodične tišine, a ne kao traženje izgovora: odsustvo ovde oblikuje život jače nego prisustvo.

**Ina Poljak** (1987, Novi Sad) diplomirala je psihologiju na Filozofskom fakultetu u Novom Sadu, živi u Ljubljani i radi kao konsultantkinja koja pomaže ljudima i brendovima da ispričaju svoje priče. Njen debitantski roman „Dobar momak“ (Laguna, 2025), o „dobrom momku“ Todoru i ceni poslušnosti, napunio je knjižaru Delfi SKC na promociji. „Majka“ je njena druga knjiga, 324 strane.

Učesnike promocije organizatori će najaviti posebno.

Organizator: IK Veseli četvrtak.",19:00,,KC Grad,"Braće Krsmanović 4, Beograd","44.814317,20.450415",https://kcgrad.rs/calendar/#2026-09-17-beogradska-promocije-romana-majka-ine-poljak-u-izdanju-ik-ve,kcgrad.rs,https://kcgrad.rs/calendar/#2026-09-17-beogradska-promocije-romana-majka-ine-poljak-u-izdanju-ik-ve,IK Veseli četvrtak,https://veselicetvrtak.rs/,,,,,,"литература, презентация книги, Ина Поляк, роман, KC Grad","literature, book launch, Ina Poljak, novel, KC Grad","književnost, promocija knjige, Ina Poljak, roman, KC Grad"
9/17/2026,9/17/2026,9/5/2026,1184,Person,Miomir Korać,https://ai.ac.rs/en/instructor/dr-miomir-korac/,,EducationEvent,Лекция Миомира Корача «Виминациум и Itinerarium Romanum Serbiae» в Коларце,"Miomir Korać: Viminacium and the Itinerarium Romanum Serbiae, Lecture at Kolarac",Predavanje dr Miomira Koraća „Viminacium – Itinerarium Romanum Serbiae“ u Kolarcu,https://raw.githubusercontent.com/newsgl/arsposters/main/1184-MiomirKoracViminaciumand.webp,,Lectures,"Археолог Миомир Корач, руководитель раскопок Виминациума с 1997 года и бывший директор Археологического института, рассказывает о столице римской Верхней Мёзии и о маршруте Itinerarium Romanum Serbiae по городам, где родились 18 римских императоров. 17 сентября в 18:00 в Малом зале Коларца. На сербском языке.","Archaeologist Miomir Korać, head of the Viminacium excavations since 1997 and former director of the Institute of Archaeology, talks about the capital of Roman Upper Moesia and the Itinerarium Romanum Serbiae, a route through the cities where 18 Roman emperors were born. 17 September at 18:00 in the Small Hall of Kolarac. In Serbian.","Arheolog dr Miomir Korać, rukovodilac istraživanja Viminacijuma od 1997. i bivši direktor Arheološkog instituta, govori o prestonici rimske Gornje Mezije i o ruti Itinerarium Romanum Serbiae kroz gradove u kojima je rođeno 18 rimskih imperatora. 17. septembra u 18.00 u Maloj sali Kolarca.","Более 14 000 раскопанных могил: больше, чем на любом другом римском памятнике во всей бывшей империи. Так выглядит Виминациум, столица провинции Верхняя Мёзия, которая примерно совпадала с территорией нынешней Сербии. О нём в Малом зале Коларца рассказывает **д-р Миомир Корач**, научный советник Археологического института в Белграде.

Корач руководит проектом Виминациум с 1997 года: раскопки городского ядра и каструма, лагеря VII Клавдиева легиона, ведутся с применением дистанционного зондирования, геофизики, ГИС и 3D-визуализации. С 2015 по 2022 год он был директором Археологического института, основал научный центр Domus Scientiarum Viminacium и «Парк мамонтов» рядом с раскопом.

Лекция строится вокруг истории исследований, от первых раскопок Михаила Валтровича в 1884 году и многолетних работ на некрополях с 1970-х до сегодняшнего фокуса на самом городе, и вокруг того, что могилы и обряды погребения позволяют реконструировать из повседневной жизни Виминациума.

Вторая тема: **Itinerarium Romanum Serbiae**, маршрут, соединяющий римские города на территории Сербии, где родились 18 императоров, больше, чем где-либо за пределами Италии. Императоры с этих земель, от середины III до VI века, по словам лектора, спасли империю и дали ей новую жизнь; среди них Константин, уроженец Ниша, чей Миланский эдикт 313 года уравнял христиан и язычников.

Организатор: Задужбина Илии М. Коларца.","More than 14,000 excavated graves, more than at any other Roman site in the former empire. That is Viminacium, capital of the province of Upper Moesia, which roughly matched the territory of today's Serbia. **Dr Miomir Korać**, principal research fellow at the Institute of Archaeology in Belgrade, presents it in the Small Hall of Kolarac.

Korać has led the Viminacium project since 1997: excavation of the urban core and the castrum, the camp of Legio VII Claudia, using remote sensing, geophysics, GIS and 3D visualisation. He was director of the Institute of Archaeology from 2015 to 2022 and founded the Domus Scientiarum Viminacium research centre and the Mammoth Park next to the site.

The lecture follows the history of research, from Mihailo Valtrović's first excavations in 1884 and the decades of work on the necropolises since the 1970s to today's focus on the city itself, and shows what graves and burial rites reveal about everyday life in Viminacium.

The second theme is the **Itinerarium Romanum Serbiae**, a route linking the Roman cities in Serbia where 18 emperors were born, more than anywhere outside Italy. The emperors from these lands, from the mid-3rd to the 6th century, in the lecturer's words saved the empire and gave it new life; among them Constantine, born in Niš, whose Edict of Milan of 313 put Christians and pagans on an equal footing.

The lecture is in Serbian.

Organiser: Ilija M. Kolarac Endowment.","Više od 14.000 iskopanih grobova, više nego na bilo kom drugom rimskom lokalitetu u celom nekadašnjem carstvu. To je Viminacijum, prestonica provincije Gornje Mezije, koja se približno poklapala sa teritorijom današnje Srbije. O njemu u Maloj sali Kolarca govori **dr Miomir Korać**, naučni savetnik Arheološkog instituta u Beogradu.

Korać vodi projekat Viminacijum od 1997: istraživanja gradskog jezgra i kastruma, logora legije VII Klaudijeve, uz daljinsku detekciju, geofiziku, GIS i 3D vizuelizaciju. Od 2015. do 2022. bio je direktor Arheološkog instituta, osnovao je naučni centar Domus Scientiarum Viminacium i „Park mamuta“ pored lokaliteta.

Predavanje prati istoriju istraživanja, od prvih iskopavanja Mihaila Valtrovića 1884. i višedecenijskog rada na nekropolama od sedamdesetih do današnjeg težišta na samom gradu, i pokazuje šta grobovi i način sahranjivanja otkrivaju o svakodnevnom životu Viminacijuma.

Druga tema je **Itinerarium Romanum Serbiae**, ruta koja povezuje rimske gradove u Srbiji u kojima je rođeno 18 imperatora, najviše van Italije. Imperatori sa ovih prostora, od sredine III do VI veka, po rečima predavača spasili su carstvo i udahnuli mu novi život; među njima je Konstantin, rođen u Nišu, čiji je Milanski edikt 313. godine izjednačio hrišćane i pagane.

Organizator: Zadužbina Ilije M. Kolarca.",18:00,,Zadužbina Ilije M. Kolarca,"Studentski trg 5, Beograd","44.819094,20.456261",http://www.kolarac.rs/predavanja/viminacium-itinerarium-romanum-serbiae-17-9-2026-u-18-mala-sala/,kolarac.rs,http://www.kolarac.rs/predavanja/viminacium-itinerarium-romanum-serbiae-17-9-2026-u-18-mala-sala/,Zadužbina Ilije M. Kolarca,https://www.kolarac.rs/,,,,,,"археология, Древний Рим, лекция, история, Коларац","archaeology, Ancient Rome, lecture, history, Kolarac","arheologija, antički Rim, predavanje, istorija, Kolarac"
9/17/2026,9/17/2026,9/5/2026,1185,Organization,Srpska akademija nauka i umetnosti (SANU),https://www.sanu.ac.rs/,,EducationEvent,"Сознание, сны, поведение: научный симпозиум в САНУ","Consciousness, Dreams, Behaviour: Scientific Symposium at SANU","Svest, snovi, ponašanje: naučni skup u SANU",https://raw.githubusercontent.com/newsgl/arsposters/main/1185-ConsciousnessDreamsBehav.webp,,Lectures,"Однодневный научный симпозиум Сербской академии наук и искусств о сознании, снах и поведении. 17 сентября с 9:00 в Парадном зале САНУ, Knez Mihailova 35. Вход свободный. На сербском языке.","A one-day scientific symposium of the Serbian Academy of Sciences and Arts on consciousness, dreams and behaviour. 17 September from 9:00 in the Ceremonial Hall of SANU, Knez Mihailova 35. Free entry. In Serbian.","Jednodnevni naučni skup Srpske akademije nauka i umetnosti o svesti, snovima i ponašanju. 17. septembra od 9.00 u Svečanoj sali SANU, Knez Mihailova 35. Ulaz je slobodan.","Как связаны сознание, сновидения и поведение человека? Этим трём темам посвящён научный симпозиум в Сербской академии наук и искусств, заявленный в сентябрьской программе САНУ в разделе научных собраний.

Симпозиум занимает один рабочий день и проходит в Парадном зале академии на Knez Mihailova, где обычно идут открытые для публики научные собрания и лекции академиков и гостей. Программу и список докладчиков академия на момент подготовки анонса не опубликовала.

Вход свободный.

Организатор: Сербская академия наук и искусств (САНУ).","How are consciousness, dreaming and human behaviour connected? These three themes make up the subject of a scientific symposium at the Serbian Academy of Sciences and Arts, listed in the academy's September programme under scientific meetings.

The symposium takes a single working day and is held in the academy's Ceremonial Hall on Knez Mihailova, the venue for its scientific meetings and public lectures by members and guests. The programme and list of speakers had not been published by the academy at the time of writing.

Free entry.

Organiser: Serbian Academy of Sciences and Arts (SANU).","Kako su povezani svest, snovi i ponašanje čoveka? Tim trima temama posvećen je naučni skup u Srpskoj akademiji nauka i umetnosti, najavljen u septembarskom programu SANU u rubrici naučnih skupova.

Skup traje jedan radni dan i održava se u Svečanoj sali akademije u Knez Mihailovoj, gde se inače održavaju naučni skupovi i javna predavanja članova i gostiju. Program i spisak izlagača akademija do pripreme ove najave nije objavila.

Ulaz je slobodan.

Organizator: Srpska akademija nauka i umetnosti (SANU).",09:00,0,SANU,"Knez Mihailova 35, Beograd","44.817674,20.456084",https://www.sanu.ac.rs/dogadjanja-u-tekucem-mesecu/#свест-снови-понашање,sanu.ac.rs,https://www.sanu.ac.rs/dogadjanja-u-tekucem-mesecu/#свест-снови-понашање,Srpska akademija nauka i umetnosti (SANU),https://www.sanu.ac.rs/,,,,,,"симпозиум, наука, нейронаука, САНУ, бесплатно","symposium, science, neuroscience, SANU, free","naučni skup, nauka, neuronauka, SANU, besplatno"
9/17/2026,9/17/2026,9/5/2026,1186,Person,Nikola Unković,https://palatanauke.rs/,,EducationEvent,Могут ли микроорганизмы защищать культурное наследие? Лекция миколога Николы Унковича в Палате науки,Can Microorganisms Protect Cultural Heritage? Lecture by mycologist Nikola Unković at the Palace of Science,Mogu li mikroorganizmi da čuvaju kulturno nasleđe? Predavanje mikologa Nikole Unkovića u Palati nauke,https://raw.githubusercontent.com/newsgl/arsposters/main/1186-CanMicroorganismsProtect.webp,,Lectures,"Миколог Никола Ункович (биологический факультет Белградского университета) рассказывает, как бактерии помогают чистить памятники и «заращивать» микротрещины в камне вместо синтетических биоцидов. Лекция к Международному дню микроорганизмов, 17 сентября в 17:00, зал «Реч» на третьем этаже. Вход свободный. На сербском языке.","Mycologist Nikola Unković (Faculty of Biology, University of Belgrade) explains how beneficial bacteria can clean monuments and seal microcracks in stone instead of synthetic biocides. A lecture for International Microorganism Day, 17 September at 17:00, Reč Hall on the third floor. Admission free. In Serbian.","Mikolog Nikola Unković (Biološki fakultet Univerziteta u Beogradu) objašnjava kako korisne bakterije čiste spomenike i zatvaraju mikropukotine u kamenu umesto sintetičkih biocida. Predavanje povodom Međunarodnog dana mikroorganizama, 17. septembra u 17.00, sala Reč na trećem spratu. Ulaz slobodan.","Когда речь заходит о микроорганизмах на памятниках, обычно думают о том, как от них избавиться: грибы и бактерии действительно разрушают станковую и настенную живопись, скульптуру, каменные памятники и исторические здания. Но все ли микробы вредны? Что, если часть из них способна сохранять то, что мы ценим?

Лекция посвящена именно этому невидимому миру. Одни микроорганизмы ускоряют разрушение, другие помогают удалять вредные отложения с поверхности или уплотняют микроскопические трещины в камне. Поэтому учёные изучают **полезные бактерии** как природную замену синтетическим биоцидам: и для борьбы с грибами, портящими наследие, и для консолидации микротрещин.

Лектор **Никола Ункович**, доцент и миколог с кафедры альгологии, микологии и лихенологии биологического факультета Белградского университета (Институт ботаники и ботанический сад «Евремовац»). В рамках проекта PROTECTA и других национальных и международных исследований его команда проверяет, как бактерии могут защищать памятники. Возможно, именно такие работы изменят наше представление о будущем консервации.

Лекция приурочена к Международному дню микроорганизмов. Зал «Реч», третий этаж. На сербском языке.

Вход свободный, регистрация не нужна.

Организатор: Палата науки (Задужбина Миодрага Костича).","When microorganisms show up on a monument, the usual reaction is to get rid of them: fungi and bacteria do damage easel and wall paintings, sculptures, stone monuments and historic buildings. But are all of them harmful? What if some could help preserve what we value?

This lecture looks at that invisible world. Some microorganisms speed up decay, others help remove harmful deposits or fill in microscopic cracks in stone. That is why researchers are testing **beneficial bacteria** as a natural alternative to synthetic biocides, both for controlling the fungi that damage heritage and for consolidating microcracks.

The speaker is **Nikola Unković**, assistant professor and mycologist at the Department of Algology, Mycology and Lichenology, Faculty of Biology, University of Belgrade (Institute of Botany and Jevremovac Botanical Garden). Within the PROTECTA project and other national and international studies, his team is exploring how bacteria can protect cultural heritage. Work like this may change what conservation looks like in the future.

The lecture marks International Microorganism Day. Reč Hall, third floor. In Serbian.

Admission is free, no registration required.

Organiser: Palace of Science (Miodrag Kostić Endowment).","Kad se mikroorganizmi pojave na spomeniku, prva pomisao je kako ih ukloniti: gljive i bakterije zaista oštećuju štafelajne i zidne slike, skulpture, kamene spomenike i stare zgrade. Ali da li su svi štetni? Šta ako neki od njih mogu da pomognu u čuvanju onoga što nam je važno?

Predavanje se bavi upravo tim nevidljivim svetom. Jedni mikroorganizmi ubrzavaju propadanje, drugi pomažu da se uklone štetne naslage ili da se učvrste mikroskopske pukotine u kamenu. Zato naučnici ispituju **korisne bakterije** kao prirodnu zamenu za sintetičke biocide, i u borbi protiv gljiva koje uništavaju nasleđe i u konsolidaciji mikropukotina.

Predavač je **doc. dr Nikola Unković**, mikolog sa Katedre za algologiju, mikologiju i lihenologiju Biološkog fakulteta u Beogradu (Institut za botaniku i Botanička bašta Jevremovac). U okviru projekta PROTECTA i drugih domaćih i međunarodnih istraživanja njegov tim proverava kako bakterije mogu da štite kulturno nasleđe. Možda će upravo ovakvi radovi promeniti to kako će konzervacija izgledati u budućnosti.

Predavanje se održava povodom Međunarodnog dana mikroorganizama. Sala Reč, treći sprat.

Ulaz je slobodan, prijave nisu potrebne.

Organizator: Palata nauke (Zadužbina Miodraga Kostića).",17:00,0,Palata nauke,"Kralja Milana 11, Beograd","44.808340,20.463766",https://palatanauke.rs/en/events/can-microorganisms-protect-cultural-heritage/,palatanauke.rs,https://palatanauke.rs/en/events/can-microorganisms-protect-cultural-heritage/,Palata nauke (Zadužbina Miodraga Kostića),https://palatanauke.rs/,,,,,,"лекция, микробиология, наследие, Палата науки, бесплатно","lecture, microbiology, heritage, Palace of Science, free","predavanje, mikrobiologija, nasleđe, Palata nauke, besplatno"
9/18/2026,9/18/2026,9/5/2026,1187,Person,Vladan Vuletić,https://physics.mit.edu/faculty/vladan-vuletic/,,EducationEvent,Век кванта: лекция физика из MIT Владана Вулетича в САНУ,The Quantum Century: MIT Physicist Vladan Vuletić at SANU,Vek kvanta: predavanje fizičara sa MIT-a Vladana Vuletića u SANU,https://raw.githubusercontent.com/newsgl/arsposters/main/1187-TheQuantumCenturyMITPhys.webp,,Lectures,"Владан Вулетич, профессор физики MIT и иностранный член САНУ, читает вступительную академическую лекцию «Век кванта: от кота Шрёдингера до квантовых компьютеров». 18 сентября в 11:00 в Парадном зале САНУ, Knez Mihailova 35. Вход свободный. На сербском языке.","Vladan Vuletić, professor of physics at MIT and foreign member of SANU, gives his inaugural academy lecture, The Quantum Century: From Schrödinger's Cat to Quantum Computers. 18 September at 11:00 in the Ceremonial Hall of SANU, Knez Mihailova 35. Free entry. In Serbian.","Vladan Vuletić, profesor fizike na MIT-u i inostrani član SANU, drži pristupno predavanje „Vek kvanta: od Šredingerove mačke do kvantnih računara”. 18. septembra u 11.00 u Svečanoj sali SANU, Knez Mihailova 35. Ulaz je slobodan.","Квантовой механике только что исполнилось сто лет, а самый знаменитый её персонаж, кот Шрёдингера, из мысленного эксперимента превратился в рабочий инструмент: кубиты сегодняшних квантовых компьютеров живут ровно в том состоянии, которое Шрёдингер придумал как насмешку. О пути от парадокса к технологии рассказывает **Владан Вулетич**, один из ведущих экспериментаторов в этой области.

Лекция вступительная: так в САНУ представляются новые члены академии. Вулетич избран иностранным членом в ноябре 2024 года по Отделению математики, физики и геонаук.

**Владан Вулетич** родился в 1967 году в Пече. Физику изучал в Мюнхенском университете Людвига-Максимилиана у нобелевского лауреата Теодора Хенша, там же в 1997 году защитил диссертацию, затем работал в Институте квантовой оптики Общества Макса Планка и у Стивена Чу в Стэнфорде. С 2007 года профессор Массачусетского технологического института, где занимает кафедру имени Лестера Вулфа, с 2023 года руководит Центром ультрахолодных атомов Национального научного фонда США. Его группа занимается лазерным охлаждением атомов, квантовой запутанностью, сверхточными атомными часами, квантовым моделированием и вычислениями. Среди наград премия Tesla Spirit Award (2023); с 2018 года он входит в совет Фонда науки Республики Сербия.

Вход свободный.

Организатор: Сербская академия наук и искусств (САНУ).","Quantum mechanics has just turned one hundred, and its most famous character, Schrödinger's cat, has gone from thought experiment to working tool: the qubits of today's quantum computers live in exactly the kind of state Schrödinger devised as a joke. **Vladan Vuletić**, one of the leading experimentalists in the field, traces the road from paradox to technology.

This is an inaugural lecture, the form in which new members introduce themselves to the academy. Vuletić was elected a foreign member of SANU in November 2024 in the Department of Mathematics, Physics and Geosciences.

**Vladan Vuletić** was born in Peć in 1967. He studied physics at Ludwig Maximilian University in Munich under Nobel laureate Theodor Hänsch, completed his PhD there in 1997, then worked at the Max Planck Institute of Quantum Optics and with Steven Chu at Stanford. Since 2007 he has been a full professor at the Massachusetts Institute of Technology, where he holds the Lester Wolfe chair in physics, and since 2023 he has directed the NSF Center for Ultracold Atoms. His group works on laser cooling of atoms, quantum entanglement, ultra-precise atomic clocks, quantum simulation and quantum computing. His honours include the Tesla Spirit Award (2023); he has sat on the board of the Science Fund of the Republic of Serbia since 2018.

Free entry.

Organiser: Serbian Academy of Sciences and Arts (SANU).","Kvantna mehanika je upravo napunila sto godina, a njen najpoznatiji lik, Šredingerova mačka, iz misaonog eksperimenta postao je radni alat: kubiti današnjih kvantnih računara žive baš u onom stanju koje je Šredinger smislio kao šalu. O putu od paradoksa do tehnologije govori **Vladan Vuletić**, jedan od vodećih eksperimentalnih fizičara u toj oblasti.

Reč je o pristupnom predavanju, kojim se novi članovi predstavljaju akademiji. Vuletić je za inostranog člana SANU izabran u novembru 2024. u Odeljenju za matematiku, fiziku i geo-nauke.

**Vladan Vuletić** rođen je 1967. u Peći. Fiziku je studirao na Univerzitetu Ludvig Maksimilijan u Minhenu kod nobelovca Teodora Henša, gde je 1997. i doktorirao, a zatim radio u Institutu za kvantnu optiku Maks Plank i kod Stivena Čua na Stanfordu. Od 2007. je redovni profesor Masačusetskog instituta za tehnologiju, gde drži katedru „Lester Vulf” za fiziku, a od 2023. rukovodi Centrom za ultrahladne atome Nacionalne fondacije za nauku SAD. Njegova grupa bavi se laserskim hlađenjem atoma, kvantnom upletenošću, ultrapreciznim atomskim časovnicima, kvantnim simulacijama i računarima. Dobitnik je nagrade Tesla Spirit Award (2023), a od 2018. član je Upravnog odbora Fonda za nauku Republike Srbije.

Ulaz je slobodan.

Organizator: Srpska akademija nauka i umetnosti (SANU).",11:00,0,SANU,"Knez Mihailova 35, Beograd","44.817674,20.456084",https://www.sanu.ac.rs/dogadjanja-u-tekucem-mesecu/#век-кванта-од-шредингерове-мачке-до-квантних-рачунара,sanu.ac.rs,https://www.sanu.ac.rs/dogadjanja-u-tekucem-mesecu/#век-кванта-од-шредингерове-мачке-до-квантних-рачунара,Srpska akademija nauka i umetnosti (SANU),https://www.sanu.ac.rs/,,,,,,"лекция, физика, квантовые компьютеры, САНУ, бесплатно","lecture, physics, quantum computing, SANU, free","predavanje, fizika, kvantni računari, SANU, besplatno"
9/18/2026,9/20/2026,9/5/2026,1188,Organization,Belgrade Latinée,,,Festival,Latin American Food Fest: Belgrade Latinée в KC Grad,Latin American Food Fest: Belgrade Latinée at KC Grad,Latin American Food Fest: Belgrade Latinée u KC Gradu,https://raw.githubusercontent.com/newsgl/arsposters/main/1188-LatinAmericanFoodFestBel.webp,,Festivals,"Три вечера латиноамериканской кухни в KC Grad под названием Belgrade Latinée. 18, 19 и 20 сентября с 18:00, Савамала. Программу и цены организаторы пока не опубликовали.","Three evenings of Latin American food at KC Grad under the name Belgrade Latinée. 18, 19 and 20 September from 18:00, Savamala. The organisers have not yet published the programme or prices.","Tri večeri latinoameričke kuhinje u KC Gradu pod imenom Belgrade Latinée. 18, 19. i 20. septembra od 18.00, Savamala. Program i cene organizatori još nisu objavili.","Фестиваль латиноамериканской еды **Belgrade Latinée** занимает KC Grad на три вечера подряд, каждый раз с шести. Так он заявлен в календаре центра: Latin American Food Fest, три даты, одно время.

Список кухонь, участников и цены на момент публикации не объявлены: ни на сайте KC Grad, ни в его соцсетях подробностей пока нет. По формату это гастрономический фестиваль, а не концерт, так что рассчитывайте на еду и напитки, а не на билет в зал.

Площадка: **KC Grad**, бывший склад на набережной Савы и один из первых культурных центров Савамалы, с двором, где летом и осенью проходят уличные программы. Актуальные детали центр публикует на kcgrad.rs/calendar.

Организатор: Belgrade Latinée.","The Latin American food festival **Belgrade Latinée** takes over KC Grad for three evenings in a row, each from six. That is how the centre's calendar lists it: Latin American Food Fest, three dates, one start time.

The list of cuisines, vendors and prices had not been announced at the time of publication: there are no details yet on the KC Grad website or its social media. By format this is a food festival rather than a concert, so plan on eating and drinking rather than buying a ticket for a show.

The venue is **KC Grad**, a former warehouse on the Sava riverbank and one of the first cultural centres in Savamala, with a courtyard that hosts open-air programmes in summer and autumn. The centre publishes current details at kcgrad.rs/calendar.

Organiser: Belgrade Latinée.","Festival latinoameričke hrane **Belgrade Latinée** zauzima KC Grad tri večeri zaredom, svaki put od šest. Tako stoji u kalendaru centra: Latin American Food Fest, tri datuma, isto vreme početka.

Spisak kuhinja, učesnika i cene do trenutka objave nisu saopšteni: detalja još nema ni na sajtu KC Grada ni na njegovim mrežama. Po formatu je to gastronomski festival, ne koncert, pa računajte na hranu i piće, a ne na kartu za salu.

Mesto je **KC Grad**, nekadašnji magacin na obali Save i jedan od prvih kulturnih centara Savamale, sa dvorištem u kojem leti i u jesen idu programi na otvorenom. Aktuelne detalje centar objavljuje na kcgrad.rs/calendar.

Organizator: Belgrade Latinée.",18:00,,KC Grad,"Braće Krsmanović 4, Beograd","44.814317,20.450415",https://kcgrad.rs/calendar/#2026-09-18-latin-american-food-fest-belgrade-latin-e,kcgrad.rs,https://kcgrad.rs/calendar/#2026-09-18-latin-american-food-fest-belgrade-latin-e,Belgrade Latinée,,,,,,,"гастрономия, фестиваль еды, латиноамериканская кухня, KC Grad, Савамала","food festival, Latin American cuisine, street food, KC Grad, Savamala","gastronomija, festival hrane, latinoamerička kuhinja, KC Grad, Savamala"
9/18/2026,9/18/2026,9/5/2026,1189,MusicGroup,IV33,https://soundcloud.com/the-iv-elementum,,MusicEvent,"XOT BOX: IV33, Max & Haze, Toya, Manager b2b Bumbalero в KC Grad","XOT BOX: IV33, Max & Haze, Toya, Manager b2b Bumbalero at KC Grad","XOT BOX: IV33, Max & Haze, Toya, Manager b2b Bumbalero u KC Gradu",https://raw.githubusercontent.com/newsgl/arsposters/main/1189-XOTBOXIV33MaxHazeToyaMan.webp,,Concerts,"Клубная ночь XOT BOX в KC Grad: за пультом белградский продюсер IV33 (техно и брейкбит), Max & Haze, Toya и совместный сет Manager b2b Bumbalero. 18 сентября в 22:00, Савамала. Цена входа не объявлена.","XOT BOX club night at KC Grad: Belgrade producer IV33 (techno and breakbeat), Max & Haze, Toya and a back-to-back set by Manager and Bumbalero. 18 September at 22:00, Savamala. Entry price not announced.","Klupska noć XOT BOX u KC Gradu: za pultom beogradski producent IV33 (tehno i brejkbit), Max & Haze, Toya i zajednički set Manager b2b Bumbalero. 18. septembra u 22.00, Savamala. Cena ulaza nije objavljena.","Пятничная ночь в **KC Grad** под вывеской **XOT BOX**: четыре сета подряд от местных диджеев, старт в десять вечера, дальше до закрытия.

Самое известное имя в составе, **IV33**, белградский продюсер и диджей, который выкладывает на SoundCloud треки и миксы на стыке техно и брейкбита и записывал сеты в заброшенных зданиях города. Рядом с ним Max & Haze, Toya и совместный сет Manager b2b Bumbalero, где два диджея играют по очереди с одного пульта. Публичной информации об этих участниках почти нет, так что ориентируйтесь на IV33: жёсткий, ломаный, танцевальный звук.

KC Grad, бывший склад на набережной Савы, для таких ночей подходит хорошо: небольшой зал с низким потолком и бар в двух шагах от танцпола.

Организатор: KC Grad.","A Friday night at **KC Grad** under the banner **XOT BOX**: four sets in a row from local DJs, starting at ten and running until closing.

The best-known name on the bill is **IV33**, a Belgrade producer and DJ who posts tracks and mixes on SoundCloud at the meeting point of techno and breakbeat and has recorded sets in abandoned buildings around the city. Alongside him: Max & Haze, Toya and a back-to-back set by Manager and Bumbalero, two DJs alternating on one mixer. There is very little public information about these acts, so take IV33 as your guide: hard, broken, dance-floor sound.

KC Grad, a former warehouse on the Sava riverbank, suits nights like this well: a small low-ceilinged hall with the bar two steps from the dance floor.

Organiser: KC Grad.","Petak veče u **KC Gradu** pod imenom **XOT BOX**: četiri seta zaredom lokalnih DJ-eva, start u deset, pa do zatvaranja.

Najpoznatije ime na plakatu je **IV33**, beogradski producent i DJ koji na SoundCloudu objavljuje numere i mikseve na granici tehna i brejkbita, a setove je snimao i u napuštenim zgradama po gradu. Uz njega Max & Haze, Toya i zajednički set Manager b2b Bumbalero, dva DJ-a naizmenično za istim pultom. O ovim izvođačima javnih podataka gotovo nema, pa se vodite prema IV33: tvrd, izlomljen, plesni zvuk.

KC Grad, nekadašnji magacin na obali Save, dobro leži ovakvim noćima: mala sala niskog plafona i bar na dva koraka od podijuma.

Organizator: KC Grad.",22:00,,KC Grad,"Braće Krsmanović 4, Beograd","44.814317,20.450415",https://kcgrad.rs/calendar/#2026-09-18-xot-box-w-iv33-max-haze-toya-manager-b2b-bumbalero-dj-set,kcgrad.rs,https://kcgrad.rs/calendar/#2026-09-18-xot-box-w-iv33-max-haze-toya-manager-b2b-bumbalero-dj-set,KC Grad,https://www.kcgrad.rs/,,,,,,"техно, брейкбит, DJ-сет, клубная ночь, KC Grad","techno, breakbeat, DJ set, club night, KC Grad","tehno, brejkbit, DJ set, klupska noć, KC Grad"
9/18/2026,9/18/2026,9/5/2026,1190,Person,Ana Vučetić,https://www.meetup.com/peri-menopause-work/,,EducationEvent,Питание в перименопаузе: встреча с психологом Аной Вучетич в Forum 26,Nutrition in Perimenopause: Meeting with Psychologist Ana Vučetić at Forum 26,"Ishrana u perimenopauzi: začarani krug, susret sa psihološkinjom Anom Vučetić u Forumu 26",https://raw.githubusercontent.com/newsgl/arsposters/main/1190-NutritioninPerimenopause.webp,,Lectures,"Психолог и wellness-коуч Ана Вучетич о том, почему в перименопаузе мы тянемся к еде без голода, как распознать триггеры и выйти из круга диет и чувства вины. Первая встреча осеннего цикла сообщества Peri.Menopause@work. 18 сентября в 17:45 в Forum 26 Business Center (Španskih boraca 1, Новый Белград). Участие бесплатное по регистрации. На сербском языке.","Psychologist and wellness coach Ana Vučetić on why women in perimenopause reach for food without being hungry, how to spot the triggers and step out of the cycle of dieting and guilt. First meeting of the autumn cycle of the Peri.Menopause@work community. 18 September at 17:45 at Forum 26 Business Center (Španskih boraca 1, New Belgrade). Free with registration. In Serbian.","Psihološkinja i wellness koučkinja Ana Vučetić o tome zašto u perimenopauzi posežemo za hranom kad nismo gladne, kako da prepoznamo okidače i izađemo iz kruga dijeta i krivice. Prvi susret jesenjeg ciklusa zajednice Peri.Menopause@work. 18. septembra u 17.45 u Forum 26 Business Centru (Španskih boraca 1, Novi Beograd). Učešće je besplatno uz prijavu. Na srpskom jeziku.","«С понедельника начинаю». Несколько дней без сладкого и хлеба, потом тяжёлый день, и всё по кругу: диета, срыв, переедание, вина, новая диета. Знакомо? Именно с этой темы сообщество **Peri.Menopause@work** открывает свой осенний цикл встреч: участницы первой встречи в июне назвали её одной из самых важных.

Гостья вечера **Ана Вучетич**, магистр психологии и сертифицированный wellness-коуч, основательница практики Balanced By Ana. Больше десяти лет она работает индивидуально и в группах с людьми, которые хотят понять и изменить паттерны эмоционального и компульсивного переедания. Психологию она изучала в Париже, коучингу училась в США.

О чём пойдёт речь: почему именно в перименопаузе мы чаще едим от усталости, стресса или грусти, а не от голода; как распознать эмоциональные триггеры; как выстроить спокойные отношения с едой без жёстких ограничений и что делать в момент, когда замечаешь, что ешь непонятно почему. Примерно 45 минут занимает разговор с ответами на вопросы, присланные заранее, затем открытая сессия вопросов и ответов.

Встреча для женщин: предпринимательниц, руководительниц, фрилансеров, всех, кто уже в этой фазе жизни или только замечает первые признаки. Сообщество основали Милица и Тияна, чтобы говорить о перименопаузе открыто и с участием специалистов. Организаторы обещают безопасное пространство.

На сербском языке.

Участие бесплатное, нужна регистрация на Meetup.

Организатор: Peri.Menopause@work.","""I'll start on Monday."" A few days without sweets and bread, then one hard day, and the loop restarts: diet, slip, overeating, guilt, new diet. Sound familiar? The **Peri.Menopause@work** community opens its autumn cycle of meetings with this topic, chosen by the women at its first gathering in June as one of the most pressing.

The guest is **Ana Vučetić**, a psychologist with a master's degree, certified wellness coach and founder of Balanced By Ana. For more than ten years she has worked one-on-one and in groups with people who want to understand and change patterns of emotional and compulsive eating. She studied psychology in Paris and trained as a wellness coach in the United States.

On the agenda: why women in perimenopause more often eat out of tiredness, stress or sadness rather than hunger; how to recognise emotional triggers; how to build a calmer relationship with food without extreme restrictions; and what to do at the moment you notice you are eating for no clear reason. About 45 minutes go to a conversation built around questions sent in advance, followed by an open Q&A.

The meeting is for women: entrepreneurs, managers, employees, freelancers, anyone already in this phase of life or just noticing the first signs. The community was founded by Milica and Tijana to talk about perimenopause openly and with expert input. The organisers promise a safe space.

In Serbian.

Free, registration on Meetup required.

Organiser: Peri.Menopause@work.","""Krećem od ponedeljka."" Nekoliko dana bez slatkiša i hleba, onda jedan težak dan i krug se ponavlja: dijeta, kršenje, prejedanje, krivica, nova dijeta. Zvuči poznato? Zajednica **Peri.Menopause@work** upravo ovom temom otvara jesenji ciklus susreta: učesnice prvog okupljanja u junu izdvojile su je kao jednu od najvažnijih.

Gošća je **Ana Vučetić**, master psihološkinja, sertifikovana wellness koučkinja i osnivačica prakse Balanced By Ana. Više od deset godina radi individualno i grupno sa ljudima koji žele da razumeju i promene obrasce emocionalnog i kompulzivnog prejedanja. Psihologiju je studirala u Parizu, a za wellness kouča se školovala u SAD.

O čemu se razgovara: zašto baš u perimenopauzi češće jedemo iz umora, stresa ili tuge, a ne iz gladi; kako da prepoznamo emocionalne okidače; kako da izgradimo mirniji odnos prema hrani bez ekstremnih restrikcija i šta da uradimo u trenutku kada primetimo da jedemo, a ne znamo zašto. Oko 45 minuta traje razgovor oko unapred poslatih pitanja, a zatim sledi otvoreni Q&A.

Susret je namenjen ženama: preduzetnicama, liderkama, zaposlenima, freelancerkama, svima koje su u ovoj fazi života ili tek prepoznaju prve znake. Zajednicu su pokrenule Milica i Tijana, da bi se o perimenopauzi govorilo otvoreno i stručno. Organizatorke obećavaju bezbedan prostor.

Na srpskom jeziku.

Učešće je besplatno, potrebna je prijava na Meetup-u.

Organizator: Peri.Menopause@work.",17:45,0,Forum 26 Business Center,"Španskih boraca 1, Novi Beograd","44.818245,20.424626",https://www.meetup.com/peri-menopause-work/events/315985386/,meetup.com,https://www.meetup.com/peri-menopause-work/events/315985386/,Peri.Menopause@work,https://www.meetup.com/peri-menopause-work/,,,,,,"лекция, психология, здоровье, женщины, питание","talk, psychology, health, women, nutrition","predavanje, psihologija, zdravlje, žene, ishrana"
9/18/2026,9/18/2026,9/5/2026,1191,Organization,Pena Art Cafe,https://www.penabeograd.art/,,ComedyEvent,English Comedy Open Mic: открытый микрофон на английском в Pena Art Cafe,English Comedy Open Mic Night at Pena Art Cafe,English Comedy Open Mic: otvoreni mikrofon na engleskom u Pena Art Cafe,https://raw.githubusercontent.com/newsgl/arsposters/main/1191-EnglishComedyOpenMicNigh.webp,,Stand Up,"Открытый микрофон стендапа на английском: семь минут на выступление, новички приветствуются, зрителям тоже рады. 18 сентября в 19:00 в Pena Art Cafe (Deligradska 1). Вход свободный, запись на сцену и в гостевой список по ссылке. На английском языке.","English-language stand-up open mic: seven minutes per set, first-timers welcome, spectators just as welcome. 18 September at 19:00 at Pena Art Cafe (Deligradska 1). Free entry, sign up for the stage or the guest list via the link. In English.","Stand-up open mic na engleskom: sedam minuta po nastupu, početnici dobrodošli, publika takođe. 18. septembra u 19.00 u Pena Art Cafe (Deligradska 1). Ulaz besplatan, prijava za binu ili listu gostiju preko linka. Na engleskom jeziku.","Пятничный вечер, семь минут, один микрофон. Так **Pena Art Cafe** описывает свой открытый микрофон стендапа на английском. Правила простые: хочешь попробовать новый материал, записывайся на сцену; хочешь просто посмеяться, садись сзади. Организаторы считают, что и то и другое засчитывается.

Новичкам здесь рады, а панчлайны, как обещает афиша, необязательны. Из тех, кто заглянул в первый раз, часто получаются постоянные гости: девиз вечера «from strangers to familiar faces».

Pena Art Cafe маленькое кафе на Deligradska рядом с площадью Славия: кофе, коктейли, живопись на стенах и разноязычная публика, за столиками слышно английский, сербский, турецкий и русский. Вход найти непросто: мимо Caribic Pizza, в конец коридора и налево.

Запись на сцену и в гостевой список открыта на сайте Fora Comedy Club, площадки для белградского стендапа.

На английском языке.

Вход свободный, донаты приветствуются.

Организатор: Pena Art Cafe.","Friday night, seven minutes, one microphone. That is how **Pena Art Cafe** sums up its English-language stand-up open mic. The rules are simple: want to try a new bit, sign up for the stage; want to laugh, sit in the back. According to the organisers, both count.

First-timers are welcome and, as the poster promises, punchlines are optional. Many who drop in once end up as regulars: the night's motto is ""from strangers to familiar faces"".

Pena Art Cafe is a small room on Deligradska near Slavija square: coffee, cocktails, paintings on the walls and a mixed crowd, with English, Serbian, Turkish and Russian all heard around the tables. The entrance takes some finding: past Caribic Pizza, to the end of the corridor and on the left.

Sign-up for the stage or the guest list is open on the site of Fora Comedy Club, a platform for Belgrade stand-up.

In English.

Free entry, donations welcome.

Organiser: Pena Art Cafe.","Petak veče, sedam minuta, jedan mikrofon. Tako **Pena Art Cafe** opisuje svoj stand-up open mic na engleskom. Pravila su jednostavna: hoćeš da probaš novi fazon, prijavi se za binu; hoćeš samo da se smeješ, sedi pozadi. Organizatori kažu da se i jedno i drugo računa.

Početnici su dobrodošli, a poente su, kako obećava najava, opcione. Mnogi koji svrate jednom postanu stalni gosti: moto večeri je ""from strangers to familiar faces"".

Pena Art Cafe je mali lokal u Deligradskoj kod Slavije: kafa, kokteli, slike na zidovima i šarolika publika, za stolovima se čuju engleski, srpski, turski i ruski. Ulaz nije lako naći: pored Caribic Pizze, do kraja hodnika pa levo.

Prijava za binu ili listu gostiju je otvorena na sajtu Fora Comedy Club, platforme za beogradski stand-up.

Na engleskom jeziku.

Ulaz besplatan, donacije su dobrodošle.

Organizator: Pena Art Cafe.",19:00,0,Pena Art Caffe,"Deligradska 1, Beograd","44.802076,20.465646",https://www.meetup.com/penaartcafe-events/events/316386265/,meetup.com,https://foracomedy.club/list/ed950482-192a-4935-aa8f-93b958c6a13c,Pena Art Cafe,https://www.penabeograd.art/,,,,,,"стендап, открытый микрофон, на английском, комедия, Славия","stand-up, open mic, in English, comedy, Slavija","stand-up, open mic, na engleskom, komedija, Slavija"
9/19/2026,9/19/2026,9/5/2026,1192,Organization,Šahovski savez Beograda,https://beochess.rs/,,SocialEvent,"Шахматы: Гран-при ШСБ по рапиду, 8-й этап (Делиградска 27)","Chess: Belgrade Rapid Grand Prix, Stage 8 at Deligradska 27","Šah: Gran-pri ŠSB u ubrzanom šahu, 8. turnir (Deligradska 27)",https://raw.githubusercontent.com/newsgl/arsposters/main/1192-ChessBelgradeRapidGrandP.webp,,Games,"Восьмой этап Гран-при Шахматного союза Белграда по быстрым шахматам: 7 туров по швейцарской системе, контроль 10 минут на партию плюс 5 секунд за ход, результаты идут в рейтинг ФИДЕ. 19 сентября (суббота) в 18:00 в Городском центре физической культуры (Делиградска 27, 3-й этаж). Взнос 700 динаров, для женщин, ветеранов и кадетов 500, гроссмейстеры играют бесплатно.","Stage 8 of the Belgrade Chess Federation Rapid Grand Prix: 7 Swiss rounds at 10 minutes per game plus 5 seconds per move, FIDE rapid rated. 19 September (Saturday) at 18:00 at the City Centre for Physical Culture (Deligradska 27, 3rd floor). Entry fee 700 dinars, 500 for women, veterans and cadets, grandmasters play free.","Osmi turnir Gran-pri serije Šahovskog saveza Beograda u ubrzanom šahu: 7 kola po švajcarskom sistemu, tempo 10 minuta po partiji plus 5 sekundi po potezu, turnir se rejtinguje kod FIDE. Subota, 19. septembar u 18.00 u Gradskom centru za fizičku kulturu (Deligradska 27, III sprat). Upisnina 700 dinara, žene, veterani i kadeti 500, velemajstori ne plaćaju.","Десять вечеров в году Шахматный союз Белграда (ШСБ) отдаёт быстрым шахматам: серия Гран-при по рапиду идёт с февраля по декабрь, а лучшие по сумме мест на десяти этапах выходят в финал на Новогоднем фестивале ШСБ. Этот этап восьмой, до конца отбора остаются ещё два.

Формат один и тот же на всех этапах: **7 туров по швейцарской системе**, контроль 10 минут на партию плюс 5 секунд за каждый ход, результаты идут в рейтинг ФИДЕ по рапиду. Играют в зале на третьем этаже Городского центра физической культуры на Делиградской, 27, там же, где ШСБ проводит блиц-серию «Цугери у ШОБУ». Турнир открытый: рядом с гроссмейстерами и международными мастерами садятся за доску любители.

Призовой фонд складывается из всех взносов за вычетом 11% налога. **В финал** попадают 30 игроков по сумме мест на десяти этапах; финалисты взнос не платят, а призовой фонд финала в прошлом году составил 77 000 динаров.

Заявки заранее: beochess011@yahoo.com или SMS/Viber на 063 455 930; подтверждение на месте до 17:55, поздние заявки 800 динаров.

Цена: 700 динаров; женщины, ветераны (1961 года рождения и старше) и кадеты (2010 года рождения и младше) 500 динаров; гроссмейстеры бесплатно.

Организатор: Шаховски савез Београда.","Ten evenings a year the Belgrade Chess Federation (ŠSB) gives over to rapid chess: its Rapid Grand Prix runs from February to December, and the best performers over ten stages qualify for the final at the ŠSB New Year Festival. This is stage eight, with two qualifying stages still to come.

The format is the same at every stage: **7 Swiss rounds**, 10 minutes per game plus 5 seconds per move, FIDE rapid rated. Play takes place in the third-floor hall of the City Centre for Physical Culture at Deligradska 27, the same room that hosts the federation's blitz series Cugeri u ŠOBU. The event is open: amateurs sit down next to grandmasters and international masters.

The prize fund is made up of all entry fees minus 11 percent tax. **The final** takes 30 players by combined placings over ten stages; finalists pay no fee, and last year's final prize fund was 77,000 dinars.

Register in advance at beochess011@yahoo.com or by SMS/Viber to 063 455 930; confirm in person by 17:55, late entries pay 800 dinars.

Price: 700 dinars; women, veterans (born 1961 or earlier) and cadets (born 2010 or later) 500 dinars; grandmasters free.

Organiser: Belgrade Chess Federation (Šahovski savez Beograda).","Deset večeri godišnje Šahovski savez Beograda (ŠSB) rezerviše za ubrzani šah: Gran-pri serija u rapidu traje od februara do decembra, a najbolji po zbiru plasmana sa deset turnira igraju finale na Novogodišnjem festivalu ŠSB. Ovo je osmi turnir, do kraja kvalifikacija ostaju još dva.

Format je isti na svakom turniru: **7 kola po švajcarskom sistemu**, 10 minuta po partiji plus 5 sekundi za svaki potez, rejtinguje se kod FIDE. Igra se u sali na trećem spratu Gradskog centra za fizičku kulturu u Deligradskoj 27, gde ŠSB održava i brzopoteznu seriju „Cugeri u ŠOBU“. Turnir je otvoren: pored velemajstora i internacionalnih majstora za tablu sedaju i amateri.

Nagradni fond čini kompletna upisnina umanjena za 11 odsto poreza. **Finale** igra 30 takmičara koji to pravo steknu plasmanom na deset turnira; finalisti ne plaćaju upisninu, a prošlogodišnji nagradni fond finala iznosio je 77.000 dinara.

Prijave unapred na beochess011@yahoo.com ili SMS/Viber na 063 455 930; potvrda učešća lično do 17.55, kasne prijave 800 dinara.

Cena: 700 dinara; žene, veterani (1961. godište i stariji) i kadeti (2010. godište i mlađi) 500 dinara; velemajstori besplatno.

Organizator: Šahovski savez Beograda.",18:00,700,Gradski centar za fizičku kulturu,"Deligradska 27, Beograd","44.799988,20.463242",https://www.beochess.rs/kalendar/#2026-09-19-гран-при-у-убрзаном-шаху-8,beochess.rs,https://www.beochess.rs/kalendar/#2026-09-19-гран-при-у-убрзаном-шаху-8,Šahovski savez Beograda,https://beochess.rs/,,,,,,"шахматы, турнир, рапид, Гран-при, ШСБ","chess, tournament, rapid, Grand Prix, Belgrade Chess Federation","šah, turnir, ubrzani šah, gran-pri, ŠSB"
9/19/2026,9/19/2026,9/5/2026,1193,Organization,VikendCeluNoć,https://www.instagram.com/vikendcelunoc/,,MusicEvent,The Weeknd All Night Party: вечеринка VikendCeluNoć в KC Grad,The Weeknd All Night Party by VikendCeluNoć at KC Grad,The Weeknd All Night Party: žurka VikendCeluNoć u KC Gradu,https://raw.githubusercontent.com/newsgl/arsposters/main/1193-TheWeekndAllNightPartyby.webp,,Concerts,"Вечеринка серии VikendCeluNoć, где всю ночь звучит только The Weeknd: от ранних микстейпов до альбома Hurry Up Tomorrow. 19 сентября в 22:00 в KC Grad (Савамала). Цена входа не объявлена, билеты продают на месте перед началом.","A VikendCeluNoć night where nothing but The Weeknd is played, from the early mixtapes to Hurry Up Tomorrow. 19 September at 22:00 at KC Grad in Savamala. Entry price not announced; tickets are sold at the door.","Žurka ekipe VikendCeluNoć na kojoj cele noći ide samo The Weeknd: od ranih mikstejpova do albuma Hurry Up Tomorrow. 19. septembra u 22.00 u KC Gradu u Savamali. Cena ulaza nije objavljena, karte se kupuju na licu mesta.","Одна ночь, один артист. **VikendCeluNoć** (по-сербски «уикенд всю ночь») делает тематические вечеринки, где не звучит ничего, кроме музыки **The Weeknd**: от микстейпов 2011 года House of Balloons, Thursday и Echoes of Silence до хитов с альбома Hurry Up Tomorrow.

Формат уже проверен в нескольких городах: команда возила вечеринку в Загреб (Tvornica Kulture), Новый Сад и Белград, где она проходила на Nova Zappa Barka, в том числе в хеллоуинской версии. Теперь очередь KC Grad: бывший склад 1884 года в Савамале, который по вечерам работает как клуб.

Выступления самого артиста, разумеется, не будет: это диджейская ночь для тех, кто знает слова Blinding Lights и Starboy наизусть и хочет услышать ещё и те треки, которые не крутят по радио.

На прошлых вечеринках серии вход был с 18 лет. Цену объявят в соцсетях организатора, билеты продаются на месте перед началом.

Организатор: VikendCeluNoć.","One night, one artist. **VikendCeluNoć** (Serbian for ""weekend all night"") runs themed parties where nothing but **The Weeknd** is played: from the 2011 mixtapes House of Balloons, Thursday and Echoes of Silence to the hits from Hurry Up Tomorrow.

The format has already travelled: the crew has taken the party to Zagreb (Tvornica Kulture), Novi Sad and Belgrade, where it ran at Nova Zappa Barka, including a Halloween edition. Now it moves to KC Grad, an 1884 warehouse in Savamala that works as a club in the evenings.

The artist himself is not performing: this is a DJ night for people who know Blinding Lights and Starboy by heart and want to hear the deep cuts that radio never plays.

Previous parties in the series were 18+. The price will be announced on the organiser's social media; tickets are sold at the door before the start.

Organiser: VikendCeluNoć.","Jedna noć, jedan izvođač. **VikendCeluNoć** pravi tematske žurke na kojima se pušta isključivo muzika **The Weeknda**: od mikstejpova iz 2011. House of Balloons, Thursday i Echoes of Silence do hitova sa albuma Hurry Up Tomorrow.

Format je već prošao više gradova: ekipa je žurku vodila u Zagreb (Tvornica Kulture), Novi Sad i Beograd, gde se održavala na Novoj Zappa Barci, uključujući i Halloween izdanje. Sada je na redu KC Grad, nekadašnji magacin iz 1884. u Savamali koji uveče radi kao klub.

Sam izvođač, naravno, ne nastupa: ovo je DJ noć za one koji znaju Blinding Lights i Starboy napamet, a žele da čuju i numere koje radio ne pušta.

Na prethodnim žurkama serijala ulaz je bio 18+. Cena će biti objavljena na mrežama organizatora, karte se kupuju na licu mesta pre početka.

Organizator: VikendCeluNoć.",22:00,,KC Grad,"Braće Krsmanović 4, Beograd","44.814317,20.450415",https://kcgrad.rs/calendar/#2026-09-19-the-weekend-all-night-long-party,kcgrad.rs,https://kcgrad.rs/calendar/#2026-09-19-the-weekend-all-night-long-party,VikendCeluNoć,https://www.instagram.com/vikendcelunoc/,,,,,,"вечеринка, The Weeknd, R&B, KC Grad, Савамала","party, The Weeknd, R&B, KC Grad, Savamala","žurka, The Weeknd, R&B, KC Grad, Savamala"
9/19/2026,9/19/2026,9/5/2026,1194,Person,Marija Sofilj,https://palatanauke.rs/,,ChildrensEvent,Микрогерой в действии: детская мастерская-расследование в Палате науки,Micro Hero in Action: children's investigation workshop at the Palace of Science,Mikro-junak u akciji: dečja radionica-istraga u Palati nauke,https://raw.githubusercontent.com/newsgl/arsposters/main/1194-MicroHeroinActionchildre.webp,,Kids,"Детям от 8 до 12 лет предстоит найти бактерию, спрятанную на выставке «Мой микромир»: подсказки, загадки, микроскоп и 3D-модели. Мастерскую к Международному дню микроорганизмов ведёт Мария Софиль с биологического факультета. 19 сентября в 15:00, час, первый этаж Палаты науки. Бесплатно. На сербском языке.","Children aged 8 to 12 have to find the bacterium hidden in the My Micro-World exhibition: clues, riddles, a microscope and 3D models. The workshop for International Microorganism Day is led by biology student Marija Sofilj. 19 September at 15:00, one hour, ground floor of the Palace of Science. Free. In Serbian.","Deca od 8 do 12 godina traže bakteriju skrivenu na izložbi Moj mikro-svet: tragovi, zagonetke, mikroskop i 3D modeli. Radionicu povodom Međunarodnog dana mikroorganizama vodi Marija Sofilj sa Biološkog fakulteta. 19. septembra u 15.00, traje sat vremena, prizemlje Palate nauke. Besplatno.","Где-то на выставке прячется бактерия, и найти её должны дети. Гостевая экспозиция **«Мой микромир»** на первом этаже Палаты науки на один час превращается в место микробиологического расследования: участники идут по подсказкам, разгадывают загадки и внимательно осматривают каждый экспонат. Сама по себе таинственная бактерия не покажется.

В распоряжении юных сыщиков микроскоп, 3D-модели микроорганизмов и цепочка загадок. Повод для поисков серьёзный: Международный день микроорганизмов, который Палата науки отмечает целой программой.

Мастерскую ведёт **Мария Софиль**, студентка биологического факультета Белградского университета. Она занимается популяризацией науки и разработкой образовательных программ для детей: организовывала научные фестивали, интерактивные выставки и мастерские по нейронауке, основала образовательную платформу Mozgalište, которая знакомит с наукой детей и родителей.

Возраст участников: от 8 до 12 лет. Продолжительность около часа. На сербском языке.

Вход свободный.

Организатор: Палата науки (Задужбина Миодрага Костича).","Somewhere in the exhibition a bacterium is hiding, and it is up to the children to find it. For one hour the **My Micro-World** guest exhibition on the ground floor of the Palace of Science becomes the scene of a microbiological investigation: participants follow clues, solve riddles and check every exhibit carefully. The secret microorganism will not give itself away.

The young investigators get a microscope, 3D models of microorganisms and a chain of puzzles. The occasion is International Microorganism Day, which the Palace of Science marks with a whole programme.

The workshop is led by **Marija Sofilj**, a student at the Faculty of Biology, University of Belgrade. She works in science communication and develops educational content for children: she has organised science events, interactive exhibitions and neuroscience workshops, and founded Mozgalište, an educational platform that brings science closer to children and parents.

Ages 8 to 12. Duration about one hour. In Serbian.

Admission is free.

Organiser: Palace of Science (Miodrag Kostić Endowment).","Negde na izložbi krije se bakterija, a na deci je da je pronađu. Gostujuća izložba **Moj mikro-svet** u prizemlju Palate nauke na sat vremena postaje poprište mikrobiološke istrage: učesnici prate tragove, rešavaju zagonetke i pažljivo pregledaju svaki eksponat. Tajanstveni mikroorganizam se neće otkriti sam.

Mali istražitelji imaju na raspolaganju mikroskop, 3D modele mikroorganizama i niz zagonetki. Povod je ozbiljan: Međunarodni dan mikroorganizama, koji Palata nauke obeležava celim programom.

Radionicu vodi **Marija Sofilj**, studentkinja Biološkog fakulteta u Beogradu. Bavi se popularizacijom nauke i pravi obrazovne sadržaje za decu: organizovala je naučne događaje, interaktivne izložbe i radionice iz neuronauke, a osnovala je i platformu Mozgalište, koja nauku približava deci i roditeljima.

Uzrast od 8 do 12 godina. Traje oko sat vremena.

Ulaz je slobodan.

Organizator: Palata nauke (Zadužbina Miodraga Kostića).",15:00,0,Palata nauke,"Kralja Milana 11, Beograd","44.808340,20.463766",https://palatanauke.rs/en/events/micro-hero-in-action/,palatanauke.rs,https://palatanauke.rs/en/events/micro-hero-in-action/,Palata nauke (Zadužbina Miodraga Kostića),https://palatanauke.rs/,,,8+,,,"дети, мастерская, микробиология, Палата науки, бесплатно","kids, workshop, microbiology, Palace of Science, free","deca, radionica, mikrobiologija, Palata nauke, besplatno"
9/19/2026,9/19/2026,9/5/2026,1195,Organization,Red Bull Dance Your Style,https://www.redbull.com/int-en/event-series/dance-your-style,,Festival,Red Bull Dance Your Style Srbija: танцевальные баттлы в Bioskop Balkan,Red Bull Dance Your Style Srbija: Street Dance Battles at Bioskop Balkan,Red Bull Dance Your Style Srbija: street dance bitke u Bioskopu Balkan,https://raw.githubusercontent.com/newsgl/arsposters/main/1195-RedBullDanceYourStyleSrb.webp,,Festivals,"Первое в Сербии Red Bull Dance Your Style: танцоры разных стилей сходятся один на один под музыку, которую не знают заранее, а победителя выбирает публика. После баттлов афтепати на танцполе. 19 сентября в 18:00 в Bioskop Balkan (Braće Jugovića 16). Вход свободный по регистрации.","Serbia's first Red Bull Dance Your Style: dancers of different styles face off one-on-one to music they have never heard before, and the crowd picks the winner. Dance floor afterparty follows. 19 September at 18:00 at Bioskop Balkan (Braće Jugovića 16). Free with registration.","Prvi Red Bull Dance Your Style u Srbiji: plesači različitih stilova sučeljavaju se jedan na jedan uz muziku koju ne znaju unapred, a pobednika bira publika. Posle bitaka afterparti na dance flooru. 19. septembra u 18.00 u Bioskopu Balkan (Braće Jugovića 16). Ulaz besplatan uz prijavu.","Здесь нет жюри. Кто выиграл баттл, решают зрители в зале, и это главное правило **Red Bull Dance Your Style**, мирового турнира по уличным танцам, который впервые приезжает в Сербию.

Формат: баттлы один на один. Танцоры разных стилей, от хип-хопа и хауса до брейкинга и крампа, выходят друг против друга под музыку, которую не знают заранее, так что подготовить номер невозможно, побеждает тот, кто лучше импровизирует. После каждого раунда публика голосует, и победитель проходит дальше.

На кону место на мировом финале: победитель белградского этапа будет представлять Сербию. После баттлов всех приглашают на танцпол, вечер заканчивается афтепати.

Площадка тоже подходящая: **Bioskop Balkan**, бывший кинотеатр на Braće Jugovića, теперь работает как пространство современного искусства.

Вход свободный, нужна регистрация.

Организатор: 2Hot4Stage.","There is no jury. The crowd in the room decides who wins each battle, and that is the core rule of **Red Bull Dance Your Style**, the global street dance competition that is coming to Serbia for the first time.

The format is one-on-one battles. Dancers of different styles, from hip-hop and house to breaking and krump, face each other to music they have not heard in advance, so there is no way to prepare a routine: the better improviser wins. After each round the audience votes and the winner moves on.

At stake is a place at the World Final: the winner of the Belgrade event will represent Serbia. Once the battles are over everyone is invited onto the dance floor for the afterparty.

The venue fits the bill: **Bioskop Balkan**, a former cinema on Braće Jugovića, now operates as a space for contemporary art.

Free entry, registration required.

Organiser: 2Hot4Stage.","Žirija nema. Ko je pobedio u bici odlučuje publika u sali, i to je osnovno pravilo **Red Bull Dance Your Style**, svetskog street dance takmičenja koje prvi put stiže u Srbiju.

Format su bitke jedan na jedan. Plesači različitih stilova, od hip-hopa i housea do breakinga i krumpa, izlaze jedan protiv drugog uz muziku koju ne znaju unapred, pa koreografiju nije moguće pripremiti: pobeđuje ko bolje improvizuje. Posle svake runde publika glasa, a pobednik ide dalje.

U igri je mesto na svetskom finalu: pobednik beogradskog takmičenja predstavljaće Srbiju. Kad se bitke završe, svi su pozvani na dance floor, veče se završava afterpartijem.

I prostor odgovara: **Bioskop Balkan**, nekadašnji bioskop u Braće Jugovića, danas radi kao prostor za savremenu umetnost.

Ulaz je besplatan, potrebna je prijava.

Organizator: 2Hot4Stage.",18:00,0,Bioskop Balkan,"Braće Jugovića 16, Beograd","44.816476,20.462112",https://www.eventbrite.com/e/red-bull-dance-your-style-srbija-tickets-1999668545449,eventbrite.com,https://www.eventbrite.com/e/red-bull-dance-your-style-srbija-tickets-1999668545449,2Hot4Stage,https://www.eventbrite.com/o/2hot4stage-121707107560,,,,,,"танцы, баттл, хип-хоп, Red Bull, уличные танцы","dance, battle, hip-hop, Red Bull, street dance","ples, bitka, hip-hop, Red Bull, street dance"
9/19/2026,9/20/2026,9/5/2026,1196,Organization,Palata nauke,https://palatanauke.rs/,,ChildrensEvent,"Ночь в Палате науки: «Микроловцы» в поисках невидимого мира, ночёвка для детей от 8 до 12 лет","A Night at the Palace of Science: Micro Hunters in Search of the Invisible World, sleepover for ages 8 to 12","Noć u Palati nauke: Mikrolovci u potrazi za nevidljivim svetom, noćenje za decu od 8 do 12 godina",https://raw.githubusercontent.com/newsgl/arsposters/main/1196-ANightatthePalaceofScien.webp,,Kids,"Дети от 8 до 12 лет ночуют в Палате науки: командная охота на микроорганизмы с играми и загадками, лагерь в зале «Горизонт», утром сертификат микроловца. С 19 сентября 17:00 до утра 20 сентября, 8000 динаров с ужином и завтраком, всего 20 мест.","Children aged 8 to 12 spend the night at the Palace of Science: a team hunt for microorganisms with games and riddles, a camp in the Horizont Hall and a Micro Hunter certificate in the morning. From 19 September at 17:00 until the morning of 20 September, 8000 dinars including dinner and breakfast, only 20 places.","Deca od 8 do 12 godina spavaju u Palati nauke: timski lov na mikroorganizme kroz igre i zagonetke, kamp u sali Horizont i ujutru sertifikat Mikrolovca. Od 19. septembra u 17.00 do jutra 20. septembra, 8000 dinara sa večerom i doručkom, samo 20 mesta.","Что происходит, пока нам кажется, что не происходит ничего? На одну ночь Палата науки становится штабом охоты на тех, кто есть повсюду, но кого никто не замечает. Разделившись на команды, **микроловцы** отправляются искать невидимых обитателей нашего окружения: через игры, загадки и пару запахов, которые запомнятся дольше, чем хотелось бы.

По дороге дети знакомятся с микроорганизмами, у которых есть работа: например, делать сыр, пока все спят. С жителями кожи, которые охраняют нас от непрошеных соседей, и с кишечными бактериями, которые влияют на настроение сильнее, чем кажется. Одни герои, другие мелкие жулики, но у каждого своя история.

Когда охота закончена, команды перебираются в зал «Горизонт», где посреди Палаты разбит лагерь. Утром, после завтрака, каждый участник получает **сертификат об успешно завершённой охоте**: он видел то, чего не видят другие, и знает то, чего большинство взрослых так и не узнали.

Для родителей: программа рассчитана на детей от 8 до 12 лет, её ведёт команда Палаты науки, и дети находятся под присмотром всю ночь, включая время сна. В стоимость входят полдник, ужин и завтрак. Для двух и более детей из одной семьи скидка 10%. Всего 20 мест.

Цена: 8000 динаров.

Организатор: Палата науки (Задужбина Миодрага Костича).","What happens while we think nothing is happening? For one night the Palace of Science becomes the headquarters of a hunt for those who are everywhere yet almost never noticed. Split into teams, the **Micro Hunters** set out to find the invisible inhabitants of our surroundings through games, puzzles and a few smells they may remember for longer than they would like.

Along the way the children meet microorganisms with jobs, such as making cheese while everyone sleeps; the residents of our skin that keep unwanted roommates away; and the gut bacteria with more influence on our mood than we think. Some are heroes, some are tiny tricksters, but each has a story.

Once the hunt is over, the teams move to the Horizont Hall, where a camp has been set up in the heart of the Palace. In the morning, after breakfast, every participant receives a **certificate of successfully completing the hunt**: proof that they have seen what others cannot and know something most adults never learned.

For parents: the programme is for children aged 8 to 12, it is led by the Palace of Science team and the children are supervised throughout the night, including sleeping time. The price includes a snack, dinner and breakfast. A 10% discount applies for two or more children from the same family. Only 20 places.

Price: 8000 dinars.

Organiser: Palace of Science (Miodrag Kostić Endowment).","Šta se dešava dok mislimo da se ništa ne dešava? Jedne noći Palata nauke postaje štab potrage za onima koji su svuda, a gotovo nikad se ne primećuju. Podeljeni u timove, **Mikrolovci** kreću u lov na nevidljive stanovnike našeg okruženja: kroz igre, zagonetke i poneki miris koji će pamtiti duže nego što bi voleli.

Usput deca upoznaju mikroorganizme koji imaju poslove, recimo da prave sir dok svi spavaju; stanovnike kože koji nas čuvaju od nepoželjnih sustanara; i crevne bakterije koje na raspoloženje utiču više nego što mislimo. Neki su heroji, neki sitni prevaranti, ali svako ima svoju priču.

Kad se lov završi, timovi se sele u salu Horizont, gde je usred Palate podignut kamp. Ujutru, posle doručka, svaki učesnik dobija **potvrdu o uspešno završenom lovu**: dokaz da je video ono što drugi ne vide i da zna nešto što većina odraslih nikad nije naučila.

Za roditelje: program je namenjen deci od 8 do 12 godina, vodi ga tim Palate nauke, a deca su pod nadzorom cele noći, uključujući spavanje. U cenu su uključeni užina, večera i doručak. Za dvoje ili više dece iz iste porodice popust je 10%. Ukupno 20 mesta.

Cena: 8000 dinara.

Organizator: Palata nauke (Zadužbina Miodraga Kostića).",17:00,8000,Palata nauke,"Kralja Milana 11, Beograd","44.808340,20.463766",https://efinity.rs/event-details/noc_u_palati_nauke_mirkolovci_32322,efinity.rs,https://efinity.rs/event-details/noc_u_palati_nauke_mirkolovci_32322,Palata nauke (Zadužbina Miodraga Kostića),https://palatanauke.rs/,,,8+,,,"дети, ночёвка, микробиология, Палата науки, квест","kids, sleepover, microbiology, Palace of Science, quest","deca, noćenje, mikrobiologija, Palata nauke, potraga"
9/23/2026,9/23/2026,9/5/2026,1197,Person,Sašo Cvetkovski,,,EducationEvent,Фрески монастыря Святого Георгия в Кнежино: лекция Сашо Цветковского в САНУ,The Wall Paintings of St George's Monastery at Knežino: Sašo Cvetkovski at SANU,Zidno slikarstvo manastira Sv. Đorđa u Knežinu: predavanje Saša Cvetkovskog u SANU,https://raw.githubusercontent.com/newsgl/arsposters/main/1197-TheWallPaintingsofStGeor.webp,,Lectures,"Историк искусства Сашо Цветковский, член-корреспондент Македонской академии наук и искусств, рассказывает о средневековых фресках монастыря Святого Георгия в Кнежино близ Кичево. 23 сентября в 12:00 в Парадном зале САНУ, Knez Mihailova 35. Вход свободный. На сербском или македонском языке.","Art historian Sašo Cvetkovski, corresponding member of the Macedonian Academy of Sciences and Arts, presents the medieval wall paintings of St George's Monastery at Knežino near Kičevo. 23 September at 12:00 in the Ceremonial Hall of SANU, Knez Mihailova 35. Free entry. In Serbian or Macedonian.","Istoričar umetnosti Sašo Cvetkovski, dopisni član Makedonske akademije nauka i umetnosti, govori o srednjovekovnom živopisu manastira Sv. Đorđa u Knežinu kraj Kičeva. 23. septembra u 12.00 u Svečanoj sali SANU, Knez Mihailova 35. Ulaz je slobodan.","На склонах горы Бистра над Кичево, на высоте около 900 метров, стоял монастырь Святого Георгия, разрушенный в 1739 году и на два с лишним века заброшенный. Раскопки последних десятилетий, которые ведёт музей Кичево, показали, что церковь построена на фундаменте раннехристианской базилики пятого-шестого веков, сохранила редкий мозаичный пол, а её росписи датируются концом XIII и началом XIV века. Что известно об этой живописи и кто мог её создать, рассказывает **Сашо Цветковский**.

По данным музея Кичево, фрески, вероятно, принадлежат кисти мастера из круга Михаила и Евтихия, самых известных живописцев эпохи Палеологов на Балканах, а среди ктиторов монастыря называют сербского короля Милутина. Лекция в САНУ даёт возможность услышать о памятнике, который редко попадает в поле зрения за пределами Македонии, от исследователя, много лет занимающегося церковной живописью региона.

**Сашо Цветковский**: историк искусства, профессор, член-корреспондент Македонской академии наук и искусств (МАНУ) по Отделению общественных наук с 2022 года, научный советник Исследовательского центра культурного наследия имени Цветана Грозданова при МАНУ. Известен работами о наследии Дичо Зографа, крупнейшего македонского иконописца XIX века.

Вход свободный.

Организатор: Сербская академия наук и искусств (САНУ).","On the slopes of Mount Bistra above Kičevo, some 900 metres up, stood the Monastery of St George, destroyed in 1739 and abandoned for more than two centuries. Excavations of recent decades, led by the Kičevo museum, have shown that the church was built on the foundations of an early Christian basilica of the 5th to 6th century, preserved a rare mosaic floor, and was painted at the end of the 13th and beginning of the 14th century. What is known about these paintings and who may have made them is the subject of the lecture by **Sašo Cvetkovski**.

According to the Kičevo museum, the frescoes are probably the work of a painter from the circle of Michael and Eutychios, the best-known masters of the Palaiologan era in the Balkans, and the Serbian king Milutin is named among the monastery's patrons. The lecture at SANU is a chance to hear about a monument rarely discussed outside North Macedonia from a scholar who has spent years on the church painting of the region.

**Sašo Cvetkovski** is an art historian and professor, corresponding member of the Macedonian Academy of Sciences and Arts (MANU) in the Department of Social Sciences since 2022, and principal research fellow at the academy's Cvetan Grozdanov Research Centre for Cultural Heritage. He is known for his work on the legacy of Dičo Zograf, the leading Macedonian icon painter of the 19th century.

Free entry.

Organiser: Serbian Academy of Sciences and Arts (SANU).","Na padinama Bistre iznad Kičeva, na oko 900 metara visine, stajao je manastir Svetog Đorđa, razoren 1739. i više od dva veka napušten. Iskopavanja poslednjih decenija, koja vodi kičevski muzej, pokazala su da je crkva podignuta na temeljima ranohrišćanske bazilike iz V i VI veka, da je sačuvala redak mozaički pod i da njen živopis potiče s kraja XIII i početka XIV veka. Šta se o tom slikarstvu zna i ko ga je mogao naslikati, govori **Sašo Cvetkovski**.

Po podacima kičevskog muzeja, freske su verovatno delo slikara iz kruga Mihaila i Evtihija, najpoznatijih majstora epohe Paleologa na Balkanu, a među ktitorima manastira pominje se i srpski kralj Milutin. Predavanje u SANU prilika je da se o spomeniku koji se retko pominje van Makedonije čuje od istraživača koji se godinama bavi crkvenim slikarstvom regiona.

**Sašo Cvetkovski** je istoričar umetnosti i profesor, dopisni član Makedonske akademije nauka i umetnosti (MANU) u Odeljenju društvenih nauka od 2022. i naučni savetnik Istraživačkog centra za kulturno nasleđe „Cvetan Grozdanov” pri MANU. Poznat je po radovima o nasleđu Diča Zografa, najznačajnijeg makedonskog ikonopisca XIX veka.

Ulaz je slobodan.

Organizator: Srpska akademija nauka i umetnosti (SANU).",12:00,0,SANU,"Knez Mihailova 35, Beograd","44.817674,20.456084",https://www.sanu.ac.rs/dogadjanja-u-tekucem-mesecu/#зидно-сликарство-манастира-св-ђорђа-кнежино-крај-кичева,sanu.ac.rs,https://www.sanu.ac.rs/dogadjanja-u-tekucem-mesecu/#зидно-сликарство-манастира-св-ђорђа-кнежино-крај-кичева,Srpska akademija nauka i umetnosti (SANU),https://www.sanu.ac.rs/,,,,,,"лекция, история искусства, фрески, Средневековье, САНУ","lecture, art history, frescoes, medieval, SANU","predavanje, istorija umetnosti, freske, srednji vek, SANU"
9/23/2026,9/23/2026,9/5/2026,1198,Organization,Aktivni Klub,https://www.instagram.com/aktivniklub/,,SocialEvent,Блиц-турнир по шахматам Aktivni Klub в KC Grad,Aktivni Klub Blitz Chess Tournament at KC Grad,Blic turnir u šahu Aktivni Kluba u KC Gradu,https://raw.githubusercontent.com/newsgl/arsposters/main/1198-AktivniKlubBlitzChessTou.webp,,Games,"Блиц-турнир по шахматам от сообщества Aktivni Klub. 23 сентября в 18:00 в KC Grad (Савамала). Взнос, регламент и регистрация не объявлены: следите за Instagram @aktivniklub.","A blitz chess tournament run by the Aktivni Klub community. 23 September at 18:00 at KC Grad in Savamala. Entry fee, format and registration not yet announced; check Instagram @aktivniklub.","Blic turnir u šahu u organizaciji zajednice Aktivni Klub. 23. septembra u 18.00 u KC Gradu u Savamali. Kotizacija, propozicije i prijave još nisu objavljene, pratite Instagram @aktivniklub.","Блиц: на партию у каждого игрока всего несколько минут, поэтому за вечер успеваешь сыграть с полудюжиной соперников, а зрителям не бывает скучно. Именно такой турнир проводит в KC Grad **Aktivni Klub**.

Aktivni Klub, белградское сообщество с девизом «by the community, for the community», собирает людей на встречи и совместные активности и анонсирует их в Instagram, в том числе по-английски, так что формат дружелюбен к иностранцам, живущим в городе.

Площадка тоже подходящая: KC Grad, независимый культурный центр в бывшем складе 1884 года на берегу Савы, с кафе-баром на первом этаже.

Контроль времени, система жеребьёвки, взнос и способ регистрации организатор к моменту публикации не объявил. Если хотите сесть за доску, а не просто смотреть, напишите Aktivni Klub заранее.

Организатор: Aktivni Klub.","Blitz chess gives each player only a few minutes per game, so one evening is enough to face half a dozen opponents, and spectators never get bored. That is the format **Aktivni Klub** brings to KC Grad.

Aktivni Klub is a Belgrade community initiative with the motto ""by the community, for the community"": it gathers people for meetups and shared activities and announces them on Instagram, partly in English, which makes it an easy entry point for foreigners living in the city.

The venue fits: KC Grad is an independent cultural centre in an 1884 warehouse on the Sava riverbank, with a cafe-bar on the ground floor.

Time control, pairing system, entry fee and registration had not been announced at the time of writing. If you want to play rather than watch, contact Aktivni Klub in advance.

Organiser: Aktivni Klub.","Blic: svaki igrač ima samo nekoliko minuta po partiji, pa za jedno veče odigrate pola tuceta partija, a ni onima koji gledaju nije dosadno. Baš takav turnir **Aktivni Klub** organizuje u KC Gradu.

Aktivni Klub je beogradska zajednica sa motom ""by the community, for the community"": okuplja ljude na druženja i zajedničke aktivnosti i najavljuje ih na Instagramu, delom i na engleskom, pa je pogodna i za strance koji žive u gradu.

I prostor je pogođen: KC Grad je nezavisni kulturni centar u magacinu iz 1884. na obali Save, sa kafe-barom u prizemlju.

Tempo igre, sistem parovanja, kotizacija i način prijave do trenutka pisanja nisu objavljeni. Ako želite da igrate, a ne samo da gledate, javite se Aktivni Klubu unapred.

Organizator: Aktivni Klub.",18:00,,KC Grad,"Braće Krsmanović 4, Beograd","44.814317,20.450415",https://kcgrad.rs/calendar/#2026-09-23-blitz-chess-tournament-by-aktivni-klub,kcgrad.rs,https://kcgrad.rs/calendar/#2026-09-23-blitz-chess-tournament-by-aktivni-klub,Aktivni Klub,https://www.instagram.com/aktivniklub/,,,,,,"шахматы, блиц, турнир, KC Grad, Aktivni Klub","chess, blitz, tournament, KC Grad, Aktivni Klub","šah, blic, turnir, KC Grad, Aktivni Klub"
9/23/2026,9/23/2026,9/5/2026,1199,Person,Radar,,,Festival,Открытие выставки Radar в галерее KC Grad,Opening of Radar's Exhibition at KC Grad Gallery,Otvaranje izložbe Radar u Galeriji Grad,https://raw.githubusercontent.com/newsgl/arsposters/main/1199-OpeningofRadarsExhibitio.webp,,Festivals,"Открытие выставки Radar в Галерее Grad, на верхнем этаже KC Grad. 23 сентября в 19:00. Подробности об авторе и работах организатор пока не публиковал.","Opening of Radar's exhibition at Grad's Gallery, on the upper floor of KC Grad. 23 September at 19:00. Details about the artist and the works have not been published yet.","Otvaranje izložbe Radar u Galeriji Grad, na spratu KC Grada. 23. septembra u 19.00. Detalje o autoru i radovima organizator još nije objavio.","В календаре KC Grad выставка обозначена одним словом: Radar. Кто стоит за этим именем, художник или коллектив, и что будет на стенах, центр к моменту публикации не раскрыл.

Зато известно, где это. **Галерея Grad** занимает верхний этаж KC Grad, бывшего склада 1884 года в Савамале. Годовую программу галерея собирает по открытому конкурсу: заявки на сезон 2026 года отбирало жюри, так что Radar прошёл этот отбор.

Галерея показывает современную белградскую сцену, а внизу, в кафе-баре, после открытия можно остаться на разговор.

Анонс с описанием работ появится в соцсетях KC Grad и Галереи Grad ближе к дате.","The KC Grad calendar lists it in one word: Radar. Whether that is an artist or a collective, and what will hang on the walls, the centre had not disclosed at the time of writing.

What is known is the place. **Grad's Gallery** occupies the upper floor of KC Grad, an 1884 warehouse in Savamala. The gallery builds its annual programme through an open call: submissions for the 2026 season were selected by a jury, so Radar is one of the chosen projects.

The gallery focuses on Belgrade's contemporary art scene, and the cafe-bar downstairs is open after the opening.

A full announcement with a description of the works should appear on KC Grad's and Grad's Gallery's social media closer to the date.","U kalendaru KC Grada izložba je navedena jednom rečju: Radar. Da li je iza tog imena umetnik ili kolektiv i šta će biti na zidovima, centar do trenutka pisanja nije objavio.

Zna se gde. **Galerija Grad** zauzima sprat KC Grada, magacina iz 1884. u Savamali. Godišnji program galerija formira putem otvorenog konkursa: prijave za sezonu 2026. birao je žiri, pa je Radar jedan od izabranih projekata.

Galerija prati savremenu beogradsku scenu, a posle otvaranja može se ostati u kafe-baru u prizemlju.

Najava sa opisom radova trebalo bi da se pojavi na mrežama KC Grada i Galerije Grad bliže datumu.",19:00,,KC Grad,"Braće Krsmanović 4, Beograd","44.814317,20.450415",https://kcgrad.rs/calendar/#2026-09-23-opening-of-radar-s-exhibition,kcgrad.rs,https://kcgrad.rs/calendar/#2026-09-23-opening-of-radar-s-exhibition,KC Grad / Galerija Grad,https://www.kcgrad.rs/,,,,,,"выставка, вернисаж, современное искусство, KC Grad, Савамала","exhibition, opening, contemporary art, KC Grad, Savamala","izložba, otvaranje, savremena umetnost, KC Grad, Savamala"
9/23/2026,9/23/2026,9/5/2026,1200,Person,Milena Dragićević Šešić,https://palatanauke.rs/,,EducationEvent,Культурное наследие как основа культуры памяти: лекция Милены Драгичевич-Шешич в Палате науки,Cultural Heritage as the Fabric of Memory Culture: lecture by Milena Dragićević Šešić at the Palace of Science,Kulturno nasleđe kao potka kulture sećanja: predavanje Milene Dragićević Šešić u Palati nauke,https://raw.githubusercontent.com/newsgl/arsposters/main/1200-CulturalHeritageastheFab.webp,,Lectures,"Профессор Милена Драгичевич-Шешич, руководитель кафедры ЮНЕСКО по культурной политике, разбирает, какая государственная и местная политика нужна наследию Сербии от неолита до социализма: удачные проекты и практики, которые привели к его разрушению. 23 сентября в 17:00, зал «Горизонт» на четвёртом этаже. Вход свободный. На сербском языке.","Professor Milena Dragićević Šešić, UNESCO Chair in Cultural Policy and Management, looks at what public policy Serbia's heritage needs, from the Neolithic to the socialist period: successful projects alongside practices that led to its destruction. 23 September at 17:00, Horizont Hall on the fourth floor. Admission free. In Serbian.","Profesorka Milena Dragićević Šešić, nosilac UNESCO katedre za kulturnu politiku i menadžment, govori o tome kakve javne politike su potrebne nasleđu Srbije od neolita do socijalizma: uspešni projekti i prakse koje su dovele do njegovog uništavanja. 23. septembra u 17.00, sala Horizont na četvrtom spratu. Ulaz slobodan.","Наследие Сербии охватывает тысячелетия, от неолитических поселений до архитектуры социалистического периода, но чтобы оно стало опорой развития общества, нужна согласованная политика на всех уровнях: государственном, краевом, городском, муниципальном, вплоть до сёл и городских районов. И не только культурная: градостроительная, образовательная, туристическая, даже здравоохранительная.

Лекция показывает, как охрана недвижимого и движимого, материального и нематериального наследия удавалась там, где разные ведомства действовали вместе или где инициативу брало гражданское общество. Рядом с удачными примерами разбираются и **спорные решения**, из-за которых памятники в Сербии разрушались и деградировали.

Лектор **Милена Драгичевич-Шешич**, профессор эмерита факультета драматических искусств Университета искусств в Белграде, руководитель кафедры ЮНЕСКО по культурной политике и менеджменту. Исследует культурную политику и устойчивое развитие, транскультурную идентичность и память, культурные права, городскую культурную политику и связь наследия с современными общественными переменами. Автор и редактор множества книг и статей, изданных в Сербии и за рубежом.

Зал «Горизонт», четвёртый этаж. На сербском языке.

Вход свободный, регистрация не нужна.

Организатор: Палата науки (Задужбина Миодрага Костича).","Serbia's heritage spans millennia, from Neolithic settlements to the architecture of the socialist period, but for it to become a cornerstone of social development it needs joined-up policy at every level: national, provincial, city and municipal, down to villages and urban neighbourhoods. And not only cultural policy: urban planning, education, tourism and even healthcare have a part to play.

The lecture presents cases where the protection of immovable and movable, tangible and intangible heritage worked because public policies reinforced each other or because civil society took the initiative. Alongside the success stories it examines **controversial decisions** that led to the destruction and degradation of heritage in Serbia.

The speaker is **Milena Dragićević Šešić**, Professor Emerita at the Faculty of Dramatic Arts, University of Arts in Belgrade, and holder of the UNESCO Chair in Cultural Policy and Management. Her research covers cultural policy and sustainable development, transcultural identity and memory, cultural rights, urban cultural policy and the relationship between heritage and contemporary social change. She has written and edited numerous books and papers published in Serbia and abroad.

Horizont Hall, fourth floor. In Serbian.

Admission is free, no registration required.

Organiser: Palace of Science (Miodrag Kostić Endowment).","Nasleđe Srbije obuhvata milenijume, od neolitskih naselja do arhitekture socijalističkog perioda, ali da bi postalo oslonac društvenog razvoja, potrebne su mu usklađene javne politike na svim nivoima: republičkom, pokrajinskom, gradskom i opštinskom, sve do sela i gradskih četvrti. I ne samo kulturne: urbanističke, obrazovne, turističke, pa i zdravstvene.

Predavanje pokazuje primere u kojima je zaštita nepokretnog i pokretnog, materijalnog i nematerijalnog nasleđa uspela zato što su se javne politike međusobno podržale ili zato što je inicijativu preuzelo civilno društvo. Pored uspešnih projekata razmatraju se i **sporne odluke** zbog kojih je nasleđe u Srbiji uništavano i propadalo.

Predavač je **Milena Dragićević Šešić**, profesorka emerita Fakulteta dramskih umetnosti Univerziteta umetnosti u Beogradu i nosilac UNESCO katedre za kulturnu politiku i menadžment. Istražuje kulturnu politiku i održivi razvoj, transkulturni identitet i sećanje, kulturna prava, gradske kulturne politike i odnos nasleđa i savremenih društvenih promena. Autorka i urednica brojnih knjiga i radova objavljenih u Srbiji i inostranstvu.

Sala Horizont, četvrti sprat.

Ulaz je slobodan, prijave nisu potrebne.

Organizator: Palata nauke (Zadužbina Miodraga Kostića).",17:00,0,Palata nauke,"Kralja Milana 11, Beograd","44.808340,20.463766",https://palatanauke.rs/en/events/cultural-heritage-as-the-fabric-of-memory-culture-creative-development-micropolicies/,palatanauke.rs,https://palatanauke.rs/en/events/cultural-heritage-as-the-fabric-of-memory-culture-creative-development-micropolicies/,Palata nauke (Zadužbina Miodraga Kostića),https://palatanauke.rs/,,,,,,"лекция, культурная политика, наследие, Палата науки, бесплатно","lecture, cultural policy, heritage, Palace of Science, free","predavanje, kulturna politika, nasleđe, Palata nauke, besplatno"
9/24/2026,9/24/2026,9/5/2026,1201,Organization,Climate Coffee Belgrade,https://climatecoffee.notion.site/Climate-Coffee-Belgrade-326437e431d7806ea11ff064ee440ae5,,EducationEvent,Climate Coffee Beograd: встреча о климате и устойчивом развитии в UGAO Specialty Coffee,Climate Coffee Beograd: Climate and Sustainability Meetup at UGAO Specialty Coffee,Climate Coffee Beograd: okupljanje o klimi i održivosti u UGAO Specialty Coffee,https://raw.githubusercontent.com/newsgl/arsposters/main/1201-ClimateCoffeeBeogradClim.webp,,Lectures,"Неформальная ежемесячная встреча для тех, кому интересны климат, устойчивое развитие и защита окружающей среды: без панелей и презентаций, только разговор за кофе. 24 сентября в 16:30 в UGAO Specialty Coffee (Kralja Milana 34). Участие бесплатное по регистрации, кофе за свой счёт. На сербском и английском языках.","Informal monthly meetup for anyone interested in climate change, sustainability and environmental protection: no panels, no presentations, just conversation over coffee. 24 September at 16:30 at UGAO Specialty Coffee (Kralja Milana 34). Free with registration, buy your own coffee. In Serbian and English.","Neformalno mesečno okupljanje za sve koje zanimaju klimatske promene, održivost i zaštita životne sredine: bez panela i prezentacija, samo razgovor uz kafu. 24. septembra u 16.30 u UGAO Specialty Coffee (Kralja Milana 34). Učešće je besplatno uz prijavu, kafu plaćate sami. Na srpskom i engleskom jeziku.","Ни панели, ни повестки, ни слайдов. **Climate Coffee Beograd** устроен как обычная встреча за кофе, только тема разговора задана заранее: климат, устойчивое развитие, защита окружающей среды и позитивные социальные изменения.

Формат придуман для тех, кому надоели конференции с докладами. Здесь просто садятся за стол, знакомятся и обмениваются идеями. Приходят люди из разных сфер: кто-то работает в устойчивом развитии, кто-то в бизнесе, науке или активизме, а кому-то тема просто интересна. Опыт и профессия не важны.

Встречи проходят в последний четверг каждого месяца в кофейне **UGAO Specialty Coffee** на Kralja Milana. Кофе каждый покупает себе сам.

Climate Coffee международный формат, белградскую встречу ведёт Джордже Белица. Подробнее о сообществе на его странице в Notion.

На сербском и английском языках.

Участие бесплатное, нужна регистрация.

Организатор: Djordje Bjelica.","No panel, no agenda, no slides. **Climate Coffee Beograd** works like an ordinary coffee meetup with the topic set in advance: climate change, sustainability, environmental protection and positive social change.

The format is for people tired of conferences and talks. You sit down, meet others and exchange ideas. The crowd comes from different fields: some work in sustainability, others in business, academia or activism, and some are simply interested in the topic. Background and profession do not matter.

The meetup takes place on the last Thursday of every month at **UGAO Specialty Coffee** on Kralja Milana. Everyone buys their own coffee.

Climate Coffee is an international format; the Belgrade edition is run by Djordje Bjelica. More about the community on its Notion page.

In Serbian and English.

Free, registration required.

Organiser: Djordje Bjelica.","Bez panela, bez agende, bez slajdova. **Climate Coffee Beograd** funkcioniše kao obično okupljanje uz kafu, samo je tema unapred zadata: klimatske promene, održivost, zaštita životne sredine i pozitivne društvene promene.

Format je za one kojima su dosadile konferencije i predavanja. Sednete za sto, upoznate nove ljude i razmenite ideje. Dolaze ljudi iz raznih oblasti: neko radi u sustainability sektoru, neko u biznisu, akademiji ili aktivizmu, a neke tema prosto zanima. Iskustvo i struka nisu bitni.

Okupljanje se održava poslednjeg četvrtka u mesecu u kafeteriji **UGAO Specialty Coffee** u Kralja Milana. Kafu svako kupuje sam.

Climate Coffee je međunarodni format, beogradsko okupljanje vodi Đorđe Bjelica. Više o zajednici na njenoj Notion stranici.

Na srpskom i engleskom jeziku.

Učešće je besplatno, potrebna je prijava.

Organizator: Đorđe Bjelica.",16:30,0,UGAO Specialty Coffee,"Kralja Milana 34, Beograd","44.807731,20.463501",https://www.eventbrite.co.uk/e/copy-of-climate-coffee-beograd-tickets-1999088472435,eventbrite.co.uk,https://www.eventbrite.co.uk/e/copy-of-climate-coffee-beograd-tickets-1999088472435,Djordje Bjelica,https://www.eventbrite.co.uk/o/djordje-bjelica-121131046161,,,,,,"митап, экология, климат, устойчивое развитие, нетворкинг","meetup, ecology, climate, sustainability, networking","mitap, ekologija, klima, održivost, networking"
9/24/2026,9/24/2026,9/5/2026,1202,Person,Dejan Cukić,https://en.wikipedia.org/wiki/Dejan_Cuki%C4%87,,MusicEvent,Dejan Cukić в Tramvaj Pub,Dejan Cukić at Tramvaj Pub,Dejan Cukić u Tramvaj pubu,https://raw.githubusercontent.com/newsgl/arsposters/main/1202-DejanCukicatTramvajPub.webp,,Concerts,"Деян Цукич, бывший вокалист Bulevar и Bajaga i Instruktori с сольной карьерой длиной почти сорок лет, играет клубный концерт в рок-пабе Tramvaj у Вукова споменика. 24 сентября в 21:00, столики бронируются заранее.","Dejan Cukić, former singer of Bulevar and Bajaga i Instruktori with a solo career spanning almost forty years, plays a club night at the Tramvaj rock pub near Vukov spomenik. 24 September at 21:00; tables should be reserved in advance.","Dejan Cukić, nekadašnji pevač Bulevara i Bajage i Instruktora sa solo karijerom dugom skoro četrdeset godina, svira klupski koncert u rok pabu Tramvaj kod Vukovog spomenika. 24. septembra u 21.00, stolovi se rezervišu unapred.","Голос, который слышали все, кто рос на югославском роке восьмидесятых. **Деян Цукич** начинал в новой волне как фронтмен группы **Bulevar** (с 1978 по 1982 год, хиты «Meni treba nešto vruće», «Unutrašnja panika»), а с 1984 по 1988 год пел в **Bajaga i Instruktori** и записал с ними три альбома времён их всенародной славы.

Сольную карьеру он открыл альбомом «Spori ritam» (1987), по имени которого назван и его концертный состав Spori Ritam Band. Всего девять студийных альбомов, от «Zajedno» и «1991» до «Divlji med» с переводами Боба Дилана и последнего на сегодня «Ulica bez brojeva» (2019). Песни «Bulevari», «Igramo na ulici», «Stranac u Beogradu» давно живут отдельно от автора.

Цукич известен и вне сцены: журналист, радиоведущий, автор четырёх книг о поп-музыке и переводчик биографий Клэптона, Боуи, Кита Ричардса, Спрингстина и Led Zeppelin.

Площадка небольшая: рок-паб Tramvaj на Рузвельтовой, где живая музыка звучит каждый вечер, а зал рассчитан примерно на триста человек. Столик лучше забронировать заранее.","A voice familiar to everyone who grew up on Yugoslav rock of the 1980s. **Dejan Cukić** started in the new wave as frontman of **Bulevar** (1978 to 1982, with the hits Meni treba nešto vruće and Unutrašnja panika), then from 1984 to 1988 sang in **Bajaga i Instruktori**, recording three albums during the band's peak years.

His solo career opened with the album Spori ritam (1987), which also gave its name to his live band, the Spori Ritam Band. Nine studio albums followed, from Zajedno and 1991 through Divlji med, a set of Bob Dylan songs in translation, to the most recent, Ulica bez brojeva (2019). Songs such as Bulevari, Igramo na ulici and Stranac u Beogradu have long since taken on a life of their own.

Cukić is equally known off stage: journalist, radio host, author of four books on popular music and translator of biographies of Clapton, Bowie, Keith Richards, Springsteen and Led Zeppelin.

The setting is intimate: the Tramvaj rock pub on Ruzveltova, with live music every night and room for about three hundred people. Booking a table in advance is advisable.","Glas koji zna svako ko je odrastao uz jugoslovenski rok osamdesetih. **Dejan Cukić** je počeo u novom talasu kao frontmen **Bulevara** (1978–1982, hitovi „Meni treba nešto vruće“ i „Unutrašnja panika“), a od 1984. do 1988. pevao je u grupi **Bajaga i Instruktori** i snimio sa njima tri albuma iz vremena njihove najveće slave.

Solo karijeru otvorio je albumom „Spori ritam“ (1987), po kome se zove i njegov koncertni sastav Spori Ritam Band. Ukupno devet studijskih albuma, od „Zajedno“ i „1991“, preko „Divljeg meda“ sa prevedenim pesmama Boba Dilana, do poslednjeg „Ulica bez brojeva“ (2019). Pesme „Bulevari“, „Igramo na ulici“ i „Stranac u Beogradu“ odavno žive svoj život.

Cukić je poznat i van bine: novinar, radijski voditelj, autor četiri knjige o popularnoj muzici i prevodilac biografija Claptona, Bowieja, Keitha Richardsa, Springsteena i Led Zeppelina.

Prostor je mali: rok pab Tramvaj u Ruzveltovoj, gde se svira svako veče, prima oko trista ljudi. Sto je bolje rezervisati unapred.",21:00,,Tramvaj pub,"Ruzveltova 2, Beograd","44.805983,20.479212",https://www.bandsintown.com/e/108851453-dejan-cukic-at-tram-pub,bandsintown.com,https://www.bandsintown.com/e/108851453-dejan-cukic-at-tram-pub,,,,,,,,"рок, сербский рок, паб, Bajaga, Bulevar","rock, Serbian rock, pub gig, Bajaga, Bulevar","rok, domaći rok, pab, Bajaga, Bulevar"
9/24/2026,9/24/2026,9/5/2026,1203,Person,Vinod K. Aggarwal,,,EducationEvent,Governing Growth: Винод Аггарвал о промышленной политике США в IFDT,Governing Growth: Vinod K. Aggarwal on US Industrial Policy and New Economic Statecraft at IFDT,Governing Growth: Vinod K. Agarval o industrijskoj politici SAD u IFDT,https://raw.githubusercontent.com/newsgl/arsposters/main/1203-GoverningGrowthVinodKAgg.webp,,Lectures,"Политолог Винод Аггарвал (Калифорнийский университет в Беркли) рассказывает, как федеральное правительство США два с лишним века управляло промышленным ростом, от Гамильтона до Трампа, и что такое новое экономическое государственничество. 24 сентября в 17:00 в Институте философии и общественной теории, Kraljice Natalije 45, а также онлайн в Zoom. Вход свободный. На английском языке.","Political scientist Vinod K. Aggarwal (UC Berkeley) traces how the US federal government has steered industrial growth for over two centuries, from Hamilton to Trump, and explains what new economic statecraft means. 24 September at 17:00 at the Institute for Philosophy and Social Theory, Kraljice Natalije 45, and online via Zoom. Free entry. In English.","Politikolog Vinod K. Agarval (Univerzitet Kalifornije u Berkliju) govori o tome kako je savezna vlada SAD više od dva veka upravljala industrijskim rastom, od Hamiltona do Trampa, i šta je novo ekonomsko državništvo. 24. septembra u 17.00 u Institutu za filozofiju i društvenu teoriju, Kraljice Natalije 45, kao i onlajn preko Zooma. Ulaz je slobodan. Na engleskom jeziku.","США принято считать экономикой свободного рынка, где промышленная политика появилась чуть ли не вчера. Книга **Governing Growth: US Industrial Policy from Hamilton to Trump** Винода Аггарвала и Марка Ди Томасо этот взгляд оспаривает, и лекция построена на ней.

Авторы прослеживают роль федерального правительства в промышленном росте от программы Гамильтона по развитию мануфактур до администрации Байдена и второго срока Трампа. Они отделяют промышленную политику от макроэкономического управления и разбирают меры для всей экономики и для отдельных секторов: зачем государство вмешивается, на какие компании, отрасли и регионы направлены меры, какие инструменты используются, какие коалиции их поддерживают и что из этого выходит.

На этой основе **Аггарвал** проводит границу между промышленной политикой и новым экономическим государственничеством (New Economic Statecraft), которое соединяет её с инструментами, действующими внутри страны, на границе и за её пределами, ради внешней политики и национальной безопасности. Отдельно речь пойдёт о том, что это значит для малых и средних держав, зависящих от более крупных партнёров.

Винод Аггарвал: профессор политологии Калифорнийского университета в Беркли, директор Берклийского центра исследований экономического сотрудничества в АТР, основатель и главный редактор журнала Business and Politics, автор 25 книг.

Лекция на английском языке, для онлайн-участия нужна регистрация в Zoom. Вход свободный.

Организатор: Институт философии и общественной теории Белградского университета.","The United States is usually described as a free-market economy in which industrial policy is a recent departure. **Governing Growth: US Industrial Policy from Hamilton to Trump**, the book by Vinod K. Aggarwal and Marc Di Tomaso on which this lecture is based, challenges that view.

The authors trace the federal government's role in industrial growth from Hamilton's programme for manufactures to the Biden administration and Donald Trump's second term. They distinguish industrial policy from broader macroeconomic management and examine both economy-wide and targeted sectoral interventions: why the state intervenes, which firms, sectors and regions it targets, which instruments it uses, which coalitions back the measures and what results they produce.

On this basis **Aggarwal** draws a line between industrial policy and New Economic Statecraft (NES), which combines it with instruments operating inside the state, at the border and beyond in pursuit of foreign-policy and national-security goals. The lecture also asks what this means for small and middle powers that depend on larger partners while building their own economic capacity.

Vinod K. Aggarwal is professor of political science at the University of California, Berkeley, director of the Berkeley APEC Study Center, founder and editor-in-chief of the journal Business and Politics, and author of 25 books.

The lecture is in English; online attendance requires Zoom registration. Free entry.

Organiser: Institute for Philosophy and Social Theory, University of Belgrade.","Sjedinjene Države obično se predstavljaju kao privreda slobodnog tržišta u kojoj je industrijska politika skorašnji izuzetak. Knjiga **Governing Growth: US Industrial Policy from Hamilton to Trump** Vinoda K. Agarvala i Marka di Tomasa, na kojoj se predavanje zasniva, dovodi to gledište u pitanje.

Autori prate ulogu savezne vlade u industrijskom rastu od Hamiltonovog programa za razvoj prerađivačke industrije do administracije Bajdena i drugog mandata Donalda Trampa. Razlikuju industrijsku politiku od šireg makroekonomskog upravljanja i ispituju intervencije na nivou cele privrede i one usmerene na pojedine sektore: zašto država interveniše, ka kojim firmama, sektorima i regionima, kojim instrumentima, koje ih koalicije podržavaju i kakvi su rezultati.

Na toj osnovi **Agarval** povlači crtu između industrijske politike i novog ekonomskog državništva (NED), koje je kombinuje s instrumentima koji deluju unutar države, na granici i izvan nje, radi ciljeva spoljne politike i nacionalne bezbednosti. Predavanje se osvrće i na to šta to znači za male i srednje sile koje zavise od većih partnera.

Vinod K. Agarval je profesor političkih nauka na Univerzitetu Kalifornije u Berkliju, direktor Berklijevog centra za studije ekonomske saradnje u Aziji i Pacifiku, osnivač i glavni urednik časopisa Business and Politics i autor 25 knjiga.

Predavanje je na engleskom, a za onlajn učešće potrebna je registracija na Zoomu. Ulaz je slobodan.

Organizator: Institut za filozofiju i društvenu teoriju Univerziteta u Beogradu.",17:00,0,Institut za filozofiju i društvenu teoriju,"Kraljice Natalije 45, Beograd","44.808120,20.462218",https://ifdt.bg.ac.rs/events/governing-growth-us-industrial-policy-and-the-rise-of-new-economic-statecraft/,ifdt.bg.ac.rs,https://ifdt.bg.ac.rs/events/governing-growth-us-industrial-policy-and-the-rise-of-new-economic-statecraft/,Institut za filozofiju i društvenu teoriju Univerziteta u Beogradu,https://ifdt.bg.ac.rs/,,,,,,"лекция, экономика, политология, США, IFDT","lecture, economics, political science, USA, IFDT","predavanje, ekonomija, politikologija, SAD, IFDT"
9/25/2026,9/25/2026,9/5/2026,1204,Person,Nicolas Lutz,https://ra.co/dj/nicolaslutz,,MusicEvent,"Nicolas Lutz, Marko Nastić и Shoxy в Karmakoma","Nicolas Lutz, Marko Nastić and Shoxy at Karmakoma","Nicolas Lutz, Marko Nastić i Shoxy u Karmakomi",https://raw.githubusercontent.com/newsgl/arsposters/main/1204-NicolasLutzMarkoNastican.webp,,Concerts,"С третьей попытки: уругвайский диджей Nicolas Lutz, основатель лейбла My Own Jupiter, наконец приезжает в Karmakoma, компанию ему составят Marko Nastić и Shoxy. 25 сентября с 23:00 до 6:00, билеты от 14,7 евро (около 1720 динаров).","Third time lucky: Uruguayan DJ Nicolas Lutz, founder of the My Own Jupiter label, finally makes it to Karmakoma, joined by Marko Nastić and Shoxy. 25 September from 23:00 till 6:00, tickets from 14.7 euros (about 1720 dinars).","Treća sreća: urugvajski DJ Nicolas Lutz, osnivač etikete My Own Jupiter, konačno stiže u Karmakomu, a uz njega su Marko Nastić i Shoxy. 25. septembra od 23.00 do 6.00, karte od 14,7 evra (oko 1720 dinara).","Два раза Karmakoma объявляла этого гостя, и два раза не получалось. Теперь клуб заходит на третий круг: **Nicolas Lutz** из Уругвая, основатель лейбла и серии микстейпов **My Own Jupiter**, встаёт за пульт вместе с местными резидентами.

Сам клуб описывает Лутца как строителя далёких миров: его сеты собраны из тёмного, кислотного техно и электро девяностых, а вдохновение он берёт в фильмах ужасов восьмидесятых, Солнечной системе и тяге к приключениям и фантастике. Культовый статус у него именно из-за этого: не про хиты, а про долгое путешествие за одну ночь. Кстати, микс Деи Дворник, который Resident Advisor выбрал своим Mix of the Day, был записан как раз для серии My Own Jupiter.

Экипаж на эту ночь: **Marko Nastić**, самый известный техно-диджей и продюсер Сербии, и **Shoxy**, оба давние резиденты Karmakoma и, по словам клуба, местные синонимы кислотных девяностых.

Цена: от 14,7 евро (около 1720 динаров).

Организатор: Karmakoma.","Karmakoma has announced this guest twice before, and twice it fell through. Now the club is going for a third round: **Nicolas Lutz** from Uruguay, founder of the label and mix series **My Own Jupiter**, takes the booth alongside the local residents.

The club describes Lutz as a builder of faraway worlds: his sets are made of dark, acidic 1990s techno and electro, drawing on 1980s horror films, the Solar System and a general appetite for adventure and fantasy. That is where his cult following comes from: not hits, but one long journey across a single night. The Dea Dvornik mix that Resident Advisor picked as its Mix of the Day was recorded for the My Own Jupiter series.

The crew for the night: **Marko Nastić**, Serbia's best-known techno DJ and producer, and **Shoxy**, both long-time Karmakoma residents and, in the club's words, the local synonyms for the acid nineties.

Price: from 14.7 euros (about 1720 dinars).

Promoter: Karmakoma.","Karmakoma je ovog gosta najavljivala dva puta i dva puta nije išlo. Sad klub ide u treći krug: **Nicolas Lutz** iz Urugvaja, osnivač etikete i serije mikseva **My Own Jupiter**, staje za pult uz domaće rezidente.

Klub Lutza opisuje kao graditelja dalekih svetova: njegovi setovi sastavljeni su od mračnog, kiselog tehna i elektra devedesetih, a inspiraciju nalazi u horor filmovima osamdesetih, Sunčevom sistemu i gladi za avanturom i fantastikom. Otud i kultni status: ne hitovi, nego jedno dugo putovanje u jednoj noći. Miks Dee Dvornik koji je Resident Advisor izabrao za svoj Mix of the Day snimljen je upravo za seriju My Own Jupiter.

Posada za ovu noć: **Marko Nastić**, najpoznatiji srpski tehno DJ i producent, i **Shoxy**, oba dugogodišnji rezidenti Karmakome i, kako klub kaže, domaći sinonimi za kisele devedesete.

Cena: od 14,7 evra (oko 1720 dinara).

Organizator: Karmakoma.",23:00,1720,Karmakoma,"Poenkareova 32, 11000 Beograd","44.818977,20.488380",https://ra.co/events/2528717,ra.co,https://ra.co/events/2528717,Karmakoma,,,,,,,"техно, электро, клубная ночь, Karmakoma, DJ","techno, electro, club night, Karmakoma, DJ","tehno, elektro, klupska noć, Karmakoma, DJ"
9/26/2026,9/26/2026,9/5/2026,1205,Organization,Trift Trampa,,,Festival,Trift Trampa: обмен одеждой в KC Grad,Trift Trampa: Clothes Swap at KC Grad,Trift Trampa: razmena garderobe u KC Gradu,https://raw.githubusercontent.com/newsgl/arsposters/main/1205-TriftTrampaClothesSwapat.webp,,Festivals,"Trift Trampa, обмен одеждой и аксессуарами в KC Grad: приносите вещи, которые не носите, и уходите с чужими находками. 26 сентября с 14:00. Правило дня: приносишь больше, уносишь меньше, излишки уходят в благотворительные организации.","Trift Trampa, a clothes and accessories swap at KC Grad: bring what you no longer wear and leave with someone else's finds. 26 September from 14:00. House rule: bring more than you take, the surplus goes to charities.","Trift Trampa, razmena garderobe i aksesoara u KC Gradu: donesite ono što ne nosite i odnesite tuđe pronalaske. 26. septembra od 14.00. Pravilo kuće: donosiš više, nosiš manje, a višak ide humanitarnim organizacijama.","Шкаф полон, а надеть нечего: с этой знакомой проблемы и началась **Trift Trampa**. Организатор Мария Радисавлевич несколько лет назад отказалась от быстрой моды и покупала только секонд-хенд через Instagram, но вещи часто не подходили и копились. Вместе с другом Гаврилом она придумала обмен и выбрала для него KC Grad.

Механика простая. Приносите ухоженную одежду и аксессуары, которые не носите, и выбираете себе то, что принесли другие. Главное правило: **приносишь больше, уносишь меньше**. Излишек не возвращается в шкафы, а уходит нуждающимся: после первого обмена больше 25 мешков одежды получили Centar Zvezda, Центр взаимодействия молодёжи и Kolektivna pomoć.

Первая Trift Trampa прошла в KC Grad в мае 2025 года, вещи принесли 120 человек, и с тех пор обмен стал регулярным. Идёт он под музыку, в атмосфере скорее вечеринки, чем пункта приёма: люди примеряют, советуют друг другу и уходят с винтажными находками, которые месяцами искали в магазинах.

Условия участия и возможный взнос организаторы объявляют в Instagram Trift Trampa перед каждым обменом.

Организатор: Trift Trampa.","A full wardrobe and nothing to wear: that familiar problem is where **Trift Trampa** began. Organiser Marija Radisavljević gave up fast fashion a few years ago and bought only second-hand via Instagram, but the clothes often did not fit and piled up. With her friend Gavrilo she came up with a swap and picked KC Grad for it.

The mechanics are simple. Bring well-kept clothes and accessories you no longer wear and pick out what others have brought. The one rule: **bring more, take less**. The surplus does not go back into wardrobes but to people who need it: after the first swap more than 25 bags of clothing went to Centar Zvezda, the Centre for Youth Interaction and Kolektivna pomoć.

The first Trift Trampa took place at KC Grad in May 2025 with 120 people donating clothes, and the swap has since become a regular fixture. It runs to music and feels more like a party than a donation point: people try things on, advise each other and leave with vintage finds they had been hunting for months.

Participation terms and any fee are announced on Trift Trampa's Instagram before each swap.

Organiser: Trift Trampa.","Pun orman, a nemaš šta da obučeš: iz tog poznatog problema nastala je **Trift Trampa**. Organizatorka Marija Radisavljević pre nekoliko godina odustala je od fast fashiona i kupovala isključivo secondhand preko Instagrama, ali joj odeća često nije odgovarala i gomilala se. Sa prijateljem Gavrilom smislila je razmenu i za nju izabrala KC Grad.

Mehanika je jednostavna. Donesete očuvanu garderobu i aksesoare koje ne nosite i birate ono što su doneli drugi. Osnovno pravilo: **donosiš više, nosiš manje**. Višak se ne vraća u ormane, već ide onima kojima je potreban: posle prve razmene više od 25 džakova odeće dobili su Centar Zvezda, Centar za interakciju mladih i Kolektivna pomoć.

Prva Trift Trampa održana je u KC Gradu u maju 2025, garderobu je donelo 120 ljudi, a razmena je od tada postala redovna. Ide uz muziku i više liči na žurku nego na punkt za donacije: ljudi probaju, savetuju jedni druge i odlaze sa vintage komadima koje su mesecima tražili po radnjama.

Uslove učešća i eventualnu kotizaciju organizatori objavljuju na Instagramu Trift Trampe pred svaku razmenu.

Organizator: Trift Trampa.",14:00,,KC Grad,"Braće Krsmanović 4, Beograd","44.814317,20.450415",https://kcgrad.rs/calendar/#2026-09-26-trift-trampa,kcgrad.rs,https://kcgrad.rs/calendar/#2026-09-26-trift-trampa,Trift Trampa (Marija Radisavljević),,,,,,,"обмен одеждой, секонд-хенд, устойчивая мода, KC Grad, Савамала","clothes swap, second-hand, sustainable fashion, KC Grad, Savamala","razmena garderobe, secondhand, održiva moda, KC Grad, Savamala"
9/26/2026,9/26/2026,9/5/2026,1206,TheaterGroup,"Tamara Krcunović, Andrija Kuzmanović, Jelisaveta Orašanin, Vladimir Aleksić",,,TheaterEvent,Hotel 88: комедия положений в отеле Radisson Collection Old Mill,Hotel 88: Site-Specific Comedy at Radisson Collection Hotel Old Mill,Hotel 88: ambijentalna komedija u hotelu Radisson Collection Old Mill,https://raw.githubusercontent.com/newsgl/arsposters/main/1206-Hotel88SiteSpecificComed.webp,,Theatre,"Ситком в настоящем отеле: две пары приезжают на медовый месяц в один и тот же отель, но у их половинок общее прошлое. Играют Тамара Крцунович, Андрия Кузманович, Елисавета Орашанин и Владимир Алексич. 26 сентября в 19:00 в Radisson Collection Hotel Old Mill, билеты 2700 динаров. На сербском языке.","A sitcom staged inside a real hotel: two couples arrive for their honeymoon at the same hotel, but two of them share a past. With Tamara Krcunović, Andrija Kuzmanović, Jelisaveta Orašanin and Vladimir Aleksić. 26 September at 19:00 at Radisson Collection Hotel Old Mill, tickets 2700 dinars. In Serbian.","Komedija situacije u pravom hotelu: dva para dolaze na medeni mesec u isti hotel, a dvoje od njih deli burnu prošlost. Igraju Tamara Krcunović, Andrija Kuzmanović, Jelisaveta Orašanin i Vladimir Aleksić. 26. septembra u 19.00 u hotelu Radisson Collection Old Mill, karte 2700 dinara.","Виктор и Ана приезжают в роскошный отель на море, чтобы провести идеальный медовый месяц. Сандра и Марко приезжают в тот же отель ровно с той же целью. Всё было бы мило и романтично, если бы Ана и Марко до этого не состояли в очень бурном браке друг с другом. За одну ночь в «Hotel 88» жизнь этой четвёрки переворачивается: страсти, выяснения и череда нелепых ситуаций.

Особенность постановки в том, что играют её не на театральной сцене, а в реальном отеле: **Radisson Collection Hotel Old Mill** на Булеваре воеводы Мишича, гостиница в здании старой мельницы. Зритель оказывается внутри истории, в тех интерьерах, где она и разворачивается. Создатели описывают спектакль как соединение современного амбиентального театра и классической комедии положений.

На площадке четыре хорошо знакомых белградской публике актёра: **Тамара Крцунович**, **Андрия Кузманович**, Елисавета Орашанин и Владимир Алексич. Спектакль идёт полтора часа, с 19:00 до 20:30.

На сербском языке.

Цена: 2700 динаров.","Viktor and Ana arrive at a luxury seaside hotel for the perfect honeymoon. Sandra and Marko arrive at the same hotel with exactly the same plan. It would all be sweet and romantic if Ana and Marko had not previously been married to each other, and stormily so. Over a single night at Hotel 88 the lives of these four are turned upside down: passion, reckonings and a chain of absurd situations.

What sets the production apart is the venue. It is not played on a theatre stage but inside a working hotel, the **Radisson Collection Hotel Old Mill** on Bulevar vojvode Mišića, housed in a converted old mill. The audience is inside the story, in the very interiors where it unfolds. The makers describe the show as a blend of contemporary site-specific theatre and the classic comedy of situations.

The cast is four actors well known to Belgrade audiences: **Tamara Krcunović**, **Andrija Kuzmanović**, Jelisaveta Orašanin and Vladimir Aleksić. The performance runs 90 minutes, from 19:00 to 20:30.

In Serbian.

Price: 2700 dinars.","Viktor i Ana dolaze u luksuzni hotel na moru da provedu savršen medeni mesec. Sandra i Marko dolaze u isti hotel, sa potpuno istim ciljem. Sve bi to bilo ljupko i romantično da Viktorova Ana i Sandrin Marko ranije nisu bili u vrlo burnom braku. Tokom jedne jedine noći u Hotelu 88 životi ovo četvoro ljudi doživeće strasne, ali i urnebesne promene.

Posebnost predstave je prostor: ne igra se na pozorišnoj sceni, već u pravom hotelu, **Radisson Collection Hotel Old Mill** na Bulevaru vojvode Mišića, smeštenom u zgradi starog mlina. Publika je unutar priče, u enterijerima u kojima se ona i dešava. Autori predstavu opisuju kao spoj savremenog ambijentalnog teatra i tradicionalne komedije situacije.

Igraju četvoro glumaca koje beogradska publika dobro zna: **Tamara Krcunović**, **Andrija Kuzmanović**, Jelisaveta Orašanin i Vladimir Aleksić. Predstava traje sat i po, od 19.00 do 20.30.

Cena: 2700 dinara.",19:00,2700,"Radisson Collection Hotel, Old Mill Belgrade","Bulevar vojvode Mišića 15, Beograd","44.797257,20.447425",https://cooltix.rs/event/6a98146557a8978334039f81,cooltix.rs,https://cooltix.rs/event/6a98146557a8978334039f81,,,,,,,,"спектакль, комедия, амбиентальный театр, Radisson Collection Old Mill, на сербском","theatre, comedy, site-specific theatre, Radisson Collection Old Mill, in Serbian","predstava, komedija, ambijentalni teatar, Radisson Collection Old Mill, hotel"
9/28/2026,9/28/2026,9/5/2026,1207,Organization,KC Grad,https://www.kcgrad.rs/,,Festival,Deli Monday: кухня Суринама в KC Grad,Deli Monday: Suriname at KC Grad,Deli Monday: Surinam u KC Gradu,https://raw.githubusercontent.com/newsgl/arsposters/main/1207-DeliMondaySurinameatKCGr.webp,,Festivals,"Deli Monday, гастрономический понедельник в KC Grad: на этот раз готовят кухню Суринама. 28 сентября с 18:00. Цену порции объявляют в день события, в прошлые годы она составляла от 200 до 250 динаров.","Deli Monday, KC Grad's culinary Monday, this time with the cuisine of Suriname. 28 September from 18:00. The price per plate is announced on the day; in past years it was 200 to 250 dinars.","Deli Monday, gastronomski ponedeljak u KC Gradu, ovog puta kuhinja Surinama. 28. septembra od 18.00. Cena porcije objavljuje se na dan događaja, ranijih godina bila je 200 do 250 dinara.","Каждый понедельник с 2011 года на кухне KC Grad кто-то новый: художники, местные повара, дипломаты и международные организации по очереди готовят блюда своей страны и подают их гостям в кафе-баре центра. Так **Deli Monday** стал одним из самых долгих постоянных форматов Савамалы.

За эти годы через него прошли французский луковый суп, хумус, солянка, раклет, бёф бургиньон, энчилады и десятки других блюд, всегда с вегетарианскими и веганскими вариантами.

На этот раз тема **Суринам**, бывшая нидерландская колония на севере Южной Америки. Её кухня сложилась из креольских, индийских, яванских, китайских и голландских влияний: роти с карри, рис мокси-алеси, суп саото, пирожки бара. Кто именно готовит и какие блюда войдут в меню, KC Grad объявит в соцсетях перед понедельником.

Порции продают за символическую плату: в прошлые годы от 200 до 250 динаров, актуальная цена на месте.

Организатор: KC Grad.","Every Monday since 2011, someone new takes over the KC Grad kitchen: artists, local chefs, diplomats and international organisations cook dishes from their country and serve them in the centre's cafe-bar. **Deli Monday** has become one of Savamala's longest-running fixtures.

Over the years the menu has ranged from French onion soup, hummus and solyanka to raclette, beef bourguignon and enchiladas, always with vegetarian and vegan options.

This edition is about **Suriname**, the former Dutch colony on the north coast of South America. Its cuisine blends Creole, Indian, Javanese, Chinese and Dutch influences: roti with curry, moksi alesi rice, saoto soup, bara fritters. Who is cooking and what makes the menu will be announced on KC Grad's social media before the day.

Plates are sold at a symbolic price, 200 to 250 dinars in past years; the current price is set on the day.

Organiser: KC Grad.","Svakog ponedeljka od 2011. u kuhinji KC Grada je neko nov: umetnici, domaći kuvari, diplomate i međunarodne organizacije redom spremaju jela svoje zemlje i služe ih gostima u kafe-baru centra. Tako je **Deli Monday** postao jedan od najdugovečnijih stalnih programa Savamale.

Kroz njega su do sada prošli francuska supa od crnog luka, humus, soljanka, raklet, goveđi burginjon, enčilade i desetine drugih jela, uvek uz vegetarijanske i veganske varijante.

Ovog puta tema je **Surinam**, bivša holandska kolonija na severu Južne Amerike. Njegova kuhinja nastala je mešanjem kreolskih, indijskih, javanskih, kineskih i holandskih uticaja: roti sa karijem, pirinač moksi alesi, supa saoto, kroketi bara. Ko tačno kuva i šta ulazi u meni, KC Grad će objaviti na mrežama pred ponedeljak.

Porcije se prodaju po simboličnoj ceni, ranijih godina 200 do 250 dinara; aktuelna cena na licu mesta.

Organizator: KC Grad.",18:00,,KC Grad,"Braće Krsmanović 4, Beograd","44.814317,20.450415",https://kcgrad.rs/calendar/#2026-09-28-deli-monday-surinam,kcgrad.rs,https://kcgrad.rs/calendar/#2026-09-28-deli-monday-surinam,KC Grad,https://www.kcgrad.rs/,,,,,,"гастрономия, Суринам, Deli Monday, KC Grad, Савамала","food, Suriname, Deli Monday, KC Grad, Savamala","gastronomija, Surinam, Deli Monday, KC Grad, Savamala"
9/28/2026,9/28/2026,9/5/2026,1208,Person,Celia Hendrix,,,Festival,Открытие выставки Селии Хендрикс в галерее KC Grad,Opening of Celia Hendrix's Exhibition at KC Grad Gallery,Otvaranje izložbe Celije Hendrix u Galeriji Grad,https://raw.githubusercontent.com/newsgl/arsposters/main/1208-OpeningofCeliaHendrixsEx.webp,,Festivals,Открытие выставки Селии Хендрикс в Галерее Grad на верхнем этаже KC Grad. 28 сентября в 20:00. Сведений о художнице и работах организатор пока не публиковал.,Opening of Celia Hendrix's exhibition at Grad's Gallery on the upper floor of KC Grad. 28 September at 20:00. No details about the artist or the works have been published yet.,Otvaranje izložbe Celije Hendrix u Galeriji Grad na spratu KC Grada. 28. septembra u 20.00. Podatke o umetnici i radovima organizator još nije objavio.,"Имя Селии Хендрикс белградской публике пока ничего не говорит, и это, возможно, главный аргумент прийти: в календаре KC Grad выставка значится без описания, а в открытых источниках о художнице сведений нет.

Зато понятно, куда идти. **Галерея Grad** занимает верхний этаж KC Grad, бывшего склада 1884 года в Савамале. Годовую программу галерея набирает по открытому конкурсу с отбором жюри, и эта выставка входит в сезон 2026 года.

Галерея ориентирована на современное искусство, а после открытия можно спуститься в кафе-бар на первом этаже.

Описание работ и биографию автора KC Grad и Галерея Grad опубликуют в соцсетях ближе к дате.","The name Celia Hendrix means little to Belgrade audiences yet, which may be the best reason to come: the KC Grad calendar lists the show without a description, and open sources have nothing on the artist.

Where to go is clear. **Grad's Gallery** occupies the upper floor of KC Grad, an 1884 warehouse in Savamala. The gallery fills its annual programme through an open call with jury selection, and this exhibition is part of the 2026 season.

The gallery is dedicated to contemporary art, and after the opening the cafe-bar on the ground floor is open.

A description of the works and the artist's biography will be posted by KC Grad and Grad's Gallery closer to the date.","Ime Celia Hendrix beogradskoj publici još ništa ne govori, a to je možda i najbolji razlog da se dođe: u kalendaru KC Grada izložba stoji bez opisa, a u otvorenim izvorima o umetnici nema podataka.

Zna se kuda. **Galerija Grad** zauzima sprat KC Grada, magacina iz 1884. u Savamali. Godišnji program galerija popunjava otvorenim konkursom uz odluku žirija, a ova izložba deo je sezone 2026.

Galerija je posvećena savremenoj umetnosti, a posle otvaranja može se sići u kafe-bar u prizemlju.

Opis radova i biografiju autorke KC Grad i Galerija Grad objaviće na mrežama bliže datumu.",20:00,,KC Grad,"Braće Krsmanović 4, Beograd","44.814317,20.450415",https://kcgrad.rs/calendar/#2026-09-28-opening-of-celia-hendrix-s-exhibition,kcgrad.rs,https://kcgrad.rs/calendar/#2026-09-28-opening-of-celia-hendrix-s-exhibition,KC Grad / Galerija Grad,https://www.kcgrad.rs/,,,,,,"выставка, вернисаж, современное искусство, KC Grad, Савамала","exhibition, opening, contemporary art, KC Grad, Savamala","izložba, otvaranje, savremena umetnost, KC Grad, Savamala"
9/29/2026,9/29/2026,9/5/2026,1209,Organization,Dom omladine Beograda,https://domomladine.org/,,EducationEvent,"Дискуссия «Никола Тесла: факты и интерпретации, споры и неизвестное» в Доме молодёжи Белграда","Nikola Tesla: Facts and Interpretations, Controversies and Unknowns, Panel at Dom omladine Beograda","Diskusioni panel „Nikola Tesla: činjenice i interpretacije, kontroverze i nepoznanice“ u Domu omladine Beograda",https://raw.githubusercontent.com/newsgl/arsposters/main/1209-NikolaTeslaFactsandInter.webp,,Lectures,"К 170-летию со дня рождения Николы Теслы: знатоки его жизни и работ разбирают, что о Тесле известно достоверно, что домыслено и какие вопросы остаются открытыми. Панель цикла «Диалог…» Дома молодёжи и Белградско-Карловацкой архиепископии. 29 сентября в 19:00 в Клубе Дома молодёжи. На сербском языке.","Marking 170 years since Nikola Tesla's birth, experts on his life and work sort out what is reliably known about Tesla, what has been mythologised and which questions remain open. A panel in the Dialogue series run by Dom omladine and the Archbishopric of Belgrade and Karlovci. 29 September at 19:00 in the Klub of Dom omladine Beograda. In Serbian.","Povodom 170 godina od rođenja Nikole Tesle, poznavaoci njegovog lika i dela razmatraju šta se o Tesli pouzdano zna, šta je mitologizovano i koja pitanja ostaju otvorena. Panel iz ciklusa „Dijalog…“ Doma omladine i Arhiepiskopije beogradsko-karlovačke. 29. septembra u 19.00 u Klubu Doma omladine Beograda.","О Николе Тесле написано столько, что отделить документированные факты от легенд стало отдельной задачей. Дискуссия в Доме молодёжи Белграда, приуроченная к **170-летию со дня рождения** изобретателя, берётся именно за это: что известно достоверно о его жизни и работах, как по-разному толкуют его научные идеи и взгляды на мир, какие споры и вопросы остаются открытыми до сих пор.

Цель разговора, как формулируют организаторы, составить как можно более цельную и обоснованную картину Теслы: учёного, изобретателя и человека, между историческими фактами и мифами, появившимися позже. Участвуют знатоки жизни и наследия Теслы; имена в анонсе не названы.

Панель входит в цикл трибун **«Диалог…»**, который Отдел диалога в публичной сфере Миссионерского отдела Белградско-Карловацкой архиепископии проводит вместе с Домом молодёжи. Цикл отталкивается от православного богословского опыта, но ведёт разговор с современной наукой, философией и технологиями: среди его тем тело и технологии, экологический кризис, правда в эпоху пост-правды, искусственный интеллект, культурное наследие.

Организаторы: Дом молодёжи Белграда и Отдел диалога в публичной сфере Белградско-Карловацкой архиепископии.","So much has been written about Nikola Tesla that separating documented facts from legend has become a task in itself. This panel at Dom omladine Beograda, held for the **170th anniversary of the inventor's birth**, takes on exactly that: what is reliably known about his life and work, how differently his scientific ideas and worldview are interpreted, and which controversies and questions remain open to this day.

The aim, as the organisers put it, is to offer as complete and well-founded a picture of Tesla as possible, the scientist, inventor and man, somewhere between historical fact and the myths created afterwards. The speakers are experts on Tesla's life and legacy; their names are not given in the announcement.

The panel belongs to the discussion series **Dialogue…**, run by the Department for Dialogue in the Public Sphere of the Missionary Department of the Archbishopric of Belgrade and Karlovci together with Dom omladine. The series starts from Orthodox theological experience but engages with contemporary science, philosophy and technology: its topics include the body and technology, the ecological crisis, truth in the post-truth era, artificial intelligence and cultural heritage.

The discussion is in Serbian.

Organisers: Dom omladine Beograda and the Department for Dialogue in the Public Sphere of the Archbishopric of Belgrade and Karlovci.","O Nikoli Tesli je napisano toliko da je razdvajanje dokumentovanih činjenica od legendi postalo poseban posao. Diskusioni panel u Domu omladine Beograda, povodom **170 godina od rođenja** pronalazača, bavi se upravo time: šta se pouzdano zna o njegovom životu i delu, kako se različito tumače njegove naučne ideje i pogled na svet i koje kontroverze i pitanja do danas ostaju otvoreni.

Cilj razgovora, kako kažu organizatori, jeste da se između istorijskih činjenica i naknadno stvorenih mitova ponudi što celovitija i utemeljenija slika Tesle: naučnika, pronalazača i čoveka. Učestvuju istaknuti poznavaoci Teslinog lika i dela; imena u najavi nisu navedena.

Panel je deo ciklusa tribina **„Dijalog…“**, koji Odsek za dijalog u javnoj sferi Misionarskog odeljenja Arhiepiskopije beogradsko-karlovačke vodi zajedno sa Domom omladine. Ciklus polazi od pravoslavnog bogoslovskog iskustva, ali razgovara sa savremenom naukom, filozofijom i tehnologijom: među temama su telo i tehnologija, ekološka kriza, istina u doba post-istine, veštačka inteligencija i kulturno nasleđe.

Organizatori: Dom omladine Beograda i Odsek za dijalog u javnoj sferi Arhiepiskopije beogradsko-karlovačke.",19:00,,Dom omladine Beograda,"Makedonska 22, Beograd","44.815407,20.462793",https://domomladine.org/debate/diskusioni-panel-nikola-tesla-cinjenice-i-interpretacije-kontroverze-i-nepoznanice/,domomladine.org,https://domomladine.org/debate/diskusioni-panel-nikola-tesla-cinjenice-i-interpretacije-kontroverze-i-nepoznanice/,Dom omladine Beograda,https://domomladine.org/,,,,,,"Никола Тесла, наука, дискуссия, история, Дом молодёжи","Nikola Tesla, science, panel discussion, history, Dom omladine","Nikola Tesla, nauka, tribina, istorija, Dom omladine"
9/30/2026,9/30/2026,9/5/2026,1210,Person,Žikica Simić i Dragan Ambrozić,,,EducationEvent,Золотые годы #57: Elvis Costello и Gang of Four в Доме молодёжи Белграда,Golden Years #57: Elvis Costello and Gang of Four at Dom omladine Beograda,Zlatne godine #57: Elvis Costello i Gang of Four u Domu omladine Beograda,https://raw.githubusercontent.com/newsgl/arsposters/main/1210-GoldenYears57ElvisCostel.webp,,Lectures,"Музыкальные критики Жикица Симич и Драган Амброзич слушают и разбирают два дебютных альбома новой волны: My Aim Is True Элвиса Костелло (1977) и Entertainment! группы Gang of Four (1979). 57-й вечер цикла «Золотые годы: лучшие альбомы XX века». 30 сентября в 18:00 в Трибунском зале Дома молодёжи, вход свободный. На сербском языке.","Music critics Žikica Simić and Dragan Ambrozić play and discuss two new wave debut albums: Elvis Costello's My Aim Is True (1977) and Gang of Four's Entertainment! (1979). The 57th evening of the series Golden Years: The Best Albums of the 20th Century. 30 September at 18:00 in the Tribinska sala of Dom omladine Beograda, free entry. In Serbian.","Muzički kritičari Žikica Simić i Dragan Ambrozić puštaju i razlažu dva debi albuma novog talasa: „My Aim Is True“ Elvisa Kostela (1977) i „Entertainment!“ grupe Gang of Four (1979). Pedeset sedmo veče ciklusa „Zlatne godine: najbolji muzički albumi 20. veka“. 30. septembra u 18.00 u Tribinskoj sali Doma omladine Beograda, ulaz slobodan.","Два дебюта, с которых началась новая волна, за один вечер. Цикл **«Золотые годы»** в Доме молодёжи Белграда устроен просто: критики ставят пластинку, рассказывают, откуда она взялась и что изменила, а потом в разговор включается публика. Пластинки на 57-й вечер приносят **Жикица Симич** и **Драган Амброзич**, оба из первого ряда сербской рок-критики: Амброзич пишет о музыке с 1986 года и был среди основателей журнала Ritam, Симич известен как радиоавтор и публицист.

**Elvis Costello, My Aim Is True (1977).** Дебют, который обозначил одну из самых заметных авторских карьер в британском роке. Костелло соединил панковскую злость с ранним рок-н-роллом и нашёл собственный голос: обиженный, индивидуалистичный, но при этом верный традиции хорошо написанной песни. Как формулируют ведущие, первый маленький шедевр поп-гения.

**Gang of Four, Entertainment! (1979).** Ещё один дебют, изменивший ход истории. Левый политический ангажемент и социальная зоркость здесь сошлись с новаторской гитарой и танцевальными ритмами; в звуке слышны панк и фанк, регги и даб. Группа, которую помнят как хранителей духа своего времени.

Цикл «Золотые годы» задуман как попытка заново осмыслить главные достижения популярной музыки XX века: в Сербии эта область академически почти не изучена, и ведущие вместе с публикой расставляют ключевые альбомы на их историческое место.

Вход свободный.

Организатор: Дом молодёжи Белграда.","Two debuts that set off the new wave, in a single evening. The **Golden Years** series at Dom omladine Beograda works simply: the critics put on a record, explain where it came from and what it changed, and then the audience joins the conversation. The records for the 57th evening are brought by **Žikica Simić** and **Dragan Ambrozić**, both from the front rank of Serbian rock criticism: Ambrozić has written about music since 1986 and co-founded the magazine Ritam, Simić is known as a radio author and publicist.

**Elvis Costello, My Aim Is True (1977).** The debut that announced one of the most striking songwriting careers in British rock. Costello fused punk anger with early rock and roll and found a voice of his own: aggrieved and individualistic, yet faithful to the tradition of the well-made song. In the hosts' words, the first small masterpiece of a pop genius.

**Gang of Four, Entertainment! (1979).** Another debut that changed the course of history. Left-wing politics and social awareness met inventive guitar playing and danceable rhythms; punk and funk, reggae and dub can all be heard in the sound. A band remembered as keepers of the spirit of their age.

Golden Years sets out to re-examine the major achievements of 20th-century popular music: the field is barely covered by academic research in Serbia, so the hosts and the audience place key albums in their historical context together.

Free entry. The evening is in Serbian.

Organiser: Dom omladine Beograda.","Dva debija sa kojih je krenuo novi talas, u jednoj večeri. Ciklus **„Zlatne godine“** u Domu omladine Beograda radi jednostavno: kritičari puste ploču, ispričaju odakle je došla i šta je promenila, a onda se u razgovor uključi publika. Ploče za 57. veče donose **Žikica Simić** i **Dragan Ambrozić**, obojica iz prvog reda domaće rok kritike: Ambrozić o muzici piše od 1986. i bio je među osnivačima časopisa „Ritam“, Simić je poznat kao radijski autor i publicista.

**Elvis Costello, „My Aim Is True“ (1977).** Debi koji je nagovestio jednu od najupečatljivijih autorskih karijera u engleskom roku. Kostelo je spojio pank bes sa ranim rokenrolom i našao sopstveni glas: ogorčen, individualistički, a opet veran tradiciji dobro napisane pesme. Kako kažu voditelji, prvo mini remek-delo pop genija.

**Gang of Four, „Entertainment!“ (1979).** Još jedan debi koji je izmenio tok istorije. Levičarski angažman i socijalna osvešćenost ukrstili su se sa inovativnom gitarom i plesnim ritmovima; u zvuku se čuju pank i fank, rege i dab. Bend upamćen kao čuvar duha svog doba.

„Zlatne godine“ su zamišljene kao novo tumačenje najvažnijih dometa popularne muzike XX veka: kod nas ta oblast gotovo da nije akademski istražena, pa voditelji zajedno sa publikom smeštaju ključne albume na njihovo istorijsko mesto.

Ulaz je slobodan.

Organizator: Dom omladine Beograda.",18:00,0,Dom omladine Beograda,"Makedonska 22, Beograd","44.815407,20.462793",https://domomladine.org/debate/zlatne-godine-najbolji-muzicki-albumi-20-veka-57/,domomladine.org,https://domomladine.org/debate/zlatne-godine-najbolji-muzicki-albumi-20-veka-57/,Dom omladine Beograda,https://domomladine.org/,,,,,,"рок, музыкальная история, новая волна, лекция, Дом молодёжи","rock, music history, new wave, talk, Dom omladine","rok, istorija muzike, novi talas, tribina, Dom omladine"
9/30/2026,9/30/2026,9/5/2026,1211,Organization,1by1 party (Jedna po jedna),https://www.instagram.com/1by1.party/,,MusicEvent,Lana Del Rey Theme Party: вечеринка 1by1 party в KC Grad,Lana Del Rey Theme Party by 1by1 party at KC Grad,Lana Del Rey Theme Party: žurka 1by1 party u KC Gradu,https://raw.githubusercontent.com/newsgl/arsposters/main/1211-LanaDelReyThemePartyby1b.webp,,Concerts,"Тематическая вечеринка 1by1 party (Jedna po jedna): весь вечер только песни Ланы Дель Рей. 30 сентября в 20:00 в KC Grad (Савамала). Цена входа не объявлена, билеты на месте перед началом.",A 1by1 party (Jedna po jedna) theme night with nothing but Lana Del Rey on the speakers all evening. 30 September at 20:00 at KC Grad in Savamala. Entry price not announced; tickets at the door.,"Tematska žurka ekipe 1by1 party (Jedna po jedna): cele večeri samo pesme Lane Del Rey. 30. septembra u 20.00 u KC Gradu u Savamali. Cena ulaza nije objavljena, karte na licu mesta pre početka.","Summertime Sadness, Video Games, Young and Beautiful и всё остальное, что вы подпеваете в одиночестве: **1by1 party** делает вечеринки одного артиста, и Лана Дель Рей у команды в фаворитах.

Под вывеской **Jedna po jedna** («одна за одной») коллектив устраивает тематические ночи в Белграде с осени 2023 года. Лана-вечеринки шли по средам на верхней летней палубе Zappa Barka, выезжали в Новый Сад, летом 2024-го впервые прошли под открытым небом. Раньше в этом же месяце та же команда устраивает в KC Grad ночь A$AP Rocky и Рианны.

KC Grad для такого формата подходит: бывший склад 1884 года в Савамале, который по вечерам работает как клуб.

Певица, разумеется, не приедет. Цену входа организаторы объявляют в Instagram @1by1.party, билеты продают на месте перед началом.

Организатор: 1by1 party.","Summertime Sadness, Video Games, Young and Beautiful and everything else you sing along to alone: **1by1 party** runs single-artist nights, and Lana Del Rey is the crew's favourite.

Under the name **Jedna po jedna** (""one by one"") the collective has been throwing theme parties in Belgrade since autumn 2023. Lana nights have run on Wednesdays on the upper summer deck of Zappa Barka, travelled to Novi Sad and went open-air for the first time in summer 2024. Earlier the same month the crew hosts an A$AP Rocky and Rihanna night at KC Grad.

KC Grad suits the format: an 1884 warehouse in Savamala that works as a club in the evenings.

The singer herself is not coming, of course. The entry price is announced on Instagram @1by1.party; tickets are sold at the door before the start.

Organiser: 1by1 party.","Summertime Sadness, Video Games, Young and Beautiful i sve ostalo što pevate kad ste sami: **1by1 party** pravi žurke jednog izvođača, a Lana Del Rey im je omiljena.

Pod imenom **Jedna po jedna** ekipa od jeseni 2023. organizuje tematske noći u Beogradu. Lana žurke išle su sredom na gornjoj letnjoj palubi Zappa Barke, gostovale u Novom Sadu, a leta 2024. prvi put su održane na otvorenom. Ranije istog meseca ista ekipa u KC Gradu pravi A$AP Rocky i Rihanna noć.

KC Grad odgovara formatu: magacin iz 1884. u Savamali koji uveče radi kao klub.

Pevačica, naravno, ne dolazi. Cenu ulaza organizatori objavljuju na Instagramu @1by1.party, karte se prodaju na licu mesta pre početka.

Organizator: 1by1 party.",20:00,,KC Grad,"Braće Krsmanović 4, Beograd","44.814317,20.450415",https://kcgrad.rs/calendar/#2026-09-30-lana-del-ray-theme-party-by-1by1-party,kcgrad.rs,https://kcgrad.rs/calendar/#2026-09-30-lana-del-ray-theme-party-by-1by1-party,1by1 party (Jedna po jedna),https://www.instagram.com/1by1.party/,,,,,,"вечеринка, Лана Дель Рей, поп, KC Grad, Савамала","party, Lana Del Rey, pop, KC Grad, Savamala","žurka, Lana Del Rey, pop, KC Grad, Savamala"
9/30/2026,9/30/2026,9/5/2026,1212,Person,Lidija Ham-Milovanović,https://palatanauke.rs/,,EducationEvent,Сохранённое в камне: экскурсия по скульптурам Палаты науки с куратором Народного музея,Preserved in Stone: tour of the Palace of Science sculptures with a National Museum curator,U kamenu sačuvano: vođenje kroz skulpture Palate nauke sa kustoskinjom Narodnog muzeja,https://raw.githubusercontent.com/newsgl/arsposters/main/1212-PreservedinStonetourofth.webp,,Lectures,"Гермес, Посейдон, Афродита, сирены и морские коньки на фасаде бывшего банка: куратор Народного музея Сербии Лидия Хам-Милованович объясняет, зачем банку античная мифология и что здесь сделали скульпторы Долинар, Росандич и Палавичини. 30 сентября в 17:00, зал «Реч» в Палате науки. На сербском языке.","Hermes, Poseidon, Aphrodite, sirens and seahorses on the facade of a former bank: National Museum of Serbia curator Lidija Ham-Milovanović explains why a bank needed ancient mythology and what sculptors Dolinar, Rosandić and Palavičini made here. 30 September at 17:00, Reč Hall at the Palace of Science. In Serbian.","Hermes, Posejdon, Afrodita, sirene i morski konjici na fasadi nekadašnje banke: kustoskinja Narodnog muzeja Srbije Lidija Ham-Milovanović objašnjava zašto je banci trebala antička mitologija i šta su ovde uradili vajari Dolinar, Rosandić i Palavičini. 30. septembra u 17.00, sala Reč u Palati nauke.","Сколько раз вы проходили мимо Палаты науки на Кралья Милана, не поднимая глаз? А на фасаде живёт целый мир: божества, сирены, рыбы, морские коньки, монументальные фигуры на крыше. Зачем они там? Почему банк украсил свою штаб-квартиру мотивами античной мифологии, и было ли это просто красотой или посланием клиентам?

Экскурсию ведёт **Лидия Хам-Милованович**, музейный советник и куратор собрания скульптуры югославских авторов Народного музея Сербии. Здание бывшего Ядранско-Подунавского банка она показывает через его скульптуру и рельефы, снаружи и внутри.

На фасаде собрался свой каменный пантеон: Гермес, Посейдон, Афродита, Аполлон, сирены и морские существа, а в медальонах персонифицированы морская торговля, земледелие, промышленность и коммерция. Над убранством работали крупнейшие скульпторы югославского межвоенного периода **Лойзе Долинар** и **Тома Росандич**, а внутри особое место заняла Афродита работы Петара Палавичини. Почему именно Афродита, почему Посейдон и морские мотивы у банка, и что все эти фигуры говорят о людях, которые задумали и построили палату, разбираем вместе.

Сбор в зале «Реч». Экскурсия на сербском языке.

Организатор: Палата науки (Задужбина Миодрага Костича).","How many times have you walked past the Palace of Science on Kralja Milana without looking up? A whole world lives on its facade: deities, sirens, fish, seahorses, monumental figures at the top. Why are they there? Why would a bank decorate its headquarters with motifs from ancient mythology, and was that pure aesthetics or a message to clients?

The tour is led by **Lidija Ham-Milovanović**, museum advisor and curator of the Collection of Sculpture by Yugoslav Authors at the National Museum of Serbia. She presents the former Adriatic-Danube Bank building through its sculpture and relief decoration, outside and inside.

The facade holds a stone pantheon of its own: Hermes, Poseidon, Aphrodite, Apollo, sirens and marine creatures, with medallions personifying maritime trade, agriculture, industry and commerce. The programme was created by leading sculptors of the Yugoslav interwar period, **Lojze Dolinar** and **Toma Rosandić**, while inside the palace a special place went to Aphrodite by Petar Palavičini. Why Aphrodite, why Poseidon and sea motifs on a bank, and what all these figures say about the people who conceived and built the palace: that is what the tour sets out to answer.

Meeting point in Reč Hall. The tour is in Serbian.

Organiser: Palace of Science (Miodrag Kostić Endowment).","Koliko puta ste prošli pored Palate nauke u Kralja Milana, a da niste podigli pogled? Na fasadi živi ceo jedan svet: božanstva, sirene, ribe, morski konjici, monumentalne figure na vrhu zgrade. Zašto su tu? Zašto bi banka svoje sedište ukrasila motivima iz antičke mitologije, i da li je to bila samo estetika ili poruka klijentima?

Vođenje drži **Lidija Ham-Milovanović**, muzejska savetnica i kustoskinja Zbirke skulpture jugoslovenskih autora Narodnog muzeja Srbije. Zgradu nekadašnje Jadransko-podunavske banke predstavlja kroz skulpture i reljefe, spolja i iznutra.

Na fasadi je okupljen pravi kameni panteon: Hermes, Posejdon, Afrodita, Apolon, sirene i morska bića, a u medaljonima su personifikovani pomorska trgovina, poljoprivreda, industrija i trgovina. Na ukrasu su radili najvažniji vajari jugoslovenskog međuratnog perioda **Lojze Dolinar** i **Toma Rosandić**, dok je u unutrašnjosti posebno mesto dobila Afrodita Petra Palavičinija. Zašto baš Afrodita, zašto Posejdon i morski motivi na banci, i šta sve te figure govore o ljudima koji su palatu zamislili i sagradili: na to vođenje pokušava da odgovori.

Okupljanje u sali Reč.

Organizator: Palata nauke (Zadužbina Miodraga Kostića).",17:00,,Palata nauke,"Kralja Milana 11, Beograd","44.808340,20.463766",https://palatanauke.rs/en/events/preserved-in-stone/,palatanauke.rs,https://palatanauke.rs/en/events/preserved-in-stone/,Palata nauke (Zadužbina Miodraga Kostića),https://palatanauke.rs/,,,,,,"экскурсия, скульптура, архитектура, Палата науки, наследие","guided tour, sculpture, architecture, Palace of Science, heritage","stručno vođenje, skulptura, arhitektura, Palata nauke, nasleđe"
9/30/2026,9/30/2026,9/5/2026,1213,Person,Diana Elizabeth Martinovich,https://www.diana-elizabeth-martinovich.com/,,MusicEvent,«Отголоски тишины»: презентация романа Дианы Элизабет Мартинович и концерт Бориса Мартиновича в Народном музее,Odjeci tišine: Diana Elizabeth Martinovich Book Launch and Boris Martinovich Concert at the National Museum,Odjeci tišine: promocija romana Diane Elizabeth Martinovich i koncert Borisa Martinovića u Narodnom muzeju,https://raw.githubusercontent.com/newsgl/arsposters/main/1213-OdjecitisineDianaElizabe.webp,,Concerts,"Сербское издание психологического триллера «Odjeci tišine» (Echoes of the Unspoken) представляет автор, певица родом из Белграда Диана Элизабет Мартинович; в программе разговор с автором, оперные арии в исполнении бас-баритона Бориса Мартиновича, автограф-сессия и подарки покупателям книги. 30 сентября в 18:45 в атриуме Народного музея (Trg republike 1a), вход с 18:30. Вход свободный по обязательной регистрации. На сербском языке.","The Serbian edition of the psychological thriller Odjeci tišine (Echoes of the Unspoken) is presented by its author, Belgrade-born singer Diana Elizabeth Martinovich; the evening includes a conversation with the author, opera arias by bass-baritone Boris Martinovich, a signing session and gifts for book buyers. 30 September at 18:45 in the atrium of the National Museum (Trg republike 1a), doors at 18:30. Free with mandatory registration. In Serbian.","Srpsko izdanje psihološkog trilera ""Odjeci tišine"" (Echoes of the Unspoken) predstavlja autorka, pevačica rodom iz Beograda Diana Elizabeth Martinovich; u programu razgovor sa autorkom, operske arije u izvođenju bas-baritona Borisa Martinovića, potpisivanje knjiga i pokloni za kupce. 30. septembra u 18.45 u Atrijumu Narodnog muzeja (Trg republike 1a), ulaz od 18.30. Ulaz je besplatan uz obaveznu rezervaciju. Na srpskom jeziku.","Она уехала из Белграда учиться оперному пению, а возвращается с романом, который стал триллером номер один в Канаде. **Диана Элизабет Мартинович**, урождённая Диана Лончаревич, сегодня классическая, оперная и джазовая певица с международной карьерой, автор десятка книг на английском и организатор музыкальных фестивалей. Этой осенью у неё выходит первый авторский джазовый альбом.

**«Odjeci tišine»** (в оригинале Echoes of the Unspoken) её первый художественный роман: психологическая драма о разрушительной страсти, замалчиваемых истинах и о том, как невысказанное оказывается громче любых слов. Книга получила хорошие отзывы в Канаде, США, Великобритании и Австралии; сербское издание выпустило издательство Nova Poetika.

Вторая часть вечера концерт. Оперные арии исполнит **Борис Мартинович**, бас-баритон с карьерой на крупных мировых сценах и муж автора; справочник Cambridge Who's Who назвал его голос одним из самых красивых оперных голосов XX века. Акустика атриума Народного музея сама по себе повод прийти.

После официальной части автограф-сессия, короткий разговор и фото с публикой. Роман можно купить на месте до и после программы; к каждой купленной книге подарок, подготовленный специально для этого вечера. Рассадка свободная, кроме нескольких VIP-мест в первых рядах; двери открываются в 18:30. Билет печатать не нужно, достаточно QR-кода на телефоне или фамилии при входе.

На сербском языке.

Вход свободный, обязательна предварительная регистрация: количество мест ограничено.","She left Belgrade to study opera and returns with a novel that reached number one among thrillers in Canada. **Diana Elizabeth Martinovich**, born Dijana Lončarević, is today a classical, opera and jazz singer with an international career, the author of around ten books in English and an organiser of music festivals. Her first jazz album of original material is due this autumn.

**Odjeci tišine** (Echoes of the Unspoken in the original) is her first novel: a psychological drama about destructive passion, truths kept silent and the way the unspoken ends up louder than any words. The book was well received in Canada, the US, the UK and Australia; the Serbian edition is published by Nova Poetika.

The second half of the evening is a concert. Opera arias will be sung by **Boris Martinovich**, a bass-baritone with a career on major world stages and the author's husband; Cambridge Who's Who listed his voice among the finest opera voices of the 20th century. The acoustics of the National Museum atrium are a reason to come in themselves.

After the official part there is a signing session, a short chat and photos with the audience. The novel is on sale on site before and after the programme, and every copy bought comes with a gift prepared for this evening. Seating is unreserved apart from a few VIP seats in the front rows; doors open at 18:30. No need to print the ticket: a QR code on your phone or your name at the door is enough.

In Serbian.

Free entry, advance registration required: seats are limited.","Iz Beograda je otišla da uči operu, a vraća se sa romanom koji je postao triler broj jedan u Kanadi. **Diana Elizabeth Martinovich**, rođena Dijana Lončarević, danas je klasična, operska i džez pevačica sa međunarodnom karijerom, autorka desetak knjiga na engleskom i organizatorka muzičkih festivala. Ove jeseni objavljuje i prvi autorski džez album.

**""Odjeci tišine""** (u originalu Echoes of the Unspoken) njen je prvi roman: psihološka drama o razornoj strasti, prećutkivanim istinama i tome kako neizrečeno postaje glasnije od bilo koje reči. Knjiga je dobro primljena u Kanadi, SAD, Velikoj Britaniji i Australiji; srpsko izdanje objavila je izdavačka kuća Nova Poetika.

Drugi deo večeri je koncert. Operske arije peva **Boris Martinović**, bas-bariton sa karijerom na velikim svetskim scenama i suprug autorke; Cambridge Who's Who uvrstio je njegov glas među najlepše operske glasove 20. veka. Akustika Atrijuma Narodnog muzeja sama je po sebi razlog da se dođe.

Posle zvaničnog dela sledi potpisivanje knjiga, kratak razgovor i fotografisanje sa publikom. Roman se može kupiti na licu mesta pre i posle programa, a uz svaki kupljeni primerak ide poklon pripremljen za ovo veče. Sedenje nije numerisano, osim nekoliko VIP mesta u prvim redovima; vrata se otvaraju u 18.30. Kartu ne treba štampati: dovoljan je QR kod na telefonu ili ime na ulazu.

Na srpskom jeziku.

Ulaz je besplatan, obavezna je prethodna rezervacija: broj mesta je ograničen.",18:45,0,Narodni muzej Srbije,"Trg republike 1a, 11000 Beograd","44.816790,20.459645",https://www.eventbrite.com/e/ekskluzivni-kulturno-muzicki-spektakl-diana-elizabeth-boris-martinovich-tickets-1999410663116,eventbrite.com,https://www.eventbrite.com/e/ekskluzivni-kulturno-muzicki-spektakl-diana-elizabeth-boris-martinovich-tickets-1999410663116,,,,,,,,"презентация книги, опера, концерт, литература, Народный музей","book launch, opera, concert, literature, National Museum","promocija knjige, opera, koncert, književnost, Narodni muzej"
10/1/2026,10/1/2026,9/5/2026,1214,Person,Halil Caliskan,https://www.youtube.com/channel/UCzjqgkSPTd4TJtDGISUPSBg,,ComedyEvent,Halil Caliskan: стендап Homesick на английском в Kafe-bar Avangarda,"Halil Caliskan: Homesick, English Stand-Up Comedy at Kafe-bar Avangarda","Halil Caliskan: Homesick, stand-up na engleskom u Kafe-baru Avangarda",https://raw.githubusercontent.com/newsgl/arsposters/main/1214-HalilCaliskanHomesickEng.webp,,Stand Up,"Турецкий комик из Амстердама Халиль Чалышкан привозит в Белград свой дебютный сольный час Homesick: о жизни за границей, кризисе идентичности, кофешопах и тёмной политической сатире. 1 октября в 20:00 в Kafe-bar Avangarda (Vojvode Dobrnjca 34). Билеты 14,5 евро (около 1700 динаров). На английском языке.","Amsterdam-based Turkish comedian Halil Caliskan brings his debut solo hour Homesick to Belgrade: life abroad, identity crises, coffeeshops and dark political satire. 1 October at 20:00 at Kafe-bar Avangarda (Vojvode Dobrnjca 34). Tickets 14.5 euros (about 1700 dinars). In English.","Turski komičar iz Amsterdama Halil Caliskan dovodi u Beograd svoj debitantski solo sat Homesick: život u inostranstvu, kriza identiteta, coffeeshopovi i mračna politička satira. 1. oktobra u 20.00 u Kafe-baru Avangarda (Vojvode Dobrnjca 34). Karte 14,5 evra (oko 1700 dinara). Na engleskom jeziku.","Как выглядит жизнь эмигранта, если убрать из неё открыточный глянец? **Халиль Чалышкан** отвечает на этот вопрос час подряд и без оглядки на приличия. Homesick его дебютное сольное шоу: острые наблюдения, истории из жизни и тёмная политическая сатира.

Чалышкан родился в Бурсе, с 2017 года живёт в Амстердаме. Десять лет консалтинга закончились выгоранием, потом была своя пиццерия, пандемия и долги, и в какой-то момент всё это стало материалом для сцены: с 2022 года стендап его основная работа. В программе кризис идентичности, знаменитая амстердамская кофешоп-культура, встречи с голландскими гуру на психоделических ретритах и всё, что между.

Подача сухая, deadpan, при этом организаторы обещают клоунскую открытость: игривость, непредсказуемость и эмоциональную незащищённость. Шоу обкатано на Edinburgh Fringe и Barcelona Fringe, в Белград приезжает его финальная версия. Продолжительность около часа.

За гастроли отвечает **Patron Stage**, амстердамский продюсер англоязычного стендапа.

На английском языке.

Цена: 14,5 евро (около 1700 динаров).

Организатор: Patron Stage.","What does life abroad look like once you strip away the postcard gloss? **Halil Caliskan** answers that for a full hour with no regard for politeness. Homesick is his debut solo show: sharp observations, stories from his own life and dark political satire.

Caliskan was born in Bursa and has lived in Amsterdam since 2017. A decade in consulting ended in burnout, then came his own pizzeria, the pandemic and financial trouble, and at some point all of it turned into stage material: since 2022 comedy has been his full-time job. The show covers identity crises, Amsterdam's infamous coffeeshop culture, encounters with Dutch gurus at psychedelic retreats and everything in between.

The delivery is deadpan, yet the organisers promise a clown's sensitivity: playful, unpredictable and emotionally exposed. The show was tested at the Edinburgh Fringe and Barcelona Fringe; Belgrade gets its final version. Running time is about an hour.

The tour is produced by **Patron Stage**, an Amsterdam-based promoter of English-language stand-up.

In English.

Price: 14.5 euros (about 1700 dinars).

Organiser: Patron Stage.","Kako izgleda život u inostranstvu kad se skine sjaj sa razglednice? **Halil Caliskan** na to odgovara ceo sat i bez obzira na pristojnost. Homesick je njegova debitantska solo predstava: oštra zapažanja, priče iz sopstvenog života i mračna politička satira.

Caliskan je rođen u Bursi, a od 2017. živi u Amsterdamu. Deset godina konsaltinga završilo se sagorevanjem, zatim su došli sopstvena picerija, pandemija i dugovi, i u jednom trenutku sve je to postalo materijal za binu: od 2022. stand-up mu je glavni posao. U programu su kriza identiteta, čuvena amsterdamska coffeeshop kultura, susreti sa holandskim guruima na psihodeličnim ritritima i sve između.

Izvođenje je deadpan, a organizatori obećavaju i klovnovsku otvorenost: razigrano, nepredvidivo i emotivno ogoljeno. Predstava je proverena na Edinburgh Fringeu i Barcelona Fringeu, u Beograd stiže njena finalna verzija. Traje oko sat vremena.

Turneju vodi **Patron Stage**, amsterdamski producent stand-upa na engleskom.

Na engleskom jeziku.

Cena: 14,5 evra (oko 1700 dinara).

Organizator: Patron Stage.",20:00,1700,Avangarda Bar,"Vojvode Dobrnjca 34, Beograd","44.817859,20.474742",https://www.eventbrite.nl/e/english-stand-up-comedy-homesick-halil-caliskan-tickets-1998206498427,eventbrite.nl,https://www.eventbrite.nl/e/english-stand-up-comedy-homesick-halil-caliskan-tickets-1998206498427,Patron Stage,https://patronstage.com/,,,,,,"стендап, на английском, комедия, Halil Caliskan, эмиграция","stand-up, in English, comedy, Halil Caliskan, expat life","stand-up, na engleskom, komedija, Halil Caliskan, život u inostranstvu"
10/23/2026,10/23/2026,9/5/2026,1215,Person,Zubin Mehta,https://en.wikipedia.org/wiki/Zubin_Mehta,,MusicEvent,Гала-концерт Белградской филармонии с Зубином Метой на Коларце,Belgrade Philharmonic Gala with Zubin Mehta at Kolarac,Gala koncert Beogradske filharmonije sa Zubinom Mehtom na Kolarcu,https://raw.githubusercontent.com/newsgl/arsposters/main/1215-BelgradePhilharmonicGala.webp,,Concerts,"Зубин Мета, которому в апреле исполнилось 90, снова встаёт за пульт Белградской филармонии: гала-концерт в Большом зале Коларца 23 октября в 20:00. Программа будет объявлена позже.","Zubin Mehta, who turned 90 in April, returns to the podium of the Belgrade Philharmonic for a gala concert in the Great Hall of Kolarac. 23 October at 20:00. Programme to be announced.","Zubin Mehta, koji je u aprilu napunio 90 godina, ponovo staje pred Beogradsku filharmoniju: gala koncert u Velikoj dvorani Kolarčeve zadužbine 23. oktobra u 20.00. Program će biti objavljen naknadno.","**Зубин Мета** впервые дирижировал Белградской филармонией в 1958 году, молодым лауреатом ливерпульского конкурса. Почти семьдесят лет спустя он остаётся ближайшим другом оркестра: осенью 2024-го два его концерта на Коларце разошлись без остатка, а в январе 2026-го маэстро повёз филармонию в Мумбаи, свой родной город, на первые в её истории гастроли в Индии, где с оркестром играли Ланг Ланг и Пинхас Цукерман. Дату белградского концерта Мета назвал ещё на пресс-конференции в Мумбаи.

Послужной список дирижёра читается как история музыки второй половины XX века: Лос-Анджелесский филармонический, где он в 26 лет стал самым молодым руководителем большого американского оркестра, Нью-Йоркский филармонический, Баварская государственная опера, Флорентийский музыкальный май и Израильский филармонический, пожизненным музыкальным руководителем которого его назначили в 1981 году.

В апреле 2026-го Мете исполнилось 90 лет. В канун нового года РТС показал документальный фильм Бориса Милковича «Da capo» об истории его дружбы с белградским оркестром, а октябрьский гала-концерт сезона **Fortissimo 26/27** продолжает эту историю.

Программа гала-концерта пока не опубликована.

Организатор: Beogradska filharmonija.","**Zubin Mehta** first conducted the Belgrade Philharmonic in 1958, as a young laureate of the Liverpool competition. Nearly seventy years later he remains the orchestra's closest friend: his two concerts at Kolarac in autumn 2024 sold out completely, and in January 2026 he took the Philharmonic to Mumbai, his home city, for its first-ever tour of India, with Lang Lang and Pinchas Zukerman as soloists. Mehta announced the date of this Belgrade concert at the press conference in Mumbai.

His career reads like a history of music in the second half of the twentieth century: the Los Angeles Philharmonic, where at 26 he became the youngest music director of a major American orchestra, the New York Philharmonic, the Bavarian State Opera, the Maggio Musicale Fiorentino and the Israel Philharmonic, which named him music director for life in 1981.

Mehta turned 90 in April 2026. On New Year's Eve, Serbian public broadcaster RTS aired Boris Miljković's documentary Da Capo about his long friendship with the Belgrade orchestra, and this October gala of the **Fortissimo 26/27** season carries that story on.

The gala programme has not yet been published.

Organiser: Beogradska filharmonija.","**Zubin Mehta** je Beogradskom filharmonijom prvi put dirigovao 1958. godine, kao mladi laureat takmičenja u Liverpulu. Skoro sedamdeset godina kasnije ostaje najveći prijatelj orkestra: dva njegova koncerta na Kolarcu u jesen 2024. bila su rasprodata, a u januaru 2026. maestro je odveo Filharmoniju u Mumbaj, svoj rodni grad, na prvu turneju po Indiji u istoriji orkestra, gde su sa njim svirali Lang Lang i Pinkas Cukerman. Datum beogradskog koncerta Mehta je najavio još na konferenciji za medije u Mumbaju.

Njegova biografija čita se kao istorija muzike druge polovine dvadesetog veka: Losanđeleska filharmonija, gde je sa 26 godina postao najmlađi šef velikog američkog orkestra, Njujorška filharmonija, Bavarska državna opera, Firentinski muzički maj i Izraelska filharmonija, koja ga je 1981. imenovala za doživotnog muzičkog direktora.

U aprilu 2026. Mehta je napunio 90 godina. Uoči Nove godine RTS je premijerno prikazao dokumentarac Borisa Miljkovića „Da capo“ o njegovom dugom prijateljstvu sa beogradskim orkestrom, a oktobarski gala koncert sezone **Fortissimo 26/27** nastavlja tu priču.

Program gala koncerta još nije objavljen.

Organizator: Beogradska filharmonija.",20:00,,Zadužbina Ilije M. Kolarca,"Studentski trg 5, Beograd","44.819094,20.456261",https://www.bgf.rs/repertoar_cp/gala-kontsert-sa-zubinom-mehtom-na-kolartsu/,bgf.rs,https://www.bgf.rs/repertoar_cp/gala-kontsert-sa-zubinom-mehtom-na-kolartsu/,Beogradska filharmonija,https://www.bgf.rs/,,,,,,"Зубин Мета, классическая музыка, симфонический оркестр, Белградская филармония, Коларац","Zubin Mehta, classical music, symphony orchestra, Belgrade Philharmonic, Kolarac","Zubin Mehta, klasična muzika, simfonijski orkestar, Beogradska filharmonija, Kolarac"
10/24/2026,10/24/2026,9/5/2026,1216,Organization,Šahovski savez Beograda,https://beochess.rs/,,SocialEvent,"Шахматы: блиц-серия «Цугери у ШОБУ», 8-й этап (Делиградска 27)","Chess: Cugeri u ŠOBU Blitz Grand Prix, Stage 8 at Deligradska 27","Šah: Gran-pri „Cugeri u ŠOBU“, 8. turnir (Deligradska 27)",https://raw.githubusercontent.com/newsgl/arsposters/main/1216-ChessCugeriuSOBUBlitzGra.webp,,Games,"Восьмой этап блиц-серии Гран-при «Цугери у ШОБУ» Шахматного союза Белграда: 13 туров по швейцарской системе, контроль 3 минуты на партию плюс 2 секунды за ход, результаты идут в блиц-рейтинг ФИДЕ. 24 октября (суббота) в 18:00 в зале на третьем этаже Городского центра физической культуры (Делиградска 27). Взнос 500 динаров, для женщин, ветеранов и кадетов 400, гроссмейстеры бесплатно. Мест в зале ограниченное число, заявляться лучше заранее.","Stage 8 of the Belgrade Chess Federation blitz series Cugeri u ŠOBU: 13 Swiss rounds at 3 minutes per game plus 2 seconds per move, FIDE blitz rated. 24 October (Saturday) at 18:00 in the third-floor hall of the City Centre for Physical Culture (Deligradska 27). Entry fee 500 dinars, 400 for women, veterans and cadets, grandmasters free. Places are limited, so register early.","Osmi turnir Gran-pri serije „Cugeri u ŠOBU“ Šahovskog saveza Beograda: 13 kola po švajcarskom sistemu, tempo 3 minuta po partiji plus 2 sekunde po potezu, rejtinguje se kod FIDE. Subota, 24. oktobar u 18.00 u sali na trećem spratu Gradskog centra za fizičku kulturu (Deligradska 27). Upisnina 500 dinara, žene, veterani i kadeti 400, velemajstori ne plaćaju. Broj mesta je ograničen, prijavite se na vreme.","«Цугером» белградские шахматисты называют блиц-партию, а зал на третьем этаже дома на Делиградской, 27 известен им как место культовых городских блиц-турниров. В 2023 году Шахматный союз Белграда возродил их как серию Гран-при «Цугери у ШОБУ»: десять этапов в год плюс финал в декабре. Этот этап восьмой, впереди ещё два отборочных.

Регламент простой: **13 туров по швейцарской системе**, 3 минуты на партию плюс 2 секунды за ход, результаты идут в блиц-рейтинг ФИДЕ. Турнир открытый, но мест в зале ограниченное число, и список участников закрывается заранее: на седьмой этап в сентябре записались более 70 игроков, среди них гроссмейстеры Данило Миланович и Горан Чабрило, но при среднем рейтинге около 1950 соперник по силам найдётся и любителю.

Призовой фонд складывается из взносов за вычетом 11% налога. Победитель получает кубок, тройка призёров медали, а **трое лучших**, ещё не отобравшихся раньше, проходят в финал на 30 участников в рамках Новогоднего фестиваля ШСБ.

Заявки по телефону 069 202 12 07 (SMS, Viber, WhatsApp) или на beochess011@yahoo.com; подтверждение на месте до 17:55, после пятницы взнос 600 динаров.

Цена: 500 динаров; женщины, ветераны (1961 года рождения и старше) и кадеты (2010 года рождения и младше) 400 динаров; гроссмейстеры бесплатно.

Организатор: Шаховски савез Београда.","Belgrade chess players call a blitz game a ""cuger"", and the third-floor hall at Deligradska 27 is known to them as the home of the city's legendary blitz tournaments. In 2023 the Belgrade Chess Federation revived them as the Grand Prix series Cugeri u ŠOBU: ten stages a year plus a final in December. This is stage eight, with two more qualifying stages ahead.

The rules are simple: **13 Swiss rounds**, 3 minutes per game plus 2 seconds per move, FIDE blitz rated. The tournament is open, but the hall has limited capacity and the entry list closes early: more than 70 players signed up for stage seven in September, grandmasters Danilo Milanović and Goran Čabrilo among them, yet with an average rating around 1950 amateurs find opponents of their own strength too.

The prize fund is made up of entry fees minus 11 percent tax. The winner gets a cup, the top three medals, and the **three best players** not already qualified go through to the 30-player final at the ŠSB New Year Festival.

Register by phone at 069 202 12 07 (SMS, Viber, WhatsApp) or at beochess011@yahoo.com; confirm in person by 17:55, entries after Friday cost 600 dinars.

Price: 500 dinars; women, veterans (born 1961 or earlier) and cadets (born 2010 or later) 400 dinars; grandmasters free.

Organiser: Belgrade Chess Federation (Šahovski savez Beograda).","Beogradski šahisti brzopoteznu partiju zovu „cuger“, a sala na trećem spratu u Deligradskoj 27 poznata im je kao mesto kultnih gradskih blic turnira. Šahovski savez Beograda ih je 2023. obnovio kao Gran-pri seriju „Cugeri u ŠOBU“: deset turnira godišnje plus finale u decembru. Ovo je osmi turnir, slede još dva kvalifikaciona.

Pravila su jednostavna: **13 kola po švajcarskom sistemu**, 3 minuta po partiji plus 2 sekunde za potez, rejtinguje se kod FIDE. Turnir je otvoren, ali sala ima ograničen broj mesta i lista učesnika se rano zatvara: za sedmi turnir u septembru prijavilo se više od 70 igrača, među njima velemajstori Danilo Milanović i Goran Čabrilo, ali uz prosečan rejting oko 1950 i amateri lako nalaze protivnike svoje snage.

Nagradni fond čini upisnina umanjena za 11 odsto poreza. Pobednik dobija pehar, trojica prvoplasiranih medalje, a **troje najboljih** koji to pravo ranije nisu stekli plasiraju se u finale za 30 učesnika u okviru Novogodišnjeg festivala ŠSB.

Prijave telefonom na 069 202 12 07 (SMS, Viber, WhatsApp) ili na beochess011@yahoo.com; potvrda učešća lično do 17.55, prijave posle petka 600 dinara.

Cena: 500 dinara; žene, veterani (1961. godište i stariji) i kadeti (2010. godište i mlađi) 400 dinara; velemajstori besplatno.

Organizator: Šahovski savez Beograda.",18:00,500,Gradski centar za fizičku kulturu,"Deligradska 27, Beograd","44.799988,20.463242",https://www.beochess.rs/kalendar/#2026-10-24-гран-при-цугери-у-шобу-8,beochess.rs,https://www.beochess.rs/kalendar/#2026-10-24-гран-при-цугери-у-шобу-8,Šahovski savez Beograda,https://beochess.rs/,,,,,,"шахматы, блиц, турнир, Гран-при, ШСБ","chess, blitz, tournament, Grand Prix, Belgrade Chess Federation","šah, blic, turnir, gran-pri, ŠSB"
10/30/2026,10/30/2026,9/5/2026,1217,MusicGroup,Beogradska filharmonija,https://www.bgf.rs/,,MusicEvent,Белградская филармония на 58-м фестивале БЕМУС на Коларце,"Belgrade Philharmonic at the 58th BEMUS Festival, Kolarac",Beogradska filharmonija na 58. BEMUS-u na Kolarcu,https://raw.githubusercontent.com/newsgl/arsposters/main/1217-BelgradePhilharmonicatth.webp,,Concerts,"Выступление Белградской филармонии в программе 58-го фестиваля БЕМУС: Большой зал Коларца, 30 октября в 20:00. Дирижёр, солисты и программа пока не объявлены.","The Belgrade Philharmonic performs in the programme of the 58th BEMUS festival: Great Hall of Kolarac, 30 October at 20:00. Conductor, soloists and programme to be announced.","Nastup Beogradske filharmonije u programu 58. BEMUS-a: Velika dvorana Kolarčeve zadužbine, 30. oktobra u 20.00. Dirigent, solisti i program još nisu objavljeni.","**БЕМУС**, Белградские музыкальные торжества, старейший фестиваль классической музыки в Сербии: он проходит с 1969 года, и осенью 2026-го открывается его 58-й выпуск. Организует фестиваль городской центр CEBEF, а главные концерты традиционно собираются в Большом зале Коларца.

Белградская филармония на БЕМУСе выступает почти ежегодно, чаще всего открывая или закрывая фестиваль. На 57-м фестивале в 2025-м именно она играла концерт-открытие, в 2020-м закрывала фестиваль моцартовской программой, а на юбилейном 50-м БЕМУСе в 2018-м исполнила «Белградскую увертюру» Драгутина Гостушки.

Оркестр, основанный в 1923 году Стеваном Христичем, проводит сезон 26/27 под девизом **Fortissimo**: главные гости года Зубин Мета и Ланг Ланг, и фестивальный вечер стоит в календаре ровно между двумя этими гала.

Дирижёр, солисты и программа концерта на сайте филармонии пока не опубликованы.

Организатор: Beogradska filharmonija, CEBEF.","**BEMUS**, the Belgrade Music Festival, is Serbia's oldest classical music festival: it has run since 1969, and autumn 2026 brings its 58th edition. The festival is organised by the city's CEBEF centre, and its main concerts traditionally take place in the Great Hall of Kolarac.

The Belgrade Philharmonic appears at BEMUS almost every year, usually opening or closing the festival. It played the opening concert of the 57th edition in 2025, closed the 2020 festival with an all-Mozart programme, and performed Dragutin Gostuški's Belgrade Overture at the 50th anniversary BEMUS in 2018.

The orchestra, founded in 1923 by Stevan Hristić, is playing its 26/27 season under the motto **Fortissimo**: the headline guests are Zubin Mehta and Lang Lang, and this festival evening falls exactly between those two galas.

The conductor, soloists and programme have not yet been published on the Philharmonic's website.

Organiser: Beogradska filharmonija, CEBEF.","**BEMUS**, Beogradske muzičke svečanosti, najstariji je festival klasične muzike u Srbiji: održava se od 1969. godine, a u jesen 2026. stiže njegovo 58. izdanje. Festival organizuje gradski centar CEBEF, a glavni koncerti tradicionalno se održavaju u Velikoj dvorani Kolarčeve zadužbine.

Beogradska filharmonija na BEMUS-u nastupa gotovo svake godine, najčešće na otvaranju ili zatvaranju festivala. Na 57. festivalu 2025. upravo je ona svirala koncert otvaranja, 2020. je zatvorila festival Mocartovim programom, a na jubilarnom 50. BEMUS-u 2018. izvela je „Beogradsku uvertiru“ Dragutina Gostuškog.

Orkestar, koji je 1923. osnovao Stevan Hristić, sezonu 26/27 igra pod motom **Fortissimo**: glavni gosti godine su Zubin Mehta i Lang Lang, a festivalsko veče u kalendaru stoji tačno između ta dva gala koncerta.

Dirigent, solisti i program koncerta još nisu objavljeni na sajtu Filharmonije.

Organizator: Beogradska filharmonija, CEBEF.",20:00,,Zadužbina Ilije M. Kolarca,"Studentski trg 5, Beograd","44.819094,20.456261",https://www.bgf.rs/repertoar_cp/nastup-na-58-bemus-u/,bgf.rs,https://www.bgf.rs/repertoar_cp/nastup-na-58-bemus-u/,Beogradska filharmonija,https://www.bgf.rs/,,,,,,"БЕМУС, фестиваль классической музыки, симфонический оркестр, Белградская филармония, Коларац","BEMUS, classical music festival, symphony orchestra, Belgrade Philharmonic, Kolarac","BEMUS, festival klasične muzike, simfonijski orkestar, Beogradska filharmonija, Kolarac"
11/7/2026,11/7/2026,9/5/2026,1218,Organization,Šahovski savez Beograda,https://beochess.rs/,,SocialEvent,"Шахматы: Гран-при ШСБ по рапиду, 9-й этап (Делиградска 27)","Chess: Belgrade Rapid Grand Prix, Stage 9 at Deligradska 27","Šah: Gran-pri ŠSB u ubrzanom šahu, 9. turnir (Deligradska 27)",https://raw.githubusercontent.com/newsgl/arsposters/main/1218-ChessBelgradeRapidGrandP.webp,,Games,"Девятый этап Гран-при Шахматного союза Белграда по быстрым шахматам: 7 туров по швейцарской системе, контроль 10 минут на партию плюс 5 секунд за ход, результаты идут в рейтинг ФИДЕ. 7 ноября (суббота) в 18:00 в Городском центре физической культуры (Делиградска 27, 3-й этаж). Взнос 700 динаров, для женщин, ветеранов и кадетов 500, гроссмейстеры играют бесплатно.","Stage 9 of the Belgrade Chess Federation Rapid Grand Prix: 7 Swiss rounds at 10 minutes per game plus 5 seconds per move, FIDE rapid rated. 7 November (Saturday) at 18:00 at the City Centre for Physical Culture (Deligradska 27, 3rd floor). Entry fee 700 dinars, 500 for women, veterans and cadets, grandmasters play free.","Deveti turnir Gran-pri serije Šahovskog saveza Beograda u ubrzanom šahu: 7 kola po švajcarskom sistemu, tempo 10 minuta po partiji plus 5 sekundi po potezu, turnir se rejtinguje kod FIDE. Subota, 7. novembar u 18.00 u Gradskom centru za fizičku kulturu (Deligradska 27, III sprat). Upisnina 700 dinara, žene, veterani i kadeti 500, velemajstori ne plaćaju.","Десять вечеров в году Шахматный союз Белграда (ШСБ) отдаёт быстрым шахматам: серия Гран-при по рапиду идёт с февраля по декабрь, а лучшие по сумме мест на десяти этапах выходят в финал на Новогоднем фестивале ШСБ. Этот этап девятый, предпоследний; на следующий день в том же зале играют девятый этап блиц-серии.

Формат один и тот же на всех этапах: **7 туров по швейцарской системе**, контроль 10 минут на партию плюс 5 секунд за каждый ход, результаты идут в рейтинг ФИДЕ по рапиду. Играют в зале на третьем этаже Городского центра физической культуры на Делиградской, 27, там же, где ШСБ проводит блиц-серию «Цугери у ШОБУ». Турнир открытый: рядом с гроссмейстерами и международными мастерами садятся за доску любители.

Призовой фонд складывается из всех взносов за вычетом 11% налога. **В финал** попадают 30 игроков по сумме мест на десяти этапах; финалисты взнос не платят, а призовой фонд финала в прошлом году составил 77 000 динаров.

Заявки заранее: beochess011@yahoo.com или SMS/Viber на 063 455 930; подтверждение на месте до 17:55, поздние заявки 800 динаров.

Цена: 700 динаров; женщины, ветераны (1961 года рождения и старше) и кадеты (2010 года рождения и младше) 500 динаров; гроссмейстеры бесплатно.

Организатор: Шаховски савез Београда.","Ten evenings a year the Belgrade Chess Federation (ŠSB) gives over to rapid chess: its Rapid Grand Prix runs from February to December, and the best performers over ten stages qualify for the final at the ŠSB New Year Festival. This is stage nine, the penultimate one; the next day the same hall hosts stage nine of the blitz series.

The format is the same at every stage: **7 Swiss rounds**, 10 minutes per game plus 5 seconds per move, FIDE rapid rated. Play takes place in the third-floor hall of the City Centre for Physical Culture at Deligradska 27, the same room that hosts the federation's blitz series Cugeri u ŠOBU. The event is open: amateurs sit down next to grandmasters and international masters.

The prize fund is made up of all entry fees minus 11 percent tax. **The final** takes 30 players by combined placings over ten stages; finalists pay no fee, and last year's final prize fund was 77,000 dinars.

Register in advance at beochess011@yahoo.com or by SMS/Viber to 063 455 930; confirm in person by 17:55, late entries pay 800 dinars.

Price: 700 dinars; women, veterans (born 1961 or earlier) and cadets (born 2010 or later) 500 dinars; grandmasters free.

Organiser: Belgrade Chess Federation (Šahovski savez Beograda).","Deset večeri godišnje Šahovski savez Beograda (ŠSB) rezerviše za ubrzani šah: Gran-pri serija u rapidu traje od februara do decembra, a najbolji po zbiru plasmana sa deset turnira igraju finale na Novogodišnjem festivalu ŠSB. Ovo je deveti, pretposlednji turnir; sutradan se u istoj sali igra deveti turnir brzopotezne serije.

Format je isti na svakom turniru: **7 kola po švajcarskom sistemu**, 10 minuta po partiji plus 5 sekundi za svaki potez, rejtinguje se kod FIDE. Igra se u sali na trećem spratu Gradskog centra za fizičku kulturu u Deligradskoj 27, gde ŠSB održava i brzopoteznu seriju „Cugeri u ŠOBU“. Turnir je otvoren: pored velemajstora i internacionalnih majstora za tablu sedaju i amateri.

Nagradni fond čini kompletna upisnina umanjena za 11 odsto poreza. **Finale** igra 30 takmičara koji to pravo steknu plasmanom na deset turnira; finalisti ne plaćaju upisninu, a prošlogodišnji nagradni fond finala iznosio je 77.000 dinara.

Prijave unapred na beochess011@yahoo.com ili SMS/Viber na 063 455 930; potvrda učešća lično do 17.55, kasne prijave 800 dinara.

Cena: 700 dinara; žene, veterani (1961. godište i stariji) i kadeti (2010. godište i mlađi) 500 dinara; velemajstori besplatno.

Organizator: Šahovski savez Beograda.",18:00,700,Gradski centar za fizičku kulturu,"Deligradska 27, Beograd","44.799988,20.463242",https://www.beochess.rs/kalendar/#2026-11-07-гран-при-у-убрзаном-шаху-9,beochess.rs,https://www.beochess.rs/kalendar/#2026-11-07-гран-при-у-убрзаном-шаху-9,Šahovski savez Beograda,https://beochess.rs/,,,,,,"шахматы, турнир, рапид, Гран-при, ШСБ","chess, tournament, rapid, Grand Prix, Belgrade Chess Federation","šah, turnir, ubrzani šah, gran-pri, ŠSB"
11/8/2026,11/8/2026,9/5/2026,1219,Organization,Šahovski savez Beograda,https://beochess.rs/,,SocialEvent,"Шахматы: блиц-серия «Цугери у ШОБУ», 9-й этап (Делиградска 27)","Chess: Cugeri u ŠOBU Blitz Grand Prix, Stage 9 at Deligradska 27","Šah: Gran-pri „Cugeri u ŠOBU“, 9. turnir (Deligradska 27)",https://raw.githubusercontent.com/newsgl/arsposters/main/1219-ChessCugeriuSOBUBlitzGra.webp,,Games,"Девятый этап блиц-серии Гран-при «Цугери у ШОБУ» Шахматного союза Белграда: 13 туров по швейцарской системе, контроль 3 минуты на партию плюс 2 секунды за ход, результаты идут в блиц-рейтинг ФИДЕ. 8 ноября (воскресенье) в 18:00 в зале на третьем этаже Городского центра физической культуры (Делиградска 27). Взнос 500 динаров, для женщин, ветеранов и кадетов 400, гроссмейстеры бесплатно. Мест в зале ограниченное число, заявляться лучше заранее.","Stage 9 of the Belgrade Chess Federation blitz series Cugeri u ŠOBU: 13 Swiss rounds at 3 minutes per game plus 2 seconds per move, FIDE blitz rated. 8 November (Sunday) at 18:00 in the third-floor hall of the City Centre for Physical Culture (Deligradska 27). Entry fee 500 dinars, 400 for women, veterans and cadets, grandmasters free. Places are limited, so register early.","Deveti turnir Gran-pri serije „Cugeri u ŠOBU“ Šahovskog saveza Beograda: 13 kola po švajcarskom sistemu, tempo 3 minuta po partiji plus 2 sekunde po potezu, rejtinguje se kod FIDE. Nedelja, 8. novembar u 18.00 u sali na trećem spratu Gradskog centra za fizičku kulturu (Deligradska 27). Upisnina 500 dinara, žene, veterani i kadeti 400, velemajstori ne plaćaju. Broj mesta je ograničen, prijavite se na vreme.","«Цугером» белградские шахматисты называют блиц-партию, а зал на третьем этаже дома на Делиградской, 27 известен им как место культовых городских блиц-турниров. В 2023 году Шахматный союз Белграда возродил их как серию Гран-при «Цугери у ШОБУ»: десять этапов в год плюс финал в декабре. Этот этап девятый, предпоследний; накануне в том же зале играют девятый этап рапида.

Регламент простой: **13 туров по швейцарской системе**, 3 минуты на партию плюс 2 секунды за ход, результаты идут в блиц-рейтинг ФИДЕ. Турнир открытый, но мест в зале ограниченное число, и список участников закрывается заранее: на седьмой этап в сентябре записались более 70 игроков, среди них гроссмейстеры Данило Миланович и Горан Чабрило, но при среднем рейтинге около 1950 соперник по силам найдётся и любителю.

Призовой фонд складывается из взносов за вычетом 11% налога. Победитель получает кубок, тройка призёров медали, а **трое лучших**, ещё не отобравшихся раньше, проходят в финал на 30 участников в рамках Новогоднего фестиваля ШСБ.

Заявки по телефону 069 202 12 07 (SMS, Viber, WhatsApp) или на beochess011@yahoo.com; подтверждение на месте до 17:55, после пятницы взнос 600 динаров.

Цена: 500 динаров; женщины, ветераны (1961 года рождения и старше) и кадеты (2010 года рождения и младше) 400 динаров; гроссмейстеры бесплатно.

Организатор: Шаховски савез Београда.","Belgrade chess players call a blitz game a ""cuger"", and the third-floor hall at Deligradska 27 is known to them as the home of the city's legendary blitz tournaments. In 2023 the Belgrade Chess Federation revived them as the Grand Prix series Cugeri u ŠOBU: ten stages a year plus a final in December. This is stage nine, the penultimate one; the day before, the same hall hosts stage nine of the rapid series.

The rules are simple: **13 Swiss rounds**, 3 minutes per game plus 2 seconds per move, FIDE blitz rated. The tournament is open, but the hall has limited capacity and the entry list closes early: more than 70 players signed up for stage seven in September, grandmasters Danilo Milanović and Goran Čabrilo among them, yet with an average rating around 1950 amateurs find opponents of their own strength too.

The prize fund is made up of entry fees minus 11 percent tax. The winner gets a cup, the top three medals, and the **three best players** not already qualified go through to the 30-player final at the ŠSB New Year Festival.

Register by phone at 069 202 12 07 (SMS, Viber, WhatsApp) or at beochess011@yahoo.com; confirm in person by 17:55, entries after Friday cost 600 dinars.

Price: 500 dinars; women, veterans (born 1961 or earlier) and cadets (born 2010 or later) 400 dinars; grandmasters free.

Organiser: Belgrade Chess Federation (Šahovski savez Beograda).","Beogradski šahisti brzopoteznu partiju zovu „cuger“, a sala na trećem spratu u Deligradskoj 27 poznata im je kao mesto kultnih gradskih blic turnira. Šahovski savez Beograda ih je 2023. obnovio kao Gran-pri seriju „Cugeri u ŠOBU“: deset turnira godišnje plus finale u decembru. Ovo je deveti, pretposlednji turnir; dan ranije u istoj sali igra se deveti turnir rapida.

Pravila su jednostavna: **13 kola po švajcarskom sistemu**, 3 minuta po partiji plus 2 sekunde za potez, rejtinguje se kod FIDE. Turnir je otvoren, ali sala ima ograničen broj mesta i lista učesnika se rano zatvara: za sedmi turnir u septembru prijavilo se više od 70 igrača, među njima velemajstori Danilo Milanović i Goran Čabrilo, ali uz prosečan rejting oko 1950 i amateri lako nalaze protivnike svoje snage.

Nagradni fond čini upisnina umanjena za 11 odsto poreza. Pobednik dobija pehar, trojica prvoplasiranih medalje, a **troje najboljih** koji to pravo ranije nisu stekli plasiraju se u finale za 30 učesnika u okviru Novogodišnjeg festivala ŠSB.

Prijave telefonom na 069 202 12 07 (SMS, Viber, WhatsApp) ili na beochess011@yahoo.com; potvrda učešća lično do 17.55, prijave posle petka 600 dinara.

Cena: 500 dinara; žene, veterani (1961. godište i stariji) i kadeti (2010. godište i mlađi) 400 dinara; velemajstori besplatno.

Organizator: Šahovski savez Beograda.",18:00,500,Gradski centar za fizičku kulturu,"Deligradska 27, Beograd","44.799988,20.463242",https://www.beochess.rs/kalendar/#2026-11-08-гран-при-цугери-у-шобу-9,beochess.rs,https://www.beochess.rs/kalendar/#2026-11-08-гран-при-цугери-у-шобу-9,Šahovski savez Beograda,https://beochess.rs/,,,,,,"шахматы, блиц, турнир, Гран-при, ШСБ","chess, blitz, tournament, Grand Prix, Belgrade Chess Federation","šah, blic, turnir, gran-pri, ŠSB"
11/9/2026,11/13/2026,9/5/2026,1220,MusicGroup,Beogradska filharmonija,https://www.bgf.rs/,,ChildrensEvent,Концерты для малышей: второй цикл в зале Белградской филармонии,Concerts for Babies: Second Cycle at the Belgrade Philharmonic Hall,Koncerti za bebe: drugi ciklus u Sali Beogradske filharmonije,https://raw.githubusercontent.com/newsgl/arsposters/main/1220-ConcertsforBabiesSecondC.webp,,Kids,"Второй цикл концертов Белградской филармонии для детей от 0 до 2 лет: получасовые программы в зале, превращённом в музыкальную игровую. 9, 10, 12 и 13 ноября, сеансы в 11:00 и 12:30.","The second cycle of the Belgrade Philharmonic's concerts for children aged 0 to 2: half-hour programmes in a concert hall turned into a musical playroom. 9, 10, 12 and 13 November, sessions at 11:00 and 12:30.","Drugi ciklus koncerata Beogradske filharmonije za bebe od 0 do 2 godine: polusatni programi u sali pretvorenoj u muzičku igraonicu. 9, 10, 12. i 13. novembra, termini u 11.00 i 12.30.","Полчаса живой симфонической музыки для тех, кому ещё нет двух лет. **Концерты для малышей** Белградская филармония даёт уже девятый сезон, и это самая востребованная программа оркестра: билеты обычно исчезают за минуты после старта продаж, поэтому в каждом цикле сеансов несколько.

Правила простые. Зал филармонии на Studentski trg превращается в музыкальную игровую, коляски остаются в фойе, а дети не обязаны сидеть тихо: можно ползать, ходить между рядами и рассматривать музыкантов. Программа рассчитана на 30 минут, дольше внимание в этом возрасте не держится.

В прошлые сезоны малышам играли Первую симфонию Бетховена, «Детский альбом» Чайковского и вальсы, а сентябрьский цикл этого сезона был посвящён Моцарту. Программу ноябрьского цикла филармония объявит ближе к дате.

Во втором цикле четыре дня по два сеанса, число мест ограничено размером зала. Билеты продаются в кассе филармонии и онлайн.

Организатор: Beogradska filharmonija.","Half an hour of live symphonic music for listeners under two. The Belgrade Philharmonic has been giving its **Concerts for Babies** for nine seasons now, and they are the orchestra's most popular programme: tickets usually vanish within minutes of going on sale, which is why every cycle has several sessions.

The rules are simple. The Philharmonic hall on Studentski trg becomes a musical playroom, strollers stay in the foyer, and the children are not expected to sit still: they can crawl, wander between the rows and watch the musicians. Each programme is 30 minutes long, about as much as attention at this age allows.

In past seasons the babies have heard Beethoven's First Symphony, Tchaikovsky's Album for the Young and a selection of waltzes; this season's September cycle was devoted to Mozart. The programme for the November cycle will be announced closer to the date.

The second cycle runs over four days with two sessions each, and the number of places is limited by the size of the hall. Tickets are sold at the Philharmonic box office and online.

Organiser: Beogradska filharmonija.","Pola sata žive simfonijske muzike za one koji još nemaju dve godine. **Koncerte za bebe** Beogradska filharmonija izvodi već devetu sezonu i to je najtraženiji program orkestra: karte obično nestanu za nekoliko minuta od početka prodaje, zato svaki ciklus ima više termina.

Pravila su jednostavna. Sala Filharmonije na Studentskom trgu pretvara se u muzičku igraonicu, kolica ostaju u holu, a deca ne moraju da sede mirno: mogu da puze, šetaju između redova i gledaju muzičare. Program traje 30 minuta, duže pažnja u tom uzrastu ne traje.

Prethodnih sezona bebe su slušale Betovenovu Prvu simfoniju, Čajkovskijev „Dečji album“ i valcere, a septembarski ciklus ove sezone bio je posvećen Mocartu. Program novembarskog ciklusa Filharmonija će objaviti bliže datumu.

Drugi ciklus traje četiri dana sa po dva termina, a broj mesta ograničen je veličinom sale. Karte se prodaju na blagajni Filharmonije i onlajn.

Organizator: Beogradska filharmonija.",11:00,,Sala Beogradske filharmonije,"Studentski trg 11, Beograd","44.819232,20.455808",https://www.bgf.rs/repertoar_cp/kontserti-za-bebe-drugi-tsiklus/,bgf.rs,https://www.bgf.rs/repertoar_cp/kontserti-za-bebe-drugi-tsiklus/,Beogradska filharmonija,https://www.bgf.rs/,,,,,,"концерт для малышей, классическая музыка, Белградская филармония, дети 0-2, семейное","concert for babies, classical music, Belgrade Philharmonic, kids 0-2, family","koncert za bebe, klasična muzika, Beogradska filharmonija, deca 0-2, porodično"
11/12/2026,11/12/2026,9/5/2026,1221,MusicGroup,Narodni orkestar RTS,https://sr.wikipedia.org/wiki/Народни_оркестар_РТС,,MusicEvent,Народный оркестр RTS: презентация альбома «Kola i melodije stare Srbije» в mts Dvorana,RTS Folk Orchestra: album launch concert at mts Dvorana,Narodni orkestar RTS: promocija albuma „Kola i melodije stare Srbije“ u mts Dvorani,https://raw.githubusercontent.com/newsgl/arsposters/main/1221-RTSFolkOrchestraalbumlau.webp,,Concerts,"Народный оркестр RTS под управлением Влады Пановича представляет новый альбом «Kola i melodije stare Srbije» (PGP RTS) с одиннадцатью вокальными солистами, среди них Даница Крстич и Александар Тирнанич. 12 ноября в 20:00 в mts Dvorana, билеты от 450 до 1600 динаров.","The RTS Folk Orchestra conducted by Vlada Panović presents its new album Kola i melodije stare Srbije (PGP RTS) with eleven guest vocalists, among them Danica Krstić and Aleksandar Tirnanić. 12 November at 20:00 at mts Dvorana, tickets 450 to 1600 dinars.","Narodni orkestar RTS pod upravom Vlade Panovića predstavlja novo CD izdanje „Kola i melodije stare Srbije“ (PGP RTS) uz jedanaest vokalnih solista, među njima Danicu Krstić i Aleksandra Tirnanića. 12. novembra u 20.00 u mts Dvorani, karte od 450 do 1600 dinara.","Коло и старые мелодии Сербии в исполнении оркестра, который записывает их дольше всех в стране. **Народный оркестр RTS** ведёт историю с 1934 года, когда при Радио Белград появился небольшой ансамбль; в нынешнем виде большого оркестра он существует с 1981 года и хранит сербское музыкально-фольклорное наследие вместе с музыкой других балканских народов. Его записи составляют основу фонотеки Радио Белграда, а среди наград «Золотой беочуг» (2007) и премия Вука (2022).

Повод для концерта: выход нового альбома **«Kola i melodije stare Srbije»** на лейбле PGP RTS. За пультом дирижёр и руководитель оркестра **Влада Панович**.

Вместе с оркестром выступят одиннадцать вокальных солистов: Ивана Тасич, Александар Тирнанич, Марина Станкич, Данило Живкович, Мира Алексич, Милош Чолич, Даница Крстич, Петар Булатович, Мина Маркович, Сузана Томич и Андрея Станойлович.

Цена: от 450 до 1600 динаров.

Организатор: RTS / PGP RTS.","Kolo dances and old Serbian melodies played by the orchestra that has been recording them longer than anyone in the country. The **RTS Folk Orchestra** traces its history to 1934, when a small ensemble was formed at Radio Belgrade; in its current form as a large orchestra it has existed since 1981, preserving Serbian musical folklore alongside the music of other Balkan peoples. Its recordings form the core of the Radio Belgrade sound archive, and its awards include the Golden Beočug (2007) and the Vuk Award (2022).

The occasion is the release of the new album **Kola i melodije stare Srbije** on the PGP RTS label. The orchestra is led by its conductor and director **Vlada Panović**.

Eleven guest vocalists join the orchestra: Ivana Tasić, Aleksandar Tirnanić, Marina Stankić, Danilo Živković, Mira Aleksić, Miloš Čolić, Danica Krstić, Petar Bulatović, Mina Marković, Suzana Tomić and Andreja Stanojlović.

Price: 450 to 1600 dinars.

Organiser: RTS / PGP RTS.","Kola i stare melodije Srbije u izvođenju orkestra koji ih snima duže od bilo koga u zemlji. **Narodni orkestar RTS** vodi poreklo od 1934, kada je pri Radio Beogradu nastao mali ansambl; u današnjem obliku velikog orkestra postoji od 1981. i neguje srpsko muzičko-folklorno nasleđe, kao i muziku drugih balkanskih naroda. Njegovi snimci čine osnovu fonoteke Radio Beograda, a među priznanjima su Zlatni beočug (2007) i Vukova nagrada (2022).

Povod za koncert je novo CD izdanje **„Kola i melodije stare Srbije“** za PGP RTS. Orkestrom upravlja dirigent i šef **Vlada Panović**.

Kao specijalni gosti nastupa jedanaest vokalnih solista: Ivana Tasić, Aleksandar Tirnanić, Marina Stankić, Danilo Živković, Mira Aleksić, Miloš Čolić, Danica Krstić, Petar Bulatović, Mina Marković, Suzana Tomić i Andreja Stanojlović.

Cena: od 450 do 1600 dinara.

Organizator: RTS / PGP RTS.",20:00,450,mts Dvorana,"Dečanska 14, 11000 Beograd","44.813220,20.462629",https://www.mtsdvorana.rs/dogadjaj/narodni-orkestar-rts-,mtsdvorana.rs,https://www.mtsdvorana.rs/dogadjaj/narodni-orkestar-rts-,RTS / PGP RTS,https://www.rts.rs/,,,,,,"народная музыка, оркестр, RTS, коло, mts Dvorana","folk music, orchestra, RTS, kolo, mts Dvorana","narodna muzika, orkestar, RTS, kolo, mts Dvorana"
11/19/2026,11/19/2026,9/5/2026,1222,Person,Mirjana Bobić Mojsilović,https://sr.wikipedia.org/wiki/Мирјана_Бобић_Мојсиловић,,MusicEvent,«Obećao si mi»: музыкально-поэтический вечер Мирьяны Бобич Мойсилович и Тани Банянин в mts Dvorana,Obećao si mi: an evening of music and poetry with Mirjana Bobić Mojsilović and Tanja Banjanin at mts Dvorana,Obećao si mi: muzičko-poetsko veče Mirjane Bobić Mojsilović i Tanje Banjanin u mts Dvorani,https://raw.githubusercontent.com/newsgl/arsposters/main/1222-Obecaosimianeveningofmus.webp,,Concerts,"Писательница Мирьяна Бобич Мойсилович читает стихи из сборника «Obećao si mi», певица и композитор Таня Банянин поёт свои песни и известные хиты. 19 ноября в 20:00 в mts Dvorana, билеты от 1350 до 3800 динаров. На сербском языке.","Writer Mirjana Bobić Mojsilović reads poems from her collection Obećao si mi while singer-songwriter Tanja Banjanin performs her own songs and well-known hits. 19 November at 20:00 at mts Dvorana, tickets 1350 to 3800 dinars. In Serbian.","Književnica Mirjana Bobić Mojsilović čita stihove iz zbirke „Obećao si mi“, a pevačica i kompozitorka Tanja Banjanin izvodi svoje pesme i poznate hitove. 19. novembra u 20.00 u mts Dvorani, karte od 1350 do 3800 dinara.","Стихи и песни на одной сцене, без конферанса и декораций. **Мирьяна Бобич Мойсилович**, одна из самых читаемых сербских писательниц, в 2019 году выпустила поэтический сборник **«Obećao si mi»**; композитор и певица **Таня Банянин** написала к этим стихам музыку, и так родился совместный вечер, который две артистки уже несколько сезонов возят по Сербии и региону.

Программа складывается из трёх слоёв: авторские песни Банянин, её интерпретации известных хитов и поэзия Мойсилович, которую та читает сама. По словам организаторов, Мира ведёт зал через житейские темы остроумно, точно и откровенно, что-то советует, над чем-то смеётся вместе с публикой, а зрители уходят растроганными и в хорошем настроении.

Вечер идёт на сербском языке; чтобы оценить тексты, язык понимать нужно.

Цена: от 1350 до 3800 динаров.","Poems and songs on one stage, with no host and no set. **Mirjana Bobić Mojsilović**, one of Serbia's most widely read writers, published the poetry collection **Obećao si mi** (You Promised Me) in 2019; composer and singer **Tanja Banjanin** set the poems to music, and the result is a joint evening the two artists have been touring around Serbia and the region for several seasons.

The programme has three layers: Banjanin's own songs, her interpretations of well-known hits, and Mojsilović's poetry, read by the author herself. According to the organisers, Mira guides the audience through everyday themes with wit, precision and candour, offering advice here and a laugh there, and people leave moved and in good spirits.

The evening is in Serbian; the texts are the point, so the language matters.

Price: 1350 to 3800 dinars.","Stihovi i pesme na istoj bini, bez voditelja i scenografije. **Mirjana Bobić Mojsilović**, jedna od najčitanijih domaćih književnica, objavila je 2019. zbirku poezije **„Obećao si mi“**; kompozitorka i pevačica **Tanja Banjanin** napisala je muziku na te stihove i tako je nastalo zajedničko veče koje dve umetnice već nekoliko sezona vode po Srbiji i regionu.

Program ima tri sloja: autorske pesme Tanje Banjanin, njene interpretacije poznatih hitova i poeziju Mirjane Bobić Mojsilović, koju čita sama autorka. Kako kažu organizatori, Mira duhovito, tačno i iskreno vodi publiku kroz životne teme, ponešto savetuje, ponečemu se smeje zajedno sa salom, a publika odlazi raznežena i dobro raspoložena.

Cena: od 1350 do 3800 dinara.",20:00,1350,mts Dvorana,"Dečanska 14, 11000 Beograd","44.813220,20.462629",https://www.mtsdvorana.rs/dogadjaj/muzicko-poetsko-vece-obecao-si-mi,mtsdvorana.rs,https://www.mtsdvorana.rs/dogadjaj/muzicko-poetsko-vece-obecao-si-mi,,,,,,,,"поэзия, музыкальный вечер, сербская эстрада, mts Dvorana","poetry, music evening, Serbian pop, mts Dvorana","poezija, muzičko veče, domaća muzika, mts Dvorana"
11/21/2026,11/21/2026,9/5/2026,1223,MusicGroup,Rotting Christ,https://www.rotting-christ.com/,,MusicEvent,Rotting Christ на Zappa Barka: первый концерт в Белграде за 19 лет,Rotting Christ at Zappa Barka: first Belgrade show in 19 years,Rotting Christ na Zappa Barki: prvi beogradski koncert posle 19 godina,https://raw.githubusercontent.com/newsgl/arsposters/main/1223-RottingChristatZappaBark.webp,https://open.spotify.com/artist/7FhkwcO8Jd7BRWdllBpXBJ,Concerts,"Греческие ветераны блэк-метала Rotting Christ, братья Сакис и Темис Толис, возвращаются в Белград спустя более 19 лет с программой от «Thy Mighty Contract» до альбома «Pro Xristou» (2024). 21 ноября в 20:00 на Zappa Barka. Билеты 3700 динаров в предпродаже (early bird за 3200 разошлись за три часа), 4200 в день концерта.","Greek black metal veterans Rotting Christ, led by brothers Sakis and Themis Tolis, return to Belgrade after more than 19 years with a set spanning Thy Mighty Contract to the 2024 album Pro Xristou. 21 November at 20:00 at Zappa Barka. Tickets 3700 dinars in presale (the 3200 early birds sold out in three hours), 4200 on the day.","Grčki veterani black metala Rotting Christ, braća Sakis i Themis Tolis, vraćaju se u Beograd posle više od 19 godina sa programom od „Thy Mighty Contract“ do albuma „Pro Xristou“ (2024). 21. novembra u 20.00 na Zappa Barki. Karte 3700 dinara u pretprodaji (early bird po 3200 planuo za tri sata), 4200 na dan koncerta.","Почти сорок лет на сцене и ни одного распада: **Rotting Christ** основали в Афинах в 1987 году братья **Сакис Толис** (вокал, гитара) и **Темис Толис** (ударные), и они по-прежнему ядро группы. Начинали с грайндкора, затем под влиянием Celtic Frost и Venom пришли к раннему блэк-металу; альбомы «Thy Mighty Contract» (1993) и «Non Serviam» (1994) сделали их одними из основателей жанра в Южной Европе. Позже звук расширился в сторону готики, дума и ритуальных, почти литургических хоров, за которые группу узнают сегодня.

В каталоге четырнадцать студийных альбомов, последний, **«Pro Xristou»** (2024), посвящён языческим правителям, сопротивлявшимся христианизации. Нынешний состав: братья Толис, гитарист Костис Фукаракис и басист Костас «Spades» Хелиотис.

В Белграде группа не играла более 19 лет, и спрос это показал: первая партия билетов early bird закончилась меньше чем за три часа. Концерт проходит на барже Zappa Barka; на следующий день группа играет в Загребе.

Цена: 3700 динаров в предпродаже, 4200 в день концерта (если останутся). Бумажные билеты позже появятся в Katakombe Bar и Zappa Bar.

Организатор: Hangtime Agency.","Almost forty years on stage and never a break-up: **Rotting Christ** were founded in Athens in 1987 by brothers **Sakis Tolis** (vocals, guitar) and **Themis Tolis** (drums), who remain the core of the band. They started out in grindcore, then moved to early black metal under the influence of Celtic Frost and Venom; the albums Thy Mighty Contract (1993) and Non Serviam (1994) made them one of the founding acts of the genre in southern Europe. Later the sound widened towards gothic, doom and the ritual, almost liturgical choirs the band is known for today.

The catalogue runs to fourteen studio albums; the latest, **Pro Xristou** (2024), is dedicated to the pagan rulers who resisted Christianisation. The current line-up: the Tolis brothers, guitarist Kostis Foukarakis and bassist Kostas ""Spades"" Heliotis.

The band has not played Belgrade in more than 19 years, and demand showed it: the first early bird allocation sold out in under three hours. The show takes place on the Zappa Barka barge; the following night the band plays Zagreb.

Price: 3700 dinars in presale, 4200 on the day (if any remain). Physical tickets will later be available at Katakombe Bar and Zappa Bar.

Promoter: Hangtime Agency.","Skoro četrdeset godina na sceni i nijedan raspad: **Rotting Christ** su u Atini 1987. osnovali braća **Sakis Tolis** (vokal, gitara) i **Themis Tolis** (bubnjevi), koji su i danas jezgro benda. Krenuli su iz grindcora, pa pod uticajem Celtic Frosta i Venoma prešli u rani black metal; albumi „Thy Mighty Contract“ (1993) i „Non Serviam“ (1994) svrstali su ih među osnivače žanra na jugu Evrope. Kasnije se zvuk širio ka gotici, doomu i ritualnim, gotovo liturgijskim horovima po kojima se bend danas prepoznaje.

U katalogu je četrnaest studijskih albuma, a poslednji, **„Pro Xristou“** (2024), posvećen je paganskim vladarima koji su se odupirali hristijanizaciji. Aktuelna postava: braća Tolis, gitarista Kostis Foukarakis i basista Kostas „Spades“ Heliotis.

U Beogradu nisu svirali više od 19 godina i potražnja je to pokazala: prvi early bird kontingent planuo je za manje od tri sata. Koncert je na Zappa Barki; veče kasnije bend svira u Zagrebu.

Cena: 3700 dinara u pretprodaji, 4200 na dan koncerta (ako ih bude). Fizičke karte kasnije u Katakombe baru i Zappa baru.

Organizator: Hangtime Agency.",20:00,3700,Zappa Barka,"Bulevar vojvode Bojovića, kej kod Kule Nebojša, 11000 Beograd","44.828226,20.446185",https://hangtimeagency.com/rs/event/rotting-christ-u-beogradu-povratak-posle-vise-od-19-godina/,hangtimeagency.com,https://hangtimeagency.com/rs/event/rotting-christ-u-beogradu-povratak-posle-vise-od-19-godina/#tickets,Hangtime Agency,https://hangtimeagency.com/,,,,,,"блэк-метал, метал, Греция, Zappa Barka, концерт","black metal, metal, Greece, Zappa Barka, concert","black metal, metal, Grčka, Zappa Barka, koncert"
11/21/2026,11/29/2026,9/5/2026,1224,Organization,Šahovski savez Beograda,https://beochess.rs/,,SocialEvent,Трофей Белграда 2026: 39-й международный открытый чемпионат по шахматам,Belgrade Trophy 2026: 39th International Open Chess Championship,Trofej Beograda 2026: 39. međunarodno otvoreno prvenstvo u šahu,https://raw.githubusercontent.com/newsgl/arsposters/main/1224-BelgradeTrophy202639thIn.webp,,Games,"Главный турнир года Шахматного союза Белграда: 39-й международный открытый чемпионат города по классическим шахматам, 9 туров с обсчётом рейтинга ФИДЕ и возможностью выполнить нормы международных званий. С 21 по 29 ноября, туры ежедневно с 16:45, заключительный утром. Регламент 2026 года ещё не опубликован; в 2025 году играли в амфитеатре Comtrade Technology Center (Нови-Београд, Савски насип 7), взнос 5000 динаров, для игроков из Сербии при ранней оплате от 3500 до 4000.","The Belgrade Chess Federation's main event of the year: the 39th International Open Belgrade Championship in classical chess, 9 FIDE-rated rounds with international title norms available. 21 to 29 November, rounds daily from 16:45, the last one in the morning. The 2026 regulations are not out yet; in 2025 the tournament was played in the Comtrade Technology Center amphitheatre (Novi Beograd, Savski nasip 7) with an entry fee of 5,000 dinars, 3,500 to 4,000 for Serbian players who paid early.","Najveći turnir godine Šahovskog saveza Beograda: 39. međunarodno otvoreno prvenstvo grada u standardnom šahu, 9 kola, rejtinguje se kod FIDE i nosi norme za međunarodne titule. Od 21. do 29. novembra, kola svakog dana od 16.45, poslednje pre podne. Raspis za 2026. još nije objavljen; 2025. se igralo u amfiteatru Comtrade Technology Centra (Novi Beograd, Savski nasip 7), upisnina 5.000 dinara, za igrače iz Srbije uz raniju uplatu 3.500 do 4.000.","Главный турнир года в календаре Шахматного союза Белграда: открытый чемпионат города, который в этом году проходит в 39-й раз. Играют классику, **9 туров по швейцарской системе**, контроль 90 минут на 40 ходов плюс 15 минут до конца партии с добавлением 30 секунд за ход. Турнир считается в рейтинг ФИДЕ, на нём можно выполнить нормы международного мастера и гроссмейстера.

Участвовать может любой шахматист независимо от звания и рейтинга, но мест не больше 160, очередь по дате оплаты взноса. В прошлом году на старт вышли 146 игроков из 15 федераций, в том числе шесть гроссмейстеров; победил гроссмейстер Михаил Брякин с 7,5 очка из 9.

Призовой фонд прошлого розыгрыша составил 6000 евро нетто на 22 награды: 10 основных (первая 1500 евро) и 12 специальных для женщин, ветеранов и рейтинговых групп. Туры играют ежедневно во второй половине дня, заключительный утром, сразу после него церемония закрытия.

Покровители: Секретариат по спорту и молодёжи Белграда и Шахматный союз Сербии; в прошлом году турнир принимала Высшая школа информационных технологий (ITS) в Comtrade Technology Center. Регламент нынешнего розыгрыша ещё не опубликован, площадка и суммы могут измениться.

Цена: взнос 5000 динаров (гроссмейстеры и игроки с рейтингом выше 2450 бесплатно; для игроков из Сербии при ранней оплате от 3500 до 4000 динаров).

Организатор: Шаховски савез Београда.","The biggest event in the Belgrade Chess Federation calendar: the city's open championship, held this year for the 39th time. It is classical chess, **9 Swiss rounds**, 90 minutes for 40 moves plus 15 minutes to the end of the game with a 30-second increment per move. The tournament is FIDE rated and offers norms for the international master and grandmaster titles.

Anyone may take part regardless of title or rating, but places are capped at 160 and allocated by date of fee payment. The 2025 edition drew 146 players from 15 federations, six grandmasters among them; GM Mikhail Bryakin won with 7.5 points out of 9.

Last year's prize fund was 6,000 euros net, split into 22 prizes: 10 main ones (first prize 1,500 euros) and 12 special prizes for women, veterans and rating groups. Rounds are played daily in the late afternoon, the last one in the morning, followed immediately by the closing ceremony.

The event is held under the auspices of the Belgrade Secretariat for Sport and Youth and the Chess Federation of Serbia; last year it was hosted by the Information Technology School (ITS) at the Comtrade Technology Center. This year's regulations have not been published yet, so the venue and amounts may change.

Price: entry fee 5,000 dinars (free for grandmasters and players rated above 2450; 3,500 to 4,000 dinars for Serbian players who pay early).

Organiser: Belgrade Chess Federation (Šahovski savez Beograda).","Najveći događaj u kalendaru Šahovskog saveza Beograda: otvoreno prvenstvo grada, ove godine po 39. put. Igra se standardni šah, **9 kola po švajcarskom sistemu**, tempo 90 minuta za 40 poteza plus 15 minuta do kraja partije, uz dodatak od 30 sekundi za svaki potez. Turnir se rejtinguje kod FIDE i na njemu se mogu osvajati norme za titule internacionalnog majstora i velemajstora.

Pravo učešća imaju svi šahisti bez obzira na titulu i rejting, ali broj mesta je ograničen na 160, po redosledu uplate upisnine. Na start je 2025. izašlo 146 igrača iz 15 federacija, među njima šest velemajstora; pobedio je VM Mihail Brjakin sa 7,5 poena iz 9 partija.

Prošlogodišnji nagradni fond iznosio je 6.000 evra neto, raspoređenih u 22 nagrade: 10 redovnih (prva 1.500 evra) i 12 specijalnih za šahistkinje, veterane i rejting grupe. Kola se igraju svakog dana u popodnevnim satima, poslednje pre podne, a odmah zatim je svečano zatvaranje.

Turnir se igra pod pokroviteljstvom Sekretarijata za sport i omladinu Beograda i Šahovskog saveza Srbije; prošle godine domaćin je bila Visoka škola za informacione tehnologije (ITS) u Comtrade Technology Centru. Raspis za ovogodišnje izdanje još nije objavljen, pa se sala i iznosi mogu promeniti.

Cena: upisnina 5.000 dinara (velemajstori i igrači sa rejtingom preko 2450 ne plaćaju; igrači iz Srbije uz raniju uplatu 3.500 do 4.000 dinara).

Organizator: Šahovski savez Beograda.",16:45,5000,Comtrade Technology Center,"Savski nasip 7, Novi Beograd","44.802385,20.419407",https://www.beochess.rs/kalendar/#2026-11-21-трофеј-београда-2026,beochess.rs,https://www.beochess.rs/kalendar/#2026-11-21-трофеј-београда-2026,Šahovski savez Beograda,https://beochess.rs/,,,,,,"шахматы, турнир, чемпионат, классические шахматы, ШСБ","chess, tournament, championship, classical chess, Belgrade Chess Federation","šah, turnir, prvenstvo, standardni šah, ŠSB"
12/5/2026,12/5/2026,9/5/2026,1225,Organization,Šahovski savez Beograda,https://beochess.rs/,,SocialEvent,"Шахматы: Гран-при ШСБ по рапиду, 10-й этап (Делиградска 27)","Chess: Belgrade Rapid Grand Prix, Stage 10 at Deligradska 27","Šah: Gran-pri ŠSB u ubrzanom šahu, 10. turnir (Deligradska 27)",https://raw.githubusercontent.com/newsgl/arsposters/main/1225-ChessBelgradeRapidGrandP.webp,,Games,"Десятый этап Гран-при Шахматного союза Белграда по быстрым шахматам: 7 туров по швейцарской системе, контроль 10 минут на партию плюс 5 секунд за ход, результаты идут в рейтинг ФИДЕ. 5 декабря (суббота) в 18:00 в Городском центре физической культуры (Делиградска 27, 3-й этаж). Взнос 700 динаров, для женщин, ветеранов и кадетов 500, гроссмейстеры играют бесплатно.","Stage 10 of the Belgrade Chess Federation Rapid Grand Prix: 7 Swiss rounds at 10 minutes per game plus 5 seconds per move, FIDE rapid rated. 5 December (Saturday) at 18:00 at the City Centre for Physical Culture (Deligradska 27, 3rd floor). Entry fee 700 dinars, 500 for women, veterans and cadets, grandmasters play free.","Deseti turnir Gran-pri serije Šahovskog saveza Beograda u ubrzanom šahu: 7 kola po švajcarskom sistemu, tempo 10 minuta po partiji plus 5 sekundi po potezu, turnir se rejtinguje kod FIDE. Subota, 5. decembar u 18.00 u Gradskom centru za fizičku kulturu (Deligradska 27, III sprat). Upisnina 700 dinara, žene, veterani i kadeti 500, velemajstori ne plaćaju.","Десять вечеров в году Шахматный союз Белграда (ШСБ) отдаёт быстрым шахматам: серия Гран-при по рапиду идёт с февраля по декабрь, а лучшие по сумме мест на десяти этапах выходят в финал на Новогоднем фестивале ШСБ. Этот этап десятый и последний: после него определится состав финала.

Формат один и тот же на всех этапах: **7 туров по швейцарской системе**, контроль 10 минут на партию плюс 5 секунд за каждый ход, результаты идут в рейтинг ФИДЕ по рапиду. Играют в зале на третьем этаже Городского центра физической культуры на Делиградской, 27, там же, где ШСБ проводит блиц-серию «Цугери у ШОБУ». Турнир открытый: рядом с гроссмейстерами и международными мастерами садятся за доску любители.

Призовой фонд складывается из всех взносов за вычетом 11% налога. **В финал** попадают 30 игроков по сумме мест на десяти этапах; финалисты взнос не платят, а призовой фонд финала в прошлом году составил 77 000 динаров.

Заявки заранее: beochess011@yahoo.com или SMS/Viber на 063 455 930; подтверждение на месте до 17:55, поздние заявки 800 динаров.

Цена: 700 динаров; женщины, ветераны (1961 года рождения и старше) и кадеты (2010 года рождения и младше) 500 динаров; гроссмейстеры бесплатно.

Организатор: Шаховски савез Београда.","Ten evenings a year the Belgrade Chess Federation (ŠSB) gives over to rapid chess: its Rapid Grand Prix runs from February to December, and the best performers over ten stages qualify for the final at the ŠSB New Year Festival. This is stage ten, the last one: after it the line-up of the final will be settled.

The format is the same at every stage: **7 Swiss rounds**, 10 minutes per game plus 5 seconds per move, FIDE rapid rated. Play takes place in the third-floor hall of the City Centre for Physical Culture at Deligradska 27, the same room that hosts the federation's blitz series Cugeri u ŠOBU. The event is open: amateurs sit down next to grandmasters and international masters.

The prize fund is made up of all entry fees minus 11 percent tax. **The final** takes 30 players by combined placings over ten stages; finalists pay no fee, and last year's final prize fund was 77,000 dinars.

Register in advance at beochess011@yahoo.com or by SMS/Viber to 063 455 930; confirm in person by 17:55, late entries pay 800 dinars.

Price: 700 dinars; women, veterans (born 1961 or earlier) and cadets (born 2010 or later) 500 dinars; grandmasters free.

Organiser: Belgrade Chess Federation (Šahovski savez Beograda).","Deset večeri godišnje Šahovski savez Beograda (ŠSB) rezerviše za ubrzani šah: Gran-pri serija u rapidu traje od februara do decembra, a najbolji po zbiru plasmana sa deset turnira igraju finale na Novogodišnjem festivalu ŠSB. Ovo je deseti, poslednji turnir: posle njega biće poznat sastav finala.

Format je isti na svakom turniru: **7 kola po švajcarskom sistemu**, 10 minuta po partiji plus 5 sekundi za svaki potez, rejtinguje se kod FIDE. Igra se u sali na trećem spratu Gradskog centra za fizičku kulturu u Deligradskoj 27, gde ŠSB održava i brzopoteznu seriju „Cugeri u ŠOBU“. Turnir je otvoren: pored velemajstora i internacionalnih majstora za tablu sedaju i amateri.

Nagradni fond čini kompletna upisnina umanjena za 11 odsto poreza. **Finale** igra 30 takmičara koji to pravo steknu plasmanom na deset turnira; finalisti ne plaćaju upisninu, a prošlogodišnji nagradni fond finala iznosio je 77.000 dinara.

Prijave unapred na beochess011@yahoo.com ili SMS/Viber na 063 455 930; potvrda učešća lično do 17.55, kasne prijave 800 dinara.

Cena: 700 dinara; žene, veterani (1961. godište i stariji) i kadeti (2010. godište i mlađi) 500 dinara; velemajstori besplatno.

Organizator: Šahovski savez Beograda.",18:00,700,Gradski centar za fizičku kulturu,"Deligradska 27, Beograd","44.799988,20.463242",https://www.beochess.rs/kalendar/#2026-12-05-гран-при-у-убрзаном-шаху-10,beochess.rs,https://www.beochess.rs/kalendar/#2026-12-05-гран-при-у-убрзаном-шаху-10,Šahovski savez Beograda,https://beochess.rs/,,,,,,"шахматы, турнир, рапид, Гран-при, ШСБ","chess, tournament, rapid, Grand Prix, Belgrade Chess Federation","šah, turnir, ubrzani šah, gran-pri, ŠSB"
12/6/2026,12/6/2026,9/5/2026,1226,Organization,Šahovski savez Beograda,https://beochess.rs/,,SocialEvent,"Шахматы: блиц-серия «Цугери у ШОБУ», 10-й этап (Делиградска 27)","Chess: Cugeri u ŠOBU Blitz Grand Prix, Stage 10 at Deligradska 27","Šah: Gran-pri „Cugeri u ŠOBU“, 10. turnir (Deligradska 27)",https://raw.githubusercontent.com/newsgl/arsposters/main/1226-ChessCugeriuSOBUBlitzGra.webp,,Games,"Десятый этап блиц-серии Гран-при «Цугери у ШОБУ» Шахматного союза Белграда: 13 туров по швейцарской системе, контроль 3 минуты на партию плюс 2 секунды за ход, результаты идут в блиц-рейтинг ФИДЕ. 6 декабря (воскресенье) в 18:00 в зале на третьем этаже Городского центра физической культуры (Делиградска 27). Взнос 500 динаров, для женщин, ветеранов и кадетов 400, гроссмейстеры бесплатно. Мест в зале ограниченное число, заявляться лучше заранее.","Stage 10 of the Belgrade Chess Federation blitz series Cugeri u ŠOBU: 13 Swiss rounds at 3 minutes per game plus 2 seconds per move, FIDE blitz rated. 6 December (Sunday) at 18:00 in the third-floor hall of the City Centre for Physical Culture (Deligradska 27). Entry fee 500 dinars, 400 for women, veterans and cadets, grandmasters free. Places are limited, so register early.","Deseti turnir Gran-pri serije „Cugeri u ŠOBU“ Šahovskog saveza Beograda: 13 kola po švajcarskom sistemu, tempo 3 minuta po partiji plus 2 sekunde po potezu, rejtinguje se kod FIDE. Nedelja, 6. decembar u 18.00 u sali na trećem spratu Gradskog centra za fizičku kulturu (Deligradska 27). Upisnina 500 dinara, žene, veterani i kadeti 400, velemajstori ne plaćaju. Broj mesta je ograničen, prijavite se na vreme.","«Цугером» белградские шахматисты называют блиц-партию, а зал на третьем этаже дома на Делиградской, 27 известен им как место культовых городских блиц-турниров. В 2023 году Шахматный союз Белграда возродил их как серию Гран-при «Цугери у ШОБУ»: десять этапов в год плюс финал в декабре. Этот этап десятый и последний: после него определится состав финала.

Регламент простой: **13 туров по швейцарской системе**, 3 минуты на партию плюс 2 секунды за ход, результаты идут в блиц-рейтинг ФИДЕ. Турнир открытый, но мест в зале ограниченное число, и список участников закрывается заранее: на седьмой этап в сентябре записались более 70 игроков, среди них гроссмейстеры Данило Миланович и Горан Чабрило, но при среднем рейтинге около 1950 соперник по силам найдётся и любителю.

Призовой фонд складывается из взносов за вычетом 11% налога. Победитель получает кубок, тройка призёров медали, а **трое лучших**, ещё не отобравшихся раньше, проходят в финал на 30 участников в рамках Новогоднего фестиваля ШСБ.

Заявки по телефону 069 202 12 07 (SMS, Viber, WhatsApp) или на beochess011@yahoo.com; подтверждение на месте до 17:55, после пятницы взнос 600 динаров.

Цена: 500 динаров; женщины, ветераны (1961 года рождения и старше) и кадеты (2010 года рождения и младше) 400 динаров; гроссмейстеры бесплатно.

Организатор: Шаховски савез Београда.","Belgrade chess players call a blitz game a ""cuger"", and the third-floor hall at Deligradska 27 is known to them as the home of the city's legendary blitz tournaments. In 2023 the Belgrade Chess Federation revived them as the Grand Prix series Cugeri u ŠOBU: ten stages a year plus a final in December. This is stage ten, the last one: after it the line-up of the final will be settled.

The rules are simple: **13 Swiss rounds**, 3 minutes per game plus 2 seconds per move, FIDE blitz rated. The tournament is open, but the hall has limited capacity and the entry list closes early: more than 70 players signed up for stage seven in September, grandmasters Danilo Milanović and Goran Čabrilo among them, yet with an average rating around 1950 amateurs find opponents of their own strength too.

The prize fund is made up of entry fees minus 11 percent tax. The winner gets a cup, the top three medals, and the **three best players** not already qualified go through to the 30-player final at the ŠSB New Year Festival.

Register by phone at 069 202 12 07 (SMS, Viber, WhatsApp) or at beochess011@yahoo.com; confirm in person by 17:55, entries after Friday cost 600 dinars.

Price: 500 dinars; women, veterans (born 1961 or earlier) and cadets (born 2010 or later) 400 dinars; grandmasters free.

Organiser: Belgrade Chess Federation (Šahovski savez Beograda).","Beogradski šahisti brzopoteznu partiju zovu „cuger“, a sala na trećem spratu u Deligradskoj 27 poznata im je kao mesto kultnih gradskih blic turnira. Šahovski savez Beograda ih je 2023. obnovio kao Gran-pri seriju „Cugeri u ŠOBU“: deset turnira godišnje plus finale u decembru. Ovo je deseti, poslednji turnir: posle njega biće poznat sastav finala.

Pravila su jednostavna: **13 kola po švajcarskom sistemu**, 3 minuta po partiji plus 2 sekunde za potez, rejtinguje se kod FIDE. Turnir je otvoren, ali sala ima ograničen broj mesta i lista učesnika se rano zatvara: za sedmi turnir u septembru prijavilo se više od 70 igrača, među njima velemajstori Danilo Milanović i Goran Čabrilo, ali uz prosečan rejting oko 1950 i amateri lako nalaze protivnike svoje snage.

Nagradni fond čini upisnina umanjena za 11 odsto poreza. Pobednik dobija pehar, trojica prvoplasiranih medalje, a **troje najboljih** koji to pravo ranije nisu stekli plasiraju se u finale za 30 učesnika u okviru Novogodišnjeg festivala ŠSB.

Prijave telefonom na 069 202 12 07 (SMS, Viber, WhatsApp) ili na beochess011@yahoo.com; potvrda učešća lično do 17.55, prijave posle petka 600 dinara.

Cena: 500 dinara; žene, veterani (1961. godište i stariji) i kadeti (2010. godište i mlađi) 400 dinara; velemajstori besplatno.

Organizator: Šahovski savez Beograda.",18:00,500,Gradski centar za fizičku kulturu,"Deligradska 27, Beograd","44.799988,20.463242",https://www.beochess.rs/kalendar/#2026-12-06-гран-при-цугери-у-шобу-10,beochess.rs,https://www.beochess.rs/kalendar/#2026-12-06-гран-при-цугери-у-шобу-10,Šahovski savez Beograda,https://beochess.rs/,,,,,,"шахматы, блиц, турнир, Гран-при, ШСБ","chess, blitz, tournament, Grand Prix, Belgrade Chess Federation","šah, blic, turnir, gran-pri, ŠSB"
12/6/2026,12/6/2026,9/5/2026,1227,Organization,Top Model Europe Balkans,https://topmodeleurope.net/en/balkans/,,Festival,Top Model Europe Balkans: гранд-финал 2026 в Mona Plaza,Top Model Europe Balkans Grand Final 2026 at Mona Plaza,Top Model Europe Balkans: veliko finale 2026 u Mona Plazi,https://raw.githubusercontent.com/newsgl/arsposters/main/1227-TopModelEuropeBalkansGra.webp,,Festivals,"Финал балканского отбора международного модельного конкурса Top Model Europe: финалисты из восьми стран региона борются за титул, плюс показы международных и начинающих дизайнеров. 6 декабря в 18:30 в отеле Mona Plaza (Cara Uroša 62-64). Билеты 50 евро (около 5850 динаров), рассадка свободная.","The final of the Balkan selection of the international Top Model Europe contest: finalists from eight countries of the region compete for the title, with runway shows by international and emerging designers. 6 December at 18:30 at the Mona Plaza hotel (Cara Uroša 62-64). Tickets 50 euros (about 5850 dinars), free seating.","Finale balkanske selekcije međunarodnog takmičenja Top Model Europe: finalisti iz osam zemalja regiona bore se za titulu, uz revije međunarodnih i mladih dizajnera. 6. decembra u 18.30 u hotelu Mona Plaza (Cara Uroša 62-64). Karte 50 evra (oko 5850 dinara), sedenje slobodno.","Кастинги прошли в восьми странах: Сербии, Боснии и Герцеговине, Болгарии, Хорватии, Косово, Северной Македонии, Черногории и Словении. Теперь отобранные финалисты выходят на один подиум в Белграде, чтобы решить, кто получит титул **Top Model Europe Balkans** и поедет на европейский финал конкурса, который проходит в Париже или Брюсселе.

Top Model Europe позиционирует себя как международный модельный конкурс, чья задача найти новые лица и вывести их к агентствам, фотографам и дизайнерам. Среди выпускников прошлых сезонов организаторы называют участников показов Dolce & Gabbana, Giorgio Armani, Jean Paul Gaultier и Balmain, а также недель моды в Париже и Берлине. Балканский отбор ведёт национальный директор Shaleva с командой.

Вечер построен как конкурс и показы одновременно: финалисты демонстрируют уверенность, походку и работу на подиуме, а между выходами идут коллекции международных и начинающих дизайнеров. Обещают четыре часа программы.

Площадка отель **Mona Plaza** в центре, на Cara Uroša. Рассадка свободная, билеты возврату не подлежат.

Цена: 50 евро (около 5850 динаров).

Организатор: Top Model Europe Balkans.","Castings were held in eight countries: Serbia, Bosnia and Herzegovina, Bulgaria, Croatia, Kosovo, North Macedonia, Montenegro and Slovenia. Now the selected finalists share one runway in Belgrade to decide who takes the **Top Model Europe Balkans** title and goes on to the contest's European final, held in Paris or Brussels.

Top Model Europe presents itself as an international modelling contest whose job is to find new faces and connect them with agencies, photographers and designers. Among alumni of previous seasons the organisers list models who have walked for Dolce & Gabbana, Giorgio Armani, Jean Paul Gaultier and Balmain, as well as at Paris and Berlin fashion weeks. The Balkan selection is run by national director Shaleva and her team.

The evening combines competition and runway: finalists show confidence, walk and stage presence, while collections by international and emerging designers fill the gaps between rounds. Four hours of programme are promised.

The venue is the **Mona Plaza** hotel in the city centre on Cara Uroša. Seating is unreserved and tickets are non-refundable.

Price: 50 euros (about 5850 dinars).

Organiser: Top Model Europe Balkans.","Kastinzi su održani u osam zemalja: Srbiji, Bosni i Hercegovini, Bugarskoj, Hrvatskoj, Kosovu, Severnoj Makedoniji, Crnoj Gori i Sloveniji. Sada izabrani finalisti dele jednu pistu u Beogradu, da bi se odlučilo ko dobija titulu **Top Model Europe Balkans** i odlazi na evropsko finale takmičenja, koje se održava u Parizu ili Briselu.

Top Model Europe se predstavlja kao međunarodno takmičenje za modele čiji je zadatak da pronađe nova lica i poveže ih sa agencijama, fotografima i dizajnerima. Među učesnicima ranijih sezona organizatori navode modele koji su hodali za Dolce & Gabbana, Giorgio Armani, Jean Paul Gaultier i Balmain, kao i na nedeljama mode u Parizu i Berlinu. Balkansku selekciju vodi nacionalna direktorka Shaleva sa timom.

Veče spaja takmičenje i revije: finalisti pokazuju samopouzdanje, hod i rad na pisti, a između krugova idu kolekcije međunarodnih i mladih dizajnera. Najavljena su četiri sata programa.

Mesto je hotel **Mona Plaza** u centru, u Cara Uroša. Sedenje je slobodno, karte se ne refundiraju.

Cena: 50 evra (oko 5850 dinara).

Organizator: Top Model Europe Balkans.",18:30,5850,Mona Plaza,"Cara Uroša 62-64, Beograd","44.826876,20.460637",https://www.eventbrite.fr/e/top-model-europe-balkans-grand-final-2026-tickets-1996463864161,eventbrite.fr,https://www.eventbrite.fr/e/top-model-europe-balkans-grand-final-2026-tickets-1996463864161,Top Model Europe Balkans,https://topmodeleurope.net/en/balkans/,,,,,,"мода, конкурс, показ, модели, Mona Plaza","fashion, contest, runway show, models, Mona Plaza","moda, takmičenje, revija, modeli, Mona Plaza"
12/13/2026,12/13/2026,9/5/2026,1228,Person,Lang Lang,https://en.wikipedia.org/wiki/Lang_Lang,,MusicEvent,Гала-концерт Белградской филармонии с Ланг Лангом в Сава-центре,Belgrade Philharmonic Gala with Lang Lang at Sava Centar,Gala koncert Beogradske filharmonije sa Lang Langom u Sava centru,https://raw.githubusercontent.com/newsgl/arsposters/main/1228-BelgradePhilharmonicGala.webp,,Concerts,Пианист Ланг Ланг выходит на сцену с Белградской филармонией: гала-концерт в Большом зале Сава-центра 13 декабря в 20:00. Дирижёр и программа будут объявлены позже.,Pianist Lang Lang joins the Belgrade Philharmonic for a gala concert in the main hall of Sava Centar. 13 December at 20:00. Conductor and programme to be announced.,Pijanista Lang Lang nastupa sa Beogradskom filharmonijom: gala koncert u velikoj sali Sava centra 13. decembra u 20.00. Dirigent i program biće objavljeni naknadno.,"**Ланг Ланг** родился в 1982 году в Шэньяне, учился в Пекинской консерватории, а в пятнадцать переехал в Филадельфию к Гэри Граффману в Кёртисовский институт. Прорыв случился в 1999-м на фестивале в Равинии, когда он в последний момент заменил заболевшего солиста в Первом концерте Чайковского. После этого он стал первым китайским пианистом, приглашённым Берлинским и Венским филармоническими оркестрами, а на открытии Олимпиады в Пекине в 2008-м его слушали больше миллиарда зрителей.

За пределами сцены Ланг Ланг с 2008 года ведёт собственный фонд поддержки юных музыкантов, с 2004-го он посол доброй воли ЮНИСЕФ, с 2013-го посланник мира ООН; журнал Time включал его в сотню самых влиятельных людей мира.

С Белградской филармонией он уже играл: в январе 2026-го в Мумбаи, под управлением Зубина Меты, на концертах к 90-летию маэстро звучал Пятый концерт Бетховена. Белградский гала-концерт сезона **Fortissimo 26/27** проходит в самом большом зале города, Сава-центре, главная сцена которого вновь открылась после реконструкции и вмещает около четырёх тысяч человек.

Дирижёр и программа концерта пока не опубликованы.

Организатор: Beogradska filharmonija.","**Lang Lang** was born in 1982 in Shenyang, studied at the Central Conservatory in Beijing and at fifteen moved to Philadelphia to work with Gary Graffman at the Curtis Institute. His breakthrough came in 1999 at the Ravinia Festival, when he stepped in at the last minute for an ailing soloist in Tchaikovsky's First Concerto. He went on to become the first Chinese pianist engaged by the Berlin and Vienna Philharmonics, and more than a billion viewers watched him at the opening ceremony of the 2008 Beijing Olympics.

Off stage, Lang Lang has run his own foundation for young musicians since 2008, has been a UNICEF Goodwill Ambassador since 2004 and a UN Messenger of Peace since 2013, and Time magazine has listed him among the hundred most influential people in the world.

He has already played with the Belgrade Philharmonic: in January 2026 in Mumbai, under Zubin Mehta, at the concerts marking the maestro's 90th birthday, with Beethoven's Fifth Concerto on the programme. The Belgrade gala of the **Fortissimo 26/27** season takes place in the city's largest hall, Sava Centar, whose main auditorium has reopened after reconstruction and seats about four thousand.

The conductor and programme have not yet been published.

Organiser: Beogradska filharmonija.","**Lang Lang** je rođen 1982. u Šenjangu, školovao se na Centralnom konzervatorijumu u Pekingu, a sa petnaest godina preselio se u Filadelfiju, kod Garija Grafmana na Institut Kertis. Proboj je usledio 1999. na festivalu u Raviniji, kada je u poslednjem trenutku zamenio obolelog solistu u Prvom koncertu Čajkovskog. Posle toga postao je prvi kineski pijanista koga su angažovale Berlinska i Bečka filharmonija, a na otvaranju Olimpijskih igara u Pekingu 2008. gledalo ga je više od milijardu ljudi.

Van scene Lang Lang od 2008. vodi sopstvenu fondaciju za mlade muzičare, od 2004. je ambasador dobre volje UNICEF-a, a od 2013. glasnik mira UN; magazin Time uvrstio ga je među sto najuticajnijih ljudi sveta.

Sa Beogradskom filharmonijom već je svirao: u januaru 2026. u Mumbaju, pod upravom Zubina Mehte, na koncertima povodom maestrovog 90. rođendana, sa Betovenovim Petim koncertom na programu. Beogradski gala koncert sezone **Fortissimo 26/27** održava se u najvećoj sali grada, Sava centru, čija je glavna dvorana ponovo otvorena posle rekonstrukcije i prima oko četiri hiljade ljudi.

Dirigent i program koncerta još nisu objavljeni.

Organizator: Beogradska filharmonija.",20:00,,Sava Centar,"Milentija Popovića 9, 11070 Novi Beograd","44.809354,20.432128",https://www.bgf.rs/repertoar_cp/gala-kontsert-sa-lang-langom-u-sava-tsentru/,bgf.rs,https://www.bgf.rs/repertoar_cp/gala-kontsert-sa-lang-langom-u-sava-tsentru/,Beogradska filharmonija,https://www.bgf.rs/,,,,,,"Ланг Ланг, фортепиано, классическая музыка, Белградская филармония, Сава-центр","Lang Lang, piano, classical music, Belgrade Philharmonic, Sava Centar","Lang Lang, klavir, klasična muzika, Beogradska filharmonija, Sava centar"
12/16/2026,12/16/2026,9/5/2026,1229,Person,Victor Patrascan,https://victorpatrascan.com/,,ComedyEvent,Victor Patrascan: стендап The Biggest Problem in the World в Theatre 78,"Victor Patrascan: The Biggest Problem in the World, Stand-Up at Theatre 78",Victor Patrascan: stand-up The Biggest Problem in the World u Theatre 78,https://raw.githubusercontent.com/newsgl/arsposters/main/1229-VictorPatrascanTheBigges.webp,,Stand Up,"Румынский комик-кочевник Виктор Пэтрэшкан, шесть лет живущий на гастролях по 60 странам, возвращается в Белград с новой программой: политика, культура и абсурд современной жизни, обещано 100% новых шуток. 16 декабря в 20:00 в Theatre 78 (Resavska 78), двери в 19:30. Билеты онлайн от 1500 динаров, на входе 3000. На английском языке.","Romanian comedy nomad Victor Patrascan, six years on the road across some 60 countries, returns to Belgrade with a new show: politics, culture and the absurdity of modern life, with 100% new jokes promised. 16 December at 20:00 at Theatre 78 (Resavska 78), doors at 19:30. Tickets online from 1500 dinars, 3000 at the door. In English.","Rumunski komičar nomad Victor Patrascan, šest godina na turneji kroz šezdesetak zemalja, vraća se u Beograd sa novom predstavom: politika, kultura i apsurd savremenog života, obećano 100% novih fora. 16. decembra u 20.00 u Theatre 78 (Resavska 78), vrata u 19.30. Karte onlajn od 1500 dinara, na ulazu 3000. Na engleskom jeziku.","У него шесть лет нет постоянного адреса, зато есть выступления примерно в 60 странах и, по его словам, место в паре правительственных списков наблюдения. **Виктор Пэтрэшкан**, стендап-комик и социальный комментатор из Румынии, привозит в Белград новое шоу The Biggest Problem in the World.

Сам он определяет жанр как «стендап на ломаном английском». Материал строится на жизни бродяги: в каждой стране Пэтрэшкан подмечает причуды, противоречия и стереотипы, и выводит из них одну мысль: молимся и говорим мы по-разному, а смешны одинаково. Темы вечера политика, культура и абсурд современной жизни, шутки заявлены как 100% новые по сравнению с прошлогодней программой, а сама программа живая: её формируют новости и зал.

Любителям сидеть подальше от сцены можно выдохнуть: с публикой он разговаривает охотно, но только с теми, кто сам включается. Кто хочет просто смотреть, того не тронут.

Пэтрэшкан работает полностью независимо, без агентов и спонсоров, и сам продюсирует каждое шоу. Он первым провёл сольные англоязычные стендап-концерты в Киргизии, Лихтенштейне, Узбекистане и Азербайджане и первым из англоязычных комиков объехал с туром Турцию, Казахстан, Исландию, Японию, Кипр и Польшу. Двери открываются в 19:30, шоу длится два часа.

На английском языке.

Цена: онлайн от 1500 динаров, на входе 3000 динаров.

Организатор: The Comedy Nomad.","He has had no fixed address for six years, but he does have shows in around 60 countries and, by his own account, a place on a few government watchlists. **Victor Patrascan**, stand-up comedian and social commentator from Romania, brings his new show The Biggest Problem in the World to Belgrade.

He calls the genre ""stand-up comedy in broken English"". The material grows out of a vagabond's life: in every country Patrascan picks up the quirks, contradictions and stereotypes and draws one conclusion from them: we may speak or pray differently, but we are all ridiculous in the same way. The evening covers politics, culture and the absurdity of modern life; the jokes are billed as 100% new compared with last year's show, and the show itself stays alive, shaped by the news and the room.

Those who like to sit far from the stage can relax: he enjoys talking to the audience, but only to people who choose to join in. If you just want to watch, he leaves you alone.

Patrascan works fully independently, with no agents or sponsors, and produces every show himself. He staged the first solo English-language comedy shows in Kyrgyzstan, Liechtenstein, Uzbekistan and Azerbaijan, and was the first English-speaking comedian to tour Türkiye, Kazakhstan, Iceland, Japan, Cyprus and Poland. Doors open at 19:30, the show runs two hours.

In English.

Price: online from 1500 dinars, 3000 dinars at the door.

Organiser: The Comedy Nomad.","Već šest godina nema stalnu adresu, ali ima nastupe u šezdesetak zemalja i, kako sam kaže, mesto na nekoliko vladinih lista za praćenje. **Victor Patrascan**, stand-up komičar i društveni komentator iz Rumunije, dovodi u Beograd novu predstavu The Biggest Problem in the World.

Žanr sam naziva ""stand-up na lošem engleskom"". Materijal nastaje iz života lutalice: u svakoj zemlji Patrascan beleži čudne navike, protivrečnosti i stereotipe i iz njih izvlači jedan zaključak: govorimo i molimo se različito, a smešni smo na isti način. Teme večeri su politika, kultura i apsurd savremenog života; fore su najavljene kao 100% nove u odnosu na prošlogodišnju predstavu, a sama predstava je živa, oblikuju je vesti i publika.

Oni koji vole da sede dalje od bine mogu da odahnu: sa publikom rado razgovara, ali samo sa onima koji se sami uključe. Ko hoće samo da gleda, tog ne dira.

Patrascan radi potpuno nezavisno, bez agenata i sponzora, i sam producira svaki nastup. Prvi je održao solo stand-up na engleskom u Kirgistanu, Lihtenštajnu, Uzbekistanu i Azerbejdžanu, a prvi je komičar na engleskom koji je obišao Tursku, Kazahstan, Island, Japan, Kipar i Poljsku. Vrata se otvaraju u 19.30, predstava traje dva sata.

Na engleskom jeziku.

Cena: onlajn od 1500 dinara, na ulazu 3000 dinara.

Organizator: The Comedy Nomad.",20:00,1500,Teatar 78,"Resavska 78, Beograd","44.801504,20.457327",https://www.eventbrite.co.uk/e/the-biggest-problem-in-the-world-victor-patrascan-in-belgrade-tickets-1999262469866,eventbrite.co.uk,https://www.eventbrite.co.uk/e/the-biggest-problem-in-the-world-victor-patrascan-in-belgrade-tickets-1999262469866,The Comedy Nomad,https://victorpatrascan.com/,,,,,,"стендап, на английском, комедия, Victor Patrascan, Theatre 78","stand-up, in English, comedy, Victor Patrascan, Theatre 78","stand-up, na engleskom, komedija, Victor Patrascan, Theatre 78"
12/24/2026,12/25/2026,9/5/2026,1230,MusicGroup,Beogradska filharmonija,https://www.bgf.rs/,,MusicFestival,Новогодний концерт Белградской филармонии на Коларце,Belgrade Philharmonic New Year Concert at Kolarac,Novogodišnji koncert Beogradske filharmonije na Kolarcu,https://raw.githubusercontent.com/newsgl/arsposters/main/1230-BelgradePhilharmonicNewY.webp,,Concerts,"Традиционный новогодний концерт Белградской филармонии в Большом зале Коларца: два вечера, 24 и 25 декабря в 20:00. Программа будет объявлена позже; в прошлые годы билеты расходились за несколько дней.","The Belgrade Philharmonic's traditional New Year concert in the Great Hall of Kolarac: two evenings, 24 and 25 December at 20:00. Programme to be announced; in past years tickets sold out within days.","Tradicionalni novogodišnji koncert Beogradske filharmonije u Velikoj dvorani Kolarčeve zadužbine: dve večeri, 24. i 25. decembra u 20.00. Program će biti objavljen naknadno; prethodnih godina karte su planule za nekoliko dana.","Новогодний концерт Белградской филармонии давно живёт по своим правилам: никакой академической строгости, оркестр играет то, что поднимает настроение, и делает это два вечера подряд, потому что в один зал все желающие не помещаются. Из года в год это одна из самых быстро распродаваемых программ оркестра.

Темы меняются каждый сезон. В 2021-м Даниэль Райскин собрал «Музыкальный базар», в 2022-м Мориц Гнанн устроил «Вечеринку вальсов», в 2023-м под вывеской All Stars Philharmonia солировали сами музыканты оркестра, в 2024-м Кристиан Шуман дирижировал «Симфоническими финалами», а в декабре 2025-го оркестр прощался с дуэтом Igudesman & Joo, с которым выступал почти двадцать лет.

Что приготовлено на этот раз, филармония пока не объявила: дирижёр и программа появятся на сайте оркестра ближе к концу года. Место прежнее, **Большой зал Коларца** на Studentski trg, домашняя сцена абонементного цикла филармонии.

Организатор: Beogradska filharmonija.","The Belgrade Philharmonic's New Year concert has long followed its own rules: no academic solemnity, the orchestra plays whatever lifts the mood, and it does so on two consecutive evenings because one hall cannot hold everyone who wants to come. Year after year it is one of the orchestra's fastest-selling programmes.

The theme changes every season. In 2021 Daniel Raiskin put together a Musical Bazaar, in 2022 Moritz Gnann threw a Waltz Party, in 2023 the orchestra's own musicians took the solo spots as All Stars Philharmonia, in 2024 Christian Schumann conducted Symphonic Finales, and in December 2025 the orchestra said farewell to the duo Igudesman & Joo after almost twenty years of joint appearances.

What is in store this time, the Philharmonic has not yet said: the conductor and programme will appear on the orchestra's website towards the end of the year. The venue stays the same, the **Great Hall of Kolarac** on Studentski trg, home stage of the Philharmonic's subscription cycle.

Organiser: Beogradska filharmonija.","Novogodišnji koncert Beogradske filharmonije odavno ima svoja pravila: bez akademske strogosti, orkestar svira ono što podiže raspoloženje, i to dve večeri zaredom, jer svi zainteresovani ne mogu da stanu u jednu salu. Iz godine u godinu to je jedan od najbrže rasprodatih programa orkestra.

Tema se menja svake sezone. Godine 2021. Danijel Rajskin je priredio „Muzički bazar“, 2022. Moric Gnan „Valcer parti“, 2023. su pod imenom All Stars Philharmonia solirali sami muzičari orkestra, 2024. je Kristijan Šuman dirigovao „Simfonijskim finalima“, a u decembru 2025. orkestar se oprostio od dua Igudesman & Joo, sa kojim je nastupao skoro dvadeset godina.

Šta je spremljeno ovog puta, Filharmonija još nije saopštila: dirigent i program pojaviće se na sajtu orkestra pred kraj godine. Mesto je isto, **Velika dvorana Kolarčeve zadužbine** na Studentskom trgu, domaća scena pretplatničkog ciklusa Filharmonije.

Organizator: Beogradska filharmonija.",20:00,,Zadužbina Ilije M. Kolarca,"Studentski trg 5, Beograd","44.819094,20.456261",https://www.bgf.rs/repertoar_cp/novogodisnji-koncert-beogradske-filharmonije/,bgf.rs,https://www.bgf.rs/repertoar_cp/novogodisnji-koncert-beogradske-filharmonije/,Beogradska filharmonija,https://www.bgf.rs/,,,,,,"новогодний концерт, классическая музыка, симфонический оркестр, Белградская филармония, Коларац","New Year concert, classical music, symphony orchestra, Belgrade Philharmonic, Kolarac","novogodišnji koncert, klasična muzika, simfonijski orkestar, Beogradska filharmonija, Kolarac"
2/15/2027,2/15/2027,9/5/2026,1231,MusicGroup,Beogradska filharmonija,https://www.bgf.rs/,,MusicEvent,Сретенский концерт Белградской филармонии ко Дню государственности,Sretenje Statehood Day Concert at the Belgrade Philharmonic Hall,Sretenjski koncert u Sali Beogradske filharmonije,https://raw.githubusercontent.com/newsgl/arsposters/main/1231-SretenjeStatehoodDayConc.webp,,Concerts,"Концерт Белградской филармонии к Сретению, Дню государственности Сербии, в зале оркестра на Studentski trg 11. 15 февраля 2027 года в 20:00. Дирижёр и программа пока не объявлены.","The Belgrade Philharmonic's concert for Sretenje, Serbia's Statehood Day, in the orchestra's own hall at Studentski trg 11. 15 February 2027 at 20:00. Conductor and programme to be announced.","Koncert Beogradske filharmonije povodom Sretenja, Dana državnosti Srbije, u sali orkestra na Studentskom trgu 11. 15. februara 2027. u 20.00. Dirigent i program još nisu objavljeni.","Сретение в Сербии главный государственный праздник: в этот день в 1804 году собрание в Орашаце начало Первое сербское восстание против османской власти, а в 1835-м в Крагуеваце приняли Сретенский устав, первую конституцию страны. Белградская филармония отмечает дату концертом в своём зале.

У оркестра с этим праздником особая связь. На Сретение 2023 года, в год своего столетия, филармония получила **Сретенский орден первой степени** за заслуги перед Республикой Сербия в области музыкального искусства.

Концерт входит в серию внеплановых выступлений сезона **Fortissimo 26/27**, которая идёт параллельно с абонементным циклом на Коларце и включает также концерты ко Дню флага и Видовдану. Зал филармонии на Studentski trg рассчитан примерно на две сотни мест, и симфонический оркестр здесь слышен очень близко.

Дирижёр и программа вечера пока не опубликованы.

Организатор: Beogradska filharmonija.","Sretenje is Serbia's principal state holiday: on this day in 1804 the assembly at Orašac launched the First Serbian Uprising against Ottoman rule, and in 1835 the Sretenje Constitution, the country's first, was adopted in Kragujevac. The Belgrade Philharmonic marks the date with a concert in its own hall.

The orchestra has a particular link to this holiday. On Sretenje 2023, in its centenary year, the Philharmonic received the **Order of Sretenje, First Class**, for services to the Republic of Serbia in the field of music.

The concert belongs to the series of special performances of the **Fortissimo 26/27** season, which runs alongside the subscription cycle at Kolarac and also includes the Flag Day and Vidovdan concerts. The Philharmonic hall on Studentski trg seats about two hundred, so a symphony orchestra is heard here at very close range.

The conductor and programme have not yet been published.

Organiser: Beogradska filharmonija.","Sretenje je glavni državni praznik Srbije: tog dana 1804. Zbor u Orašcu pokrenuo je Prvi srpski ustanak protiv osmanske vlasti, a 1835. u Kragujevcu je donet Sretenjski ustav, prvi ustav zemlje. Beogradska filharmonija datum obeležava koncertom u svojoj sali.

Orkestar sa ovim praznikom ima posebnu vezu. Na Sretenje 2023, u godini svog stogodišnjeg jubileja, Filharmonija je dobila **Sretenjski orden prvog stepena** za zasluge prema Republici Srbiji u oblasti muzičke umetnosti.

Koncert pripada nizu vanrednih nastupa sezone **Fortissimo 26/27**, koji ide uporedo sa pretplatničkim ciklusom na Kolarcu i obuhvata još koncerte povodom Dana zastave i Vidovdana. Sala Filharmonije na Studentskom trgu ima oko dvesta mesta, pa se simfonijski orkestar ovde sluša iz neposredne blizine.

Dirigent i program večeri još nisu objavljeni.

Organizator: Beogradska filharmonija.",20:00,,Sala Beogradske filharmonije,"Studentski trg 11, Beograd","44.819232,20.455808",https://www.bgf.rs/repertoar_cp/sretenski-kontsert/,bgf.rs,https://www.bgf.rs/repertoar_cp/sretenski-kontsert/,Beogradska filharmonija,https://www.bgf.rs/,,,,,,"классическая музыка, симфонический оркестр, Белградская филармония, Сретение, День государственности","classical music, symphony orchestra, Belgrade Philharmonic, Sretenje, Statehood Day","klasična muzika, simfonijski orkestar, Beogradska filharmonija, Sretenje, Dan državnosti"
4/26/2027,4/29/2027,9/5/2026,1232,MusicGroup,Beogradska filharmonija,https://www.bgf.rs/,,ChildrensEvent,Концерты для малышей: третий цикл в зале Белградской филармонии,Concerts for Babies: Third Cycle at the Belgrade Philharmonic Hall,Koncerti za bebe: treći ciklus u Sali Beogradske filharmonije,https://raw.githubusercontent.com/newsgl/arsposters/main/1232-ConcertsforBabiesThirdCy.webp,,Kids,"Третий цикл концертов Белградской филармонии для детей от 0 до 2 лет: полчаса симфонической музыки в зале, превращённом в игровую. 26, 27, 28 и 29 апреля 2027 года, сеансы в 11:00 и 12:30.","The third cycle of the Belgrade Philharmonic's concerts for children aged 0 to 2: half an hour of symphonic music in a hall turned into a playroom. 26, 27, 28 and 29 April 2027, sessions at 11:00 and 12:30.","Treći ciklus koncerata Beogradske filharmonije za bebe od 0 do 2 godine: pola sata simfonijske muzike u sali pretvorenoj u igraonicu. 26, 27, 28. i 29. aprila 2027, termini u 11.00 i 12.30.","Весенний цикл самой востребованной программы Белградской филармонии. **Концерты для малышей** оркестр играет девятый сезон подряд, и спрос на них не падает: билеты обычно заканчиваются в первые минуты продаж, поэтому в цикле четыре дня и по два сеанса в день.

Адресат этих концертов ребёнок от рождения до двух лет, а значит, и правила детские. Зал филармонии на Studentski trg становится музыкальной игровой: коляски паркуются в фойе, дети сидят на полу, ползают и подходят к музыкантам совсем близко. Программа длится 30 минут, примерно столько живая музыка держит внимание в этом возрасте.

Состав оркестра полный, а репертуар в разные годы менялся: от Первой симфонии Бетховена и «Детского альбома» Чайковского до вальсов и Моцарта. Что будут играть в апреле, филармония объявит ближе к дате.

Число мест ограничено размером зала. Билеты продаются в кассе филармонии и онлайн.

Организатор: Beogradska filharmonija.","The spring cycle of the Belgrade Philharmonic's most popular programme. The orchestra has been playing its **Concerts for Babies** for nine seasons running, and demand has not slackened: tickets usually run out in the first minutes of sale, which is why the cycle spans four days with two sessions each.

These concerts are meant for children from birth to age two, so the rules are child-sized. The Philharmonic hall on Studentski trg becomes a musical playroom: strollers are parked in the foyer, children sit on the floor, crawl about and come right up to the musicians. Each programme lasts 30 minutes, about as long as live music holds attention at this age.

The orchestra plays at full strength, and the repertoire has varied over the years, from Beethoven's First Symphony and Tchaikovsky's Album for the Young to waltzes and Mozart. What will be played in April, the Philharmonic will announce closer to the date.

The number of places is limited by the size of the hall. Tickets are sold at the Philharmonic box office and online.

Organiser: Beogradska filharmonija.","Prolećni ciklus najtraženijeg programa Beogradske filharmonije. **Koncerte za bebe** orkestar svira devetu sezonu zaredom, a interesovanje ne opada: karte obično nestanu u prvim minutima prodaje, zato ciklus traje četiri dana sa po dva termina.

Ovi koncerti su namenjeni deci od rođenja do dve godine, pa su i pravila dečja. Sala Filharmonije na Studentskom trgu postaje muzička igraonica: kolica se parkiraju u holu, deca sede na podu, puze i prilaze muzičarima sasvim blizu. Program traje 30 minuta, otprilike koliko živa muzika drži pažnju u tom uzrastu.

Orkestar svira u punom sastavu, a repertoar se kroz godine menjao: od Betovenove Prve simfonije i Čajkovskijevog „Dečjeg albuma“ do valcera i Mocarta. Šta će se svirati u aprilu, Filharmonija će objaviti bliže datumu.

Broj mesta ograničen je veličinom sale. Karte se prodaju na blagajni Filharmonije i onlajn.

Organizator: Beogradska filharmonija.",11:00,,Sala Beogradske filharmonije,"Studentski trg 11, Beograd","44.819232,20.455808",https://www.bgf.rs/repertoar_cp/kontserti-za-bebe-tre-i-tsiklus/,bgf.rs,https://www.bgf.rs/repertoar_cp/kontserti-za-bebe-tre-i-tsiklus/,Beogradska filharmonija,https://www.bgf.rs/,,,,,,"концерт для малышей, классическая музыка, Белградская филармония, дети 0-2, семейное","concert for babies, classical music, Belgrade Philharmonic, kids 0-2, family","koncert za bebe, klasična muzika, Beogradska filharmonija, deca 0-2, porodično"
6/14/2027,6/18/2027,9/5/2026,1233,MusicGroup,Beogradska filharmonija,https://www.bgf.rs/,,ChildrensEvent,Концерты для малышей: четвёртый цикл в зале Белградской филармонии,Concerts for Babies: Fourth Cycle at the Belgrade Philharmonic Hall,Koncerti za bebe: četvrti ciklus u Sali Beogradske filharmonije,https://raw.githubusercontent.com/newsgl/arsposters/main/1233-ConcertsforBabiesFourthC.webp,,Kids,"Заключительный в сезоне цикл концертов Белградской филармонии для детей от 0 до 2 лет: полчаса живого оркестра в зале, превращённом в игровую. С 14 по 18 июня 2027 года, сеансы в 11:00 и 12:30.","The season's final cycle of the Belgrade Philharmonic's concerts for children aged 0 to 2: half an hour of live orchestra in a hall turned into a playroom. 14 to 18 June 2027, sessions at 11:00 and 12:30.","Poslednji ciklus u sezoni koncerata Beogradske filharmonije za bebe od 0 do 2 godine: pola sata živog orkestra u sali pretvorenoj u igraonicu. Od 14. do 18. juna 2027, termini u 11.00 i 12.30.","Сезон **Fortissimo 26/27** Белградская филармония открывала концертами для малышей, ими же и закрывает детскую программу: четвёртый, июньский цикл идёт пять дней подряд, по два сеанса в день. Это самая длинная серия сезона, и не случайно: билеты на **концерты для малышей** обычно исчезают за минуты после старта продаж.

Формат оркестр отработал за девять сезонов. Слушатели от рождения до двух лет, зал филармонии на Studentski trg переоборудован в музыкальную игровую, коляски остаются в фойе, никаких требований к тишине: дети ползают, ходят, разглядывают инструменты вблизи. Программа длится 30 минут, дальше внимание в этом возрасте не удерживается.

Репертуар подбирается под задачу: за прошлые сезоны малышам играли Первую симфонию Бетховена, «Детский альбом» Чайковского, вальсы и Моцарта. Программу июньского цикла филармония объявит ближе к дате.

Число мест ограничено размером зала. Билеты продаются в кассе филармонии и онлайн.

Организатор: Beogradska filharmonija.","The Belgrade Philharmonic opened its **Fortissimo 26/27** season with concerts for babies and closes its children's programme the same way: the fourth, June cycle runs on five consecutive days with two sessions each. It is the longest series of the season, and for a reason: tickets for the **Concerts for Babies** usually disappear within minutes of going on sale.

The orchestra has refined the format over nine seasons. The listeners are children from birth to age two, the Philharmonic hall on Studentski trg is rearranged as a musical playroom, strollers stay in the foyer, and there is no demand for silence: the children crawl, wander and study the instruments up close. Each programme lasts 30 minutes, beyond which attention at this age gives out.

The repertoire is chosen to fit: in past seasons the babies have heard Beethoven's First Symphony, Tchaikovsky's Album for the Young, waltzes and Mozart. The programme for the June cycle will be announced closer to the date.

The number of places is limited by the size of the hall. Tickets are sold at the Philharmonic box office and online.

Organiser: Beogradska filharmonija.","Sezonu **Fortissimo 26/27** Beogradska filharmonija je otvorila koncertima za bebe i njima zatvara i dečji program: četvrti, junski ciklus traje pet dana zaredom, sa po dva termina dnevno. To je najduža serija u sezoni, i to s razlogom: karte za **koncerte za bebe** obično nestanu za nekoliko minuta od početka prodaje.

Format je orkestar izbrusio tokom devet sezona. Slušaoci su deca od rođenja do dve godine, Sala Filharmonije na Studentskom trgu pretvara se u muzičku igraonicu, kolica ostaju u holu, a tišina se ne traži: deca puze, šetaju i gledaju instrumente izbliza. Program traje 30 minuta, duže pažnja u tom uzrastu ne izdrži.

Repertoar se bira po meri: prethodnih sezona bebe su slušale Betovenovu Prvu simfoniju, Čajkovskijev „Dečji album“, valcere i Mocarta. Program junskog ciklusa Filharmonija će objaviti bliže datumu.

Broj mesta ograničen je veličinom sale. Karte se prodaju na blagajni Filharmonije i onlajn.

Organizator: Beogradska filharmonija.",11:00,,Sala Beogradske filharmonije,"Studentski trg 11, Beograd","44.819232,20.455808",https://www.bgf.rs/repertoar_cp/kontserti-za-bebe-chetvrti-tsiklus/,bgf.rs,https://www.bgf.rs/repertoar_cp/kontserti-za-bebe-chetvrti-tsiklus/,Beogradska filharmonija,https://www.bgf.rs/,,,,,,"концерт для малышей, классическая музыка, Белградская филармония, дети 0-2, семейное","concert for babies, classical music, Belgrade Philharmonic, kids 0-2, family","koncert za bebe, klasična muzika, Beogradska filharmonija, deca 0-2, porodično"
6/28/2027,6/28/2027,9/5/2026,1234,MusicGroup,Beogradska filharmonija,https://www.bgf.rs/,,MusicEvent,Видовданский концерт Белградской филармонии,Vidovdan Concert at the Belgrade Philharmonic Hall,Vidovdanski koncert u Sali Beogradske filharmonije,https://raw.githubusercontent.com/newsgl/arsposters/main/1234-VidovdanConcertattheBelg.webp,,Concerts,Белградская филармония завершает серию праздничных концертов сезона Видовданским концертом в своём зале на Studentski trg 11. 28 июня 2027 года в 20:00. Дирижёр и программа пока не объявлены.,The Belgrade Philharmonic closes its season's series of holiday concerts with the Vidovdan Concert in its own hall at Studentski trg 11. 28 June 2027 at 20:00. Conductor and programme to be announced.,Beogradska filharmonija zaokružuje niz prazničnih koncerata sezone Vidovdanskim koncertom u svojoj sali na Studentskom trgu 11. 28. juna 2027. u 20.00. Dirigent i program još nisu objavljeni.,"Видовдан, одна из ключевых дат сербского календаря: день памяти князя Лазаря и Косовской битвы 1389 года, у церкви день поминовения, у государства праздник без выходного. Белградская филармония завершает этим концертом серию праздничных выступлений сезона **Fortissimo 26/27**, начатую в сентябре концертом ко Дню флага и продолженную Сретенским концертом в феврале.

Концерт проходит на домашней сцене оркестра, в зале филармонии на Studentski trg: около двухсот мест и звук симфонического оркестра на расстоянии нескольких метров. Абонементные концерты филармония играет на Коларце, а такие вечера оставляет для своего зала.

Оркестр основан в 1923 году композитором Стеваном Христичем. Сезон 26/27 проходит у него под знаком гостей мирового уровня, Зубина Меты и Ланг Ланга, и Видовданский концерт фактически подводит под этим сезоном черту.

Дирижёр и программа пока не опубликованы.

Организатор: Beogradska filharmonija.","Vidovdan, St Vitus Day, is one of the key dates in the Serbian calendar: the day of remembrance of Prince Lazar and the Battle of Kosovo in 1389, a day of commemoration for the Church and a working public holiday for the state. With this concert the Belgrade Philharmonic completes the series of holiday performances of its **Fortissimo 26/27** season, which began in September with the Flag Day concert and continued with the Sretenje concert in February.

The concert takes place on the orchestra's home stage, the Philharmonic hall on Studentski trg: about two hundred seats and the sound of a symphony orchestra a few metres away. The Philharmonic plays its subscription concerts at Kolarac and keeps evenings like this one for its own hall.

The orchestra was founded in 1923 by the composer Stevan Hristić. Its 26/27 season is marked by world-class guests, Zubin Mehta and Lang Lang, and the Vidovdan concert effectively draws a line under it.

The conductor and programme have not yet been published.

Organiser: Beogradska filharmonija.","Vidovdan je jedan od ključnih datuma srpskog kalendara: dan sećanja na kneza Lazara i Kosovski boj 1389. godine, za crkvu dan pomena, za državu praznik koji se obeležava radno. Beogradska filharmonija ovim koncertom zaokružuje niz prazničnih nastupa sezone **Fortissimo 26/27**, započet u septembru koncertom povodom Dana zastave i nastavljen Sretenjskim koncertom u februaru.

Koncert se održava na domaćoj sceni orkestra, u Sali Filharmonije na Studentskom trgu: oko dvesta mesta i zvuk simfonijskog orkestra na nekoliko metara. Pretplatničke koncerte Filharmonija svira na Kolarcu, a ovakve večeri čuva za svoju salu.

Orkestar je 1923. osnovao kompozitor Stevan Hristić. Sezona 26/27 protiče mu u znaku gostiju svetskog ranga, Zubina Mehte i Lang Langa, a Vidovdanski koncert praktično podvlači crtu pod tu sezonu.

Dirigent i program još nisu objavljeni.

Organizator: Beogradska filharmonija.",20:00,,Sala Beogradske filharmonije,"Studentski trg 11, Beograd","44.819232,20.455808",https://www.bgf.rs/repertoar_cp/vidovdanski-kontsert/,bgf.rs,https://www.bgf.rs/repertoar_cp/vidovdanski-kontsert/,Beogradska filharmonija,https://www.bgf.rs/,,,,,,"классическая музыка, симфонический оркестр, Белградская филармония, Видовдан, праздничный концерт","classical music, symphony orchestra, Belgrade Philharmonic, Vidovdan, holiday concert","klasična muzika, simfonijski orkestar, Beogradska filharmonija, Vidovdan, praznični koncert"
