StartDate,EndDate,PubDate,UniqueID,PerformerType,PerformerName,SameAs,Language,EventType,EventNameRus,EventNameEng,EventNameSrb,CoverImage,SpotifyButton,Section,ShortDescriptionRus,ShortDescriptionEng,ShortDescriptionSrb,LongDescriptionRus,LongDescriptionEng,LongDescriptionSrb,Time,PriceDin,PlaceName,PlaceAddress,GoogleMap,EventPage,SourceName,TicketsLink,OrganizerName,OrganizerPageURL,OrganizerEmail,OrganizerPhone,AgeRestriction,EventCapacity,ImageGallery,TagsRus,TagsEng,TagsSrb
9/11/2026,9/12/2026,9/8/2026,1348,Person,Kristijan Molnar,https://ra.co/dj/kristijanmolnar,,MusicEvent,Kristijan Molnar: сет на всю ночь в клубе 20/44,Kristijan Molnar All Night Long at Klub 20/44,Kristijan Molnar All Night Long u Klubu 20/44,https://raw.githubusercontent.com/newsgl/arsposters/main/1348-KristijanMolnarKlub2044.webp,,Concerts,"Формат all night long: один диджей за пультом с одиннадцати вечера до пяти утра, без разогрева и без смены за пультом. В клубе 20/44 на Карагеоргиевой, билет от 11,3 евро.","An all night long set: one DJ behind the decks from eleven in the evening until five in the morning, no support, no changeovers. At Klub 20/44 on Karadordeva, tickets from 11.3 euro.","Format all night long: jedan didžej za pultom od jedanaest uveče do pet ujutru, bez predgrupe i bez smene. U Klubu 20/44 na Karađorđevoj, ulaznica od 11,3 evra.","Формат all night long в клубной культуре означает одно: весь вечер играет один человек. Не сет на полтора часа в чужой программе, а шесть часов, за которые диджей успевает построить дугу от медленного разогрева до пика и обратно.

За пультом Kristijan Molnar, резидент белградской сцены, чьи сеты держатся на хаусе и техно с уклоном в глубокое звучание. Вечер делает промоутер Vojkan Bećir.

Площадка: 20/44, клуб в Савамале на Карагеоргиевой 44.

Время: с 23:00 до 05:00 следующего дня.

Цена: ранняя бронь 11,3 евро, обычный билет 16,95 евро; в динарах это примерно 1320 и 1980 по курсу на день подготовки материала.

Возраст: 18+.","In club culture an all night long set means exactly one thing: a single DJ plays the entire night. Not ninety minutes inside somebody else's programme, but six hours in which the DJ can build an arc from a slow warm up to a peak and back down.

Behind the decks is Kristijan Molnar, a resident of the Belgrade scene whose sets lean on house and techno with a taste for deeper sounds. The night is put together by promoter Vojkan Becir.

Venue: 20/44, a club in Savamala at Karadordeva 44.

Time: from 23:00 until 05:00 the next morning.

Price: early bird 11.3 euro, general admission 16.95 euro; roughly 1320 and 1980 dinars at the rate on the day this listing was prepared.

Age: 18 and over.","Format all night long u klupskoj kulturi znači samo jedno: celu noć svira jedan čovek. Ne set od sat i po u tuđem programu, nego šest sati u kojima didžej stigne da izgradi luk od sporog zagrevanja do vrhunca i nazad.

Za pultom je Kristijan Molnar, rezident beogradske scene čiji se setovi drže na hausu i tehnu sa sklonošću ka dubljem zvuku. Veče potpisuje promoter Vojkan Bećir, isti onaj koji vodi celokupan program kluba.

Klub 20/44 se odavno odselio sa splava na Ušću i sada radi u Savamali, ali je zadržao istu publiku i istu liniju programa.

Mesto: 20/44, klub u Savamali na Karađorđevoj 44.

Vreme: od 23.00 do 05.00 ujutru.

Cena: rana ulaznica 11,3 evra, redovna 16,95 evra; u dinarima oko 1320 i 1980 po kursu na dan pripreme.

Uzrast: 18+.",23:00,1322,Klub 20/44,"Karađorđeva 44, 11000 Beograd","44.814080,20.451244",https://ra.co/events/2530701,ra.co,https://ra.co/events/2530701,Vojkan Bećir,,,,18+,,,"клуб, техно, хаус, all night long, 20/44, Савамала","club, techno, house, all night long, 20/44, Savamala","klub, tehno, haus, all night long, 20/44, Savamala"
9/11/2026,9/12/2026,9/8/2026,1349,Organization,MANEVARIM,,,MusicEvent,MANEVARIM: открытие сезона в Drugstore,MANEVARIM season opening at Drugstore,MANEVARIM: otvaranje sezone u Drugstoreu,https://raw.githubusercontent.com/newsgl/arsposters/main/1349-ManevarimDrugstore.webp,,Concerts,"Коллектив MANEVARIM открывает сезон в чёрном зале Drugstore силами своих резидентов: Essio, Vibrain и aleksssa. Ночь с одиннадцати вечера до шести утра, вход 1000 динаров по предпродаже.","The MANEVARIM crew opens the season in the Black Room at Drugstore with its own residents: Essio, Vibrain and aleksssa. From eleven in the evening until six in the morning, 1000 dinars in presale.","Ekipa MANEVARIM otvara sezonu u Crnoj sali Drugstorea sa svojim rezidentima: Essio, Vibrain i aleksssa. Od jedanaest uveče do šest ujutru, ulaz 1000 dinara u pretprodaji.","Новый сезон, тот же звук: так коллектив MANEVARIM описывает собственное открытие. Вечер идёт без приглашённых имён, за пультом только резиденты, и это осознанный выбор формата.

Играют Essio, Vibrain и aleksssa. Место действия: чёрный зал Drugstore, та часть клуба, где звучит самая жёсткая программа.

Drugstore занимает здание бывшей скотобойни на Бульваре деспота Стефана и делит программу между несколькими залами, так что попасть на вечер MANEVARIM и случайно оказаться на другой музыке здесь не выйдет.

Площадка: Drugstore, Бульвар деспота Стефана 115, вход также с Поенкареовой.

Время: с 23:00 до 06:00.

Цена: 1000 динаров по предпродаже, 1200 динаров на входе. На ra.co тот же вход продаётся за 8 евро, это примерно 940 динаров; в карточке стоит цена организатора.

Возраст: 18+.","A new season but the same sound: that is how the MANEVARIM crew describes its own opening night. There are no guest names on the bill, only residents behind the decks, and that is a deliberate choice.

Essio, Vibrain and aleksssa are playing. The setting is the Black Room at Drugstore, the part of the club that carries the harder programme.

Venue: Drugstore, Bulevar despota Stefana 115, with a second entrance from Poenkareova.

Time: from 23:00 until 06:00.

Price: 1000 dinars in presale, 1200 dinars at the door. The same admission is sold on ra.co for 8 euro, roughly 940 dinars; the listing follows the organiser price.

Age: 18 and over.","Nova sezona, isti zvuk: tako ekipa MANEVARIM opisuje sopstveno otvaranje. Veče ide bez gostujućih imena, za pultom su samo rezidenti, i to je svesno izabran format.

Sviraju Essio, Vibrain i aleksssa. Mesto je Crna sala Drugstorea, deo kluba u kome ide najtvrđi program.

Drugstore zauzima zgradu nekadašnje klanice na Bulevaru despota Stefana i program deli na više sala, tako da se na veče ekipe MANEVARIM ne može zalutati slučajno.

Otvaranje sezone je za rezidentske ekipe uvek i provera publike: koliko ljudi se posle leta vraća na isto mesto i isti zvuk.

Mesto: Drugstore, Bulevar despota Stefana 115, ulaz i iz Poenkareove.

Vreme: od 23.00 do 06.00.

Cena: 1000 dinara u pretprodaji, 1200 dinara na vratima. Na ra.co se isti ulaz prodaje za 8 evra, oko 940 dinara; u kartici stoji cena organizatora.

Uzrast: 18+.",23:00,1000,Drugstore,"Bulevar despota Stefana 115, 11000 Beograd","44.819103,20.489149",https://ra.co/events/2531710,ra.co,https://ra.co/events/2531710,MANEVARIM,,,,18+,,,"клуб, техно, Drugstore, открытие сезона, резиденты","club, techno, Drugstore, season opening, residents","klub, tehno, Drugstore, otvaranje sezone, rezidenti"
9/12/2026,9/12/2026,9/8/2026,1350,TheaterGroup,Pozorište lutaka Pinokio,https://pinokio.rs/,,ChildrensEvent,Кукольный спектакль «Црвенкапа» в театре «Пинокио»,Crvenkapa: a puppet show at the Pinokio theatre,Lutkarska predstava Crvenkapa u pozorištu Pinokio,https://raw.githubusercontent.com/newsgl/arsposters/main/1350-CrvenkapaPinokio.webp,,Kids,"Красная Шапочка в пересказе Игора Бойовича: историю ведут болтливые лесные птицы, и от их угла зрения сказка становится куда смешнее. Для детей от четырёх лет, сорок пять минут.","Little Red Riding Hood retold by Igor Bojovic: chatty forest birds narrate the story, and their angle makes the tale far funnier. For children aged four and up, forty five minutes.","Crvenkapa u adaptaciji Igora Bojovića: priču vode brbljive šumske ptice, a iz njihovog ugla bajka postaje mnogo smešnija. Za decu od četiri godine, četrdeset pet minuta.","Сюжет знают все: девочка идёт через лес к больной бабушке, а голодный волк строит свои планы. Адаптация Игора Бойовича добавляет к классике неожиданный ход.

Рассказчиками и режиссёрами сказки здесь становятся болтливые лесные птицы. Взгляд со стороны снимает с оригинала мрачность братьев Гримм: вместо угрозы получаются стихи и остроумные диалоги, а темы сводятся к дружбе, любви и смелости.

Режиссёр Предраг Стойменович, тотальный дизайн Ирины Сомборац, музыка Ненада Койича. На сцене Бранкица Себастиянович, Джордже Креча, Мария Пантин и Никола Ранджелович.

Цена: 600 динаров.

Язык: сербский.

Возраст: от четырёх лет. Продолжительность сорок пять минут.","Everyone knows the plot: a girl walks through the forest to her sick grandmother while a hungry wolf makes other plans. Igor Bojovic's adaptation adds an unexpected move to the classic.

Here the narrators and stage managers of the tale are chatty forest birds. Seeing it from the outside strips away the Brothers Grimm gloom: instead of menace there are verses and witty dialogue, and the themes come down to friendship, love and courage.

Directed by Predrag Stojmenovic, total design by Irina Somborac, music by Nenad Kojic. On stage are Brankica Sebastijanovic, Dorde Kreca, Marija Pantin and Nikola Randelovic.

Price: 600 dinars.

Language: Serbian.

Age: four and up. Running time forty five minutes.","Radnju svi znaju: devojčica ide kroz šumu bolesnoj baki, a gladan vuk ima druge planove. Adaptacija Igora Bojovića klasiku dopunjava neočekivanim potezom.

Naratori i reditelji bajke ovde su brbljive šumske ptice. Pogled sa strane skida sa originala mrak braće Grim: umesto pretnje dobijamo stihove i duhovite dijaloge, a teme se svode na prijateljstvo, ljubav i hrabrost.

Režija Predrag Stojmenović, total dizajn Irina Somborac, muzika Nenad Kojić. Na sceni su Brankica Sebastijanović, Đorđe Kreća, Marija Pantin i Nikola Ranđelović.

Cena: 600 dinara.

Jezik: srpski.

Uzrast: od četiri godine. Trajanje četrdeset pet minuta.",12:00,600,Pozorište lutaka Pinokio,"Bulevar maršala Tolbuhina 1, 11070 Novi Beograd","44.830127,20.411863",https://pinokio.rs/%D1%86%D1%80%D0%B2%D0%B5%D0%BD%D0%BA%D0%B0%D0%BF%D0%B0/,pinokio.rs,https://tickets.rs/event/crvenkapa_27824,Pozorište lutaka Pinokio,https://pinokio.rs/,biletarnica@pinokio.rs,011 269 1715,4+,,,"кукольный театр, дети, сказка, Пинокио, Нови-Београд","puppet theatre, kids, fairy tale, Pinokio, Novi Beograd","lutkarsko pozorište, deca, bajka, Pinokio, Novi Beograd"
9/12/2026,9/12/2026,9/8/2026,1351,TheaterGroup,Pozorište lutaka Pinokio,https://pinokio.rs/,,ChildrensEvent,Кукольный спектакль «Бајка о рибару и рибици» в театре «Пинокио»,Bajka o ribaru i ribici: a puppet show at the Pinokio theatre,Lutkarska predstava Bajka o ribaru i ribici u pozorištu Pinokio,https://raw.githubusercontent.com/newsgl/arsposters/main/1351-BajkaORibaruIRibiciPinokio.webp,,Kids,"Пушкинская сказка о рыбаке и рыбке, перенесённая в наши дни: жена рыбака насмотрелась телевизора, и её желания растут вместе с аппетитом. Для детей от пяти лет.","The Pushkin tale of the fisherman and the fish moved to the present day: the fisherman's wife has watched too much television, and her wishes keep growing. For children aged five and up.","Puškinova bajka o ribaru i ribici prenesena u današnje vreme: ribareva žena se nagledala televizije, a želje joj postaju sve veće. Za decu od pet godina.","Рыбак Феликс и его жена Георгина живут в покосившемся домике на дальнем берегу. Он ловит рыбу и играет блюз на губной гармошке, она занимается домом и мечтает о богатстве, славе и романах, которые видит по телевизору.

Однажды на удочку попадается Золотая рыбка и обещает исполнить любое желание, но Феликс отпускает её просто так. Услышав эту историю, Георгина видит свой шанс, а появившийся на пляже загорелый сёрфер разгоняет её фантазию ещё сильнее.

Постановка Марии Крстич по мотивам Пушкина. Куклы, сцену и костюмы придумал Филип Евтич. Играют Зорана Милошакович-Тасич, Драгана Васич и Горан Попович. Режиссёрская мысль проста: честность и человечность вознаграждаются и сегодня.

Цена: 600 динаров.

Язык: сербский.

Возраст: от пяти до десяти лет. Продолжительность сорок пять минут.","The fisherman Feliks and his wife Georgina live in a rickety cottage on a far shore. He fishes and plays blues on a harmonica; she keeps house and dreams of the wealth, fame and romance she sees on television.

One day a Golden Fish takes his hook and promises to grant any wish if he lets her go, but Feliks releases her asking for nothing. When Georgina hears the story she sees her chance, and a tanned surfer who wanders onto the beach fires up her imagination even further.

Directed by Marija Krstic, after Pushkin. Puppets, set and costumes are by Filip Jevtic. The cast is Zorana Milosakovic Tasic, Dragana Vasic and Goran Popovic. The point the production makes is simple: honesty and decency still get rewarded.

Price: 600 dinars.

Language: Serbian.

Age: five to ten. Running time forty five minutes.","Ribar Feliks i njegova žena Georgina žive skromno u trošnoj kućici na udaljenoj morskoj obali. On peca i svira bluz na usnoj harmonici, ona provodi dane u kućnim poslovima i mašta o bogatstvu, slavi i romansi koje vidi na televiziji.

Jednog dana na udicu mu se upeca neobična Zlatna ribica i obeća da će mu ispuniti bilo koju želju ako je oslobodi, ali Feliks je vraća u vodu ne tražeći ništa. Kada Georgina čuje tu priču, vidi svoju priliku, a preplanuli surfer koji zaluta na plažu još više raspali njenu maštu.

Režija Marija Krstić, po motivima Puškina. Lutke, scenu i kostime potpisuje Filip Jevtić. Igraju Zorana Milošaković Tasić, Dragana Vasić i Goran Popović. Poruka je jednostavna: humanost i poštenje mogu biti nagrađeni i danas.

Cena: 600 dinara.

Jezik: srpski.

Uzrast: od pet do deset godina. Trajanje četrdeset pet minuta.",17:00,600,Pozorište lutaka Pinokio,"Bulevar maršala Tolbuhina 1, 11070 Novi Beograd","44.830127,20.411863",https://pinokio.rs/%D0%B1%D0%B0%D1%98%D0%BA%D0%B0-%D0%BE-%D1%80%D0%B8%D0%B1%D0%B0%D1%80%D1%83-%D0%B8-%D1%80%D0%B8%D0%B1%D0%B8%D1%86%D0%B8/,pinokio.rs,https://tickets.rs/event/bajka_o_ribaru_i_ribici_27825,Pozorište lutaka Pinokio,https://pinokio.rs/,biletarnica@pinokio.rs,011 269 1715,5-10,,,"кукольный театр, дети, Пушкин, сказка, Пинокио","puppet theatre, kids, Pushkin, fairy tale, Pinokio","lutkarsko pozorište, deca, Puškin, bajka, Pinokio"
9/12/2026,9/12/2026,9/8/2026,1352,Organization,Pab kviz 8x8,https://pabkviz8x8.com/,,SocialEvent,Паб-квиз 8x8: «Домаћа музика 21. века» в Nosati pub,Pab kviz 8x8: Domaca muzika 21. vek at Nosati pub,Pab kviz 8x8: Domaća muzika 21. vek u Nosati pubu,https://raw.githubusercontent.com/newsgl/arsposters/main/1352-PabKviz8x8DomacaMuzikaNosatiPub.webp,,Games,"Музыкальный квиз про региональную сцену двухтысячных и позже: восемь раундов по восемь очков, команда до семи человек, котизация 400 динаров. В Nosati pub на Нушичевой.","A music quiz about the regional scene from the 2000s onwards: eight rounds of eight points, teams of up to seven, entry 400 dinars. At Nosati pub on Nusiceva.","Muzički kviz o domaćoj sceni od dvehiljaditih naovamo: osam oblasti po osam poena, ekipa do sedam ljudi, kotizacija 400 dinara. U Nosati pubu u Nušićevoj.","Тема вечера узкая и потому честная: только домашняя музыка двадцать первого века. Всё, что крутили на региональных радиостанциях и в плейлистах последние двадцать пять лет, от поп-хитов до того, что помнят единицы.

Формат у 8x8 постоянный: восемь тематических раундов по восемь очков, ответы сдают после каждого, в середине небольшой перерыв. Квиз идёт около трёх часов.

Команда до семи человек, регистрация обязательна и делается через приложение play.pabkviz8x8.com. Смартфоны на столе запрещены.

Призы: первое место половина счёта, второе тридцать процентов, третье тура ракии на команду. Десять динаров с каждой котизации организаторы отправляют на благотворительность.

Цена: 400 динаров с человека.

Язык: сербский.","The theme is narrow and therefore fair: regional music of the twenty first century only. Everything that played on local radio and in playlists over the past twenty five years, from pop hits to tracks only a few people remember.

The 8x8 format never changes: eight themed rounds worth eight points each, answers handed in after every round, with a short break halfway through. The quiz runs about three hours.

Teams of up to seven, registration is required and goes through the play.pabkviz8x8.com app. Phones on the table are strictly out.

Prizes: first place takes half the bill, second thirty percent, third a round of rakija for the team. The organisers donate ten dinars from every entry fee to charity.

Price: 400 dinars per person.

Language: Serbian.","Tema večeri je uska i zato poštena: samo domaća muzika dvadeset prvog veka. Sve što se vrtelo na regionalnim radijima i plejlistama poslednjih dvadeset pet godina, od pop hitova do onoga čega se seća malo ko.

Format 8x8 je stalan: osam oblasti po osam poena, odgovori se predaju posle svake, sa kratkim predahom na polovini. Kviz traje oko tri sata.

Ekipa do sedam ljudi, prijava je obavezna i ide preko aplikacije play.pabkviz8x8.com. Pametni uređaji za stolom su strogo zabranjeni.

Nagrade: prvo mesto 50 odsto od računa, drugo 30 odsto, treće tura rakije za celu ekipu. Deset dinara od svake kotizacije organizatori doniraju u dobrotvorne svrhe.

Cena: 400 dinara po osobi.

Jezik: srpski.",19:45,400,Nosati pub,"Nušićeva 8, 11000 Beograd","44.813841,20.461875",https://pabkviz8x8.com/nosati-pub-domaca-muzika-21-vek-3/,pabkviz8x8.com,https://play.pabkviz8x8.com/,Pab kviz 8x8,https://pabkviz8x8.com/,,,18+,,,"квиз, паб-квиз, музыка, Nosati pub, Скадарлия","quiz, pub quiz, music, Nosati pub, Skadarlija","kviz, pab kviz, muzika, Nosati pub, Skadarlija"
9/12/2026,9/12/2026,9/8/2026,1353,MusicGroup,Ljubičice,https://sr.wikipedia.org/sr-el/Ljubi%C4%8Dice_(muzi%C4%8Dka_grupa),,MusicEvent,Концерт группы Ljubičice в Kvaka 22,Ljubicice live at Kvaka 22,Koncert benda Ljubičice u Kvaki 22,https://raw.githubusercontent.com/newsgl/arsposters/main/1353-LjubiciceKvaka22.webp,,Concerts,"Панчевский дуэт братьев Стеванович, лауреаты награды имени Милана Младеновича, играют в арт-пространстве Kvaka 22 на Рузвельтовой.","The Stevanovic brothers duo from Pancevo, winners of the Milan Mladenovic Award, play the Kvaka 22 art space on Ruzveltova.","Pančevački dvojac braće Stevanović, dobitnici Nagrade Milan Mladenović, sviraju u art prostoru Kvaka 22 u Ruzveltovoj.","Ljubičice это Петар и Вук Стеванович из Панчева, а на сцене к ним присоединяется пианистка Ольга Петрович. Группу называют одним из главных открытий региональной сцены последних лет.

Второй студийный альбом «Dok čekamo pad» вышел в 2023 году на лейбле Krokodil и собрал сразу две награды: региональную премию имени Милана Младеновича за лучшую песню года и премию RUNDA за лучший альбом. Записан он в панчевской студии Krokodil с продюсером Миланом Бьелицей.

Площадка под стать материалу: Kvaka 22 это самоорганизованное арт-пространство и галерея, одна из главных точек для групп, которые ездят по Балканам. Вход со двора, со стороны Албанске споменице.

Площадка: Kvaka 22, Рузвельтова 39.

Язык: сербский.

Цену организатор к моменту подготовки материала не объявил.","Ljubicice are Petar and Vuk Stevanovic from Pancevo, joined on stage by pianist Olga Petrovic. The band is regularly named one of the most important discoveries of the regional scene in recent years.

Their second studio album, Dok cekamo pad, came out in 2023 on the Krokodil label and picked up two prizes at once: the regional Milan Mladenovic Award for song of the year and the RUNDA award for best album. It was recorded at the Krokodil studio in Pancevo with producer Milan Bjelica.

The venue fits the material: Kvaka 22 is a self organised art space and gallery, one of the main stops for bands touring the Balkans. The entrance is from the courtyard on the Albanske spomenice side.

Venue: Kvaka 22, Ruzveltova 39.

Language: Serbian.

The organiser had not announced a price by the time this listing was prepared.","Ljubičice su Petar i Vuk Stevanović iz Pančeva, a na sceni im se pridružuje pijanistkinja Olga Petrović. Bend se redovno navodi među najvažnijim otkrićima regionalne scene poslednjih godina.

Drugi studijski album Dok čekamo pad izašao je 2023. za izdavačku kuću Krokodil i odmah osvojio dve nagrade: regionalnu Nagradu Milan Mladenović za pesmu godine i nagradu RUNDA za najbolji album. Snimljen je u pančevačkom studiju Krokodil sa producentom Milanom Bjelicom.

Mesto odgovara materijalu: Kvaka 22 je samoorganizovan art prostor i galerija, jedna od glavnih tačaka za bendove koji obilaze Balkan. Ulaz je iz dvorišta, iz Albanske spomenice.

Mesto: Kvaka 22, Ruzveltova 39.

Jezik: srpski.

Cenu organizator do pripreme ovog teksta nije objavio.",20:00,,Kvaka 22,"Ruzveltova 39, 11000 Beograd","44.808906,20.483046",https://www.bandsintown.com/e/108869709-ljubicice-at-kvaka-22,bandsintown.com,,Kvaka 22,,,,,,,"концерт, инди, Ljubičice, Kvaka 22, региональная сцена","concert, indie, Ljubicice, Kvaka 22, regional scene","koncert, indi, Ljubičice, Kvaka 22, regionalna scena"
9/12/2026,9/13/2026,9/8/2026,1354,Organization,Little Lu,https://www.instagram.com/little_lu_bgd/,,MusicEvent,Little Lu и Jupi Ter в клубе 20/44,Little Lu and Jupi Ter at Klub 20/44,Little Lu i Jupi Ter u Klubu 20/44,https://raw.githubusercontent.com/newsgl/arsposters/main/1354-LittleLuJupiTerKlub2044.webp,,Concerts,"Белградская команда Little Lu зовёт к себе люблянский коллектив Jupi Ter и Zora Collective. Ночь в клубе 20/44 с одиннадцати вечера до пяти утра, ранняя бронь 11,3 евро.","The Belgrade crew Little Lu hosts the Ljubljana collective Jupi Ter together with Zora Collective. A night at Klub 20/44 from eleven until five, early bird 11.3 euro.","Beogradska ekipa Little Lu ugošćuje ljubljanski kolektiv Jupi Ter i Zora Collective. Noć u Klubu 20/44 od jedanaest do pet, rana ulaznica 11,3 evra.","Little Lu это белградская команда, которая держит собственную линию вечеринок в клубе 20/44. На этот раз они зовут в гости словенцев: Jupi Ter из Любляны и Zora Collective.

Организаторы описывают гостей коротко и по делу: застенчивые движения, дурацкие рожи и хорошие треки. Формат вечера обычный для площадки, длинная ночь без пауз, музыка на стыке хауса и электроники.

Вечер делает промоутер Vojkan Bećir, тот же, что стоит за программой 20/44 в целом.

Площадка: 20/44, Карагеоргиева 44, Савамала.

Время: с 23:00 до 05:00 следующего дня.

Цена: ранняя бронь 11,3 евро, это примерно 1320 динаров по курсу на день подготовки материала.

Возраст: 18+.","Little Lu is a Belgrade crew that runs its own line of parties at Klub 20/44. This time they are hosting guests from Slovenia: Jupi Ter from Ljubljana together with Zora Collective.

The hosts describe the visitors briefly and to the point: shy moves, silly faces and good tunes. The shape of the night is the usual one for the venue, a long stretch without breaks and music sitting between house and broader electronics.

The night is put together by promoter Vojkan Becir, the same person behind the wider 20/44 programme.

Venue: 20/44, Karadordeva 44, Savamala.

Time: from 23:00 until 05:00 the next morning.

Price: early bird 11.3 euro, about 1320 dinars at the rate on the day this listing was prepared.

Age: 18 and over.","Little Lu je beogradska ekipa koja u Klubu 20/44 drži svoju liniju žurki. Ovog puta ugošćuju Slovence: Jupi Ter iz Ljubljane i Zora Collective.

Domaćini goste opisuju kratko i jasno: stidljivi pokreti, blesava lica i dobre numere. Format večeri je uobičajen za mesto, duga noć bez pauza i muzika između hausa i šire elektronike.

Veče potpisuje promoter Vojkan Bećir, isti onaj koji stoji iza celog programa 20/44.

Razmena ekipa između Beograda i Ljubljane je na ovoj sceni uobičajena praksa: manji kolektivi jedni druge zovu u goste i tako grade publiku van svog grada.

Mesto: 20/44, Karađorđeva 44, Savamala.

Vreme: od 23.00 do 05.00 ujutru.

Cena: rana ulaznica 11,3 evra, oko 1320 dinara po kursu na dan pripreme.

Uzrast: 18+.",23:00,1322,Klub 20/44,"Karađorđeva 44, 11000 Beograd","44.814080,20.451244",https://ra.co/events/2530704,ra.co,https://ra.co/events/2530704,Vojkan Bećir,,,,18+,,,"клуб, электроника, хаус, 20/44, Савамала, Любляна","club, electronic, house, 20/44, Savamala, Ljubljana","klub, elektronika, haus, 20/44, Savamala, Ljubljana"
9/13/2026,9/13/2026,9/8/2026,1355,Organization,Pab kviz 8x8,https://pabkviz8x8.com/,,SocialEvent,Паб-квиз 8x8: «Опште знање» в Nosati pub,Pab kviz 8x8: Opste znanje at Nosati pub,Pab kviz 8x8: Opšte znanje u Nosati pubu,https://raw.githubusercontent.com/newsgl/arsposters/main/1355-PabKviz8x8OpsteZnanjeNosatiPub.webp,,Games,"Воскресный квиз на общие знания: восемь раундов по восемь очков, три часа, команда до семи человек. В Nosati pub на Нушичевой, котизация 400 динаров.","A Sunday general knowledge quiz: eight rounds of eight points, three hours, teams of up to seven. At Nosati pub on Nusiceva, entry 400 dinars.","Nedeljni kviz opšteg znanja: osam oblasti po osam poena, tri sata, ekipa do sedam ljudi. U Nosati pubu u Nušićevoj, kotizacija 400 dinara.","Классический формат без тематических рамок: спрашивают обо всём, от географии и истории до кино и спорта. Для тех, кто ходит на квизы регулярно, это базовый воскресный вечер.

Структура та же, что и на остальных вечерах 8x8: восемь раундов по восемь очков, ответы сдают после каждого раунда, в середине перерыв. Весь квиз занимает около трёх часов.

Команда до семи человек, запись обязательна через приложение play.pabkviz8x8.com. Телефоны в игре не используются, за это дисквалификация.

Призы: половина счёта за первое место, тридцать процентов за второе, тура ракии за третье. Команда, выпившая больше всех пива, получает отдельный приз, а остальные крутят колесо фортуны.

Цена: 400 динаров с человека, десять из них уходят на благотворительность.

Язык: сербский.","The classic format with no theme: questions cover everything from geography and history to film and sport. For regular quiz goers this is the default Sunday evening.

The structure matches every other 8x8 night: eight rounds worth eight points each, answers handed in after each round, a break in the middle. The whole thing takes about three hours.

Teams of up to seven, registration required through the play.pabkviz8x8.com app. Phones are not allowed in play and using one means disqualification.

Prizes: half the bill for first place, thirty percent for second, a round of rakija for third. The team that drinks the most beer gets its own prize, and everyone else spins the wheel of fortune.

Price: 400 dinars per person, ten of which go to charity.

Language: Serbian.","Klasičan format bez tematskog okvira: pita se o svemu, od geografije i istorije do filma i sporta. Za one koji na kvizove idu redovno, ovo je osnovno nedeljno veče.

Struktura je ista kao i na ostalim večerima 8x8: osam oblasti po osam poena, odgovori se predaju posle svake, na polovini je predah. Ceo kviz traje oko tri sata.

Ekipa do sedam ljudi, prijava je obavezna preko aplikacije play.pabkviz8x8.com. Telefoni u igri se ne koriste, za to sledi diskvalifikacija.

Nagrade: 50 odsto od računa za prvo mesto, 30 odsto za drugo, tura rakije za treće. Ekipa sa najviše popijenih piva osvaja činiju, a ostali na točku sreće mogu dobiti dodatne nagrade.

Cena: 400 dinara po osobi, od čega deset ide u dobrotvorne svrhe.

Jezik: srpski.",19:45,400,Nosati pub,"Nušićeva 8, 11000 Beograd","44.813841,20.461875",https://pabkviz8x8.com/nosati-pub-opste-znanje-14/,pabkviz8x8.com,https://play.pabkviz8x8.com/,Pab kviz 8x8,https://pabkviz8x8.com/,,,18+,,,"квиз, паб-квиз, общие знания, Nosati pub, Скадарлия","quiz, pub quiz, general knowledge, Nosati pub, Skadarlija","kviz, pab kviz, opšte znanje, Nosati pub, Skadarlija"
9/19/2026,9/19/2026,9/8/2026,1356,TheaterGroup,Pozorište lutaka Pinokio,https://pinokio.rs/,,ChildrensEvent,Кукольный спектакль «Вини Пу» в театре «Пинокио»,Vini Pu: a puppet show at the Pinokio theatre,Lutkarska predstava Vini Pu u pozorištu Pinokio,https://raw.githubusercontent.com/newsgl/arsposters/main/1356-ViniPuPinokio.webp,,Kids,"Винни-Пух как история о том, что кукла живёт, пока в неё верят. Граница между залом и сценой в этом спектакле исчезает, лес прорастает прямо между зрителями. От двух лет.",Winnie the Pooh as a story about a puppet that lives only while someone believes in it. The line between stage and audience disappears and the forest grows out among the seats. From age two.,"Vini Pu kao priča o lutki koja živi dok verujemo u nju. Granica između publike i scene nestaje, a šuma raste među gledaocima. Od dve godine.","Мальчик открывает дверь в лес, и лес на глазах превращается в отдельный мир. Это не просто декорация: здесь игра становится настоящей, и просыпается Винни-Пух, кукла, которая существует ровно до тех пор, пока в неё верят.

Граница между залом и сценой в спектакле постепенно исчезает. Лес расходится между зрителями, и все оказываются участниками одного живого сна, где правила реальности не работают.

В ролях: Винни-Пух играет Лако Николич, Кристофера Робина Петар Кокинович, Сову Жельяка Мандич, Кенгурёнка Мария Пантин, Пятачка Зорана Милошакович-Тасич, Иа Горан Попович. Драматизация Браниславы Илич, режиссура Предрага Стойменовича, музыка Николы Лекича.

По словам режиссёра, это история о дружбе и о том, что мир детства стоит сохранить, пока он не исчез со взрослением.

Цена: 600 динаров.

Язык: сербский.

Возраст: от двух лет. Продолжительность сорок пять минут.","A boy opens a door into a forest, and the forest turns into a world of its own in front of him. It is not merely scenery: here play becomes real, and Winnie the Pooh wakes up, a puppet that exists exactly as long as somebody believes in it.

The line between the auditorium and the stage gradually disappears. The forest spreads out among the audience and everyone ends up inside a single waking dream where the rules of reality stop applying.

The cast: Lako Nikolic as Winnie the Pooh, Petar Kokinovic as Christopher Robin, Zeljka Mandic as Owl, Marija Pantin as Roo, Zorana Milosakovic Tasic as Piglet and Goran Popovic as Eeyore. Dramatisation by Branislava Ilic, directed by Predrag Stojmenovic, music by Nikola Lekic.

The director calls it a story about friendship and about keeping hold of a world that vanishes as we grow up.

Price: 600 dinars.

Language: Serbian.

Age: two and up. Running time forty five minutes.","Dečak otvara vrata šume, a šuma se pred njegovim očima pretvara u nov, čudesan svet. To nije samo dekor: ovde igra postaje stvarna i budi se Vini Pu, lutka koja postoji samo dok verujemo u nju.

Granica između publike i scene polako nestaje. Šuma se širi među nama i svi postajemo učesnici jednog živog sna u kome pravila stvarnosti prestaju da važe.

Igraju: Lako Nikolić kao Vini Pu, Petar Kokinović kao Kristofer Robin, Željka Mandić kao Sova, Marija Pantin kao Ru, Zorana Milošaković Tasić kao Praslin i Goran Popović kao Iar. Dramatizacija Branislava Ilić, režija Predrag Stojmenović, muzika Nikola Lekić.

Rediteljeva poruka je jednostavna: ovo je priča o prijateljstvu i o potrebi da sačuvamo svet koji nestaje kad odrastemo.

Cena: 600 dinara.

Jezik: srpski.

Uzrast: od dve godine. Trajanje četrdeset pet minuta.",12:00,600,Pozorište lutaka Pinokio,"Bulevar maršala Tolbuhina 1, 11070 Novi Beograd","44.830127,20.411863",https://pinokio.rs/%D0%B2%D0%B8%D0%BD%D0%B8-%D0%BF%D1%83/,pinokio.rs,https://tickets.rs/event/vini_pu_27828,Pozorište lutaka Pinokio,https://pinokio.rs/,biletarnica@pinokio.rs,011 269 1715,2+,,,"кукольный театр, дети, Винни-Пух, Пинокио, Нови-Београд","puppet theatre, kids, Winnie the Pooh, Pinokio, Novi Beograd","lutkarsko pozorište, deca, Vini Pu, Pinokio, Novi Beograd"
9/19/2026,9/19/2026,9/8/2026,1357,TheaterGroup,Pozorište lutaka Pinokio,https://pinokio.rs/,,ChildrensEvent,Кукольный спектакль «Вук и седам јарића» в театре «Пинокио»,Vuk i sedam jarica: a puppet show at the Pinokio theatre,Lutkarska predstava Vuk i sedam jarića u pozorištu Pinokio,https://raw.githubusercontent.com/newsgl/arsposters/main/1357-VukISedamJaricaPinokio.webp,,Kids,"Волк и семеро козлят с неожиданным финалом: волк добирается до дома, пробует арбуз и вместо охоты предлагает всем вместе посадить бахчу. От трёх лет.","The Wolf and the Seven Kids with an unexpected ending: the wolf gets into the house, tries watermelon and proposes planting a melon patch together instead of hunting. From age three.","Vuk i sedam jarića sa neočekivanim krajem: vuk upadne u kuću, proba lubenicu i umesto lova predloži da svi zajedno posade baštu. Od tri godine.","Волк Баук живёт в лесу, но своего дома у него нет: леса становится всё меньше, поля почти исчезли. Однажды ему снится сон, из которого он узнаёт, что неподалёку стоит дом Козы Розы и её козлят.

Коза каждый день уходит на тяжёлую работу, козлята остаются одни, но они научены осторожности: три попытки волка попасть внутрь заканчиваются ничем. С четвёртой он всё-таки прорывается и застаёт козлят за столом с арбузами и дынями. Один из них суёт волку кусок арбуза, и тут история сворачивает в сторону от оригинала.

Волк в восторге от вкуса, но боится, что еда закончится. Вернувшаяся Коза Роза находит его в доме и не понимает, почему все целы. Заканчивается всё общим решением посадить бахчу, чтобы еды хватало всегда.

Текст Елены Палигорич-Синкевич, режиссура Горана Дамьянаца, тотальный дизайн Ирины Сомборац.

Цена: 600 динаров.

Язык: сербский.

Возраст: от трёх лет. Продолжительность сорок пять минут.","The wolf Bauk lives in the forest but has no home of his own: there is less and less forest, and the fields have almost gone. One night he dreams that nearby stands the house of Koza Roza and her kids.

The goat leaves for hard work every day and the kids stay alone, but they have been taught to be careful: three attempts to get inside come to nothing. On the fourth the wolf breaks in and finds the kids at the table eating watermelon and melon. One of them pushes a slice into his mouth, and here the story leaves the original behind.

The wolf loves the taste but worries the food will run out. Koza Roza comes home, finds him inside and cannot understand why everyone is unharmed. It ends with a shared decision to plant a melon patch so there is always enough to eat.

Text by Jelena Paligoric Sinkevic, directed by Goran Damjanac, total design by Irina Somborac.

Price: 600 dinars.

Language: Serbian.

Age: three and up. Running time forty five minutes.","Vuk Bauk živi u šumi, ali svoju kuću nikako da nađe: šume je sve manje, njive skoro da ne postoje. Jedne noći usni san iz koga sazna da blizu postoji kuća u kojoj žive Koza Roza i njeni jarići.

Koza svaki dan ide da naporno radi, jarići ostaju sami, ali su naučeni da se čuvaju: tri pokušaja vuka da uđe završe se bez uspeha. Iz četvrtog provali u kuću i zatekne jariće za stolom, kako jedu lubenice i dinje. Jedan mu strpa u usta veliko parče lubenice, i tu priča skreće sa originala.

Vuk je oduševljen ukusom, ali brine da hrane neće biti zauvek. Koza Roza se vraća, zatiče ga u kući i zbunjena je jer nikome nije naudio. Sve se završava zajedničkom odlukom da posade lubenice i dinje.

Tekst Jelena Paligorić Sinkević, režija Goran Damjanac, total dizajn Irina Somborac.

Cena: 600 dinara.

Jezik: srpski.

Uzrast: od tri godine. Trajanje četrdeset pet minuta.",17:00,600,Pozorište lutaka Pinokio,"Bulevar maršala Tolbuhina 1, 11070 Novi Beograd","44.830127,20.411863",https://pinokio.rs/%D0%B2%D1%83%D0%BA-%D0%B8-%D1%81%D0%B5%D0%B4%D0%B0%D0%BC-%D1%98%D0%B0%D1%80%D0%B8%D1%9B%D0%B0/,pinokio.rs,https://tickets.rs/event/vuk_i_sedam_jarica_27829,Pozorište lutaka Pinokio,https://pinokio.rs/,biletarnica@pinokio.rs,011 269 1715,3+,,,"кукольный театр, дети, сказка, Пинокио, Нови-Београд","puppet theatre, kids, fairy tale, Pinokio, Novi Beograd","lutkarsko pozorište, deca, bajka, Pinokio, Novi Beograd"
9/19/2026,9/19/2026,9/8/2026,1358,Organization,Enjoy Language,https://www.meetup.com/meetup-group-yiyaluwf/,,EducationEvent,Enjoy Language: вечер языкового обмена в Time Café and More,Enjoy Language: a language exchange evening at Time Cafe and More,Enjoy Language: veče razmene jezika u kafeu Time Café and More,https://raw.githubusercontent.com/newsgl/arsposters/main/1358-EnjoyLanguageTimeCafe.webp,,Master classes,"Три часа разговорной практики на английском, итальянском, испанском и сербском за столиками кафе на Нушичевой. Без преподавателя и без уровня входа.","Three hours of speaking practice in English, Italian, Spanish and Serbian around the tables of a cafe on Nusiceva. No teacher, no entry level.","Tri sata konverzacije na engleskom, italijanskom, španskom i srpskom za stolovima kafea u Nušićevoj. Bez predavača i bez uslova za nivo.","Языковой обмен работает просто: люди садятся за столики и говорят на языках, которые учат, помогая друг другу. Никто не проверяет уровень и не выдаёт домашних заданий.

В этот вечер практикуют английский, итальянский, испанский и сербский. Формат удобен тем, кто переехал в Белград и хочет разговориться на сербском, а заодно найти собеседников на других языках.

Встреча идёт три часа, с семи до десяти вечера. Организаторы отдельно предупреждают, что площадка сменилась: теперь это кафе Time Café and More на Нушичевой 6, в двух шагах от площади Республики.

Запись через страницу группы на Meetup. Расходы только на свой заказ в кафе.

Языки: английский, итальянский, испанский, сербский.","A language exchange works simply: people sit down at tables and speak the languages they are learning, helping each other along. Nobody checks your level and nobody hands out homework.

This evening covers English, Italian, Spanish and Serbian. The format suits anyone who has moved to Belgrade and wants to get talking in Serbian while also finding company in other languages.

The meeting runs for three hours, from seven until ten in the evening. The organisers point out that the venue has changed: it is now Time Cafe and More at Nusiceva 6, a couple of minutes from Republic Square.

Sign up through the group page on Meetup. The only cost is whatever you order at the cafe.

Languages: English, Italian, Spanish, Serbian.","Razmena jezika funkcioniše jednostavno: ljudi sednu za stolove i govore jezike koje uče, pomažući jedni drugima. Niko ne proverava nivo i niko ne zadaje domaći.

Ove večeri se vežbaju engleski, italijanski, španski i srpski. Format odgovara svima koji su se doselili u Beograd i žele da progovore srpski, a usput nađu sagovornike i na drugim jezicima.

Susret traje tri sata, od sedam do deset uveče. Organizatori posebno naglašavaju da je mesto promenjeno: sada je to kafe Time Café and More u Nušićevoj 6, na dva koraka od Trga republike.

Prijava ide preko stranice grupe na Meetupu. Trošak je samo ono što naručite u kafeu.

Jezici: engleski, italijanski, španski, srpski.",19:00,0,Time Café and More,"Nušićeva 6, 11000 Beograd","44.813757,20.461639",https://www.meetup.com/meetup-group-yiyaluwf/events/316456857/,meetup.com,https://www.meetup.com/meetup-group-yiyaluwf/events/316456857/,Enjoy Language,https://www.meetup.com/meetup-group-yiyaluwf/,,,,,,"языковой обмен, разговорный клуб, английский, сербский, бесплатно","language exchange, speaking club, English, Serbian, free","razmena jezika, konverzacija, engleski, srpski, besplatno"
9/20/2026,9/20/2026,9/8/2026,1359,TheaterGroup,Pozorište lutaka Pinokio,https://pinokio.rs/,,ChildrensEvent,Театр теней «Луна Луна парк» в театре «Пинокио»,Luna Luna Park: a shadow theatre show at the Pinokio theatre,Predstava senki Luna Luna Park u pozorištu Pinokio,https://raw.githubusercontent.com/newsgl/arsposters/main/1359-LunaLunaParkPinokio.webp,,Kids,"Спектакль в технике теней по книге Гидеона Стерера: город строит парк аттракционов на диком острове, не спросив у зверей, которые там живут. От трёх лет.",A shadow theatre piece after the book by Gideon Sterer: a city builds a funfair on a wild island without asking the animals who live there. From age three.,"Predstava senki po knjizi Gideona Sterera: grad gradi luna park na divljem ostrvu, ne pitajući životinje koje tu žive. Od tri godine.","В начале лета кому-то в городе приходит в голову блестящая идея: построить самый прекрасный парк аттракционов на свете, где будут веселиться и дети, и взрослые. Идеальное место находится быстро, это большой остров посреди реки.

Вопрос, который в городе никто не задал: а что об этом думают животные, которые живут на нетронутом острове.

Спектакль поставлен в технике театра теней. Восемь актёров рассказывают историю, о которой уже никто не помнит, случилась она на самом деле или нет, и оживляют её светом, тенями и цветом. Режиссёр Фабрицио Монтеки, драматург Энрика Карини, куклы Габриэля Дженовы, музыка Николы Лекича.

По словам режиссёра, за игровой и поэтичной формой здесь мягко открывается тема отношения человека к природе и животным.

Цена: 600 динаров.

Язык: сербский.

Возраст: от трёх лет. Продолжительность пятьдесят минут.","At the start of summer somebody in the city has a brilliant idea: to build the finest funfair ever seen, a place where children and adults alike can enjoy themselves. The perfect site is found quickly, a large island in the middle of the river.

The question nobody in the city asked: what do the animals living on that untouched island think about it.

The show is staged as shadow theatre. Eight performers tell a story that nobody can any longer say really happened, bringing it to life through light, shadow and colour. Directed by Fabrizio Montecchi, dramaturgy by Enrica Carini, puppets by Gabriele Genova, music by Nikola Lekic.

The director describes it as a playful, poetic piece that quietly opens up the question of how people treat nature and animals.

Price: 600 dinars.

Language: Serbian.

Age: three and up. Running time fifty minutes.","Početkom leta nekome u gradu pada na pamet sjajna ideja: da se izgradi najdivniji zabavni park ikada viđen, mesto gde će i deca i odrasli moći da uživaju. Savršeno mesto se nalazi brzo, veliko ostrvo usred reke.

Pitanje koje u gradu niko nije postavio: šta o tome misle životinje koje žive na tom netaknutom ostrvu.

Predstava je postavljena u tehnici pozorišta senki. Osam izvođača priča priču za koju više niko ne zna da li se zaista dogodila, oživljavajući je svetlom, senkama i bojom. Režija Fabricio Monteki, dramaturgija Enrika Karini, lutke Gabrijel Đenova, muzika Nikola Lekić.

Po rečima reditelja, kroz razigranu i poetsku formu suptilno se otvara tema čovekovog odnosa prema prirodi i životinjama.

Cena: 600 dinara.

Jezik: srpski.

Uzrast: od tri godine. Trajanje pedeset minuta.",12:00,600,Pozorište lutaka Pinokio,"Bulevar maršala Tolbuhina 1, 11070 Novi Beograd","44.830127,20.411863",https://pinokio.rs/%D0%BB%D1%83%D0%BD%D0%B0-%D0%BB%D1%83%D0%BD%D0%B0-%D0%BF%D0%B0%D1%80%D0%BA/,pinokio.rs,https://tickets.rs/event/luna_luna_park_27830,Pozorište lutaka Pinokio,https://pinokio.rs/,biletarnica@pinokio.rs,011 269 1715,3+,,,"кукольный театр, театр теней, дети, Пинокио, экология","puppet theatre, shadow theatre, kids, Pinokio, nature","lutkarsko pozorište, pozorište senki, deca, Pinokio, priroda"
9/20/2026,9/20/2026,9/8/2026,1360,TheaterGroup,Pozorište lutaka Pinokio,https://pinokio.rs/,,ChildrensEvent,Кукольный спектакль «Три прасета» в театре «Пинокио»,Tri praseta: a puppet show at the Pinokio theatre,Lutkarska predstava Tri praseta u pozorištu Pinokio,https://raw.githubusercontent.com/newsgl/arsposters/main/1360-TriPrasetaPinokio.webp,,Kids,"Три поросёнка и злой волк, который в итоге остаётся ни с чем. Спектакль соединяет живой актёрский план с куклами и держится на сценических эффектах. От двух лет.",Three little pigs and a wolf who ends up with nothing. The show combines live acting with puppetry and leans on stage effects. From age two.,Tri praseta i zli vuk koji na kraju biva nasamaren. Predstava spaja glumačku igru sa lutkama i drži se na scenskim efektima. Od dve godine.,"Историю про трёх поросят знает каждый: три домика, один волк и вопрос, чья стройка выдержит. Здесь её рассказывают в постановке Борислава Мркшича, где актёрская игра идёт вперемешку с кукольной.

Спектакль держится не на тексте, а на сценических эффектах: домики рушатся, волк дует, зал реагирует. Куклы и сценография Бориса Чершкова, музыка Душана Митровича.

В финале выясняется простая вещь, ради которой всё и затевалось: немного дополнительных усилий в работе окупаются и иногда просто спасают жизнь.

Играют Драгана Васич, Зоран Тодорович, Лиляна Живич, Борко Сарич и Горан Попович.

Цена: 600 динаров.

Язык: сербский.

Возраст: от двух до семи лет. Продолжительность сорок пять минут.","Everyone knows the three little pigs: three houses, one wolf and the question of whose building holds. Here it is staged by Borislav Mrksic, with live acting mixed into the puppet work.

The show rests on stage effects rather than text: houses collapse, the wolf blows, the room reacts. Puppets and set by Boris Cerskov, music by Dusan Mitrovic.

The ending makes the simple point the whole thing is built around: a little extra effort put into a job pays off, and sometimes it saves you.

The cast is Dragana Vasic, Zoran Todorovic, Ljiljana Zivic, Borko Saric and Goran Popovic.

Price: 600 dinars.

Language: Serbian.

Age: two to seven. Running time forty five minutes.","Priču o tri praseta zna svako: tri kućice, jedan vuk i pitanje čija gradnja izdrži. Ovde je postavlja Borislav Mrkšić, uz kombinaciju glumačke igre i igre sa lutkama.

Predstava se drži na scenskim efektima, a ne na tekstu: kućice se ruše, vuk duva, publika reaguje. Lutke i scenografija Boris Čerškov, muzika Dušan Mitrović.

Na kraju se izvodi jednostavna pouka zbog koje je sve i započeto: malo dodatnog truda uloženog u posao može doneti mnogo, a ponekad i sačuvati život.

Igraju Dragana Vasić, Zoran Todorović, Ljiljana Živić, Borko Sarić i Goran Popović.

Cena: 600 dinara.

Jezik: srpski.

Uzrast: od dve do sedam godina. Trajanje četrdeset pet minuta.",17:00,600,Pozorište lutaka Pinokio,"Bulevar maršala Tolbuhina 1, 11070 Novi Beograd","44.830127,20.411863",https://pinokio.rs/%D1%82%D1%80%D0%B8-%D0%BF%D1%80%D0%B0%D1%81%D0%B5%D1%82%D0%B0/,pinokio.rs,https://tickets.rs/event/tri_praseta_27831,Pozorište lutaka Pinokio,https://pinokio.rs/,biletarnica@pinokio.rs,011 269 1715,2-7,,,"кукольный театр, дети, сказка, Пинокио, Нови-Београд","puppet theatre, kids, fairy tale, Pinokio, Novi Beograd","lutkarsko pozorište, deca, bajka, Pinokio, Novi Beograd"
9/20/2026,9/25/2026,9/8/2026,1361,TheaterGroup,Atelje 212,https://www.atelje212.rs/,,TheaterEvent,«Akademija smeha»: японская пьеса о цензоре и драматурге в Atelje 212,Akademija smeha: a Japanese play about a censor and a playwright at Atelje 212,Akademija smeha: japanski komad o cenzoru i piscu u Ateljeu 212,https://raw.githubusercontent.com/newsgl/arsposters/main/1361-AkademijaSmehaAtelje212.webp,,Theatre,"Пьеса Коки Митани о театральном цензоре времён войны и драматурге, который переписывает комедию снова и снова. На малой сцене Petar Kralj, два часа, билет 2000 динаров.","Koki Mitani play about a wartime theatre censor and a playwright who rewrites his comedy over and over. On the small Petar Kralj stage, two hours, ticket 2000 dinars.","Komad Kokija Mitanija o pozorišnom cenzoru iz ratnog vremena i piscu koji iznova prepravlja komediju. Na maloj sceni Petar Kralj, dva sata, ulaznica 2000 dinara.","В Японии времён Второй мировой существовала должность театрального цензора: он читал пьесы и решал, какие из них попадут на сцену. Пьеса Коки Митани построена на этой исторической детали, и почти весь спектакль это разговор двух людей, цензора и драматурга.

Драматург приносит комедию, цензор требует правок, драматург переписывает и приносит снова. Из этой механики вырастает и смех, и то, что за ним стоит: контроль над мнением и свободой слова, которая не смела быть направлена против императора.

Спектакль идёт в Ателье 212 почти пятьдесят лет спустя после последней японской пьесы на сербской сцене; в декабре 2024 года прошло его юбилейное пятидесятое представление. Режиссура Милицы Кралj, малая сцена Petar Kralj.

Сеансы: 20 и 25 сентября.

Цена: 2000 динаров, одна категория.

Язык: сербский. Продолжительность два часа.","In wartime Japan there was an official post of theatre censor: he read plays and decided which ones reached the stage. Koki Mitani's play is built on that historical detail, and almost the whole piece is a conversation between two men, the censor and the playwright.

The playwright brings in a comedy, the censor demands changes, the playwright rewrites it and brings it back. Out of that mechanism comes both the laughter and what sits behind it: control over opinion and over a freedom of speech that was never allowed to point at the emperor.

The production has been running at Atelje 212 for years and reached its fiftieth performance in December 2024; it is the first Japanese play on a Serbian stage in almost fifty years. Directed by Milica Kralj, on the small Petar Kralj stage.

Performances: 20 and 25 September.

Price: 2000 dinars, single category.

Language: Serbian. Running time two hours.","U Japanu za vreme Drugog svetskog rata postojala je dužnost pozorišnog cenzora: on je čitao komade i odlučivao koji će stići na scenu. Komad Kokija Mitanija oslanja se na tu istorijsku činjenicu, a gotovo cela predstava je razgovor dvojice ljudi, cenzora i pisca.

Pisac donosi komediju, cenzor traži izmene, pisac prepravlja i vraća se. Iz te mehanike izlazi i smeh i ono što stoji iza njega: kontrola mišljenja i sloboda govora koja nije smela biti upućena protiv cara.

Predstava se u Ateljeu 212 igra godinama, a u decembru 2024. imala je jubilarno pedeseto izvođenje; posle skoro pedeset godina japanski komad ponovo je na srpskoj sceni. Režija Milica Kralj, mala scena Petar Kralj.

Termini: 20. i 25. septembar.

Cena: 2000 dinara, jedna kategorija.

Jezik: srpski. Trajanje dva sata.",20:30,2000,Atelje 212,"Svetogorska 21, 11000 Beograd","44.814352,20.468168",https://repertoar.rs/predstave/akademija-smeha/,repertoar.rs,https://bilet.atelje212.rs/scena.php?prostorterminid=4895,Atelje 212,https://www.atelje212.rs/,,,,,,"театр, драма, Atelje 212, японская пьеса, Коки Митани","theatre, drama, Atelje 212, Japanese play, Koki Mitani","pozorište, drama, Atelje 212, japanski komad, Koki Mitani"
9/21/2026,9/21/2026,9/8/2026,1362,Organization,Dom omladine Beograda,https://martovski.rs/,,ScreeningEvent,Мартовски фестивал 72/73: открытие и фильм «Priča o Silijanu»,Martovski Festival 72/73: opening night and the film Prica o Silijanu,Martovski festival 72/73: svečano otvaranje i film Priča o Silijanu,https://raw.githubusercontent.com/newsgl/arsposters/main/1362-MartovskiFestivalDan1.webp,,Movies,"Белградский фестиваль документального и короткометражного кино открывает двойной выпуск 72/73 показом фильма «Priča o Silijanu». Дом омладине, Велика сала, билет 500 динаров.","The Belgrade documentary and short film festival opens its double edition 72/73 with a screening of Prica o Silijanu. Dom omladine, Velika sala, ticket 500 dinars.","Beogradski festival dokumentarnog i kratkometražnog filma otvara dvostruko izdanje 72/73 projekcijom filma Priča o Silijanu. Dom omladine, Velika sala, ulaznica 500 dinara.","Мартовски фестивал идёт с 1954 года и остаётся главным смотром документального и короткометражного кино в Сербии. В этом году он проходит в необычном виде: вместо одного выпуска показывают сразу два, 72-й и 73-й, с отбором за 2025 и 2026 годы. Награды при этом присуждаются за каждый год отдельно, по модели двойного выпуска 67/68.

Программа первого вечера одна: торжественное открытие и показ фильма «Priča o Silijanu».

В конкурсах фестиваля пять форм: документальное, короткометражное игровое, анимационное, экспериментальное кино и видеоарт. Всё идёт в Велика сала Дома омладине.

Программа дня:

19:00 Торжественное открытие, фильм «Priča o Silijanu».

Цена: 500 динаров за сеанс.

Язык: сербский, часть программы с субтитрами.","Martovski Festival has run since 1954 and remains the main showcase for documentary and short film in Serbia. This year it takes an unusual shape: instead of one edition there are two at once, the 72nd and the 73rd, with selections from 2025 and 2026. Awards are still given for each year separately, on the model of the earlier double edition 67/68.

The first evening has a single item: the opening ceremony and a screening of Prica o Silijanu.

The festival competes in five forms: documentary, short fiction, animation, experimental film and video art. Everything takes place in the Velika sala of Dom omladine.

Programme for the day:

19:00 Opening ceremony, the film Prica o Silijanu.

Price: 500 dinars per screening.

Language: Serbian, part of the programme carries subtitles.","Martovski festival postoji od 1954. i ostaje najvažnija smotra dokumentarnog i kratkometražnog filma u Srbiji. Ove godine ide u neobičnom obliku: umesto jednog izdanja prikazuju se dva odjednom, 72. i 73, sa selekcijama za 2025. i 2026. Nagrade se i dalje dodeljuju za svaku godinu posebno, po modelu dvostrukog izdanja 67/68.

Program prve večeri je jedan: svečano otvaranje i projekcija filma Priča o Silijanu.

Festival takmiči pet formi: dokumentarni, kratki igrani, animirani, eksperimentalni film i video art. Sve se dešava u Velikoj sali Doma omladine.

Program dana:

19.00 Svečano otvaranje, film Priča o Silijanu.

Cena: 500 dinara po projekciji.

Jezik: srpski, deo programa ide sa titlovima.",19:00,500,Dom omladine Beograda,"Makedonska 22, 11000 Beograd","44.815407,20.462793",https://martovski.rs/,efinity.rs,https://efinity.rs/event-details/prica_o_silijanu_32323,Dom omladine Beograda,https://domomladine.org/,,,,,,"Мартовски фестивал, документальное кино, короткий метр, Дом омладине, фестиваль","Martovski Festival, documentary, short film, Dom omladine, festival","Martovski festival, dokumentarni film, kratki metar, Dom omladine, festival"
9/22/2026,9/22/2026,9/8/2026,1363,Organization,Dom omladine Beograda,https://martovski.rs/,,ScreeningEvent,"Мартовски фестивал 72/73: второй день, международный и национальный конкурс","Martovski Festival 72/73: day two, international and national competition","Martovski festival 72/73: drugi dan, međunarodni i domaći takmičarski program",https://raw.githubusercontent.com/newsgl/arsposters/main/1363-MartovskiFestivalDan2.webp,,Movies,"Три сеанса подряд: международный конкурс, национальный короткий метр и полнометражный фильм «Priča o Subi». Дом омладине, Велика сала, билет 500 динаров на сеанс.","Three screenings back to back: international competition, national short film and the feature Prica o Subi. Dom omladine, Velika sala, 500 dinars per screening.","Tri projekcije zaredom: međunarodni takmičarski program, domaći kratki metar i dugometražni film Priča o Subi. Dom omladine, Velika sala, 500 dinara po projekciji.","Первый полноценный день конкурсной программы 72-го выпуска. Вечер устроен по фестивальной схеме: сначала международный блок, потом национальный короткий метр, в конце полный метр.

Международный конкурсный блок собирает короткие фильмы со всего мира, национальный это отбор сербских авторов. Каждый блок идёт примерно час двадцать.

Закрывает день документальный полный метр «Priča o Subi».

Программа дня:

17:00 Международная конкурсная программа 72, блок 1.

19:00 Национальная короткометражная конкурсная программа 72, блок 1.

21:00 Национальная полнометражная конкурсная программа 72, фильм «Priča o Subi».

Билет покупается на каждый сеанс отдельно.

Цена: 500 динаров за сеанс.

Язык: сербский, часть программы с субтитрами.","The first full day of the competition programme of the 72nd edition. The evening follows the festival pattern: the international block first, then national short films, and a feature at the end.

The international competition block gathers short films from around the world, the national one is a selection of Serbian authors. Each block runs about an hour and twenty minutes.

The day closes with the feature documentary Prica o Subi.

Programme for the day:

17:00 International competition programme 72, block 1.

19:00 National short film competition programme 72, block 1.

21:00 National feature competition programme 72, the film Prica o Subi.

Tickets are bought per screening.

Price: 500 dinars per screening.

Language: Serbian, part of the programme carries subtitles.","Prvi pun dan takmičarskog programa 72. izdanja. Veče je složeno po festivalskoj šemi: prvo međunarodni blok, zatim domaći kratki metar, na kraju dugometražni film.

Međunarodni takmičarski blok okuplja kratke filmove iz celog sveta, domaći je selekcija srpskih autora. Svaki blok traje oko sat i dvadeset.

Dan zatvara dugometražni dokumentarac Priča o Subi.

Program dana:

17.00 Međunarodni takmičarski program 72, blok 1.

19.00 Domaći kratkometražni takmičarski program 72, blok 1.

21.00 Domaći dugometražni takmičarski program 72, film Priča o Subi.

Ulaznica se kupuje za svaku projekciju posebno.

Cena: 500 dinara po projekciji.

Jezik: srpski, deo programa ide sa titlovima.",17:00,500,Dom omladine Beograda,"Makedonska 22, 11000 Beograd","44.815407,20.462793",https://martovski.rs/,efinity.rs,https://efinity.rs/event-details/medjunarodni_program_32324,Dom omladine Beograda,https://domomladine.org/,,,,,,"Мартовски фестивал, документальное кино, короткий метр, Дом омладине, фестиваль","Martovski Festival, documentary, short film, Dom omladine, festival","Martovski festival, dokumentarni film, kratki metar, Dom omladine, festival"
9/23/2026,9/23/2026,9/8/2026,1364,Organization,Dom omladine Beograda,https://martovski.rs/,,ScreeningEvent,"Мартовски фестивал 72/73: третий день, короткий метр и фильм о Шабане Байрамовиче","Martovski Festival 72/73: day three, short films and a film about Saban Bajramovic","Martovski festival 72/73: treći dan, kratki metar i film o Šabanu Bajramoviću",https://raw.githubusercontent.com/newsgl/arsposters/main/1364-MartovskiFestivalDan3.webp,,Movies,"Два блока национального короткого метра и полнометражный документальный фильм «Šaban Bajramović: Moje putovanje». Дом омладине, Велика сала, 500 динаров за сеанс.","Two blocks of national short films and the feature documentary Saban Bajramovic: Moje putovanje. Dom omladine, Velika sala, 500 dinars per screening.","Dva bloka domaćeg kratkog metra i dugometražni dokumentarac Šaban Bajramović: Moje putovanje. Dom omladine, Velika sala, 500 dinara po projekciji.","Середина конкурсной недели 72-го выпуска отдана сербскому короткому метру: два блока подряд, второй и третий, каждый примерно на час двадцать.

Вечер закрывает документальный портрет Шабана Байрамовича, певца из Ниша, которого называют королём ромской музыки. Его биография тянет на отдельный фильм и без музыки: тюрьма на Голом отоке, сотни песен, разошедшихся по всем Балканам, и слава, пришедшая слишком поздно.

Программа дня:

17:00 Национальная короткометражная конкурсная программа 72, блок 2.

19:00 Национальная короткометражная конкурсная программа 72, блок 3.

21:00 Национальная полнометражная конкурсная программа 72, фильм «Šaban Bajramović: Moje putovanje».

Цена: 500 динаров за сеанс.

Язык: сербский, часть программы с субтитрами.","The middle of the competition week of the 72nd edition belongs to Serbian short film: two blocks in a row, the second and the third, each running about an hour and twenty minutes.

The evening closes with a documentary portrait of Saban Bajramovic, the singer from Nis often called the king of Roma music. His life story would make a film even without the music: prison on Goli Otok, hundreds of songs that spread across the Balkans, and recognition that arrived far too late.

Programme for the day:

17:00 National short film competition programme 72, block 2.

19:00 National short film competition programme 72, block 3.

21:00 National feature competition programme 72, the film Saban Bajramovic: Moje putovanje.

Price: 500 dinars per screening.

Language: Serbian, part of the programme carries subtitles.","Sredina takmičarske nedelje 72. izdanja pripada domaćem kratkom metru: dva bloka zaredom, drugi i treći, svaki oko sat i dvadeset.

Veče zatvara dokumentarni portret Šabana Bajramovića, pevača iz Niša koga zovu kraljem romske muzike. Njegova biografija bi i bez muzike bila film: robija na Golom otoku, stotine pesama koje su se raširile po celom Balkanu i priznanje koje je stiglo prekasno.

Program dana:

17.00 Domaći kratkometražni takmičarski program 72, blok 2.

19.00 Domaći kratkometražni takmičarski program 72, blok 3.

21.00 Domaći dugometražni takmičarski program 72, film Šaban Bajramović: Moje putovanje.

Cena: 500 dinara po projekciji.

Jezik: srpski, deo programa ide sa titlovima.",17:00,500,Dom omladine Beograda,"Makedonska 22, 11000 Beograd","44.815407,20.462793",https://martovski.rs/,efinity.rs,https://efinity.rs/event-details/domaci_kratkometrazni_blok_2_32327,Dom omladine Beograda,https://domomladine.org/,,,,,,"Мартовски фестивал, документальное кино, короткий метр, Дом омладине, фестиваль","Martovski Festival, documentary, short film, Dom omladine, festival","Martovski festival, dokumentarni film, kratki metar, Dom omladine, festival"
9/23/2026,9/23/2026,9/8/2026,1365,Organization,Golang Serbia,https://www.meetup.com/golang-serbia/,,EducationEvent,Golang Serbia: два доклада о распределённых системах в офисе Finbet,Golang Serbia: two talks on distributed systems at the Finbet office,Golang Serbia: dva predavanja o distribuiranim sistemima u Finbet kancelariji,https://raw.githubusercontent.com/newsgl/arsposters/main/1365-GolangSerbiaDistributedThinking.webp,,Lectures,"Первый после лета митап сообщества Golang Serbia: доклад про распределённый компьютер на S-выражениях и разбор надёжных вебхуков на Go. Вход свободный, доклады на английском.","The first Golang Serbia meetup after the summer: a talk about a distributed computer built on S-expressions and a walkthrough of reliable webhooks in Go. Free entry, talks in English.","Prvi mitap zajednice Golang Serbia posle leta: predavanje o distribuiranom računaru na S-izrazima i razrada pouzdanih vebhukova u Gou. Ulaz slobodan, predavanja na engleskom.","Сообщество Golang Serbia возвращается после летнего перерыва с двумя докладами, которые почти не пересекаются по теме.

**Help, I Accidentally Built a Distributed Computer with S-Expressions.** Виктор Пеле рассказывает, как SRE-агент для мониторинга распределённых систем постепенно вырос во что-то гораздо большее: от циклов агента и структурированного выполнения к S-выражениям, безопасности на основе capability, DKG и рантайму на Rust и WASM. Доклад про Rust на митапе про Go, и это осознанный выбор.

**From Distributed Systems Fundamentals to Production-Ready Webhooks in Go.** Елена Лазич проходит путь от теоремы CAP и разницы между синхронной и асинхронной коммуникацией до вебхуков с ретраями, экспоненциальным бэкоффом, идемпотентностью, подписью HMAC-SHA256, fan-out, очередями недоставленных сообщений и порядком событий. С практической реализацией на Go.

После докладов разыгрывают две лицензии JetBrains IDE и Ultimate Go Bundle от Ardan Labs.

Место: офис Finbet, Южни булевар 10.

Цена: бесплатно.

Язык: английский.","The Golang Serbia community is back after the summer break with two talks that barely overlap in subject.

**Help, I Accidentally Built a Distributed Computer with S-Expressions.** Viktor Pele traces how an SRE agent for monitoring distributed systems slowly grew into something much bigger: from agent loops and structured execution to S-expressions, capability based security, DKG and a Rust and WASM runtime. A talk about Rust at a Go meetup, and that is deliberate.

**From Distributed Systems Fundamentals to Production-Ready Webhooks in Go.** Jelena Lazic walks from the CAP theorem and the difference between synchronous and asynchronous communication through to webhooks with retries, exponential backoff, idempotency, HMAC-SHA256 signing, fan-out, dead letter queues and event ordering, with a hands on implementation in Go.

After the talks the organisers give away two JetBrains IDE licences and an Ardan Labs Ultimate Go Bundle.

Venue: the Finbet office, Juzni bulevar 10.

Price: free.

Language: English.","Zajednica Golang Serbia vraća se posle letnje pauze sa dva predavanja koja se tematski jedva preklapaju.

**Help, I Accidentally Built a Distributed Computer with S-Expressions.** Viktor Pele prati kako je SRE agent za nadzor distribuiranih sistema polako izrastao u nešto mnogo veće: od agentskih petlji i strukturiranog izvršavanja do S-izraza, bezbednosti zasnovane na capability modelu, DKG i runtajma na Rustu i WASM-u. Predavanje o Rustu na Go mitapu, i to je svesna odluka.

**From Distributed Systems Fundamentals to Production-Ready Webhooks in Go.** Jelena Lazić ide od CAP teoreme i razlike između sinhrone i asinhrone komunikacije do vebhukova sa ponovnim pokušajima, eksponencijalnim bekofom, idempotentnošću, HMAC-SHA256 potpisom, fan-out obrascem, redovima neisporučenih poruka i redosledom događaja, uz praktičnu implementaciju u Gou.

Posle predavanja se izvlače dve JetBrains IDE licence i Ardan Labs Ultimate Go Bundle.

Mesto: Finbet kancelarija, Južni bulevar 10.

Cena: besplatno.

Jezik: engleski.",18:00,0,Finbet Belgrade Office,"Južni bulevar 10, 11000 Beograd","44.791766,20.470905",https://www.meetup.com/golang-serbia/events/316456442/,meetup.com,https://www.meetup.com/golang-serbia/events/316456442/,Golang Serbia,https://www.meetup.com/golang-serbia/,,,,,,"митап, Go, Rust, распределённые системы, вебхуки, бесплатно","meetup, Go, Rust, distributed systems, webhooks, free","mitap, Go, Rust, distribuirani sistemi, vebhukovi, besplatno"
9/24/2026,9/24/2026,9/8/2026,1366,Organization,Dom omladine Beograda,https://martovski.rs/,,ScreeningEvent,"Мартовски фестивал 72/73: четвёртый день, три конкурсные программы","Martovski Festival 72/73: day four, three competition programmes","Martovski festival 72/73: četvrti dan, tri takmičarska programa",https://raw.githubusercontent.com/newsgl/arsposters/main/1366-MartovskiFestivalDan4.webp,,Movies,"День, в котором сходятся оба выпуска: короткий метр и полный метр конкурса 72, а следом первый полнометражный фильм конкурса 73. Дом омладине, 500 динаров за сеанс.","The day where both editions meet: short and feature competition of the 72nd, followed by the first feature of the 73rd. Dom omladine, 500 dinars per screening.","Dan u kome se sastaju oba izdanja: kratki i dugi metar takmičenja 72, a zatim prvi dugometražni film takmičenja 73. Dom omladine, 500 dinara po projekciji.","В этот день конкурс 72-го выпуска заканчивается, а конкурс 73-го начинается, и оба идут в одном вечере. Для двойного выпуска это ключевая точка программы.

Сначала последний, четвёртый блок сербского короткого метра. Затем полнометражный фильм «Sve o kralju po imenu Petar». Завершает вечер первый полнометражный фильм следующего выпуска, «Sedam filmova o sedmom julu».

Программа дня:

17:00 Национальная короткометражная конкурсная программа 72, блок 4.

19:00 Национальная полнометражная конкурсная программа 72, фильм «Sve o kralju po imenu Petar».

21:00 Национальная полнометражная конкурсная программа 73, фильм «Sedam filmova o sedmom julu».

Цена: 500 динаров за сеанс.

Язык: сербский, часть программы с субтитрами.","On this day the competition of the 72nd edition ends and the competition of the 73rd begins, both inside one evening. For a double edition this is the pivot of the programme.

First comes the last, fourth block of Serbian short films. Then the feature Sve o kralju po imenu Petar. The evening closes with the first feature of the next edition, Sedam filmova o sedmom julu.

Programme for the day:

17:00 National short film competition programme 72, block 4.

19:00 National feature competition programme 72, the film Sve o kralju po imenu Petar.

21:00 National feature competition programme 73, the film Sedam filmova o sedmom julu.

Price: 500 dinars per screening.

Language: Serbian, part of the programme carries subtitles.","Tog dana se takmičenje 72. izdanja završava, a takmičenje 73. počinje, i oba idu u jednoj večeri. Za dvostruko izdanje to je ključna tačka programa.

Prvo ide poslednji, četvrti blok domaćeg kratkog metra. Zatim dugometražni film Sve o kralju po imenu Petar. Veče zatvara prvi dugometražni film narednog izdanja, Sedam filmova o sedmom julu.

Program dana:

17.00 Domaći kratkometražni takmičarski program 72, blok 4.

19.00 Domaći dugometražni takmičarski program 72, film Sve o kralju po imenu Petar.

21.00 Domaći dugometražni takmičarski program 73, film Sedam filmova o sedmom julu.

Cena: 500 dinara po projekciji.

Jezik: srpski, deo programa ide sa titlovima.",17:00,500,Dom omladine Beograda,"Makedonska 22, 11000 Beograd","44.815407,20.462793",https://martovski.rs/,efinity.rs,https://efinity.rs/event-details/domaci_kratkometrazni_blok_4_32330,Dom omladine Beograda,https://domomladine.org/,,,,,,"Мартовски фестивал, документальное кино, короткий метр, Дом омладине, фестиваль","Martovski Festival, documentary, short film, Dom omladine, festival","Martovski festival, dokumentarni film, kratki metar, Dom omladine, festival"
9/25/2026,9/25/2026,9/8/2026,1367,Organization,Dom omladine Beograda,https://martovski.rs/,,ScreeningEvent,"Мартовски фестивал 72/73: пятый день, короткий метр и «Zidovi govore»","Martovski Festival 72/73: day five, short films and Zidovi govore","Martovski festival 72/73: peti dan, kratki metar i Zidovi govore",https://raw.githubusercontent.com/newsgl/arsposters/main/1367-MartovskiFestivalDan5.webp,,Movies,"Два сеанса: первый блок национального короткого метра конкурса 73 и полнометражный фильм «Zidovi govore». Дом омладине, Велика сала, 500 динаров за сеанс.","Two screenings: the first national short film block of the 73rd competition and the feature Zidovi govore. Dom omladine, Velika sala, 500 dinars per screening.","Dve projekcije: prvi blok domaćeg kratkog metra takmičenja 73 i dugometražni film Zidovi govore. Dom omladine, Velika sala, 500 dinara po projekciji.","Пятница на фестивале идёт короче обычного: два сеанса вместо трёх, оба из программы 73-го выпуска.

Сначала первый блок сербского короткометражного конкурса нового года отбора. Затем полнометражный документальный фильм «Zidovi govore».

Любопытная деталь для тех, кто следит за конкурсом: национальные блоки в двойном выпуске нумеруются заново для каждого года, поэтому сегодня снова идёт блок 1, но уже другой программы.

Программа дня:

19:00 Национальная короткометражная конкурсная программа 73, блок 1.

21:00 Национальная полнометражная конкурсная программа 73, фильм «Zidovi govore».

Цена: 500 динаров за сеанс.

Язык: сербский, часть программы с субтитрами.","Friday at the festival is shorter than usual: two screenings instead of three, both from the programme of the 73rd edition.

First the opening block of the Serbian short film competition of the newer selection year. Then the feature documentary Zidovi govore.

A detail worth knowing if you are following the competition: in a double edition the national blocks are numbered from one again for each year, so tonight is block 1 once more, but of a different programme.

Programme for the day:

19:00 National short film competition programme 73, block 1.

21:00 National feature competition programme 73, the film Zidovi govore.

Price: 500 dinars per screening.

Language: Serbian, part of the programme carries subtitles.","Petak na festivalu ide kraće nego obično: dve projekcije umesto tri, obe iz programa 73. izdanja.

Prvo prvi blok domaćeg kratkometražnog takmičenja novije selekcione godine. Zatim dugometražni dokumentarac Zidovi govore.

Detalj za one koji prate takmičenje: u dvostrukom izdanju domaći blokovi se numerišu iznova za svaku godinu, pa večeras ponovo ide blok 1, ali drugog programa.

Program dana:

19.00 Domaći kratkometražni takmičarski program 73, blok 1.

21.00 Domaći dugometražni takmičarski program 73, film Zidovi govore.

Cena: 500 dinara po projekciji.

Jezik: srpski, deo programa ide sa titlovima.",19:00,500,Dom omladine Beograda,"Makedonska 22, 11000 Beograd","44.815407,20.462793",https://martovski.rs/,efinity.rs,https://efinity.rs/event-details/domaci_kratkometrazni_blok_1_32333,Dom omladine Beograda,https://domomladine.org/,,,,,,"Мартовски фестивал, документальное кино, короткий метр, Дом омладине, фестиваль","Martovski Festival, documentary, short film, Dom omladine, festival","Martovski festival, dokumentarni film, kratki metar, Dom omladine, festival"
9/25/2026,9/25/2026,9/8/2026,1368,MusicGroup,Orchestre Tout Puissant Marcel Duchamp,https://ottmd.bandcamp.com/,,MusicEvent,Orchestre Tout Puissant Marcel Duchamp: женевский оркестр в KC Grad,Orchestre Tout Puissant Marcel Duchamp live at KC Grad,Orchestre Tout Puissant Marcel Duchamp uživo u KC Gradu,https://raw.githubusercontent.com/newsgl/arsposters/main/1368-OrchestreToutPuissantKcGrad.webp,,Concerts,"Двенадцать музыкантов из Женевы, у которых фри-джаз, пост-панк, хайлайф, духовой оркестр и краутрок звучат как одно целое. В KC Grad, предпродажа 1200 динаров.","Twelve musicians from Geneva who fold free jazz, post punk, highlife, brass band and krautrock into one sound. At KC Grad, presale 1200 dinars.","Dvanaest muzičara iz Ženeve kod kojih fri džez, post pank, hajlajf, duvački orkestar i kraut rok zvuče kao jedna celina. U KC Gradu, pretprodaja 1200 dinara.","Коллектив из двенадцати человек, основанный в Женеве в 2006 году, почти двадцать лет возит по Европе музыку, которую трудно уложить в один жанр. Фри-джаз, пост-панк, западноафриканский хайлайф, духовой оркестр, краутрок и эксперимент собираются у них в плотное, гипнотическое звучание, которое на сцене работает лучше, чем в записи.

В Белград они приезжают впервые. Играют в KC Grad, самоорганизованном культурном центре в Савамале, где формат концерта обычно ближе к танцполу, чем к сидячему залу.

Площадка: KC Grad, Браће Крсмановић 4.

Время: начало в 21:00.

Цена: предпродажа 1200 динаров, стартует 11 сентября в самом KC Grad; в день концерта 1500 динаров. На ra.co ранняя бронь стоит 10,15 евро.

Язык: концерт инструментальный, языкового барьера нет.","A twelve piece collective founded in Geneva in 2006 has spent nearly two decades touring Europe with music that refuses to sit in one genre. Free jazz, post punk, West African highlife, brass band, krautrock and experimental sounds come together into something dense and hypnotic that works better on stage than on record.

This is their first time in Belgrade. They play KC Grad, a self organised cultural centre in Savamala where a concert usually feels closer to a dancefloor than to a seated hall.

Venue: KC Grad, Brace Krsmanovic 4.

Time: doors and start at 21:00.

Price: presale 1200 dinars, starting 11 September at KC Grad itself; 1500 dinars on the day. Early bird on ra.co costs 10.15 euro.

Language: the concert is instrumental, so language is not an issue.","Dvanaestočlani kolektiv osnovan u Ženevi 2006. skoro dve decenije vozi po Evropi muziku koju je teško smestiti u jedan žanr. Fri džez, post pank, zapadnoafrički hajlajf, duvački orkestar, kraut rok i eksperiment kod njih se sklapaju u gust, hipnotičan zvuk koji na sceni radi bolje nego na snimku.

U Beograd dolaze prvi put. Sviraju u KC Gradu, samoorganizovanom kulturnom centru u Savamali, gde je koncert obično bliži podijumu nego sedećoj sali.

Mesto: KC Grad, Braće Krsmanović 4.

Vreme: početak u 21.00.

Cena: pretprodaja 1200 dinara, kreće 11. septembra u samom KC Gradu; na dan koncerta 1500 dinara. Rana ulaznica na ra.co košta 10,15 evra.

Jezik: koncert je instrumentalan, jezik nije prepreka.",21:00,1200,KC Grad,"Braće Krsmanović 4, 11000 Beograd","44.814317,20.450415",https://ra.co/events/2531928,ra.co,https://ra.co/events/2531928,KC Grad,https://kcgrad.rs/,,,,,,"концерт, фри-джаз, пост-панк, KC Grad, Савамала, Женева","concert, free jazz, post punk, KC Grad, Savamala, Geneva","koncert, fri džez, post pank, KC Grad, Savamala, Ženeva"
9/26/2026,9/26/2026,9/8/2026,1369,TheaterGroup,Pozorište lutaka Pinokio,https://pinokio.rs/,,ChildrensEvent,Кукольный спектакль «Снежана и седам патуљака» в театре «Пинокио»,Snezana i sedam patuljaka: a puppet show at the Pinokio theatre,Lutkarska predstava Snežana i sedam patuljaka u pozorištu Pinokio,https://raw.githubusercontent.com/newsgl/arsposters/main/1369-SnezanaISedamPatuljakaPinokio.webp,,Kids,"Белоснежка в версии Любивое Ршумовича: классическая сказка о любви, дружбе и зависти с волшебным зеркалом и мачехой Грданой. От пяти лет, пятьдесят пять минут.","Snow White in the version by Ljubivoje Rsumovic: the classic tale of love, friendship and envy, with a magic mirror and the stepmother Grdana. From age five, fifty five minutes.","Snežana u verziji Ljubivoja Ršumovića: klasična bajka o ljubavi, drugarstvu i ljubomori, sa čarobnim ogledalom i maćehom Grdanom. Od pet godina, pedeset pet minuta.","Снежана рано теряет мать, а отец женится на красивой, но злой королеве Гардане. У мачехи есть волшебное зеркало, которое каждый день подтверждает, что она красивее всех на свете, пока однажды не отвечает иначе.

Смириться Грдана не может и приказывает охотнику увести Снежану в лес и убить. Охотник этого не делает, и девочка находит убежище у новых друзей: гномов и цветов. Спокойствие длится недолго, месть мачехи идёт за ней по пятам, но в финале добро побеждает.

Текст Любивое Ршумовича, режиссура и адаптация Исидоры Гонцич, сценография, костюмы и куклы Сандры Никач, музыка Неманьи Михайловича. В роли Снежаны Бранкица Себастиянович, Грдану играет Анита Бранкович.

Цена: 600 динаров.

Язык: сербский.

Возраст: от пяти лет. Продолжительность пятьдесят пять минут.","Snezana loses her mother as a child and her father marries a beautiful but wicked queen, Grdana. The stepmother owns a magic mirror that confirms every day that she is the fairest of them all, until one day it answers differently.

Grdana cannot accept this and orders a huntsman to take Snezana deep into the forest and kill her. He does not, and the girl finds shelter with new friends: the dwarfs and the flowers. The peace does not last, the stepmother revenge follows close behind, but in the end good wins.

Text by Ljubivoje Rsumovic, directed and adapted by Isidora Goncic, set, costumes and puppets by Sandra Nikac, music by Nemanja Mihajlovic. Brankica Sebastijanovic plays Snezana, Anita Brankovic plays Grdana.

Price: 600 dinars.

Language: Serbian.

Age: five and up. Running time fifty five minutes.","Snežana još kao dete gubi majku, a otac se ženi lepom ali zlom kraljicom Grdanom. Maćeha ima čarobno ogledalo koje joj svakog dana govori da je najlepša na svetu, sve dok jednog dana ne dobije drugačiji odgovor.

Grdana to ne može da podnese i naređuje lovcu da Snežanu odvede duboko u šumu i ubije. Lovac to ne uradi, a devojčica nalazi sklonište kod novih drugara, patuljaka i cveća. Mir ne traje dugo, Grdanina osveta joj je stalno za petama, ali na kraju dobro pobeđuje zlo.

Tekst Ljubivoje Ršumović, režija i adaptacija Isidora Goncić, scenografija, kostimi i lutke Sandra Nikač, muzika Nemanja Mihajlović. Snežanu igra Brankica Sebastijanović, Grdanu Anita Branković.

Cena: 600 dinara.

Jezik: srpski.

Uzrast: od pet godina. Trajanje pedeset pet minuta.",12:00,600,Pozorište lutaka Pinokio,"Bulevar maršala Tolbuhina 1, 11070 Novi Beograd","44.830127,20.411863",https://pinokio.rs/%D1%81%D0%BD%D0%B5%D0%B6%D0%B0%D0%BD%D0%B0-%D0%B8-%D1%81%D0%B5%D0%B4%D0%B0%D0%BC-%D0%BF%D0%B0%D1%82%D1%83%D1%99%D0%B0%D0%BA%D0%B0/,pinokio.rs,https://tickets.rs/event/snezana_i_sedam_patuljaka_27832,Pozorište lutaka Pinokio,https://pinokio.rs/,biletarnica@pinokio.rs,011 269 1715,5+,,,"кукольный театр, дети, Белоснежка, Ршумович, Пинокио","puppet theatre, kids, Snow White, Rsumovic, Pinokio","lutkarsko pozorište, deca, Snežana, Ršumović, Pinokio"
9/26/2026,9/26/2026,9/8/2026,1370,TheaterGroup,Pozorište lutaka Pinokio,https://pinokio.rs/,,ChildrensEvent,Кукольный спектакль «Пинокио» в театре «Пинокио»,Pinokio: a puppet show at the Pinokio theatre,Lutkarska predstava Pinokio u pozorištu Pinokio,https://raw.githubusercontent.com/newsgl/arsposters/main/1370-PinokioPredstavaPinokio.webp,,Kids,"Спектакль, давший театру имя, поставлен не по Коллоди, а по русской «Золотому ключику» Алексея Толстого. Для детей от четырёх лет, шестьдесят минут.","The show that gave the theatre its name is staged not after Collodi but after The Golden Key by Aleksey Tolstoy. For children aged four and up, sixty minutes.","Predstava koja je pozorištu dala ime ne igra se po Kolodiju nego po ruskom Zlatnom ključiću Alekseja Tolstoja. Za decu od četiri godine, šezdeset minuta.","История, которую все знают по итальянскому оригиналу, здесь идёт по другому маршруту: текст Евы Борисовой написан по мотивам «Золотого ключика» Алексея Толстого, а Живомир Йокович перевёл и адаптировал его для сцены.

Сюжет держится на старом мастере: дядя Карло всю жизнь отдал своему кукольному театру, но по требованию короля отдаёт кукол Королевскому театру и остаётся один. Из полена он делает себе новую куклу и называет её Пинокио. Непослушный Пинокио уходит из дома и попадает в неприятности.

Для театра это заглавный спектакль, по нему названа вся труппа. Режиссура, идея сценографии и кукол Живомира Йоковича, композитор Владимир Пейкович, костюмы Эрики Янович.

Играют Зорана Милошакович, Борко Сарич, Зоран Тодорович, Горан Попович и Драгана Васич.

Цена: 600 динаров.

Язык: сербский.

Возраст: от четырёх до десяти лет. Продолжительность шестьдесят минут.","The story everyone knows from the Italian original takes a different route here: the text by Eva Borisova follows The Golden Key by Aleksey Tolstoy, and Zivomir Jokovic translated and adapted it for the stage.

The plot rests on an old craftsman: uncle Carlo has given his whole life to his puppet theatre, but at the king's demand he hands his puppets over to the Royal Theatre and is left alone. From a piece of wood he carves himself a new puppet and names it Pinokio. The disobedient Pinokio leaves home and lands in trouble.

For this theatre it is the title piece, the one the whole company is named after. Directed, with set and puppet concept, by Zivomir Jokovic, music by Vladimir Pejkovic, costumes by Erika Janovic.

The cast is Zorana Milosakovic, Borko Saric, Zoran Todorovic, Goran Popovic and Dragana Vasic.

Price: 600 dinars.

Language: Serbian.

Age: four to ten. Running time sixty minutes.","Priča koju svi znaju po italijanskom originalu ovde ide drugim putem: tekst Eve Borisove nastao je po motivima ruskog Zlatnog ključića Alekseja Tolstoja, a Živomir Joković ga je preveo i adaptirao za scenu.

Radnja se drži na starom majstoru: čika Karlo je ceo život posvetio svom lutkarskom pozorištu, ali na zahtev kralja predaje svoje lutke Kraljevskom pozorištu i ostaje sam. Od drveta pravi sebi novu lutku i daje joj ime Pinokio. Neposlušni Pinokio odlazi od kuće i upada u neprilike.

Za ovo pozorište to je naslovna predstava, po njoj se zove cela kuća. Režija, idejno rešenje scenografije i lutaka Živomir Joković, kompozitor Vladimir Pejković, kostimograf Erika Janović.

Igraju Zorana Milošaković, Borko Sarić, Zoran Todorović, Goran Popović i Dragana Vasić.

Cena: 600 dinara.

Jezik: srpski.

Uzrast: od četiri do deset godina. Trajanje šezdeset minuta.",17:00,600,Pozorište lutaka Pinokio,"Bulevar maršala Tolbuhina 1, 11070 Novi Beograd","44.830127,20.411863",https://pinokio.rs/%D0%BF%D0%B8%D0%BD%D0%BE%D0%BA%D0%B8%D0%BE/,pinokio.rs,https://tickets.rs/event/pinokio_27833,Pozorište lutaka Pinokio,https://pinokio.rs/,biletarnica@pinokio.rs,011 269 1715,4-10,,,"кукольный театр, дети, Пинокио, Толстой, Нови-Београд","puppet theatre, kids, Pinokio, Tolstoy, Novi Beograd","lutkarsko pozorište, deca, Pinokio, Tolstoj, Novi Beograd"
9/26/2026,9/26/2026,9/8/2026,1371,Organization,Dom omladine Beograda,https://martovski.rs/,,ScreeningEvent,"Мартовски фестивал 72/73: шестой день, международный конкурс и фильм «Roš»","Martovski Festival 72/73: day six, international competition and the film Ros","Martovski festival 72/73: šesti dan, međunarodni takmičarski program i film Roš",https://raw.githubusercontent.com/newsgl/arsposters/main/1371-MartovskiFestivalDan6.webp,,Movies,"Два блока международного конкурса 73-го выпуска и полнометражный фильм «Roš». Суббота в Доме омладине, Велика сала, 500 динаров за сеанс.","Two blocks of the international competition of the 73rd edition and the feature Ros. Saturday at Dom omladine, Velika sala, 500 dinars per screening.","Dva bloka međunarodnog takmičarskog programa 73. izdanja i dugometražni film Roš. Subota u Domu omladine, Velika sala, 500 dinara po projekciji.","Суббота собирает самую плотную международную программу двойного выпуска: два блока подряд, оба из конкурса 73-го года отбора.

Международный конкурс на Мартовском это короткие формы со всего мира, отобранные по тем же пяти категориям, что и национальные: документальное, игровое, анимация, эксперимент и видеоарт. Практически единственная возможность в году увидеть их в Белграде на большом экране.

Вечер закрывает сербский полнометражный документальный фильм «Roš».

Программа дня:

17:00 Международная конкурсная программа 73, блок 1.

19:00 Международная конкурсная программа 73, блок 2.

21:00 Национальная полнометражная конкурсная программа 73, фильм «Roš».

Цена: 500 динаров за сеанс.

Язык: сербский и оригинальные языки, часть программы с субтитрами.","Saturday carries the densest international programme of the double edition: two blocks in a row, both from the 73rd selection year.

The international competition at Martovski means short forms from around the world, picked across the same five categories as the national one: documentary, fiction, animation, experimental film and video art. For most of them this is the only chance in the year to see them on a big screen in Belgrade.

The evening closes with the Serbian feature documentary Ros.

Programme for the day:

17:00 International competition programme 73, block 1.

19:00 International competition programme 73, block 2.

21:00 National feature competition programme 73, the film Ros.

Price: 500 dinars per screening.

Language: Serbian and original languages, part of the programme carries subtitles.","Subota nosi najgušći međunarodni program dvostrukog izdanja: dva bloka zaredom, oba iz selekcione 73. godine.

Međunarodni takmičarski program na Martovskom znači kratke forme iz celog sveta, birane po istih pet kategorija kao i domaći: dokumentarni, igrani, animirani, eksperimentalni film i video art. Za većinu njih ovo je jedina prilika u godini da se vide na velikom platnu u Beogradu.

Veče zatvara domaći dugometražni dokumentarac Roš.

Program dana:

17.00 Međunarodni takmičarski program 73, blok 1.

19.00 Međunarodni takmičarski program 73, blok 2.

21.00 Domaći dugometražni takmičarski program 73, film Roš.

Cena: 500 dinara po projekciji.

Jezik: srpski i originalni jezici, deo programa ide sa titlovima.",17:00,500,Dom omladine Beograda,"Makedonska 22, 11000 Beograd","44.815407,20.462793",https://martovski.rs/,efinity.rs,https://efinity.rs/event-details/medjunarodni_program_blok_1_32335,Dom omladine Beograda,https://domomladine.org/,,,,,,"Мартовски фестивал, документальное кино, короткий метр, Дом омладине, фестиваль","Martovski Festival, documentary, short film, Dom omladine, festival","Martovski festival, dokumentarni film, kratki metar, Dom omladine, festival"
9/26/2026,9/26/2026,9/8/2026,1372,TheaterGroup,Atelje 212,https://www.atelje212.rs/,,TheaterEvent,«Noćna straža»: комедия о фальшивых маркизах и поддельных картинах в Atelje 212,Nocna straza: a comedy of fake marquises and forged paintings at Atelje 212,Noćna straža: komedija o sumnjivim markizama i lažnim slikama u Ateljeu 212,https://raw.githubusercontent.com/newsgl/arsposters/main/1372-NocnaStrazaAtelje212.webp,,Theatre,"Комедия Фёдора Шили в постановке Бориса Лиешевича: мир, где деньги кончились, а выживают те, кто умеет плести интриги. Полтора часа на сцене Mira Trailović, билет от 1500 динаров.","A comedy by Fedor Sili staged by Boris Lijesevic: a world where the money has run out and only the schemers get by. Ninety minutes on the Mira Trailovic stage, tickets from 1500 dinars.","Komedija Fedora Šilija u režiji Borisa Liješevića: svet u kome je para nestala, a snalaze se samo oni koji spletkare. Sat i po na sceni Mira Trailović, ulaznica od 1500 dinara.","Пьеса начинается с простого вопроса: что происходит, когда деньги кончаются. Ответ у Фёдора Шили неутешительный и очень смешной. В этом мире работа больше не обеспечивает жизнь, а обеспечивают её интриги, манипуляции, обман и умение вовремя промолчать.

Кто этими навыками не владеет, оказывается на обочине, среди сомнительных маркиз, обедневших дворян и коллекционеров поддельных картин. Мир, ставший подделкой целиком, как формулирует режиссёр Борис Лиешевич.

Спектакль в Ателье 212 давно перешагнул сотое представление и держит стабильный интерес зала. Смеются здесь не над чужой глупостью, а над хитростью, которая не сработала: той самой, с которой каждый сталкивается или которую сам пускает в ход.

Сцена: Mira Trailović.

Цена: 1500 динаров вторая категория, 2000 динаров первая.

Язык: сербский. Продолжительность полтора часа.","The play opens with a simple question: what happens when the money runs out. Fedor Sili's answer is bleak and very funny. In this world work no longer pays for a life; scheming, manipulation, deceit and knowing when to stay quiet do.

Anyone without those skills ends up on the margins, among dubious marquises, ruined nobles and collectors of forged paintings. A world that has become a forgery in full, as director Boris Lijesevic puts it.

The production passed its hundredth performance at Atelje 212 some time ago and still fills the room. The laughter here is not at other people's stupidity but at cunning that failed: the kind everyone runs into, or quietly practises.

Stage: Mira Trailovic.

Price: 1500 dinars second category, 2000 dinars first.

Language: Serbian. Running time ninety minutes.","Komad počinje od jednostavnog pitanja: šta se dešava kada para nestane. Odgovor Fedora Šilija je mračan i vrlo smešan. U tom svetu rad više nije ono što omogućava život; to rade spletkarenje, manipulacije, varanje i prećutkivanje istine.

Ko tim veštinama ne vlada, biva prognan na margine, među sumnjive markize, propale plemiće i kolekcionare lažnih slika. Svet koji je postao falsifikat, kako kaže reditelj Boris Liješević.

Predstava je u Ateljeu 212 odavno prešla stoto izvođenje i i dalje puni salu. Ovde se smejemo osujećenom lukavstvu, onom istom sa kojim se svi susrećemo ili ga svesno sprovodimo.

Scena: Mira Trailović.

Cena: 1500 dinara druga kategorija, 2000 dinara prva.

Jezik: srpski. Trajanje sat i po.",20:00,1500,Atelje 212,"Svetogorska 21, 11000 Beograd","44.814352,20.468168",https://repertoar.rs/predstave/nocna-straza/,repertoar.rs,https://bilet.atelje212.rs/scena.php?prostorterminid=4888,Atelje 212,https://www.atelje212.rs/,,,,,,"театр, комедия, Atelje 212, Борис Лиешевич","theatre, comedy, Atelje 212, Boris Lijesevic","pozorište, komedija, Atelje 212, Boris Liješević"
9/27/2026,9/27/2026,9/8/2026,1373,TheaterGroup,Pozorište lutaka Pinokio,https://pinokio.rs/,,ChildrensEvent,Театр для малышей «Зора и сан» в «Пинокио»: пятнадцать мест на сеанс,"Zora i san: theatre for babies at Pinokio, fifteen places per show","Zora i san: pozorište za bebe u Pinokiju, petnaest mesta po predstavi",https://raw.githubusercontent.com/newsgl/arsposters/main/1373-ZoraISanPinokio.webp,,Kids,"Спектакль «Колевка театра» для самых маленьких: пятнадцать младенцев с сопровождающими на сеанс, тридцать минут цвета, движения и звука. От нуля лет, билет 1000 динаров.","A Kolevka Teatar piece for the youngest audience: fifteen babies with one adult each per show, thirty minutes of colour, movement and sound. From birth, ticket 1000 dinars.","Predstava Kolevka teatra za najmlađe: petnaest beba sa po jednim pratiocem po terminu, trideset minuta boje, pokreta i zvuka. Od nula godina, ulaznica 1000 dinara.","Театр для младенцев отличается от детского спектакля почти всем. Здесь нет сюжета в привычном смысле и нет большого зала: число мест ограничено пятнадцатью малышами, у каждого один сопровождающий, чтобы у ребёнка остался индивидуальный опыт.

«Колевка театар» задуман как безопасное, интерактивное и сенсорно насыщенное пространство. Через музыку, движение, цвет, звук и тактильные элементы он работает на раннее развитие чувств и эмоций, а взрослым даёт повод открыть театр вместе с ребёнком.

Сама история простая: Зора и Сан проходят целый день, от утра до вечера, и находят маленькие чудеса в самых обычных вещах. Это рассказ о дружбе и о том, что различия красивы, когда они рядом. Он ведётся языком цвета, движения, света, весёлых теней и звуков, который малыши понимают давно, а взрослым стоит вспомнить.

Авторский проект Мины Чирич. Играют Драгана Васич и Андриана Джорджевич.

Цена: 1000 динаров.

Возраст: от нуля лет. Продолжительность тридцать минут.","Theatre for babies differs from a childrens show in almost every respect. There is no plot in the usual sense and no large hall: capacity is capped at fifteen babies, each with a single adult, so that every child keeps an individual experience.

Kolevka Teatar is designed as a safe, interactive and sensory rich space. Through music, movement, colour, sound and tactile elements it works on the early development of the senses and emotions, while giving adults a reason to discover theatre alongside their child.

The story itself is simple: Zora and San go through a whole day, from morning to evening, finding small wonders in ordinary things. It is a piece about friendship and about differences being beautiful when they sit side by side. It is told in the language of colour, movement, light, cheerful shadows and sound, one babies have understood for a long time and adults need reminding of.

An authored project by Mina Ciric. Performed by Dragana Vasic and Andriana Dordevic.

Price: 1000 dinars.

Age: from birth. Running time thirty minutes.","Pozorište za bebe razlikuje se od dečje predstave gotovo u svemu. Nema radnje u uobičajenom smislu i nema velike sale: broj mesta je ograničen na petnaest beba sa po jednim pratiocem, kako bi svako dete imalo individualni doživljaj.

Kolevka Teatar osmišljen je kao bezbedan, interaktivan i senzorno podsticajan prostor. Kroz muziku, pokret, boje, zvuke i taktilne elemente radi na ranom razvoju čula i emocija, a roditeljima daje priliku da zajedno sa detetom otkriju pozorište.

Sama priča je jednostavna: Zora i San prolaze kroz čitav dan, od jutra do večeri, otkrivajući male čarolije u sasvim običnim stvarima. To je priča o prijateljstvu i o tome kako su različitosti lepe kad su zajedno. Ispričana je jezikom boja, pokreta, svetla, veselih senki i zvukova, koji bebe odavno razumeju, a odrasli treba da se prisete.

Autorski projekat Mine Ćirić. Igraju Dragana Vasić i Andriana Đorđević.

Cena: 1000 dinara.

Uzrast: od nula godina. Trajanje trideset minuta.",10:00,1000,Pozorište lutaka Pinokio,"Bulevar maršala Tolbuhina 1, 11070 Novi Beograd","44.830127,20.411863",https://pinokio.rs/%D0%B7%D0%BE%D1%80%D0%B0-%D0%B8-%D1%81%D0%B0%D0%BD/,pinokio.rs,https://tickets.rs/event/zora_i_san__27836,Pozorište lutaka Pinokio,https://pinokio.rs/,biletarnica@pinokio.rs,011 269 1715,0+,,,"театр для малышей, дети, Колевка театар, Пинокио, сенсорный спектакль","theatre for babies, kids, Kolevka Teatar, Pinokio, sensory show","pozorište za bebe, deca, Kolevka Teatar, Pinokio, senzorna predstava"
9/27/2026,9/27/2026,9/8/2026,1374,TheaterGroup,Pozorište lutaka Pinokio,https://pinokio.rs/,,ChildrensEvent,Кукольный спектакль «Пепељуга» в театре «Пинокио»,Pepeljuga: a puppet show at the Pinokio theatre,Lutkarska predstava Pepeljuga u pozorištu Pinokio,https://raw.githubusercontent.com/newsgl/arsposters/main/1374-PepeljugaPinokio.webp,,Kids,"Золушка по Шарлю Перро, где на балу вместе с куклами-принцессами оказываются принцессы из зала. Награда за актёрскую работу на фестивале в Крагуеваце. От двух лет.","Cinderella after Charles Perrault, where princesses from the audience join the puppet princesses at the ball. Awarded for acting at the Kragujevac festival. From age two.","Pepeljuga po Šarlu Perou, gde se na balu uz lutke princeze nađu i princeze iz publike. Nagrada za glumačko ostvarenje na festivalu u Kragujevcu. Od dve godine.","Путь Золушки от служанки до принцессы рассказан так, что волшебство чувствуется на протяжении всего спектакля. Лохмотья превращаются в бальное платье прямо на сцене через световые эффекты, и как именно это сделано, театр не раскрывает.

Главная находка постановки в другом: спектакль построен на взаимодействии актёров с залом, и кульминация наступает в сцене бала, когда рядом с куклами-принцессами на сцене оказываются принцессы из публики.

Постановка получила награду за актёрское исполнение на Международном фестивале кукольных театров малых форм в Крагуеваце.

Режиссура Джанан Каба, перевод Бранислава Кравлянаца, сценография и куклы Свилы Величковой, подбор музыки Светлы Васильевой. Играют Нела Николич, Драгана Васич и Лако Николич.

Цена: 600 динаров.

Язык: сербский.

Возраст: от двух до девяти лет. Продолжительность сорок пять минут.","Cinderella's journey from servant to princess is told so that the magic is felt throughout. Her rags turn into a ball gown on stage through lighting effects, and the theatre does not reveal how it is done.

The real find of the production lies elsewhere: it is built on interaction between the actors and the audience, and the high point comes during the ball scene, when princesses from the audience join the puppet princesses on stage.

The production won an acting award at the International Festival of Small Form Puppet Theatre in Kragujevac.

Directed by Canan Kaba, translated by Branislav Kravljanac, set and puppets by Svila Velickova, music selection by Svetla Vasiljeva. Performed by Nela Nikolic, Dragana Vasic and Lako Nikolic.

Price: 600 dinars.

Language: Serbian.

Age: two to nine. Running time forty five minutes.","Pepeljugin put od sluškinje do princeze ispričan je tako da se čarolija oseća tokom cele predstave. Rite se pretvaraju u divnu haljinu na samoj sceni, kroz niz svetlosnih efekata, a način na koji se to izvodi ostaje tajna.

Pravi pronalazak predstave je drugde: zasnovana je na interaktivnom odnosu glumaca i publike, a vrhunac se dešava u sceni bala na dvoru, kada se pored princeza lutaka na sceni pojave i princeze iz publike.

Predstava je nagrađena na Međunarodnom lutkarskom festivalu malih formi u Kragujevcu, nagradom za glumačko ostvarenje.

Režija Džanan Kaba, prevod Branislav Kravljanac, scenografija i lutke Svila Veličkova, izbor muzike Svetla Vasiljeva. Igraju Nela Nikolić, Dragana Vasić i Lako Nikolić.

Cena: 600 dinara.

Jezik: srpski.

Uzrast: od dve do devet godina. Trajanje četrdeset pet minuta.",12:00,600,Pozorište lutaka Pinokio,"Bulevar maršala Tolbuhina 1, 11070 Novi Beograd","44.830127,20.411863",https://pinokio.rs/%D0%BF%D0%B5%D0%BF%D0%B5%D1%99%D1%83%D0%B3%D0%B0/,pinokio.rs,https://tickets.rs/event/pepeljuga_27834,Pozorište lutaka Pinokio,https://pinokio.rs/,biletarnica@pinokio.rs,011 269 1715,2-9,,,"кукольный театр, дети, Золушка, Перро, Пинокио","puppet theatre, kids, Cinderella, Perrault, Pinokio","lutkarsko pozorište, deca, Pepeljuga, Pero, Pinokio"
9/27/2026,9/27/2026,9/8/2026,1375,Organization,Dom omladine Beograda,https://martovski.rs/,,ScreeningEvent,"Мартовски фестивал 72/73: закрытие, ревю-программа о Мирославе Петровиче Бате","Martovski Festival 72/73: closing day, a special screening about Miroslav Petrovic Bata","Martovski festival 72/73: zatvaranje, revijalni program o Miroslavu Petroviću Bati",https://raw.githubusercontent.com/newsgl/arsposters/main/1375-MartovskiFestivalDan7.webp,,Movies,"Последний день фестиваля: один сеанс вне конкурса, фильм «Petrović Miroslav Bata: Filmovi iz inata». Дом омладине, Велика сала, 500 динаров.","The last day of the festival: a single out of competition screening, the film Petrovic Miroslav Bata: Filmovi iz inata. Dom omladine, Velika sala, 500 dinars.","Poslednji dan festivala: jedna vantakmičarska projekcija, film Petrović Miroslav Bata: Filmovi iz inata. Dom omladine, Velika sala, 500 dinara.","Двойной выпуск закрывается не конкурсом, а ревю-программой: одним сеансом вне соревнования, ради которого фестиваль оставил в расписании отдельный день.

Показывают фильм «Petrović Miroslav Bata: Filmovi iz inata», портрет режиссёра, чьё название говорит само за себя: фильмы, снятые назло. Формат ревю на Мартовском традиционно отдан авторам, чьи работы стоит пересмотреть целиком, а не по одной.

Сеанс ранний, в четыре часа дня, и на этом программа фестиваля заканчивается. Награды двойного выпуска присуждаются за 2025 и 2026 годы отдельно.

Программа дня:

16:00 Ревю-программа, фильм «Petrović Miroslav Bata: Filmovi iz inata».

Цена: 500 динаров.

Язык: сербский.","The double edition closes not with a competition but with a special programme: a single out of competition screening, for which the festival kept a separate day in the schedule.

The film is Petrovic Miroslav Bata: Filmovi iz inata, a portrait of a director whose title says it plainly: films made out of spite. At Martovski the special programme slot traditionally goes to authors whose work is worth revisiting as a whole rather than one film at a time.

The screening is early, at four in the afternoon, and the festival programme ends there. Awards for the double edition are given separately for 2025 and 2026.

Programme for the day:

16:00 Special programme, the film Petrovic Miroslav Bata: Filmovi iz inata.

Price: 500 dinars.

Language: Serbian.","Dvostruko izdanje se ne zatvara takmičenjem nego revijalnim programom: jednom vantakmičarskom projekcijom, zbog koje je festival u rasporedu zadržao poseban dan.

Prikazuje se film Petrović Miroslav Bata: Filmovi iz inata, portret reditelja čiji naslov govori sam za sebe: filmovi snimljeni iz inata. Revijalni termin na Martovskom tradicionalno pripada autorima čiji opus vredi gledati u celini, a ne film po film.

Projekcija je rana, u četiri popodne, i tu se program festivala završava. Nagrade dvostrukog izdanja dodeljuju se posebno za 2025. i 2026. godinu.

Program dana:

16.00 Revijalni program, film Petrović Miroslav Bata: Filmovi iz inata.

Cena: 500 dinara.

Jezik: srpski.",16:00,500,Dom omladine Beograda,"Makedonska 22, 11000 Beograd","44.815407,20.462793",https://martovski.rs/,efinity.rs,https://efinity.rs/event-details/revijalni_program_petrovic_miroslav_bata_32337,Dom omladine Beograda,https://domomladine.org/,,,,,,"Мартовски фестивал, документальное кино, короткий метр, Дом омладине, фестиваль","Martovski Festival, documentary, short film, Dom omladine, festival","Martovski festival, dokumentarni film, kratki metar, Dom omladine, festival"
9/27/2026,9/27/2026,9/8/2026,1376,TheaterGroup,Pozorište lutaka Pinokio,https://pinokio.rs/,,ChildrensEvent,Кукольный спектакль «Зец и пас» в театре «Пинокио»,Zec i pas: a puppet show at the Pinokio theatre,Lutkarska predstava Zec i pas u pozorištu Pinokio,https://raw.githubusercontent.com/newsgl/arsposters/main/1376-ZecIPasPinokio.webp,,Kids,"Заяц и пёс спорят, кому принадлежит дерево, и устраивают забег, чтобы это выяснить. Постановка словенца Силвана Омерзу, для детей от двух лет, сорок минут.","A hare and a dog argue over who owns a tree and settle it with a race. Staged by the Slovenian director Silvan Omerzu, for children from age two, forty minutes.","Zec i pas se spore čije je drvo i trku organizuju da to reše. Režija Slovenca Silvana Omerzua, za decu od dve godine, četrdeset minuta.","Спор двух героев звучит по-детски, но задаёт взрослый вопрос: можно ли вообще владеть деревом. Спектакль подводит к мысли, что вещи в природе не могут быть чьей-то собственностью, потому что принадлежат всем.

Разрешать спор герои решают забегом до дерева, и заодно выясняется, кто на самом деле быстрее. Результат оказывается неожиданным, а под деревом внезапно расцветает дружба. Отсюда и вывод: то, что мы любим, мы делим с друзьями.

Постановку сделал словенский режиссёр и художник Силван Омерзу, он же автор кукол и сценографии. Текст Саши Эржен, музыка Васко Атанасовского, перевод Небойши Поп-Тасича.

Спектакль идёт в двух составах: Нела Николич и Лако Николич либо Анита Бранкович и Джордже Креча.

Цена: 600 динаров.

Язык: сербский.

Возраст: от двух лет. Продолжительность сорок минут.","The argument between the two characters sounds childish but sets up an adult question: can a tree be owned at all. The show leads to the idea that things in nature cannot belong to anyone because they belong to everybody.

The pair decide to settle it with a race to the tree, which also answers who is genuinely faster. The result is a surprise, and friendship unexpectedly blooms under the tree. Hence the point of the story: what we love, we share with our friends.

The production is by the Slovenian director and artist Silvan Omerzu, who also made the puppets and the set. Text by Sasa Erzen, music by Vasko Atanasovski, translation by Nebojsa Pop Tasic.

The show runs with two casts: Nela Nikolic and Lako Nikolic, or Anita Brankovic and Dorde Kreca.

Price: 600 dinars.

Language: Serbian.

Age: two and up. Running time forty minutes.","Spor dvojice junaka zvuči dečje, ali postavlja odraslo pitanje: može li se drvo uopšte posedovati. Predstava vodi do zaključka da stvari u prirodi ne mogu biti posedovane jer pripadaju svima.

Spor rešavaju trkom do drveta, čime se usput saznaje ko je zaista brži. Rezultat je iznenađujući, a ispod drveta neočekivano procveta prijateljstvo. Otud i pouka: stvari koje volimo delimo sa prijateljima.

Predstavu potpisuje slovenački reditelj i likovni umetnik Silvan Omerzu, koji je i autor lutaka i scenografije. Tekst Saša Eržen, muzika Vasko Atanasovski, prevod Nebojša Pop-Tasić.

Predstava ide u dve podele: Nela Nikolić i Lako Nikolić ili Anita Branković i Đorđe Kreća.

Cena: 600 dinara.

Jezik: srpski.

Uzrast: od dve godine. Trajanje četrdeset minuta.",17:00,600,Pozorište lutaka Pinokio,"Bulevar maršala Tolbuhina 1, 11070 Novi Beograd","44.830127,20.411863",https://pinokio.rs/%D0%B7%D0%B5%D1%86-%D0%B8-%D0%BF%D0%B0%D1%81/,pinokio.rs,https://tickets.rs/event/zec_i_pas_27835,Pozorište lutaka Pinokio,https://pinokio.rs/,biletarnica@pinokio.rs,011 269 1715,2+,,,"кукольный театр, дети, Силван Омерзу, Пинокио, дружба","puppet theatre, kids, Silvan Omerzu, Pinokio, friendship","lutkarsko pozorište, deca, Silvan Omerzu, Pinokio, prijateljstvo"
10/6/2026,10/7/2026,9/8/2026,1377,TheaterGroup,Beogradsko dramsko pozorište,https://bdp.rs/,,TheaterEvent,«Kralj Ibi» Альфреда Жарри с Андрией Милошевичем в БДП,Kralj Ibi by Alfred Jarry with Andrija Milosevic at Belgrade Drama Theatre,Kralj Ibi Alfreda Žarija sa Andrijom Miloševićem u BDP-u,https://raw.githubusercontent.com/newsgl/arsposters/main/1377-KraljIbiBdp.webp,,Theatre,"Культовая пьеса Альфреда Жарри вернулась на белградскую сцену в новой постановке Сташи Копривицы. Главную роль, когда-то прославившую Зорана Радмиловича, играет Андрия Милошевич.",The cult play by Alfred Jarry is back on a Belgrade stage in a new staging by Stasa Koprivica. Andrija Milosevic takes the role that once made Zoran Radmilovic famous.,Kultni komad Alfreda Žarija vratio se na beogradsku scenu u novoj postavci Staše Koprivice. Glavnu ulogu koja je proslavila Zorana Radmilovića tumači Andrija Milošević.,"Роль короля Ибю почти два десятилетия прошлого века была связана с одним именем: Зораном Радмиловичем. Взяться за неё заново значит принять на себя сравнение, от которого в Белграде никуда не деться, и Андрия Милошевич идёт на это сознательно.

Пьеса Альфреда Жарри 1896 года считается предшественницей театра абсурда: гротескный тиран, дорвавшийся до власти, и логика, вывернутая наизнанку. Реплики вроде «Все, кто утверждает, что Ибю вор и преступник, не более чем обычные предатели» звучат сегодня ровно так же, как звучали сто тридцать лет назад.

Постановку целиком адаптировала и поставила Сташа Копривица. На сцене вместе с Милошевичем Паулина Манов, Милан Колак, Александар Йованович, Бояна Стойкович или Ива Илинчич, Иван Заблачански, Мина Ненадович, Риста Милутинович, Никола Миятович и Арсение Арсич.

Сеансы: 6 и 7 октября, Велика сцена.

Цена: 1500 динаров второй партер, 2000 динаров первый.

Язык: сербский. Продолжительность два часа.","For almost two decades of the last century the role of King Ubu belonged to one name in Serbia: Zoran Radmilovic. Taking it on again means accepting a comparison nobody in Belgrade can avoid, and Andrija Milosevic does so knowingly.

Alfred Jarry's play from 1896 is considered a forerunner of the theatre of the absurd: a grotesque tyrant who has got hold of power, and logic turned inside out. Lines such as ""everyone who claims Ubu is a thief and a criminal is nothing but a traitor"" land today exactly as they did a hundred and thirty years ago.

Stasa Koprivica adapted and directed the whole production. Alongside Milosevic the cast includes Paulina Manov, Milan Kolak, Aleksandar Jovanovic, Bojana Stojkovic or Iva Ilincic, Ivan Zablacanski, Mina Nenadovic, Rista Milutinovic, Nikola Mijatovic and Arsenije Arsic.

Performances: 6 and 7 October on the main stage.

Price: 1500 dinars for the second stalls category, 2000 dinars for the first.

Language: Serbian. Running time two hours.","Uloga kralja Ibija je skoro dve decenije prošlog veka bila vezana za jedno ime: Zorana Radmilovića. Prihvatiti je ponovo znači prihvatiti poređenje od kog se u Beogradu ne može pobeći, a Andrija Milošević na to ide svesno.

Komad Alfreda Žarija iz 1896. smatra se pretečom teatra apsurda: groteskni tiranin koji se dočepao vlasti i logika izvrnuta naopako. Replike poput „svi koji tvrde za Ibija da je lopov i zločinac nisu ništa drugo do obični izdajnici“ danas zvuče isto kao i pre sto trideset godina.

Predstavu je u potpunosti adaptirala i režirala Staša Koprivica. Uz Miloševića igraju Paulina Manov, Milan Kolak, Aleksandar Jovanović, Bojana Stojković ili Iva Ilinčić, Ivan Zablaćanski, Mina Nenadović, Rista Milutinović, Nikola Mijatović i Arsenije Arsić.

Termini: 6. i 7. oktobar, Velika scena.

Cena: 1500 dinara drugi parter, 2000 dinara prvi.

Jezik: srpski. Trajanje dva sata.",19:30,1500,Beogradsko dramsko pozorište,"Mileševska 64a, 11000 Beograd","44.797040,20.486130",https://repertoar.rs/predstave/kralj-ibi/,repertoar.rs,https://app.sixtix.com/events/31cb85eb3349,Beogradsko dramsko pozorište,https://bdp.rs/,,,,,,"театр, комедия, БДП, Альфред Жарри, Андрия Милошевич","theatre, comedy, BDP, Alfred Jarry, Andrija Milosevic","pozorište, komedija, BDP, Alfred Žari, Andrija Milošević"
10/8/2026,10/8/2026,9/8/2026,1378,Person,Gedius,https://louder.hr/gedius-booking/,,MusicEvent,GEDIUS: первый белградский концерт словенского автора вирусных каверов,GEDIUS: the first Belgrade show of the Slovenian viral cover artist,GEDIUS: prvi beogradski koncert slovenačkog autora viralnih obrada,https://raw.githubusercontent.com/newsgl/arsposters/main/1378-GediusZappaBaza.webp,,Concerts,"Тилен Кольбе из Любляны, самый читаемый словенский артист в соцсетях, привозит в Zappa Baza программу из личных переработок чужих песен. Билет 1200 динаров.","Tilen Kolbe from Ljubljana, the most followed Slovenian artist on social media, brings his personal reworkings of other people's songs to Zappa Baza. Ticket 1200 dinars.","Tilen Kolbe iz Ljubljane, najpraćeniji slovenački izvođač na društvenim mrežama, donosi u Zappa Bazu program ličnih obrada tuđih pesama. Ulaznica 1200 dinara.","За кавером обычно не стоит собственного голоса. У восемнадцатилетнего Тилена Кольбе, выступающего под именем Gedius, получилось наоборот: его переработки чужих песен, региональных и международных, узнаются раньше оригиналов.

За неполные полгода его ролики собрали больше ста двадцати миллионов просмотров, а аудитория в TikTok и Instagram перевалила за четыреста шестьдесят тысяч и растёт примерно на пятнадцать тысяч в неделю. Сейчас это самый читаемый словенский музыкант в соцсетях.

Со сцены он тоже работает не первый месяц: открывал концерты Silente, играл на загребском фестивале Fuliranje и постепенно перешёл к сольным выступлениям. Собственные песни у него в работе, первые релизы обещаны в ближайшее время.

В Белграде выступает впервые, надпись на афише говорит прямо: Belgrade, this is for you.

Площадка: Zappa Baza, Булевар војводе Бојовића 30а.

Время: начало в 21:00.

Цена: 1200 динаров.","A cover usually hides the performer own voice. With eighteen year old Tilen Kolbe, who performs as Gedius, the opposite happened: his reworkings of other people's songs, regional and international alike, get recognised before the originals do.

In under six months his clips passed a hundred and twenty million views, and his audience on TikTok and Instagram went beyond four hundred and sixty thousand, growing by roughly fifteen thousand a week. He is currently the most followed Slovenian musician on social media.

He has been working live for a while too: opening for Silente, playing the Fuliranje festival in Zagreb and gradually moving into headline shows of his own. Original material is in progress, with first releases promised soon.

This is his first Belgrade appearance, and the poster puts it plainly: Belgrade, this is for you.

Venue: Zappa Baza, Bulevar vojvode Bojovica 30a.

Time: start at 21:00.

Price: 1200 dinars.","Iza obrade obično ne stoji sopstveni glas. Kod osamnaestogodišnjeg Tilena Kolbea, koji nastupa kao Gedius, desilo se obrnuto: njegove prerade tuđih pesama, regionalnih i međunarodnih, prepoznaju se pre originala.

Za manje od šest meseci njegovi snimci prešli su sto dvadeset miliona pregleda, a publika na TikToku i Instagramu premašila je četiristo šezdeset hiljada i raste za oko petnaest hiljada nedeljno. Trenutno je najpraćeniji slovenački muzičar na društvenim mrežama.

I uživo radi već neko vreme: otvarao je koncerte grupe Silente, svirao na zagrebačkom festivalu Fuliranje i postepeno prešao na sopstvene nastupe. Autorske pesme su u pripremi, prva izdanja su najavljena uskoro.

U Beogradu nastupa prvi put, a natpis na plakatu kaže sve: Belgrade, this is for you.

Mesto: Zappa Baza, Bulevar vojvode Bojovića 30a.

Vreme: početak u 21.00.

Cena: 1200 dinara.",21:00,1200,Zappa Baza,"Bulevar Vojvode Bojovića 30a, 11000 Beograd","44.820671,20.448039",https://efinity.rs/event-details/gedius_32338,efinity.rs,https://efinity.rs/event-details/gedius_32338,Zappa Baza,,,,,,,"концерт, Gedius, Словения, каверы, Zappa Baza","concert, Gedius, Slovenia, covers, Zappa Baza","koncert, Gedius, Slovenija, obrade, Zappa Baza"
