StartDate,EndDate,PubDate,UniqueID,PerformerType,PerformerName,SameAs,Language,EventType,EventNameRus,EventNameEng,EventNameSrb,CoverImage,SpotifyButton,Section,ShortDescriptionRus,ShortDescriptionEng,ShortDescriptionSrb,LongDescriptionRus,LongDescriptionEng,LongDescriptionSrb,Time,PriceDin,PlaceName,PlaceAddress,GoogleMap,EventPage,SourceName,TicketsLink,OrganizerName,OrganizerPageURL,OrganizerEmail,OrganizerPhone,AgeRestriction,EventCapacity,ImageGallery,TagsRus,TagsEng,TagsSrb
9/4/2026,9/4/2026,8/28/2026,834,MusicGroup,Barcelona Gipsy balKan Orchestra,https://en.wikipedia.org/wiki/Barcelona_Gipsy_balKan_Orchestra,,MusicEvent,Barcelona Gipsy balKan Orchestra на Dorćol Platz — Dorćol Sessions,Barcelona Gipsy balKan Orchestra at Dorćol Platz — Dorćol Sessions,Barcelona Gipsy balKan Orchestra na Dorćol Platzu — Dorćol Sessions,https://raw.githubusercontent.com/newsgl/arsposters/main/834-BGKO.webp,,Concerts,"Семеро музыкантов из Барселоны снова везут в Белград свой сплав балканской, цыганской и клезмерской музыки. Концерт в саду Dorćol Platz 4 сентября в 21:00, двери в 20:00, билеты от 2500 динаров в предпродаже.","The seven-piece band from Barcelona returns to Belgrade with its blend of Balkan, Romani and klezmer music. The concert is in the Dorćol Platz garden on 4 September at 21:00, doors at 20:00, tickets from 2500 dinars in presale.","Sedmočlani sastav iz Barselone ponovo donosi u Beograd svoj spoj balkanske, romske i klezmer muzike. Koncert je u bašti Dorćol Platza 4. septembra u 21.00, vrata se otvaraju u 20.00, karte od 2500 dinara u pretprodaji.","**Barcelona Gipsy balKan Orchestra** давно перестал быть барселонской локальной историей: семеро музыкантов из разных стран собирают залы по всей Европе, а их версии балканских, цыганских, клезмерских и средиземноморских песен слушают и те, кто такую музыку раньше не включал.

В Белград коллектив возвращается в рамках цикла Dorćol Sessions, и это уже ставший регулярным визит: прошлую встречу в саду Dorćol Platz публика допевала хором. К новому приезду группа готовит обновлённую программу.

Концерт идёт под открытым небом в летнем саду, при плохой погоде его перенесут внутрь Dorćol Platz.

Цена: 2500 динаров в предпродаже, 3000 в день концерта.

Организатор: Odličan Hrčak.","**Barcelona Gipsy balKan Orchestra** outgrew its local Barcelona roots long ago: the seven musicians from different countries fill halls across Europe, and their versions of Balkan, Romani, klezmer and Mediterranean songs reach listeners who never played this music before.

The band returns to Belgrade within the Dorćol Sessions series, and the visit has become a regular one: last time the garden audience sang along to the whole set. A refreshed programme is being prepared for this date.

The concert takes place open air in the summer garden, and moves inside Dorćol Platz if the weather turns bad.

Price: 2500 dinars in presale, 3000 on the day of the concert.

Promoter: Odličan Hrčak.","**Barcelona Gipsy balKan Orchestra** odavno je prerastao barselonske okvire: sedam muzičara iz različitih zemalja puni sale širom Evrope, a njihove verzije balkanskih, romskih, klezmer i mediteranskih pesama slušaju i oni kojima ovakva muzika ranije nije bila bliska.

U Beograd se sastav vraća u okviru serijala Dorćol Sessions, i to je već postala redovna poseta: prošli susret u bašti publika je otpevala u glas. Za novi dolazak bend sprema osvežen repertoar.

Koncert se održava pod otvorenim nebom u letnjoj bašti, a u slučaju lošeg vremena seli se u zatvoreni prostor Dorćol Platza.

Cena: 2500 dinara u pretprodaji, 3000 na dan koncerta.

Organizator: Odličan Hrčak.",21:00,2500,Dorćol Platz,"Dobračina 59b, 11000 Beograd","44.823336,20.466982",https://tickets.rs/post/barcelona_gipsy_balkan_orchestra_se_vraca_na_dorcol_platz_2321,tickets.rs,https://tickets.rs/event/barcelona_gipsy_balkan_orchestra_27458,Odličan Hrčak,,,,,,,"концерт, world music, балканская музыка, Dorćol Platz, опен-эйр","concert, world music, Balkan music, Dorćol Platz, open air","koncert, world music, balkanska muzika, Dorćol Platz, open air"
9/5/2026,9/5/2026,8/28/2026,835,Person,Nikola Vranjković,https://sr.wikipedia.org/wiki/%D0%9D%D0%B8%D0%BA%D0%BE%D0%BB%D0%B0_%D0%92%D1%80%D0%B0%D1%9A%D0%BA%D0%BE%D0%B2%D0%B8%D1%9B,,MusicEvent,Nikola Vranjković — «самый тихий концерт сезона» в Ботаническом саду,"Nikola Vranjković: ""the quietest concert of the season"" at the Botanical Garden",Nikola Vranjković — najtiši koncert sezone u Botaničkoj bašti,https://raw.githubusercontent.com/newsgl/arsposters/main/835-NikolaVranjkovic.webp,,Concerts,"Экс-лидер Block Out играет акустический вечер баллад среди зелени сада Јевремовац: традиция, начавшаяся с аншлага 2023 года. 5 сентября в 19:00, билеты от 2100 динаров.","The former Block Out frontman plays an acoustic evening of ballads among the greenery of the Jevremovac garden, a tradition that began with a sold-out show in 2023. 5 September at 19:00, tickets from 2100 dinars.","Nekadašnji lider Block Outa svira akustično veče balada u zelenilu bašte Jevremovac: tradicija koja je počela rasprodatim koncertom 2023. Nastup je 5. septembra u 19.00, karte od 2100 dinara.","Сентябрьский концерт **Николы Враньковича** в Ботаническом саду сам музыкант называет самым тихим концертом сезона. Идея простая: баллады и акустические песни медленного темпа, которые на обычных концертах группы почти не звучат, особая расстановка звука и зелень сада Јевремовац вместо клубных стен.

Первый такой вечер в 2023 году прошёл с аншлагом, и с тех пор формат стал ежегодной традицией.

Враньковича белградская публика знает больше двадцати лет: сначала как автора и гитариста культовой группы **Block Out**, с которой он записал четыре студийных альбома, затем по успешной сольной карьере, начатой альбомом «Za ovde ili za poneti» в 2001 году. На сцене с ним бэнд в полном составе: барабаны, бас, три гитары и клавишные.

Цена: от 2100 динаров.

Организатор: Long Play.","Nikola Vranjković calls his September concert at the Botanical Garden the quietest show of the season. The idea is simple: ballads and slow acoustic songs that rarely make it into his regular sets, a special sound setup and the greenery of the Jevremovac garden instead of club walls.

The first such evening in 2023 sold out, and the format has since become an annual tradition.

Belgrade audiences have known **Vranjković** for more than twenty years: first as the songwriter and guitarist of the cult band **Block Out**, with whom he recorded four studio albums, then through a successful solo career launched with the album ""Za ovde ili za poneti"" in 2001. He is joined by his full band: drums, bass, three guitars and keyboards.

Price: from 2100 dinars.

Promoter: Long Play.","Septembarski koncert **Nikole Vranjkovića** u Botaničkoj bašti sam autor zove najtišim koncertom sezone. Ideja je jednostavna: balade i akustične pesme sporijeg tempa koje na redovnim svirkama retko izvodi, drugačije postavljeno ozvučenje i zelenilo bašte Jevremovac umesto klupskih zidova.

Prvo ovakvo veče 2023. bilo je rasprodato, pa je format postao godišnja tradicija.

Beogradska publika Vranjkovića zna više od dve decenije: najpre kao autora i gitaristu kultnog benda **Block Out**, sa kojim je snimio četiri studijska albuma, a zatim kroz uspešnu solo karijeru započetu albumom ""Za ovde ili za poneti"" 2001. godine. Na sceni je sa kompletnim bendom: bubnjevi, bas, tri gitare i klavijature.

Cena: od 2100 dinara.

Organizator: Long Play.",19:00,2100,Botanička bašta,"Takovska 43, 11000 Beograd","44.815882,20.473311",https://tickets.rs/post/nikola_vranjkovic_2357,tickets.rs,https://tickets.rs/event/nikola_vranjkovic_27670,Long Play,,,,,,,"концерт, акустика, рок, Ботанический сад, сербский рок","concert, acoustic, rock, Botanical Garden, Serbian rock","koncert, akustika, rok, Botanička bašta, srpski rok"
9/5/2026,9/5/2026,8/28/2026,836,Organization,Hood Vibes Fest,https://tickets.rs/event/hood_vibes_fest_2026_27495,,Festival,Hood Vibes Fest Vol. 4 — хип-хоп фестиваль на Белградской ярмарке,Hood Vibes Fest Vol. 4: a hip-hop festival at the Belgrade Fair,Hood Vibes Fest Vol. 4 — hip-hop festival na Beogradskom sajmu,https://raw.githubusercontent.com/newsgl/arsposters/main/836-HoodVibesFest.webp,,Festivals,"Четвёртый выпуск фестиваля, который называет себя крупнейшим хип-хоп событием региона: молодые и опытные исполнители сцены плюс сопутствующая программа. 5 сентября с 18:00 на Белградской ярмарке, билеты от 3500 динаров.","The fourth edition of the festival that calls itself the biggest hip-hop event in the region: younger and established acts of the scene plus side programming. 5 September from 18:00 at the Belgrade Fair, tickets from 3500 dinars.","Četvrto izdanje festivala koji sebe zove najvećim hip-hop događajem u regionu: mlađi i iskusniji izvođači scene uz bogat prateći program. Održava se 5. septembra od 18.00 na Beogradskom sajmu, karte od 3500 dinara.","**Hood Vibes Fest** проводится в четвёртый раз и позиционирует себя как крупнейший хип-хоп фестиваль региона. Организаторы обещают лайнап из исполнителей разных поколений: и молодых артистов, набравших аудиторию за последние годы, и имён со стажем, которых сцена уважает за собственный стиль.

Кроме музыкальной программы заявлены сопутствующие активности и зоны на территории ярмарки, так что формат ближе к полноценному фестивальному дню, чем к одному концерту.

Поимённый лайнап организаторы раскрывают в своих соцсетях ближе к дате.

Цена: от 3500 динаров.

Организатор: Hood Vibes Fest.","**Hood Vibes Fest** runs for the fourth time and positions itself as the biggest hip-hop festival in the region. The organisers promise a line-up spanning generations: young artists who built their audience over the past few years alongside veterans the scene respects for a style of their own.

Beyond the music programme, side activities and zones are planned across the fairgrounds, so the format is closer to a full festival day than to a single concert.

The name-by-name line-up is revealed on the festival's social channels closer to the date.

Price: from 3500 dinars.

Organiser: Hood Vibes Fest.","**Hood Vibes Fest** održava se četvrti put i predstavlja se kao najveći hip-hop festival u regionu. Organizatori najavljuju lajnap sastavljen od izvođača različitih generacija: mladih imena koja su publiku stekla poslednjih godina i iskusnijih autora koje scena ceni zbog prepoznatljivog stila.

Pored muzičkog programa najavljeni su prateći sadržaji i aktivacije na prostoru sajma, pa je format bliži celom festivalskom danu nego jednom koncertu.

Imena izvođača organizatori objavljuju na svojim mrežama pred sam festival.

Cena: od 3500 dinara.

Organizator: Hood Vibes Fest.",18:00,3500,Beogradski sajam,"Bulevar vojvode Mišića 14, 11000 Beograd","44.795697,20.431571",https://tickets.rs/post/hood_vibes_fest_2337,tickets.rs,https://tickets.rs/event/hood_vibes_fest_2026_27495,Hood Vibes Fest,,,,,,,"фестиваль, хип-хоп, рэп, Белградская ярмарка, музыка","festival, hip-hop, rap, Belgrade Fair, music","festival, hip-hop, rep, Beogradski sajam, muzika"
9/11/2026,9/11/2026,8/28/2026,837,MusicGroup,The Amy Winehouse Band,https://theamywinehouseband.com/,,MusicEvent,The Amy Winehouse Band — оригинальный состав Эми Уайнхаус на Dorćol Platz,The Amy Winehouse Band: Amy's original band live at Dorćol Platz,The Amy Winehouse Band — originalni bend Ejmi Vajnhaus na Dorćol Platzu,https://raw.githubusercontent.com/newsgl/arsposters/main/837-AmyWinehouseBand.webp,,Concerts,"Музыканты, игравшие с Эми Уайнхаус, во главе с её басистом и музыкальным директором Дейлом Дэвисом исполняют «Rehab», «Valerie», «Back to Black» и другие хиты. 11 сентября в 20:30 во дворе Dorćol Platz, билеты от 3900 динаров.","The musicians who played with Amy Winehouse, led by her bassist and musical director Dale Davis, perform ""Rehab"", ""Valerie"", ""Back to Black"" and other hits. 11 September at 20:30 in the Dorćol Platz courtyard, tickets from 3900 dinars.","Muzičari koji su svirali sa Ejmi Vajnhaus, predvođeni njenim basistom i muzičkim direktorom Dejlom Dejvisom, izvode ""Rehab"", ""Valerie"", ""Back to Black"" i druge hitove. Koncert je 11. septembra u 20.30 u dvorištu Dorćol Platza, karte od 3900 dinara.","Последний концерт Эми Уайнхаус прошёл именно в Белграде, поэтому белградская остановка нынешнего тура **The Amy Winehouse Band** стоит особняком: музыканты возвращаются в город, где их певица выходила на сцену в последний раз.

Это не трибьют-группа со стороны, а люди, которые делили с Эми сцену и записи: оригинальный состав во главе с **Дейлом Дэвисом**, её многолетним музыкальным директором, басистом и близким другом. Свою программу они называют празднованием музыки, жизни и наследия певицы.

В программе главные вещи с альбомов «Back to Black», «Frank» и «Lioness»: «Rehab», «Valerie», «Back to Black», «Love Is a Losing Game», «Tears Dry on Their Own». Поводов два: 20 лет альбому «Back to Black» и 15 лет со дня ухода Эми.

Цена: от 3900 динаров.

Организатор: Odličan Hrčak и Neil O'Brien Entertainment.","Amy Winehouse played her final concert in Belgrade, which makes the Belgrade stop of the current tour stand apart: the musicians return to the city where their singer last walked on stage.

This is not an outside tribute act but the people who shared stages and recordings with Amy: the original band led by **Dale Davis**, her long-time musical director, bassist and close friend. They describe the programme as a celebration of her music, life and legacy.

The set list draws on the key songs from ""Back to Black"", ""Frank"" and ""Lioness"": ""Rehab"", ""Valerie"", ""Back to Black"", ""Love Is a Losing Game"", ""Tears Dry on Their Own"". The timing marks two anniversaries: 20 years of ""Back to Black"" and 15 years since Amy passed away.

Price: from 3900 dinars.

Promoters: Odličan Hrčak and Neil O'Brien Entertainment.","Poslednji koncert Ejmi Vajnhaus održan je upravo u Beogradu, pa beogradska stanica aktuelne turneje **The Amy Winehouse Banda** ima posebnu težinu: muzičari se vraćaju u grad u kojem je njihova pevačica poslednji put stala na binu.

Ovo nije tribjut sastav sa strane, već ljudi koji su sa Ejmi delili binu i snimke: originalni bend predvođen **Dejlom Dejvisom**, njenim dugogodišnjim muzičkim direktorom, basistom i bliskim prijateljem. Program opisuju kao slavlje njene muzike, života i nasleđa.

Na repertoaru su ključne pesme sa albuma ""Back to Black"", ""Frank"" i ""Lioness"": ""Rehab"", ""Valerie"", ""Back to Black"", ""Love Is a Losing Game"", ""Tears Dry on Their Own"". Povod su dve godišnjice: 20 godina albuma ""Back to Black"" i 15 godina od Ejminog odlaska.

Cena: od 3900 dinara.

Organizatori: Odličan Hrčak i Neil O'Brien Entertainment.",20:30,3900,Dorćol Platz,"Dobračina 59b, 11000 Beograd","44.823336,20.466982",https://tickets.rs/post/the_amy_winehouse_band_2315,tickets.rs,https://tickets.rs/event/the_amy_winehouse_band_27436,Odličan Hrčak,,,,,,,"концерт, соул, джаз, Эми Уайнхаус, Dorćol Platz","concert, soul, jazz, Amy Winehouse, Dorćol Platz","koncert, soul, džez, Amy Winehouse, Dorćol Platz"
9/12/2026,9/12/2026,8/28/2026,838,TheaterGroup,Pozorište na Terazijama,https://www.terazije.com/,sr,TheaterEvent,Мюзикл «Sa druge strane jastuka» на песни Баяги в Сава Центре,"The musical ""Sa druge strane jastuka"" with Bajaga's songs at Sava Centar","Mjuzikl ""Sa druge strane jastuka"" sa Bajaginim pesmama u Sava Centru",https://raw.githubusercontent.com/newsgl/arsposters/main/838-SaDrugeStraneJastuka.webp,,Theatre,"Хит Театра на Теразиях, на который годами «ищут лишний билетик»: городская сказка о Белграде начала восьмидесятых на 30 песен Момчило Баягича. Показ в рамках фестиваля BELEF 12 сентября в 20:00 в Плавой дворане, билеты от 1950 динаров.","The Terazije Theatre hit that audiences have chased tickets for over the years: an urban fairy tale about early-1980s Belgrade built on 30 songs by Momčilo Bajagić. Performed within the BELEF festival on 12 September at 20:00 in the Blue Hall, tickets from 1950 dinars.","Hit Pozorišta na Terazijama za koji se godinama traži karta više: urbana bajka o Beogradu ranih osamdesetih kroz 30 pesama Momčila Bajagića. Izvodi se u okviru BELEF-a 12. septembra u 20.00 u Plavoj dvorani, karte od 1950 dinara.","Спектакль, на который в Театре на Теразиях годами «ищут лишний билетик», на один вечер переезжает на большую сцену: показ идёт в программе фестиваля BELEF в Плавой дворане Сава Центра.

**«Sa druge strane jastuka»** построен на трёх десятках песен **Момчило Баягича Баяги**, а её настоящий главный герой, по словам авторов, сам Белград. Драматург Стеван Копривица называет сюжет городской сказкой, помещённой в «теразийский треугольник» начала восьмидесятых.

Ставил спектакль режиссёр Юг Радивоевич, аранжировки и дирижёрский пульт за Александром Седларом, в большом актёрском составе Славен Дошло, Милена Живанович, Даниел Корша и другие.

Для тех, кто любит мюзиклы или вырос на песнях Баяги, это редкий шанс увидеть постановку без месяцев охоты за билетами.

Цена: от 1950 динаров.

Язык: сербский.

Организатор: CEBEF, фестиваль BELEF.","The show that Terazije Theatre audiences have hunted spare tickets for over the years moves to a bigger stage for one night: this performance runs within the BELEF festival programme in the Blue Hall of Sava Centar.

**""Sa druge strane jastuka""** is built on thirty songs by **Momčilo Bajagić Bajaga**, and its true main character, as the authors put it, is Belgrade itself. Playwright Stevan Koprivica calls the plot an urban fairy tale set in the ""Terazije triangle"" of the early 1980s.

The production is directed by Jug Radivojević, with arrangements and conducting by Aleksandar Sedlar, and a large cast that includes Slaven Došlo, Milena Živanović and Danijel Korša.

For musical lovers and anyone who grew up with Bajaga's songs, this is a rare chance to catch the show without months of ticket hunting.

Price: from 1950 dinars.

Language: Serbian.

Organiser: CEBEF, the BELEF festival.","Predstava za koju se u Pozorištu na Terazijama godinama traži karta više seli se na jedno veče na veliku scenu: izvođenje ide u programu festivala BELEF u Plavoj dvorani Sava Centra.

**""Sa druge strane jastuka""** građena je na tridesetak pesama **Momčila Bajagića Bajage**, a njen pravi glavni junak, kako kažu autori, jeste sam Beograd. Dramaturg Stevan Koprivica priču opisuje kao urbanu bajku smeštenu u terazijski trougao ranih osamdesetih.

Režiju potpisuje Jug Radivojević, aranžmane i dirigentsko mesto Aleksandar Sedlar, a u velikoj podeli su Slaven Došlo, Milena Živanović, Danijel Korša i mnogi drugi.

Za ljubitelje mjuzikla i sve koji su odrasli uz Bajagine pesme ovo je retka prilika da se predstava pogleda bez višemesečne potrage za kartama.

Cena: od 1950 dinara.

Jezik: srpski.

Organizator: CEBEF, festival BELEF.",20:00,1950,Sava Centar - Plava dvorana,"Milentija Popovića 9, 11070 Novi Beograd","44.809354,20.432128",https://tickets.rs/post/mjuzikl_sa_druge_strane_jastuka_12_septembra_na_belefu_2362,tickets.rs,https://tickets.rs/event/33_belef_sa_druge_strane_jastuka_27675,CEBEF / BELEF,https://belef.rs/,,,,,,"мюзикл, театр, Баяга, BELEF, Сава Центар","musical, theatre, Bajaga, BELEF, Sava Centar","mjuzikl, pozorište, Bajaga, BELEF, Sava Centar"
9/16/2026,9/16/2026,8/28/2026,839,MusicGroup,City of the Sun,https://www.wearecityofthesun.com/,,MusicEvent,City of the Sun — инструментальное трио из Нью-Йорка в клубе Sprat,City of the Sun: the New York instrumental trio at Sprat,City of the Sun — njujorški instrumentalni sastav u Spratu,https://raw.githubusercontent.com/newsgl/arsposters/main/839-CityOfTheSun.webp,https://open.spotify.com/artist/4DkYxtaASIKQnk4Gj0TB7k,Concerts,"Акустические гитары, нервная перкуссия и кинематографичные кульминации без единого вокала: нью-йоркцы возвращаются в Белград с материалом альбома Under the Moon. 16 сентября в 20:00 в Sprat, билеты от 2200 динаров.","Acoustic guitars, restless percussion and cinematic climaxes without a single vocal: the New Yorkers return to Belgrade with material from the album Under the Moon. 16 September at 20:00 at Sprat, tickets from 2200 dinars.","Akustične gitare, nemirne perkusije i sinematične kulminacije bez ijednog vokala: Njujorčani se vraćaju u Beograd sa materijalom albuma Under the Moon. Koncert je 16. septembra u 20.00 u Spratu, karte od 2200 dinara.","**City of the Sun** делают музыку, которой не нужны слова: акустические гитары, плотная ритмика и аранжировки, которые двигаются от инди-рока и американского фолка к фламенко и блюзу. Тихие детали здесь постепенно раскручиваются в широкие, почти киношные кульминации.

Группа собралась в 2011 году и наработала аудиторию самым честным способом: уличными выступлениями и бесконечными турами, от нью-йоркских улиц до больших фестивалей. Живые концерты так и остались их сильнейшей стороной: физичные, спонтанные, с моментальной реакцией зала.

В апреле группа выпустила альбом **Under the Moon**, 13 треков всё того же акустического, ритмичного и кинематографичного инструментального звука. Белградский концерт в клубе Sprat даёт услышать этот материал вблизи.

Цена: от 2200 динаров.

Организатор: Connected Agency.","**City of the Sun** make music that needs no words: acoustic guitars, dense rhythms and arrangements that move from indie rock and American folk to flamenco and blues. Quiet details gradually unwind into wide, almost cinematic climaxes.

Formed in 2011, the band built its audience the honest way: through busking and endless touring, from New York streets to major festivals. Live shows remain their strongest suit: physical, spontaneous, feeding off the room.

In April the trio released **Under the Moon**, a 13-track album of the same acoustic, rhythm-driven, cinematic instrumental sound. The Belgrade concert at Sprat is a chance to hear that material up close.

Price: from 2200 dinars.

Promoter: Connected Agency.","**City of the Sun** prave muziku kojoj reči nisu potrebne: akustične gitare, gusta ritmika i aranžmani koji se kreću od indi roka i američkog folka do flamenka i bluza. Tihi detalji se postepeno razvijaju u široke, gotovo filmske kulminacije.

Bend je osnovan 2011. i publiku je stekao na najpošteniji način: uličnim svirkama i neprekidnim turnejama, od njujorških ulica do velikih festivala. Nastupi uživo ostali su njihov najjači adut: fizični, spontani, u stalnom kontaktu sa publikom.

U aprilu je objavljen album **Under the Moon**, 13 numera istog akustičnog, ritmičnog i sinematičnog instrumentalnog zvuka. Beogradski koncert u Spratu prilika je da se taj materijal čuje izbliza.

Cena: od 2200 dinara.

Organizator: Connected Agency.",20:00,2200,Sprat,"Cetinjska 15, 11000 Beograd","44.817841,20.465828",https://tickets.rs/post/city_of_the_sun_2384,tickets.rs,https://tickets.rs/event/city_of_the_sun_28068,Connected Agency,https://www.instagram.com/connectedfam,marketing@connected-agency.com,,,,,"концерт, инструментальная музыка, пост-рок, фламенко, Sprat","concert, instrumental music, post-rock, flamenco, Sprat","koncert, instrumentalna muzika, post-rok, flamenko, Sprat"
9/19/2026,9/19/2026,8/28/2026,840,MusicGroup,Del Arno Band,https://sr.wikipedia.org/wiki/Del_Arno_Band,,MusicEvent,Del Arno Band — 40 лет главного регги-бэнда региона в Ботаническом саду,Del Arno Band marks 40 years of regional reggae at the Botanical Garden,Del Arno Band — 40 godina najvažnijeg rege benda regiona u Botaničkoj bašti,https://raw.githubusercontent.com/newsgl/arsposters/main/840-DelArnoBand.webp,,Concerts,"Старейший регги-состав экс-Югославии празднует юбилей большим концертом с гостями: бывшими участниками группы разных лет. 19 сентября в 20:00 в саду Јевремовац, билеты от 2500 динаров.","The oldest reggae band of the former Yugoslavia celebrates its anniversary with a big concert joined by guests: former members from across the decades. 19 September at 20:00 in the Jevremovac garden, tickets from 2500 dinars.","Najstariji rege sastav bivše Jugoslavije slavi jubilej velikim koncertom uz goste: bivše članove benda iz različitih perioda. Svirka je 19. septembra u 20.00 u bašti Jevremovac, karte od 2500 dinara.","**Del Arno Band** сорок лет играет регги там, где этот жанр когда-то приходилось объяснять с нуля. Именно они, старейший roots-регги состав бывшей Югославии, во многом добились того, что регги в регионе стал полноправным жанром: за эти годы вокруг выросли группы, фестивали и саунд-системы.

Юбилейный концерт закрывает год празднования, и лидер группы **Йован Матич** выбрал для финала, по его словам, лучшее место в городе: зелень Ботанического сада Јевремовац.

В программе срез всех четырёх десятилетий, от песен, принёсших группе статус в девяностые, до нового материала: «D.A.B. je tu da spaja», «Verujem», «Više nego život», «Svakog dana reci hvala». К бэнду присоединятся гости: заметные бывшие участники, часть из которых сделала сольные карьеры.

Цена: от 2500 динаров.

Организатор: Long Play.","**Del Arno Band** has played reggae for forty years, starting in times when the genre had to be explained from scratch. As the oldest roots reggae act of the former Yugoslavia, they did much of the work that made reggae a fully-fledged genre in the region: bands, festivals and sound systems have grown up around them over the decades.

The anniversary concert closes a year of celebrations, and bandleader **Jovan Matić** picked what he calls the best spot in the city for the finale: the greenery of the Jevremovac Botanical Garden.

The set list cuts across all four decades, from the songs that earned the band its status in the nineties to recent material: ""D.A.B. je tu da spaja"", ""Verujem"", ""Više nego život"", ""Svakog dana reci hvala"". Guests join the band on stage: notable former members, some with solo careers of their own.

Price: from 2500 dinars.

Promoter: Long Play.","**Del Arno Band** četiri decenije svira rege na prostoru gde je taj žanr nekada trebalo objašnjavati od nule. Upravo su oni, najstariji roots rege sastav bivše Jugoslavije, najzaslužniji što je rege u regionu postao ravnopravan žanr: oko njih su izrasli bendovi, festivali i sound sistemi.

Jubilarni koncert zatvara godinu proslave, a vođa benda **Jovan Matić** za finale je izabrao, kako kaže, verovatno najbolje mesto u gradu: zelenilo Botaničke bašte Jevremovac.

Na repertoaru je presek sve četiri decenije, od pesama koje su bendu donele status devedesetih do novijeg materijala: ""D.A.B. je tu da spaja"", ""Verujem"", ""Više nego život"", ""Svakog dana reci hvala"". Bendu se pridružuju gosti: istaknuti bivši članovi, od kojih neki imaju zapažene solo karijere.

Cena: od 2500 dinara.

Organizator: Long Play.",20:00,2500,Botanička bašta,"Takovska 43, 11000 Beograd","44.815882,20.473311",https://tickets.rs/post/del_arno_band_2367,tickets.rs,https://tickets.rs/event/del_arno_band_27742,Long Play,,,,,,,"концерт, регги, юбилей, Ботанический сад, сербская сцена","concert, reggae, anniversary, Botanical Garden, Serbian scene","koncert, rege, jubilej, Botanička bašta, srpska scena"
9/19/2026,9/19/2026,8/28/2026,841,MusicGroup,Lavina,https://lavina.band/,,MusicEvent,Lavina — сербские евровидение-металлисты с большим концертом в Луке Београд,Lavina: Serbia's Eurovision metal band plays a big show at Luka Beograd,"Lavina — veliki beogradski koncert predstavnika Srbije na Evroviziji, Luka Beograd",https://raw.githubusercontent.com/newsgl/arsposters/main/841-Lavina.webp,,Concerts,"Группа, представлявшая Сербию на Евровидении-2026 с песней «Kraj mene», играет большой домашний концерт: прогрессив-метал, мощные вокалы и новые песни. 19 сентября в 21:00 в Луке Београд, билеты от 2500 динаров.","The band that represented Serbia at Eurovision 2026 with ""Kraj mene"" plays a big hometown show: progressive metal, powerful vocals and new songs. 19 September at 21:00 at Luka Beograd, tickets from 2500 dinars.","Bend koji je predstavljao Srbiju na Evroviziji 2026. sa pesmom ""Kraj mene"" svira veliki domaći koncert: progresiv metal, moćni vokali i nove pesme. Nastup je 19. septembra u 21.00 u Luci Beograd, karte od 2500 dinara.","Ещё год назад **Lavina** была новым именем локальной сцены, а после «Kraj mene» и выхода в финал Евровидения о группе заговорила вся Европа: сербский прогрессив-метал с мощными вокалами внезапно оказался в прайм-тайме главного поп-конкурса континента.

Большой белградский концерт для группы первый шанс показать домашней публике, что стоит за евровизионным всплеском. Обещают полноформатное шоу с серьёзной продакшн-частью, все известные песни и эксклюзивные премьеры нового материала.

Концерт организует Центр белградских фестивалей CEBEF, площадка: открытое пространство Луки Београд.

Цена: от 2500 динаров.

Организатор: CEBEF.","A year ago **Lavina** was a new name on the local scene; after ""Kraj mene"" and a place in the Eurovision final, the band had all of Europe talking: Serbian progressive metal with powerful vocals suddenly landed in the prime time of the continent's biggest pop contest.

The big Belgrade concert is the band's first chance to show the home crowd what stands behind the Eurovision surge. A full-scale show with serious production is promised, along with all the known songs and exclusive premieres of new material.

The concert is organised by the Belgrade Festivals Centre CEBEF, at the open-air grounds of Luka Beograd.

Price: from 2500 dinars.

Organiser: CEBEF.","Pre godinu dana **Lavina** je bila novo ime domaće scene, a posle ""Kraj mene"" i plasmana u finale Evrovizije o bendu priča cela Evropa: srpski progresiv metal sa moćnim vokalima odjednom se našao u udarnom terminu najvećeg pop takmičenja kontinenta.

Veliki beogradski koncert prva je prilika da domaća publika vidi šta stoji iza evrovizijskog uspeha. Najavljeni su produkcijski moćan šou, sve poznate numere i ekskluzivna izvođenja novih pesama.

Koncert organizuje Centar beogradskih festivala CEBEF, na otvorenom prostoru Luke Beograd.

Cena: od 2500 dinara.

Organizator: CEBEF.",21:00,2500,Luka Beograd,"Žorža Klemansoa 37, 11158 Beograd","44.827063,20.473027",https://tickets.rs/post/koncert_grupe_lavina_19_septembra_u_beogradu_2273,tickets.rs,https://tickets.rs/event/lavina_26814,CEBEF,https://www.cebef.rs/,,,,,,"концерт, метал, Евровидение, Лука Београд, сербская сцена","concert, metal, Eurovision, Luka Beograd, Serbian scene","koncert, metal, Evrovizija, Luka Beograd, srpska scena"
9/20/2026,9/20/2026,8/28/2026,842,Person,Marijana Rakočević Zmajček,https://tickets.rs/event/bez_filtera_marijana_rakocevic_zmajcek_27813,sr,TheaterEvent,Монодрама «Bez filtera» Марияны Ракочевич Змайчек в Akademija 28,"The monodrama ""Bez filtera"" by Marijana Rakočević Zmajček at Akademija 28","Monodrama ""Bez filtera"" Marijane Rakočević Zmajček u Akademiji 28",https://raw.githubusercontent.com/newsgl/arsposters/main/842-BezFiltera.webp,,Theatre,"Современная монодрама о том, как выглядел бы один день совсем без фильтров: о мужчинах, диетах «с понедельника», работе и семейном хаосе, наболевшем и смешном. 20 сентября в 20:00, билеты от 1800 динаров.","A modern one-woman show about what a single day would look like with no filters at all: men, diets that start ""on Monday"", work and family chaos, painful and funny at once. 20 September at 20:00, tickets from 1800 dinars.","Moderna monodrama o tome kako bi izgledao jedan dan potpuno bez filtera: o muškarcima, dijetama koje počinju od ponedeljka, poslu i porodičnom haosu, bolno i urnebesno u isto vreme. Igra se 20. septembra u 20.00, karte od 1800 dinara.","Что будет, если прожить один день совсем **без фильтров**: без приукрашенной реальности, дежурных улыбок и «идеальных» кадров? Из этого вопроса выросла современная монодрама, в которой одна женщина проговаривает вслух всё то, о чём обычно молчат за кофе.

Героиня разбирает мужчин, которые не понимают, диеты, начинающиеся «с понедельника», работу, семью и тот самый знаменитый женский хаос, который одновременно выматывает и смешит.

Играет **Марияна Ракочевич Змайчек**, формат камерный и прямой: один голос, никакой четвёртой стены и много узнаваемых ситуаций.

Цена: от 1800 динаров.

Язык: сербский.

Организатор: Miriam Production.","What happens if you live a single day completely **without filters**: no polished reality, no on-duty smiles, no ""perfect"" shots? That question grew into a modern one-woman show in which one performer says out loud everything usually left unsaid over coffee.

The heroine takes apart men who do not understand, diets that start ""on Monday"", work, family and that famous everyday chaos that wears you out and makes you laugh at the same time.

Performed by **Marijana Rakočević Zmajček**, the format is intimate and direct: one voice, no fourth wall and plenty of recognisable situations.

Price: from 1800 dinars.

Language: Serbian.

Organiser: Miriam Production.","Šta bi bilo kada bismo jedan dan proveli potpuno **bez filtera**: bez ulepšane stvarnosti, dežurnih osmeha i savršenih kadrova? Iz tog pitanja nastala je moderna monodrama u kojoj jedna žena naglas izgovara sve ono o čemu se obično ćuti uz kafu.

Junakinja secira muškarce koji ne razumeju, dijete koje počinju od ponedeljka, posao, porodicu i onaj čuveni ženski haos koji istovremeno iscrpljuje i nasmejava.

Igra **Marijana Rakočević Zmajček**, format je kamerni i direktan: jedan glas, bez četvrtog zida i sa mnogo prepoznatljivih situacija.

Cena: od 1800 dinara.

Jezik: srpski.

Organizator: Miriam Production.",20:00,1800,Akademija 28,"Nemanjina 28, 11000 Beograd","44.803498,20.463513",https://tickets.rs/post/bez_filtera_2378,tickets.rs,https://tickets.rs/event/bez_filtera_marijana_rakocevic_zmajcek_27813,Miriam Production,,,,,,,"театр, монодрама, комедия, Akademija 28, сербский язык","theatre, monodrama, comedy, Akademija 28, Serbian language","pozorište, monodrama, komedija, Akademija 28, srpski jezik"
9/20/2026,9/21/2026,8/28/2026,843,TheaterGroup,"Miodrag Dragičević, Miodrag Krstović",https://tickets.rs/event/sledeci_put_kada_dotaknes_dno_27816,sr,TheaterEvent,«Sledeći put kada dotakneš dno» — спектакль по роману Панайотиса Паско в Сава Центре,"""Sledeći put kada dotakneš dno"": a play based on Panayotis Pascot's novel at Sava Centar","""Sledeći put kada dotakneš dno"" — predstava po romanu Panajotisa Paskoa u Sava Centru",https://raw.githubusercontent.com/newsgl/arsposters/main/843-DotaknesDno.webp,,Theatre,"История отца и сына о любви, потере и непроизнесённых словах: сценическая версия французского бестселлера, разошедшегося тиражом более 500 тысяч. Два вечера, 20 и 21 сентября в 20:00, Immersive-зал Сава Центра, билеты от 2200 динаров.","A father-and-son story about love, loss and words never spoken: the stage version of a French bestseller with over 500,000 copies sold. Two evenings, 20 and 21 September at 20:00 in the Immersive Hall of Sava Centar, tickets from 2200 dinars.","Priča o ocu i sinu, o ljubavi, gubitku i neizgovorenim rečima: scenska verzija francuskog bestselera prodatog u više od 500.000 primeraka. Dve večeri, 20. i 21. septembra u 20.00, Immersive sala Sava Centra, karte od 2200 dinara.","«Что происходит со слезами, которые так и не потекли?» Вокруг этого вопроса построен спектакль **«Sledeći put kada dotakneš dno»**: трогательная и жёсткая история об отношениях отца и сына, о любви, утрате и попытке понять тех, кого мы любим сильнее всего.

В основе роман французского писателя **Панайотиса Паско** «La prochaine fois que tu mordras la poussière», один из главных литературных феноменов последних лет: с 2023 года продано больше полумиллиона экземпляров. Театральную адаптацию сделал брат автора Поль Паско, и во Франции она тоже прошла с большим успехом.

В сербской постановке играют **Миодраг Драгичевич** и Миодраг Крстович (специальное участие). Режиссёр Наташа Радулович, автор проекта Любомир Доронтич, музыка Михайло Веруовича (Voyage).

Цена: от 2200 динаров.

Язык: сербский.

Организатор: BRO3 collection.","""What happens to the tears that never fell?"" That question sits at the heart of **""Sledeći put kada dotakneš dno""**: a tender and unsparing story about a father and a son, about love, loss and the attempt to understand the people we love the most.

It is based on the novel ""La prochaine fois que tu mordras la poussière"" by French writer **Panayotis Pascot**, one of the literary phenomena of recent years: over half a million copies sold since 2023. The stage adaptation by the author's brother Paul Pascot was a major success in France as well.

The Serbian production stars **Miodrag Dragičević** with a special appearance by Miodrag Krstović. Directed by Nataša Radulović, project author Ljubomir Dorontić, music by Mihajlo Veruović (Voyage).

Price: from 2200 dinars.

Language: Serbian.

Organiser: BRO3 collection.","Šta se dešava sa suzama koje nikada nisu potekle? Oko tog pitanja građena je predstava **""Sledeći put kada dotakneš dno""**: dirljiva i snažna priča o odnosu oca i sina, o ljubavi, gubitku i pokušaju da razumemo one koje najviše volimo.

U osnovi je roman francuskog pisca **Panajotisa Paskoa** ""La prochaine fois que tu mordras la poussière"", jedan od književnih fenomena poslednjih godina: od 2023. prodato je više od pola miliona primeraka. Pozorišnu adaptaciju potpisuje autorov brat Pol Pasko i ona je u Francuskoj takođe doživela veliki uspeh.

U srpskoj postavci igraju **Miodrag Dragičević** i Miodrag Krstović (specijalna pojava). Režija Nataša Radulović, autor projekta Ljubomir Dorontić, muzika Mihajlo Veruović Voyage.

Cena: od 2200 dinara.

Jezik: srpski.

Organizator: BRO3 collection.",20:00,2200,Sava Centar,"Milentija Popovića 9, 11070 Novi Beograd","44.809354,20.432128",https://tickets.rs/post/sledeci_put_kada_dotaknes_dno_2377,tickets.rs,https://tickets.rs/event/sledeci_put_kada_dotaknes_dno_27816,BRO3 collection,,,,,,,"театр, драма, спектакль, Сава Центар, французская литература","theatre, drama, play, Sava Centar, French literature","pozorište, drama, predstava, Sava Centar, francuska književnost"
9/24/2026,9/24/2026,8/28/2026,844,Person,Alexander Yakovlev,https://tickets.rs/event/alexander_yakovlev_candlelit_concert_in_the_dark_27735,,MusicEvent,Alexander Yakovlev — фортепианный концерт при свечах в КЦ «Влада Дивлян»,Alexander Yakovlev: a candlelit piano concert at the Vlada Divljan Cultural Centre,Alexander Yakovlev — klavirski koncert uz sveće u CzK Vlada Divljan,https://raw.githubusercontent.com/newsgl/arsposters/main/844-Yakovlev.webp,,Concerts,"Пианист с полусотней международных наград играет Рахманинова, Бетховена, Чайковского и Плетнёва в полутьме, при живом пламени свечей. 24 сентября в 19:00, билеты от 1400 динаров.","A pianist with some fifty international awards plays Rachmaninoff, Beethoven, Tchaikovsky and Pletnev in half-darkness, by live candlelight. 24 September at 19:00, tickets from 1400 dinars.","Pijanista sa pedesetak međunarodnih nagrada svira Rahmanjinova, Betovena, Čajkovskog i Pletnjova u polumraku, uz živi plamen sveća. Koncert je 24. septembra u 19.00, karte od 1400 dinara.","Концерт при свечах устроен просто: гаснет свет, остаётся рояль, пламя сотен свечей и музыка. В таком антураже даже знакомые вещи Рахманинова и Чайковского звучат ближе и интимнее, чем в парадном концертном зале.

За роялем **Александр Яковлев**, один из заметных представителей русской фортепианной школы: более 50 наград международных конкурсов, включая первую премию и золотую медаль конкурса имени Поццоли в Италии. Он выступал в Карнеги-холле, женевском Виктория-холле и Берлинской филармонии, сотрудничал с Токийской филармонией и дирижёрами уровня Кента Нагано.

В белградской программе Рахманинов, Бетховен, Чайковский и Плетнёв.

Цена: от 1400 динаров.

Организатор: Andrei Sergeev PR.","The candlelit concert works on a simple principle: the lights go down, leaving a grand piano, the flames of hundreds of candles and the music. In that setting even familiar Rachmaninoff and Tchaikovsky pieces sound closer and more intimate than in a formal concert hall.

At the piano is **Alexander Yakovlev**, a notable representative of the Russian piano school: more than 50 international competition awards, including first prize and the gold medal at the Pozzoli competition in Italy. He has performed at Carnegie Hall, Victoria Hall in Geneva and the Berlin Philharmonie, and worked with the Tokyo Philharmonic and conductors of Kent Nagano's calibre.

The Belgrade programme features Rachmaninoff, Beethoven, Tchaikovsky and Pletnev.

Price: from 1400 dinars.

Organiser: Andrei Sergeev PR.","Koncert uz sveće počiva na jednostavnoj ideji: svetla se gase, ostaju klavir, plamen stotina sveća i muzika. U takvom ambijentu i poznate stranice Rahmanjinova i Čajkovskog zvuče bliže i intimnije nego u svečanoj koncertnoj sali.

Za klavirom je **Aleksandar Jakovlev**, istaknuti predstavnik ruske pijanističke škole: više od 50 nagrada na međunarodnim takmičenjima, uključujući prvu nagradu i zlatnu medalju takmičenja Pozzoli u Italiji. Nastupao je u Karnegi holu, ženevskom Viktorija holu i Berlinskoj filharmoniji, sarađivao sa Tokijskom filharmonijom i dirigentima ranga Kenta Nagana.

Na beogradskom programu su Rahmanjinov, Betoven, Čajkovski i Pletnjov.

Cena: od 1400 dinara.

Organizator: Andrei Sergeev PR.",19:00,1400,Kulturni centar Vlada Divljan,"Mitropolita Petra 8, 11000 Beograd","44.816425,20.485499",https://tickets.rs/post/alexander_yakovlev_candlelit_concert_in_the_dark_2365,tickets.rs,https://tickets.rs/event/alexander_yakovlev_candlelit_concert_in_the_dark_27735,Andrei Sergeev PR,,,,,,,"концерт, классическая музыка, фортепиано, свечи, Влада Дивлян","concert, classical music, piano, candlelight, Vlada Divljan","koncert, klasična muzika, klavir, sveće, Vlada Divljan"
9/25/2026,9/26/2026,8/28/2026,845,MusicGroup,Glen David Andrews Band,https://www.allmusic.com/artist/glen-david-andrews-mn0000242745,,MusicFestival,Glen David Andrews Band — два вечера нью-орлеанского драйва в Bluz i pivo,Glen David Andrews Band: two nights of New Orleans fire at Bluz i pivo,Glen David Andrews Band — dve večeri novoorleanske energije u Bluz i pivu,https://raw.githubusercontent.com/newsgl/arsposters/main/845-GlenDavidAndrews.webp,,Concerts,"Тромбонист и шоумен из Нью-Орлеана возвращается после летнего аншлага: два клубных концерта 25 и 26 сентября в 21:00, а 25-го вечер откроет уличный Second Line парад по Цетиньской с 19:00. Билеты от 2600 динаров, комплект на оба вечера 4900.","The New Orleans trombonist and showman returns after a sold-out summer visit: two club shows on 25 and 26 September at 21:00, with a Second Line street parade along Cetinjska from 19:00 on the 25th. Tickets from 2600 dinars, a two-night pass for 4900.","Trombonista i šoumen iz Nju Orleansa vraća se posle letošnjeg rasprodatog koncerta: dva klupska nastupa 25. i 26. septembra u 21.00, a 25. septembra veče otvara Second Line parada Cetinjskom od 19.00. Karte od 2600 dinara, komplet za obe večeri 4900.","Летний концерт **Глена Дэвида Эндрюса** в Белграде закончился парадом по Цетиньской и переполненным клубом, поэтому осенью музыкант возвращается сразу на два вечера.

Эндрюс вырос в нью-орлеанском районе Treme, в семье, из которой вышло полгорода музыкантов, и на сцене делает ровно то, чем славится его город: джаз, фанк, соул и блюз, смешанные в одно горячее шоу, где тромбон, голос и публика работают на равных.

Первый вечер начнётся по нью-орлеанскому обычаю: **Second Line парадом** по Цетиньской улице, который стартует за два часа до концерта и заводит квартал ещё до первых нот в клубе.

Программа двух вечеров различается, для полного погружения продаётся комплект на оба.

Цена: от 2600 динаров за вечер, комплект на два вечера 4900.

Организатор: Hoochie Coochie.","**Glen David Andrews**' summer concert in Belgrade ended with a street parade along Cetinjska and a packed club, so this autumn the musician returns for two nights in a row.

Andrews grew up in Treme, the New Orleans neighbourhood whose families produced half the city's musicians, and on stage he delivers exactly what his hometown is famous for: jazz, funk, soul and blues blended into one hot show where trombone, voice and audience work as equals.

The first evening opens the New Orleans way: with a **Second Line parade** along Cetinjska street, starting two hours before the concert and warming up the whole block before the first notes inside.

The two nights have different programmes, and a two-night pass is sold for the full experience.

Price: from 2600 dinars per night, two-night pass 4900.

Organiser: Hoochie Coochie.","Letošnji koncert **Glena Dejvida Endrjuza** u Beogradu završen je paradom kroz Cetinjsku i prepunim klubom, pa se muzičar na jesen vraća sa dva uzastopna nastupa.

Endrjuz je odrastao u novoorleanskom kvartu Treme, u porodici iz koje je poteklo pola muzičkog Nju Orleansa, i na bini radi upravo ono po čemu je njegov grad čuven: džez, fank, soul i bluz spojene u vreo šou u kojem trombon, glas i publika učestvuju ravnopravno.

Prvo veče počinje po novoorleanskom običaju: **Second Line paradom** Cetinjskom ulicom, koja kreće dva sata pre koncerta i zagreva kraj pre prvih nota u klubu.

Program dve večeri se razlikuje, a za potpun doživljaj prodaje se komplet za oba nastupa.

Cena: od 2600 dinara po večeri, komplet za obe večeri 4900.

Organizator: Hoochie Coochie.",21:00,2600,Bluz i pivo,"Cetinjska 15, 11000 Beograd","44.817841,20.465828",https://tickets.rs/post/glen_david_andrews_band_2348,tickets.rs,https://tickets.rs/event/glen_david_andrews_band_27642,Hoochie Coochie,,,,,,,"концерт, джаз, фанк, Нью-Орлеан, Bluz i pivo","concert, jazz, funk, New Orleans, Bluz i pivo","koncert, džez, fank, Nju Orleans, Bluz i pivo"
10/2/2026,10/2/2026,8/28/2026,846,Person,Mile Kekin,https://hr.wikipedia.org/wiki/Mile_Kekin,,MusicEvent,Mile Kekin — фронтмен Hladno pivo с сольной программой на Zappa Barka,Mile Kekin: the Hladno pivo frontman brings his solo set to Zappa Barka,Mile Kekin — frontmen Hladnog piva sa solo programom na Zappa Barci,https://raw.githubusercontent.com/newsgl/arsposters/main/846-MileKekin.webp,,Concerts,"Полсотни песен из всех периодов: стандарты Hladno pivo, сольные вещи и премьеры с осеннего альбома, впервые для белградской публики. 2 октября в 21:00, билеты от 2500 динаров.","Some fifty songs from every period: Hladno pivo standards, solo material and first Belgrade previews of the upcoming autumn album. 2 October at 21:00, tickets from 2500 dinars.","Pedesetak pesama iz svih perioda: standardi Hladnog piva, solo numere i premijere sa jesenjeg albuma, prvi put pred beogradskom publikom. Koncert je 2. oktobra u 21.00, karte od 2500 dinara.","**Миле Кекин** двадцать с лишним лет был голосом загребских панк-рокеров **Hladno pivo**, а теперь строит сольную карьеру, которая от хитов старой группы не отказывается. На барже он сыграет впервые и обещает раскачать её как следует: в программе около 50 песен из всех периодов и больше двух часов музыки.

Повод для приезда весомый: осенью выходит новый сольный альбом. Сингл «Neispravni vokalist» уже несколько месяцев держится в верхушках хорватских и региональных чартов, а «Treći svijet» записан вместе с Срджаном Джино Евджевичем из Kultur Shock. Белградская публика услышит новые песни первой.

Кекин известен привычкой перемешивать сет-лист так, что даже старые фанаты не угадывают следующую песню, так что заранее известно одно: скучных пауз не будет.

Цена: от 2500 динаров.

Организатор: Long Play.","For over twenty years **Mile Kekin** was the voice of Zagreb punk rockers **Hladno pivo**, and his solo career keeps the old band's hits firmly in the set. This is his first show on the barge, and he promises to rock it properly: around 50 songs from every period and more than two hours of music.

There is a solid occasion too: a new solo album arrives this autumn. The single ""Neispravni vokalist"" has spent months at the top of Croatian and regional charts, and ""Treći svijet"" was recorded with Srđan Đino Jevđević of Kultur Shock. Belgrade hears the new songs first.

Kekin is famous for reshuffling his set lists so thoroughly that even die-hard fans cannot guess the next song, so one thing is certain in advance: there will be no dull moments.

Price: from 2500 dinars.

Promoter: Long Play.","**Mile Kekin** je više od dve decenije bio glas zagrebačkih pank rokera **Hladnog piva**, a solo karijeru gradi ne odričući se hitova matičnog benda. Na barci svira prvi put i obećava da će je dobro zaljuljati: na programu je pedesetak pesama iz svih perioda i više od dva sata muzike.

Povod je ozbiljan: na jesen izlazi novi solo album. Singl ""Neispravni vokalist"" mesecima je u vrhovima hrvatskih i regionalnih lista, a ""Treći svijet"" snimljen je sa Srđanom Đinom Jevđevićem iz Kultur Shocka. Beogradska publika nove pesme čuće prva.

Kekin je poznat po tome da set-listu meša tako da ni najtvrđi fanovi ne pogađaju sledeću pesmu, pa je unapred izvesno samo jedno: dosadnih pauza neće biti.

Cena: od 2500 dinara.

Organizator: Long Play.",21:00,2500,Nova Zappa Barka,"Bulevar vojvode Bojovića, kej kod Kule Nebojša, 11000 Beograd","44.828226,20.446185",https://tickets.rs/post/mile_kekin_ce_2_oktobra_zaljuljati_zappa_barku_starim_i_novim_hitovima_2309,tickets.rs,https://tickets.rs/tour/mile_kekin_628,Long Play,,,,,,,"концерт, панк-рок, Hladno pivo, Zappa Barka, региональная сцена","concert, punk rock, Hladno pivo, Zappa Barka, regional scene","koncert, pank rok, Hladno pivo, Zappa Barka, regionalna scena"
10/9/2026,10/11/2026,8/28/2026,847,Organization,Arhisolar,https://tickets.rs/event/odrziva_arhitektura_enterijer_27732,,EducationEvent,«Održiva arhitektura & enterijer» — конгресс об устойчивой архитектуре в Кинотеке,Sustainable Architecture & Interior 2026: a congress at the Yugoslav Film Archive,Održiva arhitektura & enterijer 2026 — kongres u Jugoslovenskoj kinoteci,https://raw.githubusercontent.com/newsgl/arsposters/main/847-OdrzivaArhitektura.webp,,Lectures,"Восьмой международный конгресс об устойчивой архитектуре и интерьере: десять лекторов из десяти стран, среди которых лауреаты главных мировых архитектурных премий, плюс выставки. С 9 по 11 октября, билеты от 3800 динаров (даты продажи охватывают выходные дни конгресса).","The eighth international congress on sustainable architecture and interiors: ten speakers from ten countries, including winners of the world's top architecture prizes, plus exhibitions. 9-11 October, tickets from 3800 dinars (ticketed days cover the congress weekend).","Osmi međunarodni kongres o održivoj arhitekturi i enterijeru: deset predavača iz deset zemalja, među njima dobitnici najvećih svetskih arhitektonskih nagrada, uz prateće izložbe. Od 9. do 11. oktobra, karte od 3800 dinara (prodaja pokriva vikend kongresa).","Единственная в регионе манифестация, целиком посвящённая устойчивой архитектуре и интерьеру, проходит в восьмой раз. Формула прежняя: конгресс с лекциями, сопутствующие выставки и прямое общение архитекторов, дизайнеров, инженеров, студентов и инвесторов.

Главный аргумент программы: **десять лекторов из десяти стран**, отобранных из мировой профессиональной элиты. За прошлые выпуски на сцене конгресса выступили 73 спикера почти со всех континентов, включая лауреатов **Притцкеровской премии**, EUmies Awards, RIBA и наград ArchDaily, Architizer и Dezeen.

Площадка тоже часть удовольствия: залы Югославской кинотеки в самом центре города.

Событие рассчитано в первую очередь на профессиональную и студенческую аудиторию.

Цена: от 3800 динаров.

Организатор: Arhisolar.","The region's only event fully dedicated to sustainable architecture and interiors runs for the eighth time. The formula stays the same: a congress with lectures, accompanying exhibitions and direct contact between architects, interior designers, engineers, students and investors.

The programme's main draw: **ten speakers from ten countries**, drawn from the profession's world elite. Previous editions hosted 73 speakers from almost every continent, including winners of the **Pritzker Prize**, EUmies Awards, RIBA and awards from ArchDaily, Architizer and Dezeen.

The venue is part of the pleasure too: the halls of the Yugoslav Film Archive in the very centre of the city.

The event is aimed primarily at professionals and students of the field.

Price: from 3800 dinars.

Organiser: Arhisolar.","Jedina manifestacija u regionu u potpunosti posvećena održivoj arhitekturi i enterijeru održava se osmi put. Formula je ista: kongres sa predavanjima, prateće izložbe i direktan kontakt arhitekata, dizajnera enterijera, inženjera, studenata i investitora.

Glavni adut programa: **deset predavača iz deset zemalja**, biranih iz svetske profesionalne elite. Na dosadašnjim izdanjima nastupila su 73 predavača sa gotovo svih kontinenata, uključujući dobitnike **Prickerove nagrade**, EUmies Awards, RIBA i priznanja ArchDaily, Architizer i Dezeen.

I prostor je deo doživljaja: sale Jugoslovenske kinoteke u samom centru grada.

Događaj je namenjen pre svega stručnoj i studentskoj publici.

Cena: od 3800 dinara.

Organizator: Arhisolar.",10:00,3800,Jugoslovenska kinoteka,"Uzun Mirkova 1, 11000 Beograd","44.819594,20.455890",https://tickets.rs/post/odrziva_arhitektura_enterijer_2369,tickets.rs,https://tickets.rs/event/odrziva_arhitektura_enterijer_27732,Arhisolar,,,,,,,"конгресс, архитектура, дизайн, лекции, Кинотека","congress, architecture, design, lectures, Kinoteka","kongres, arhitektura, dizajn, predavanja, Kinoteka"
10/20/2026,10/20/2026,8/28/2026,848,TheaterGroup,"Adnan Alić, Melissa Čeliković",https://tickets.rs/event/predstava_selo_moje_lepse_od_pariza_28157,sr,TheaterEvent,Комедия «Selo moje lepše od Pariza» в Akademija 28,"The comedy ""Selo moje lepše od Pariza"" at Akademija 28","Komedija ""Selo moje lepše od Pariza"" u Akademiji 28",https://raw.githubusercontent.com/newsgl/arsposters/main/848-SeloMojeLepse.webp,,Theatre,"Региональная хит-комедия о боснийце и парижанке, которые приезжают «отдохнуть» в его родное село: сено, навоз, овцы под окном и культурный шок. 20 октября в 20:00, билеты от 1500 динаров.","A regional hit comedy about a Bosnian and a Parisian who come to his home village ""for a holiday"": hay, manure, sheep under the window and full culture shock. 20 October at 20:00, tickets from 1500 dinars.","Regionalna hit komedija o Bosancu i Parižanki koji stižu u njegovo rodno selo na odmor: seno, balega, ovce ispod prozora i potpuni kulturološki šok. Igra se 20. oktobra u 20.00, karte od 1500 dinara.","Он вырос в селе, где день отмеряют по крику петуха и выгону коров. Она коренная парижанка, выучившая язык из любви, но эту сторону его жизни ещё не видевшая. Комедия **«Selo moje lepše od Pariza»** отправляет пару «на отдых» в его родные края и с удовольствием наблюдает за столкновением миров.

Для него это возвращение домой: запах луга, домашняя еда, знакомые лица. Для неё культурный шок в чистом виде: сено, полевой туалет, опанки и овцы под окном. Может ли любовь выжить без асфальта и кофемашины, и может ли одно село правда быть красивее Парижа?

Играют **Аднан Алич** и **Мелисса Челикович**, продюсер Trio Media. Спектакль объездил регион со стабильными аншлагами, обещание авторов простое: смех до слёз гарантирован.

Цена: от 1500 динаров.

Язык: сербский (боснийский).

Организатор: VIP Eleven.","He grew up in a village where the day is measured by the rooster's crow and the cows heading to pasture. She is a born Parisian who learned the language out of love but has never seen this side of his life. The comedy **""Selo moje lepše od Pariza""** sends the couple ""on holiday"" to his home region and happily watches the worlds collide.

For him it is a homecoming: the smell of the meadow, home cooking, familiar faces. For her it is culture shock in its purest form: hay, an outdoor toilet, peasant shoes and sheep under the window. Can love survive without asphalt and a coffee machine, and can one village really be prettier than Paris?

Starring **Adnan Alić** and **Melissa Čeliković**, produced by Trio Media. The show has toured the region to steady full houses, and the authors' promise is simple: tears of laughter guaranteed.

Price: from 1500 dinars.

Language: Serbian (Bosnian).

Organiser: VIP Eleven.","On je odrastao na selu gde se dan meri po zvuku horoza i izgonu krava. Ona je rođena Parižanka koja je jezik naučila iz ljubavi, ali ovu stranu njegovog života još nije videla. Komedija **""Selo moje lepše od Pariza""** šalje par na odmor u njegov rodni kraj i sa uživanjem posmatra sudar svetova.

Za njega je to povratak kući: miris livade, domaća hrana, poznata lica. Za nju kulturološki šok u čistom obliku: seno, poljski WC, opanci i ovce ispod prozora. Može li ljubav da preživi bez asfalta i kafe aparata, i može li jedno selo stvarno biti lepše od Pariza?

Igraju **Adnan Alić** i **Melissa Čeliković**, produkcija Trio Media. Predstava je obišla region uz redovno pune sale, a obećanje autora je jednostavno: smeh do suza zagarantovan.

Cena: od 1500 dinara.

Jezik: srpski (bosanski).

Organizator: VIP Eleven.",20:00,1500,Akademija 28,"Nemanjina 28, 11000 Beograd","44.803498,20.463513",https://tickets.rs/post/predstava_selo_moje_lepse_od_pariza_2388,tickets.rs,https://tickets.rs/event/predstava_selo_moje_lepse_od_pariza_28157,VIP Eleven,,,,,,,"театр, комедия, спектакль, Akademija 28, региональный хит","theatre, comedy, play, Akademija 28, regional hit","pozorište, komedija, predstava, Akademija 28, regionalni hit"
10/21/2026,10/21/2026,8/28/2026,849,Person,Zvonko Bogdan,https://en.wikipedia.org/wiki/Zvonko_Bogdan,,MusicEvent,"Zvonko Bogdan — «Воспоминания о времени, которое не повторится» в Сава Центре","Zvonko Bogdan: ""Memories of a time that will not return"" at Sava Centar","Zvonko Bogdan — ""Uspomene na vreme koje se više ponoviti neće"" u Sava Centru",https://raw.githubusercontent.com/newsgl/arsposters/main/849-ZvonkoBogdan.webp,,Concerts,"Хранитель паннонской шансоны с тамбурашским оркестром Радио-телевидения Воеводины: «Ej salaši na severu Bačke», «Govori se da me varaš» и другие вечные песни. 21 октября в 20:00 в Плавой дворане, билеты от 2500 динаров.","The keeper of the Pannonian chanson with the tamburitza orchestra of Radio Television Vojvodina: ""Ej salaši na severu Bačke"", ""Govori se da me varaš"" and other timeless songs. 21 October at 20:00 in the Blue Hall, tickets from 2500 dinars.","Čuvar panonske šansone uz Tamburaški orkestar Radio-televizije Vojvodine: ""Ej salaši na severu Bačke"", ""Govori se da me varaš"" i druge bezvremenske pesme. Koncert je 21. oktobra u 20.00 u Plavoj dvorani, karte od 2500 dinara.","Есть артисты, чьи песни принадлежат не музыке, а памяти. **Звонко Богдан** ровно из таких: хранитель паннонской шансоны, летописец равнины, богемной жизни и любви, которая поётся под тамбуру. Его песни хранят запах салашей и истории людей, оставивших след в целых поколениях.

После череды памятных концертов в Сава Центре он возвращается к белградской публике с программой **«Uspomene na vreme koje se više ponoviti neće»**. Старшим она напомнит лучшие годы, младшим покажет дух времени, которое живёт только в песне.

Аккомпанирует **тамбурашский оркестр Радио-телевидения Воеводины**. В программе «Ej salaši na severu Bačke», «Prošle su mnoge ljubavi», «Već odavno spremam svog mrkova», «Govori se da me varaš», «Kraj jezera jedna kuća mala» и другие песни, отмеченные временем.

Цена: от 2500 динаров.

Организатор: Chloe Production.","Some artists' songs belong less to music than to memory. **Zvonko Bogdan** is exactly that kind: the keeper of the Pannonian chanson, chronicler of the plain, of bohemian life and of love sung to the tamburitza. His songs carry the scent of farmsteads and the stories of people who marked whole generations.

After a string of memorable Sava Centar concerts, he returns to the Belgrade audience with the programme **""Uspomene na vreme koje se više ponoviti neće""**. For older listeners it recalls their best years; for younger ones it opens the spirit of a time that lives only in song.

He is accompanied by the **tamburitza orchestra of Radio Television Vojvodina**. The set includes ""Ej salaši na severu Bačke"", ""Prošle su mnoge ljubavi"", ""Već odavno spremam svog mrkova"", ""Govori se da me varaš"", ""Kraj jezera jedna kuća mala"" and other songs marked by time.

Price: from 2500 dinars.

Promoter: Chloe Production.","Postoje umetnici čije pesme ne pripadaju samo muzici, već uspomenama. **Zvonko Bogdan** je upravo takav: čuvar panonske šansone, hroničar ravnice, boemskog života i ljubavi koja se peva uz tamburu. Njegove pesme čuvaju miris salaša i priče o ljudima koji su obeležili generacije.

Posle niza nezaboravnih koncerata u Sava Centru, on se vraća beogradskoj publici sa programom **""Uspomene na vreme koje se više ponoviti neće""**. Starije će podsetiti na najlepše godine, mlađima otkriti duh vremena koje živi samo kroz pesmu.

Prati ga **Tamburaški orkestar Radio-televizije Vojvodine**. Na repertoaru su ""Ej salaši na severu Bačke"", ""Prošle su mnoge ljubavi"", ""Već odavno spremam svog mrkova"", ""Govori se da me varaš"", ""Kraj jezera jedna kuća mala"" i druge pesme koje je vreme overilo.

Cena: od 2500 dinara.

Organizator: Chloe Production.",20:00,2500,Sava Centar - Plava dvorana,"Milentija Popovića 9, 11070 Novi Beograd","44.809354,20.432128",https://tickets.rs/post/zvonko_bogdan_2361,tickets.rs,https://tickets.rs/event/zvonko_bogdan_25347,Chloe Production,,,,,,,"концерт, тамбура, шансона, Воеводина, Сава Центар","concert, tamburitza, chanson, Vojvodina, Sava Centar","koncert, tambura, šansona, Vojvodina, Sava Centar"
10/22/2026,10/23/2026,8/28/2026,850,MusicGroup,Bajaga i Instruktori,https://en.wikipedia.org/wiki/Bajaga_i_Instruktori,,MusicFestival,Bajaga & Instruktori — два особых вечера в Сава Центре,Bajaga & Instruktori: two special evenings at Sava Centar,Bajaga & Instruktori — dve posebne večeri u Sava Centru,https://raw.githubusercontent.com/newsgl/arsposters/main/850-BajagaInstruktori.webp,,Concerts,"После юбилейного тура и концерта на Ушче группа возвращается к белградской публике: редкие версии песен и гости-сюрпризы. 22 и 23 октября в 20:00 в Плавой дворане, билеты от 3400 динаров.","After the anniversary tour and the Ušće concert, the band returns to its Belgrade audience: rare versions of songs and surprise guests. 22 and 23 October at 20:00 in the Blue Hall, tickets from 3400 dinars.","Posle jubilarne turneje i koncerta na Ušću bend se vraća beogradskoj publici: retke verzije pesama i gosti iznenađenja. Koncerti su 22. i 23. oktobra u 20.00 u Plavoj dvorani, karte od 3400 dinara.","Прошло чуть больше двух лет с большого юбилейного тура, величественного концерта на Ушче и презентации книги «Pesme», и **Bajaga i Instruktori** снова зовут белградскую публику на встречу: сначала был назначен один вечер в Плавой дворане, но билеты разошлись так, что добавили второй.

Обещания конкретные: версии песен, которых публика ещё не слышала, и **гости, которые станут сюрпризом** для каждого зрителя. Для группы, чьи «Плави сафир», «Годины пролазе» и «Ти се љубиш» десятилетиями поют хором, такой формат почти интимный: большой зал, но разговор со «своими».

Момчило Баягич Баяга собрал группу в 1984 году, и с тех пор она остаётся одним из главных имён рока бывшей Югославии.

Цена: от 3400 динаров.

Организатор: GMR.","A little over two years have passed since the big anniversary tour, the majestic Ušće concert and the ""Pesme"" book launch, and **Bajaga i Instruktori** invite their Belgrade audience back: one Blue Hall evening was scheduled first, and ticket demand added a second.

The promises are specific: versions of songs the audience has not heard before, and **surprise guests** for every listener. For a band whose ""Plavi safir"", ""Godine prolaze"" and ""Ti se ljubiš"" have been sung in choir for decades, the format feels almost intimate: a big hall, but a conversation among their own.

Momčilo Bajagić Bajaga formed the band in 1984, and it remains one of the defining names of former Yugoslav rock.

Price: from 3400 dinars.

Promoter: GMR.","Prošlo je nešto više od dve godine od velike jubilarne turneje, veličanstvenog koncerta na Ušću i promocije knjige ""Pesme"", i **Bajaga i Instruktori** ponovo zovu beogradsku publiku na druženje: prvo je zakazano jedno veče u Plavoj dvorani, a tražnja je dodala i drugo.

Obećanja su konkretna: izvedbe pesama kakve publika do sada nije čula i **gosti koji će biti pravo iznenađenje**. Za bend čiji se ""Plavi safir"", ""Godine prolaze"" i ""Ti se ljubiš"" decenijama pevaju u glas, ovakav format je gotovo intiman: velika sala, ali razgovor sa svojima.

Momčilo Bajagić Bajaga okupio je bend 1984. godine i on je do danas jedno od najvažnijih imena roka bivše Jugoslavije.

Cena: od 3400 dinara.

Organizator: GMR.",20:00,3400,Sava Centar - Plava dvorana,"Milentija Popovića 9, 11070 Novi Beograd","44.809354,20.432128",https://tickets.rs/post/bajaga_instruktori_2326,tickets.rs,https://tickets.rs/tour/bajaga_instruktori_1359,GMR,,,,,,,"концерт, рок, югославский рок, Сава Центар, Баяга","concert, rock, Yugoslav rock, Sava Centar, Bajaga","koncert, rok, jugoslovenski rok, Sava Centar, Bajaga"
10/23/2026,10/23/2026,8/28/2026,851,Person,Katarina Grujić,https://sr.wikipedia.org/wiki/%D0%9A%D0%B0%D1%82%D0%B0%D1%80%D0%B8%D0%BD%D0%B0_%D0%93%D1%80%D1%83%D1%98%D0%B8%D1%9B,,MusicEvent,Katarina Grujić — первый сольный концерт в mts Dvorana,Katarina Grujić: her first solo concert at mts Dvorana,Katarina Grujić — prvi solistički koncert u mts Dvorani,https://raw.githubusercontent.com/newsgl/arsposters/main/851-KatarinaGrujic.webp,,Concerts,"Полтора десятилетия на вершине эстрады и ни одного сольника: поп-фолк певица, вышедшая из «Звезда Гранда», закрывает этот пробел большим концертом 23 октября в 20:00. Билеты по выбору места в зале.","A decade and a half at the top of the pop scene and not a single solo show: the pop-folk singer who emerged from ""Zvezde Granda"" fixes that with a big concert on 23 October at 20:00. Tickets priced by seat.","Deceniju i po u samom vrhu estrade, a nijedan solistički koncert: pop-folk pevačica ponikla iz ""Zvezda Granda"" ispravlja to velikim nastupom 23. oktobra u 20.00. Karte po izboru mesta u sali.","**Катарина Груич** появилась на сцене в начале 2010-х в самом рейтинговом музыкальном шоу региона «Звезде Гранда», дошла до финала и с тех пор стабильно держится в верхнем эшелоне эстрады: клубы и площадки по всему миру, узнаваемый тембр и харизма, о которой говорят даже те, кто жанр не слушает.

При этом за полтора десятилетия карьеры у неё ни разу не было большого сольного концерта. Вечер в mts Dvorana закрывает именно этот пробел, и для поклонницы её баллад и клубных хитов это шанс услышать всё сразу, в полной концертной версии.

Цена: по выбору места в зале, продажа через схему зала на tickets.rs.

Организатор: Bormar Music.","**Katarina Grujić** appeared in the early 2010s on ""Zvezde Granda"", the region's highest-rated music show, reached the final and has held a place in the pop-folk top tier ever since: clubs and venues worldwide, a recognisable voice and the kind of charisma even non-listeners of the genre mention.

Yet in fifteen years of career she has never played a full solo concert. The evening at mts Dvorana closes exactly that gap, giving fans of her ballads and club hits the chance to hear everything at once, in a full concert setting.

Price: by seat selection, sold through the venue map on tickets.rs.

Promoter: Bormar Music.","**Katarina Grujić** pojavila se početkom 2010-ih u najgledanijem muzičkom takmičenju regiona ""Zvezde Granda"", stigla do finala i od tada se stabilno drži u vrhu estrade: klubovi i pozornice širom sveta, prepoznatljiva boja glasa i harizma o kojoj govore i oni koji žanr ne slušaju.

Pri svemu tome, za deceniju i po karijere nikada nije održala veliki solistički koncert. Veče u mts Dvorani zatvara upravo tu prazninu, a ljubiteljima njenih balada i klupskih hitova pruža priliku da sve čuju odjednom, u punoj koncertnoj verziji.

Cena: po izboru mesta u sali, prodaja preko mape sale na tickets.rs.

Organizator: Bormar Music.",20:00,,mts Dvorana,"Dečanska 14, 11000 Beograd","44.813220,20.462629",https://tickets.rs/post/katarina_grujic_2282,tickets.rs,https://tickets.rs/event/katarina_grujic_26907,Bormar Music,,,,,,,"концерт, поп-фолк, эстрада, mts Dvorana, сербская сцена","concert, pop-folk, Serbian pop, mts Dvorana, Serbian scene","koncert, pop-folk, estrada, mts Dvorana, srpska scena"
10/24/2026,10/24/2026,8/28/2026,852,Person,Ane Paška,https://tickets.rs/event/ane_paska_28060,,MusicEvent,Ane Paška — «Салон для украшения души» на Dorćol Platz,"Ane Paška brings her ""Salon for beautifying the soul"" to Dorćol Platz","Ane Paška — ""Salon za ulepšavanje duše"" u Dorćol Platzu",https://raw.githubusercontent.com/newsgl/arsposters/main/852-AnePaska.webp,,Concerts,"Хорватская мультимедийная артистка возвращается в Белград спустя два года со своим фирменным жанром KONCART: песня, рассказ, юмор и повседневность в одном перформансе. 24 октября в 20:00, билеты от 2300 динаров.","The Croatian multimedia artist returns to Belgrade after two years with her signature KONCART format: song, storytelling, humour and everyday life in one performance. 24 October at 20:00, tickets from 2300 dinars.","Hrvatska multimedijalna umetnica vraća se u Beograd posle dve godine sa svojim prepoznatljivim žanrom KONCART: pesma, priča, humor i svakodnevica u jednom performansu. Nastup je 24. oktobra u 20.00, karte od 2300 dinara.","**Ане Пашка** называет свой жанр KONCART: наполовину концерт, наполовину художественный ритуал, где встречаются песня, рассказ, голос, юмор и повседневная жизнь. Программа «Salon za ulepšavanje duše» каждый раз выходит немного другой, потому что рождается из встречи с конкретным пространством и конкретными людьми.

Артистка родом с острова Паг закончила драматургию в Загребе и магистратуру по кино и видео в Сплите, выпустила книги «Slikovnica od pidžame» и «JaMajka dream» с одноимёнными музыкальными перформансами, а с 2018 года собирает залы по всей Хорватии с перформансом «IMPROVIZIJE». Продюсер Марияна Радош назвала её основательницей хорватской EXTRADE.

На сцене её сопровождают аккордеон, гитара, кахон и клавиши. Два предыдущих белградских вечера прошли при полном зале, число билетов и в этот раз ограничено. После выступления можно купить альбомы с автографом.

Цена: от 2300 динаров.

Организатор: Long Play.","**Ane Paška** calls her genre KONCART: half concert, half artistic ritual, where song, storytelling, voice, humour and everyday life meet. The programme ""Salon za ulepšavanje duše"" turns out slightly different every time, because it grows out of the encounter with a specific space and specific people.

Born on the island of Pag, she studied dramaturgy in Zagreb and completed a master's in film and video in Split, published the books ""Slikovnica od pidžame"" and ""JaMajka dream"" with performances of the same names, and since 2018 has filled halls across Croatia with her performance ""IMPROVIZIJE"". Producer Marijana Radoš called her the founder of Croatian EXTRADE.

On stage she is joined by accordion, guitar, cajon and keys. Her two previous Belgrade evenings played to full rooms, and tickets are limited this time as well. Signed albums are available after the show.

Price: from 2300 dinars.

Promoter: Long Play.","**Ane Paška** svoj žanr zove KONCART: pola koncert, pola umetnički ritual u kojem se susreću pesma, priča, glas, humor i svakodnevni život. Program ""Salon za ulepšavanje duše"" svaki put ispadne malo drugačiji, jer nastaje u susretu sa konkretnim prostorom i konkretnim ljudima.

Umetnica rodom sa Paga diplomirala je dramaturgiju u Zagrebu i završila master film i video u Splitu, objavila knjige ""Slikovnica od pidžame"" i ""JaMajka dream"" praćene istoimenim muzičkim performansima, a od 2018. puni sale širom Hrvatske performansom ""IMPROVIZIJE"". Producentkinja Marijana Radoš nazvala ju je začetnicom hrvatske EXTRADE.

Na sceni je prate harmonika, gitara, kahon i klavijature. Dve prethodne beogradske večeri protekle su uz pune sale, a broj karata je i ovog puta ograničen. Posle nastupa mogu se kupiti albumi uz potpis umetnice.

Cena: od 2300 dinara.

Organizator: Long Play.",20:00,2300,Dorćol Platz,"Dobračina 59b, 11000 Beograd","44.823336,20.466982",https://tickets.rs/post/ane_paska_2383,tickets.rs,https://tickets.rs/event/ane_paska_28060,Long Play,,,,,,,"концерт, перформанс, авторская музыка, Dorćol Platz, хорватская сцена","concert, performance, singer-songwriter, Dorćol Platz, Croatian scene","koncert, performans, autorska muzika, Dorćol Platz, hrvatska scena"
10/24/2026,10/25/2026,8/28/2026,876,Person,Jakov Jozinović,https://jakovjozinovic.hr/,,MusicFestival,Jakov Jozinović — два вечера Arena Beograd 360° в туре Ja za čuda letim,Jakov Jozinović: two Arena Beograd 360° nights on the Ja za čuda letim tour,Jakov Jozinović — dve večeri Arena Beograd 360° na turneji Ja za čuda letim,https://raw.githubusercontent.com/newsgl/arsposters/main/876-JakovJozinovic.webp,,Concerts,"Хорватский феномен новой генерации, начавший с вирусных каверов, даёт самые большие концерты своей карьеры: два вечера в Арене в формате 360 градусов, 24 и 25 октября в 20:00. Билеты от 2500 динаров.","The Croatian phenomenon of the new generation, who started with viral covers, plays the biggest concerts of his career: two Arena nights in a 360-degree format, 24 and 25 October at 20:00. Tickets from 2500 dinars.","Hrvatski fenomen nove generacije, koji je krenuo od viralnih obrada, drži najveće koncerte karijere: dve večeri u Areni u formatu 360 stepeni, 24. i 25. oktobra u 20.00. Karte od 2500 dinara.","Ещё недавно **Яков Йозинович** был парнем из вирусных роликов, а летом уже играл свой первый фестивальный сет на Arsenal Fest. Теперь новый масштаб: два вечера подряд в Белградской арене, причём в редком для неё формате **360 градусов**, со сценой в центре зала.

Йозиновича называют одним из самых узнаваемых голосов новой генерации региона: череда вирусных хитов сделала его феноменом, за которым следят от Загреба до Скопье. Тур «Ja za čuda letim» обещает новый визуальный и музыкальный уровень: сильная эмоция плюс современная продакшн-часть.

Второй вечер добавили после того, как разошёлся первый: спрос на белградские концерты оказался выше любых ожиданий.

Цена: от 2500 динаров. Отдельно продаётся организованный трансфер из городов Сербии.

Организатор: Camerata Ragusina и Kamarad Produkcija.","Not long ago **Jakov Jozinović** was the guy from viral videos; by the summer he was playing his first festival set at Arsenal Fest. Now comes a new scale: two consecutive nights at the Belgrade Arena, in the hall's rare **360-degree** format with the stage at the centre.

Jozinović is called one of the most recognisable voices of the region's new generation: a string of viral hits made him a phenomenon followed from Zagreb to Skopje. The ""Ja za čuda letim"" tour promises a new visual and musical level: strong emotion plus modern production.

The second night was added after the first sold through: demand for the Belgrade concerts exceeded every expectation.

Price: from 2500 dinars. Organised transfers from cities across Serbia are sold separately.

Promoters: Camerata Ragusina and Kamarad Produkcija.","Do juče je **Jakov Jozinović** bio momak iz viralnih snimaka, a već ovog leta odsvirao je prvi festivalski nastup na Arsenal Festu. Sada stiže novi nivo: dve večeri zaredom u Beogradskoj areni, i to u retkom formatu **360 stepeni**, sa binom u centru dvorane.

Jozinovića zovu jednim od najprepoznatljivijih vokala nove generacije regiona: niz viralnih hitova učinio ga je fenomenom koji se prati od Zagreba do Skoplja. Turneja ""Ja za čuda letim"" obećava novi vizuelni i muzički doživljaj: snažna emocija uz modernu produkciju.

Druga večer dodata je pošto je prva planula: interesovanje za beogradske koncerte premašilo je sva očekivanja.

Cena: od 2500 dinara. Posebno se prodaje organizovan prevoz iz gradova Srbije.

Organizatori: Camerata Ragusina i Kamarad Produkcija.",20:00,2500,Beogradska Arena,"Bulevar Arsenija Čarnojevića 58, 11070 Beograd","44.814123,20.421388",https://tickets.rs/post/jakov_jozinovic_ja_za_cuda_letim_2286,tickets.rs,https://tickets.rs/event/jakov_jozinovic_ja_za_cuda_letim_26844,Camerata Ragusina / Kamarad Produkcija,https://jakovjozinovic.hr/,,,,,,"концерт, поп, новая генерация, Beogradska Arena, хорватская сцена","concert, pop, new generation, Belgrade Arena, Croatian scene","koncert, pop, nova generacija, Beogradska Arena, hrvatska scena"
11/2/2026,11/2/2026,8/28/2026,853,Organization,HistoryCast,https://tickets.rs/event/historycast_live_srbi_i_hrvati_istorija_27648,sr,EducationEvent,HistoryCast LIVE «Сербы и хорваты: история» в mts Dvorana,"HistoryCast LIVE ""Serbs and Croats: History"" at mts Dvorana","HistoryCast LIVE ""Srbi i Hrvati: istorija"" u mts Dvorani",https://raw.githubusercontent.com/newsgl/arsposters/main/853-HistoryCast.webp,,Lectures,"Самый известный исторический подкаст региона выносит на сцену тему, о которой обычно спорят, а не разговаривают: отношения сербов и хорватов, по документам и без табу. 2 ноября в 20:00, билеты от 2500 динаров.","The region's best-known history podcast takes to the stage a topic people usually argue about rather than discuss: the relationship between Serbs and Croats, documents on the table and no taboos. 2 November at 20:00, tickets from 2500 dinars.","Najpoznatiji istorijski podkast regiona iznosi na scenu temu o kojoj se obično svađa, a ne razgovara: odnos Srba i Hrvata, uz dokumenta na stolu i bez tabua. Program je 2. novembra u 20.00, karte od 2500 dinara.","Могут ли историки двух «часто воюющих, но братских народов» обсудить общее прошлое так, чтобы после дискуссии вместе пойти в кафану? Live-программа **HistoryCast** построена ровно на этом: региональные историки, которые занимаются историей как наукой, а не нарративами, кладут документы на стол и разбирают, когда и как всё началось.

Авторы обещают разговор без табу и национальных предрассудков, с фактами вместо лозунгов, и честно предупреждают: по некоторым деталям согласия не будет, и в этом весь смысл. Инакомыслящий не значит враг.

**HistoryCast** из Земуна три года делает главный исторический подкаст региона с миллионной аудиторией по всему миру. Предыдущие живые программы прошли с аншлагами в Akademija 28, теперь формат вырос до mts Dvorana.

Цена: от 2500 динаров.

Язык: сербский.

Организатор: Podmedia.","Can historians of two ""often warring yet brotherly peoples"" discuss their shared past and then head to a kafana together afterwards? The live programme of **HistoryCast** is built on exactly that: regional historians who treat history as a science rather than a set of narratives put documents on the table and trace when and how it all began.

The authors promise a conversation without taboos or national prejudice, facts instead of slogans, and warn honestly that some details will not end in agreement, which is rather the point. A person who disagrees is not an enemy.

**HistoryCast** from Zemun has spent three years building the region's leading history podcast with an audience of over a million worldwide. Previous live shows sold out Akademija 28; now the format graduates to mts Dvorana.

Price: from 2500 dinars.

Language: Serbian.

Organiser: Podmedia.","Mogu li istoričari dva često zaraćena, ali bratska naroda da razgovaraju o zajedničkoj prošlosti tako da posle diskusije zajedno odu u kafanu? Live program **HistoryCasta** građen je upravo na tome: regionalni istoričari koji se istorijom bave kao naukom, a ne narativima, stavljaju dokumenta na sto i istražuju kada je i kako sve počelo.

Autori obećavaju razgovor bez tabua i nacionalnih predznaka, potkovan činjenicama umesto parola, i pošteno upozoravaju: oko nekih detalja slaganja neće biti, i u tome i jeste poenta. Neistomišljenik nije neprijatelj.

**HistoryCast** iz Zemuna već tri godine pravi najpoznatiji istorijski podkast regiona sa više od milion gledalaca širom sveta. Prethodni live programi rasprodali su Akademiju 28, pa format sada raste do mts Dvorane.

Cena: od 2500 dinara.

Jezik: srpski.

Organizator: Podmedia.",20:00,2500,mts Dvorana,"Dečanska 14, 11000 Beograd","44.813220,20.462629",https://tickets.rs/post/historycast_live_srbi_i_hrvati_istorija_2350,tickets.rs,https://tickets.rs/event/historycast_live_srbi_i_hrvati_istorija_27648,Podmedia,,,,,,,"лекция, история, подкаст, mts Dvorana, сербский язык","talk, history, podcast, mts Dvorana, Serbian language","predavanje, istorija, podkast, mts Dvorana, srpski jezik"
11/3/2026,11/3/2026,8/28/2026,854,Person,Aca Lukas,https://en.wikipedia.org/wiki/Aca_Lukas,,MusicEvent,Aca Lukas — второй концерт в Beogradska Arena,Aca Lukas: a second night at the Belgrade Arena,Aca Lukas — drugi koncert u Beogradskoj areni,https://raw.githubusercontent.com/newsgl/arsposters/main/854-AcaLukas.webp,,Concerts,"Спрос на ноябрьский концерт оказался таким, что открыта вторая дата: Лукас сыграет в Арене два вечера подряд. Дополнительный концерт 3 ноября в 20:00, билеты от 1700 динаров.","Demand for the November concert was such that a second date opened: Lukas plays the Arena two nights in a row. The additional concert is on 3 November at 20:00, tickets from 1700 dinars.","Interesovanje za novembarski koncert bilo je toliko da je otvoren i drugi termin: Lukas u Areni svira dve večeri zaredom. Dodatni koncert je 3. novembra u 20.00, karte od 1700 dinara.","Интерес к возвращению **Ацы Лукаса** в Белградскую арену оказался больше одного вечера: после того как разлетелись билеты на первый концерт, организаторы открыли дополнительную дату днём раньше. Так один спектакль превратился в две арена-ночи подряд.

Программа обещает главные хиты многодесятилетней карьеры, от культовых баллад до песен, без которых не обходится ни одно застолье региона. На сцене с Лукасом **Folk House Band**, заявлена серьёзная аудио-визуальная продакшн-часть.

Эта карточка о дополнительном, первом по календарю вечере. Второй концерт, с которого всё началось, идёт следующим днём и уже есть в нашей афише.

Цена: от 1700 динаров.

Организатор: Hype Production.","Interest in **Aca Lukas** returning to the Belgrade Arena proved bigger than one evening: once the first concert sold through, the organisers opened an extra date a day earlier. One show thus became two Arena nights in a row.

The programme promises the biggest hits of a career spanning decades, from cult ballads to songs no regional celebration goes without. Lukas is joined on stage by the **Folk House Band**, with a serious audio-visual production announced.

This listing covers the additional, calendar-first evening. The second concert, the one that started it all, takes place the following day and is already in our calendar.

Price: from 1700 dinars.

Promoter: Hype Production.","Interesovanje za povratak **Ace Lukasa** u Beogradsku arenu pokazalo se većim od jedne večeri: pošto su karte za prvi koncert planule, organizatori su otvorili dodatni termin dan ranije. Tako je jedan spektakl postao dve arenske noći zaredom.

Program obećava najveće hitove višedecenijske karijere, od kultnih balada do pesama bez kojih ne prolazi nijedno slavlje u regionu. Uz Lukasa je na sceni **Folk House Band**, najavljena je i ozbiljna audio-vizuelna produkcija.

Ova kartica odnosi se na dodatno, kalendarski prvo veče. Drugi koncert, onaj od kojeg je sve počelo, održava se dan kasnije i već je u našem kalendaru.

Cena: od 1700 dinara.

Organizator: Hype Production.",20:00,1700,Beogradska Arena,"Bulevar Arsenija Čarnojevića 58, 11070 Beograd","44.814123,20.421388",https://tickets.rs/post/otvoren_drugi_datum_koncerta_ace_lukasa_u_beogradskoj_areni_03112026_2387,tickets.rs,https://tickets.rs/event/aca_lukas_28152,Hype Production,,,,,,,"концерт, фолк, эстрада, Beogradska Arena, балканская музыка","concert, folk, Balkan pop, Belgrade Arena, Balkan music","koncert, folk, estrada, Beogradska Arena, balkanska muzika"
11/4/2026,11/4/2026,8/28/2026,855,Person,Goca Tržan,https://en.wikipedia.org/wiki/Goca_Tr%C5%BEan,,MusicEvent,Goca Tržan — большой сольный концерт в Сава Центре,Goca Tržan: a big solo concert at Sava Centar,Goca Tržan — veliki solistički koncert u Sava Centru,https://raw.githubusercontent.com/newsgl/arsposters/main/855-GocaTrzan.webp,,Concerts,"Голос, на котором выросло поколение: от Tap 011 до сольных хитов, которые зал знает наизусть. 4 ноября в 20:00 в Плавой дворане, билеты от 2500 динаров.","A voice a generation grew up on: from Tap 011 to solo hits the hall knows by heart. 4 November at 20:00 in the Blue Hall, tickets from 2500 dinars.","Glas uz koji je odrasla generacija: od Tap 011 do solo hitova koje sala zna napamet. Koncert je 4. novembra u 20.00 u Plavoj dvorani, karte od 2500 dinara.","«Некоторые песни не забываются. И некоторые вечера тоже»: так анонсирует свой большой сольный концерт **Гоца Тржан**, и в её случае это не преувеличение. Певица, начинавшая в культовой группе **Tap 011**, уже почти три десятилетия остаётся одним из самых узнаваемых голосов сербской поп-сцены.

Концерт в Плавой дворане обещает ровно то, за что её любят: песни, которые публика знает наизусть, энергию, которая несёт зал, и голос, отмечавший целые поколения. Отдельный аргумент: Тржан из тех артисток, у которых живое исполнение сильнее студийного.

Цена: от 2500 динаров.

Организатор: PhD Production.","""Some songs are not forgotten. Neither are some evenings"": that is how **Goca Tržan** announces her big solo concert, and in her case it is no exaggeration. The singer who started in the cult group **Tap 011** has remained one of the most recognisable voices of Serbian pop for nearly three decades.

The Blue Hall concert promises exactly what she is loved for: songs the audience knows by heart, energy that carries the room and a voice that marked whole generations. One more argument: Tržan is one of those performers whose live delivery beats the studio versions.

Price: from 2500 dinars.

Promoter: PhD Production.","Neke pesme se ne zaboravljaju. Ni neke večeri: tako **Goca Tržan** najavljuje svoj veliki solistički koncert, i u njenom slučaju to nije preterivanje. Pevačica koja je počela u kultnoj grupi **Tap 011** već skoro tri decenije ostaje jedan od najprepoznatljivijih glasova srpske pop scene.

Koncert u Plavoj dvorani obećava upravo ono zbog čega je publika voli: pesme koje se znaju napamet, energiju koja nosi salu i glas koji je obeležio generacije. Poseban argument: Tržan spada u izvođače čiji je nastup uživo jači od studijskih verzija.

Cena: od 2500 dinara.

Organizator: PhD Production.",20:00,2500,Sava Centar - Plava dvorana,"Milentija Popovića 9, 11070 Novi Beograd","44.809354,20.432128",https://tickets.rs/post/goca_trzan_2356,tickets.rs,https://tickets.rs/tour/goca_trzan_2889,PhD Production,,,,,,,"концерт, поп, эстрада, Сава Центар, сербская сцена","concert, pop, Serbian pop, Sava Centar, Serbian scene","koncert, pop, estrada, Sava Centar, srpska scena"
11/7/2026,11/7/2026,8/28/2026,856,Person,Željko Vasić,https://sr.wikipedia.org/wiki/%D0%96%D0%B5%D1%99%D0%BA%D0%BE_%D0%92%D0%B0%D1%81%D0%B8%D1%9B,,MusicEvent,Željko Vasić — 25 лет карьеры на сцене Сава Центра,Željko Vasić marks 25 years on stage at Sava Centar,Željko Vasić — 25 godina karijere na sceni Sava Centra,https://raw.githubusercontent.com/newsgl/arsposters/main/856-ZeljkoVasic.webp,,Concerts,"Четверть века искренних поп-баллад, которые давно живут своей жизнью на радио и семейных праздниках: юбилейный концерт 7 ноября в 20:00 в Плавой дворане, билеты от 2500 динаров.","A quarter century of sincere pop ballads that long ago took on a life of their own on radio and at family celebrations: the anniversary concert is on 7 November at 20:00 in the Blue Hall, tickets from 2500 dinars.","Četvrt veka iskrenih pop balada koje odavno žive svoj život na radiju i porodičnim slavljima: jubilarni koncert je 7. novembra u 20.00 u Plavoj dvorani, karte od 2500 dinara.","Песни **Желько Васича** десятилетиями легко находят дорогу к публике: они держатся не на продакшене, а на искренности и эмоции, и потому одинаково хорошо звучат с большой сцены и в компании за столом.

Юбилейный концерт в честь 25 лет карьеры певец решил отметить на большой сцене Сава Центра, с верной публикой, которая эти песни знает наизусть. Обещан зрелищный формат: полный состав музыкантов и программа-ретроспектива от первых хитов до нового материала.

Для тех, кто следит за сербской поп-сценой, это шанс услышать за один вечер весь путь артиста, который четверть века держится без скандалов, на одной только музыке.

Цена: от 2500 динаров.

Организатор: Smart Media.","The songs of **Željko Vasić** have found their way to audiences with ease for decades: they rest not on production but on sincerity and emotion, which is why they work equally well from a big stage and around a table with friends.

The singer chose the main stage of Sava Centar to mark 25 years of his career, together with the loyal audience that knows these songs by heart. A spectacular format is promised: a full band and a retrospective programme from the first hits to new material.

For anyone following Serbian pop, it is a chance to hear in one evening the whole journey of an artist who has lasted a quarter century without scandals, on music alone.

Price: from 2500 dinars.

Promoter: Smart Media.","Pesme **Željka Vasića** decenijama lako pronalaze put do publike: ne drže se na produkciji, već na iskrenosti i emociji, pa podjednako dobro zvuče sa velike scene i u društvu za stolom.

Jubilarni koncert povodom 25 godina karijere pevač je odlučio da obeleži na velikoj sceni Sava Centra, sa vernom publikom koja te pesme zna napamet. Najavljen je spektakularan format: kompletan sastav muzičara i retrospektivni program od prvih hitova do novog materijala.

Za sve koji prate srpsku pop scenu, ovo je prilika da se u jednoj večeri čuje ceo put umetnika koji četvrt veka traje bez skandala, samo na muzici.

Cena: od 2500 dinara.

Organizator: Smart Media.",20:00,2500,Sava Centar - Plava dvorana,"Milentija Popovića 9, 11070 Novi Beograd","44.809354,20.432128",https://tickets.rs/post/zeljko_vasic_2370,tickets.rs,https://tickets.rs/event/zeljko_vasic_27731,Smart Media,,,,,,,"концерт, поп, юбилей, Сава Центар, сербская сцена","concert, pop, anniversary, Sava Centar, Serbian scene","koncert, pop, jubilej, Sava Centar, srpska scena"
11/8/2026,11/8/2026,8/28/2026,857,PerformingGroup,Barcelona Flamenco Ballet,https://barcelonaflamencoballet.com/,,TheaterEvent,«Ромео и Джульетта» Barcelona Flamenco Ballet в mts Dvorana,"""Romeo and Juliet"" by Barcelona Flamenco Ballet at mts Dvorana","""Romeo i Julija"" Barcelona Flamenco Balleta u mts Dvorani",https://raw.githubusercontent.com/newsgl/arsposters/main/857-RomeoIJulija.webp,,Theatre,"Шекспировская трагедия, рассказанная страстью фламенко, современным танцем и живым джазом: самый амбициозный проект барселонской труппы. 8 ноября в 20:00, билеты от 3900 динаров.","Shakespeare's tragedy told through the passion of flamenco, contemporary dance and live jazz: the Barcelona company's most ambitious project. 8 November at 20:00, tickets from 3900 dinars.","Šekspirova tragedija ispričana strašću flamenka, savremenim plesom i džezom uživo: najambiciozniji projekat barselonske trupe. Predstava je 8. novembra u 20.00, karte od 3900 dinara.","Историю Монтекки и Капулетти рассказывали тысячей способов, но редко так: **Barcelona Flamenco Ballet** переводит шекспировскую трагедию на язык фламенко, где вражда семей и страсть влюблённых выражаются не словами, а дробью каблуков и взмахом рук.

Труппа называет «Ромео и Джульетту» своим самым амбициозным и революционным проектом. Фламенко здесь встречается с современным танцем и джазовыми гармониями: гитары сопровождают тайное венчание, ритмы ломаются вместе с судьбами героев, а финальное примирение семей приходит через свет и тишину.

Спектакль идёт с живыми музыкантами. Вечная история о любви, которая сильнее ненависти, работает без языкового барьера: слова здесь просто не нужны.

Цена: от 3900 динаров.

Организатор: Mirshow.","The story of the Montagues and Capulets has been told a thousand ways, but rarely like this: **Barcelona Flamenco Ballet** translates Shakespeare's tragedy into the language of flamenco, where family feuds and lovers' passion are expressed not in words but in drumming heels and sweeping arms.

The company calls ""Romeo and Juliet"" its most ambitious and revolutionary project. Flamenco meets contemporary dance and jazz harmonies: guitars accompany the secret wedding, rhythms break along with the heroes' fates, and the final reconciliation of the families arrives through light and silence.

The performance features live musicians. The eternal story of love stronger than hatred needs no language: words are simply unnecessary here.

Price: from 3900 dinars.

Promoter: Mirshow.","Priča o Montegijima i Kapuletima ispričana je na hiljadu načina, ali retko ovako: **Barcelona Flamenco Ballet** prevodi Šekspirovu tragediju na jezik flamenka, gde se porodična mržnja i strast zaljubljenih ne izražavaju rečima, već udarcima potpetica i pokretima ruku.

Trupa ""Romea i Juliju"" zove svojim najambicioznijim i najrevolucionarnijim projektom. Flamenko se ovde susreće sa savremenim plesom i džez harmonijama: gitare prate tajno venčanje, ritmovi se lome zajedno sa sudbinama junaka, a završno pomirenje porodica stiže kroz svetlost i tišinu.

Predstavu prate muzičari uživo. Večna priča o ljubavi jačoj od mržnje radi bez jezičke barijere: reči ovde jednostavno nisu potrebne.

Cena: od 3900 dinara.

Organizator: Mirshow.",20:00,3900,mts Dvorana,"Dečanska 14, 11000 Beograd","44.813220,20.462629",https://tickets.rs/post/romeo_i_julija_2379,tickets.rs,https://tickets.rs/event/romeo_i_julija_27811,Mirshow,,,,,,,"балет, фламенко, театр, Шекспир, mts Dvorana","ballet, flamenco, theatre, Shakespeare, mts Dvorana","balet, flamenko, pozorište, Šekspir, mts Dvorana"
11/11/2026,11/11/2026,8/28/2026,858,MusicGroup,Hugo Race Fatalists,https://en.wikipedia.org/wiki/Hugo_Race,,MusicEvent,Hugo Race Fatalists — экс-Bad Seed с новым альбомом в KC Grad,Hugo Race Fatalists: the ex-Bad Seed brings a new album to KC Grad,Hugo Race Fatalists — bivši Bad Seed sa novim albumom u KC Gradu,https://raw.githubusercontent.com/newsgl/arsposters/main/858-HugoRaceFatalists.webp,,Concerts,"Гитарист первого альбома Nick Cave & The Bad Seeds сорок лет спустя: экзистенциальный блюз, электроника и пустынные саундтреки проекта Fatalists. 11 ноября в 21:00, билеты от 1500 динаров в предпродаже.","The guitarist from the first Nick Cave & The Bad Seeds album, forty years on: existential blues, electronics and desert soundtracks of the Fatalists project. 11 November at 21:00, tickets from 1500 dinars in presale.","Gitarista sa prvog albuma Nick Cave & The Bad Seeds četiri decenije kasnije: egzistencijalni bluz, elektronika i pustinjski saundtrek projekta Fatalists. Koncert je 11. novembra u 21.00, karte od 1500 dinara u pretprodaji.","В 20 лет **Хьюго Рейс** играл гитару на легендарном дебюте Nick Cave & The Bad Seeds «From Her to Eternity», а дальше построил собственную биографию длиной в четыре десятилетия: The Wreckery, семнадцать альбомов с True Spirit, проекты DirtMusic и Sepiatone, сценарная работа в фильме «Ghosts... of the Civil Dead».

В Белград австралиец приезжает с проектом **Hugo Race Fatalists** и свежим шестым альбомом «I Made It All Up for You». Критики описывают эту музыку как экзистенциальный стиль письма, обрамлённый сплавом раннего рока и блюза с электроникой, итальянскими саундтреками и пустынным блюзом.

Клубный формат KC Grad для такой музыки идеален: близко, темно и всё слышно.

Цена: 1500 динаров в предпродаже, 2000 в день концерта.

Организатор: Bad Music for Bad People.","At 20, **Hugo Race** played guitar on the legendary Nick Cave & The Bad Seeds debut ""From Her to Eternity"", then built a biography of his own spanning four decades: The Wreckery, seventeen albums with True Spirit, the DirtMusic and Sepiatone projects, co-writing the film ""Ghosts... of the Civil Dead"".

The Australian comes to Belgrade with his project **Hugo Race Fatalists** and the fresh sixth album ""I Made It All Up for You"". Critics describe the music as an existential style of songwriting framed by a blend of early rock and blues with electronics, Italian soundtracks and desert blues.

The club setting of KC Grad suits this music perfectly: close, dark and every note audible.

Price: 1500 dinars in presale, 2000 on the day of the concert.

Promoter: Bad Music for Bad People.","Sa 20 godina **Hjugo Rejs** svirao je gitaru na legendarnom debiju Nick Cave & The Bad Seeds ""From Her to Eternity"", a zatim izgradio sopstvenu biografiju dugu četiri decenije: The Wreckery, sedamnaest albuma sa True Spirit, projekti DirtMusic i Sepiatone, koscenario filma ""Ghosts... of the Civil Dead"".

U Beograd Australijanac stiže sa projektom **Hugo Race Fatalists** i svežim šestim albumom ""I Made It All Up for You"". Kritičari ovu muziku opisuju kao egzistencijalistički stil pisanja uokviren spojem ranog roka i bluza sa elektronikom, italijanskim saundtrecima i pustinjskim bluzom.

Klupski format KC Grada za ovakvu muziku je idealan: blizu, mračno i sve se čuje.

Cena: 1500 dinara u pretprodaji, 2000 na dan koncerta.

Organizator: Bad Music for Bad People.",21:00,1500,KC Grad,"Braće Krsmanović 4, 11000 Beograd","44.814315,20.447852",https://tickets.rs/post/hugo_race_fatalists_2338,tickets.rs,https://tickets.rs/event/hugo_race_fatalists_27518,Bad Music for Bad People,https://badmusicforbadpeople.com/,,,,,,"концерт, блюз, альтернатива, KC Grad, Nick Cave","concert, blues, alternative, KC Grad, Nick Cave","koncert, bluz, alternativa, KC Grad, Nick Cave"
11/14/2026,11/14/2026,8/28/2026,859,Person,Aleksandra Radović,https://en.wikipedia.org/wiki/Aleksandra_Radovi%C4%87,,MusicEvent,Aleksandra Radović — возвращение в Сава Центар,Aleksandra Radović returns to Sava Centar,Aleksandra Radović — povratak u Sava Centar,https://raw.githubusercontent.com/newsgl/arsposters/main/859-AleksandraRadovic.webp,,Concerts,"Одна из самых уважаемых поп-вокалисток региона впервые за два года играет большой белградский концерт: главные баллады плюс новые песни. 14 ноября в 20:00 в Плавой дворане, билеты от 2500 динаров.","One of the region's most respected pop vocalists plays her first big Belgrade concert in two years: signature ballads plus new songs. 14 November at 20:00 in the Blue Hall, tickets from 2500 dinars.","Jedna od najcenjenijih pop vokalistkinja regiona posle dve godine ponovo svira veliki beogradski koncert: najveće balade i nove pesme. Nastup je 14. novembra u 20.00 u Plavoj dvorani, karte od 2500 dinara.","В регионе много поп-звёзд, но вокалисток уровня **Александры Радович** считают по пальцам: её баллады вроде «Kao so u moru» и «Čuvaj moje srce» давно перешли в разряд стандартов, которые перепевают участники всех талант-шоу.

После двухлетней паузы певица возвращается на большую белградскую сцену. Кроме главных хитов обещаны и новые песни, которые войдут в специально продуманный концертный репертуар, плюс проработанная продакшн-часть с аудио-визуальными элементами и сюрпризами.

Плавая дворана с её акустикой для сильного вокала лучшая площадка города, и это тот случай, когда голос действительно главный инструмент вечера.

Цена: от 2500 динаров.

Организатор: Magnus Events.","The region has plenty of pop stars, but vocalists of **Aleksandra Radović**'s level can be counted on one hand: ballads like ""Kao so u moru"" and ""Čuvaj moje srce"" long ago became standards covered by contestants of every talent show.

After a two-year pause the singer returns to a big Belgrade stage. Alongside the signature hits, new songs are promised as part of a specially designed concert repertoire, plus thought-through production with audio-visual elements and surprises.

With its acoustics, the Blue Hall is the best room in the city for a powerful voice, and this is a case where the voice truly is the main instrument of the evening.

Price: from 2500 dinars.

Promoter: Magnus Events.","Pop zvezda u regionu ima mnogo, ali vokalistkinje ranga **Aleksandre Radović** broje se na prste: balade poput ""Kao so u moru"" i ""Čuvaj moje srce"" odavno su postale standardi koje obrađuju učesnici svih muzičkih takmičenja.

Posle dve godine pauze pevačica se vraća na veliku beogradsku scenu. Pored najvećih hitova najavljene su i nove pesme u pažljivo osmišljenom koncertnom repertoaru, uz razrađenu produkciju sa audio-vizuelnim elementima i iznenađenjima.

Plava dvorana je sa svojom akustikom najbolja sala u gradu za moćan vokal, a ovo je veče u kojem je glas zaista glavni instrument.

Cena: od 2500 dinara.

Organizator: Magnus Events.",20:00,2500,Sava Centar - Plava dvorana,"Milentija Popovića 9, 11070 Novi Beograd","44.809354,20.432128",https://tickets.rs/post/aleksandra_radovic_2272,tickets.rs,https://tickets.rs/event/aleksandra_radovic_26798,Magnus Events,,,,,,,"концерт, поп, баллады, Сава Центар, сербская сцена","concert, pop, ballads, Sava Centar, Serbian scene","koncert, pop, balade, Sava Centar, srpska scena"
11/18/2026,11/18/2026,8/28/2026,860,Person,Luca Minnelli,https://tickets.rs/event/luca_minnelli_26773,,MusicEvent,Luca Minnelli — «золотой голос Венеции» с оркестром в Сава Центре,"Luca Minnelli: ""the golden voice of Venice"" with orchestra at Sava Centar",Luca Minnelli — zlatni glas Venecije uz orkestar u Sava Centru,https://raw.githubusercontent.com/newsgl/arsposters/main/860-LucaMinnelli.webp,,Concerts,"Итальянский тенор с оркестром: оперные арии, культовые киномелодии и романтичные итальянские песни в одном вечере. 18 ноября в 20:00, билеты от 3500 динаров.","The Italian tenor with an orchestra: opera arias, iconic film melodies and romantic Italian songs in one evening. 18 November at 20:00, tickets from 3500 dinars.","Italijanski tenor uz orkestar: operske arije, kultne filmske melodije i romantične italijanske pesme u jednoj večeri. Koncert je 18. novembra u 20.00, karte od 3500 dinara.","Вечер для тех, кто любит, когда классика не строгая, а тёплая: тенор **Лука Миннелли**, которого называют одним из золотых голосов Венеции, выступает с оркестром и программой на стыке жанров.

В репертуаре шедевры классической музыки, арии, трогающие даже неподготовленного слушателя, культовые мелодии из кино и романтичные итальянские песни, которые знает каждый, кто хоть раз был в Италии или мечтал туда попасть.

Миннелли известен утончённой интерпретацией и сильным сценическим присутствием: это не академический концерт с программками, а погружение в атмосферу итальянского вечера.

Цена: от 3500 динаров.

Организатор: Arenapub.","An evening for those who like their classics warm rather than strict: tenor **Luca Minnelli**, called one of the golden voices of Venice, performs with an orchestra and a programme that crosses genres.

The repertoire holds masterpieces of classical music, arias that move even an unprepared listener, iconic film melodies and romantic Italian songs familiar to anyone who has ever been to Italy or dreamed of going.

Minnelli is known for refined interpretation and a strong stage presence: this is not an academic concert with programme booklets but an immersion in the atmosphere of an Italian evening.

Price: from 3500 dinars.

Promoter: Arenapub.","Veče za sve koji klasiku vole toplu, a ne strogu: tenor **Luca Minnelli**, koga zovu jednim od zlatnih glasova Venecije, nastupa uz orkestar sa programom na granici žanrova.

Na repertoaru su remek-dela klasične muzike, arije koje diraju i nespremnog slušaoca, kultne filmske melodije i romantične italijanske pesme koje zna svako ko je bar jednom bio u Italiji ili sanjao da ode.

Minnelli je poznat po prefinjenim interpretacijama i snažnom scenskom prisustvu: ovo nije akademski koncert sa programskim knjižicama, već uranjanje u atmosferu italijanske večeri.

Cena: od 3500 dinara.

Organizator: Arenapub.",20:00,3500,Sava Centar,"Milentija Popovića 9, 11070 Novi Beograd","44.809354,20.432128",https://tickets.rs/post/luca_minnelli_2269,tickets.rs,https://tickets.rs/event/luca_minnelli_26773,Arenapub,,,,,,,"концерт, тенор, классика, итальянская музыка, Сава Центар","concert, tenor, classical, Italian music, Sava Centar","koncert, tenor, klasika, italijanska muzika, Sava Centar"
11/22/2026,11/22/2026,8/28/2026,861,Person,Emina Jahović,https://en.wikipedia.org/wiki/Emina_Jahovi%C4%87,,MusicEvent,Emina Jahović — четвёртый вечер тура «Svitanje» в Сава Центре,"Emina Jahović: a fourth ""Svitanje"" night at Sava Centar","Emina Jahović — četvrto veče turneje ""Svitanje"" u Sava Centru",https://raw.githubusercontent.com/newsgl/arsposters/main/861-EminaJahovic.webp,,Concerts,"После трёх распроданных вечеров в Сава Центре певица открывает четвёртый: та же программа «Svitanje», на которую не хватило билетов. 22 ноября в 20:00, билеты от 2500 динаров.","After three sold-out nights at Sava Centar the singer opens a fourth: the same ""Svitanje"" programme that ran out of tickets. 22 November at 20:00, tickets from 2500 dinars.","Posle tri rasprodate večeri u Sava Centru pevačica otvara i četvrtu: isti program ""Svitanje"" za koji karata nije bilo dovoljno. Koncert je 22. novembra u 20.00, karte od 2500 dinara.","Три вечера подряд распродать Сава Центар удаётся немногим, но тур **Эмины Яхович** «Svitanje» сделал именно это, и спрос не иссяк. Ответ очевиден: четвёртый концерт.

Яхович двадцать с лишним лет остаётся одной из главных поп-звёзд региона, а её карьера давно перешагнула границы: певица одинаково успешна на сербской и турецкой сценах. Программа «Svitanje» собрала лучшее из этого пути, от ранних хитов до нового материала, и публика первых трёх вечеров описывает её как редкое сочетание большой продакшн-части и личной, почти камерной интонации.

Организует концерт S Music, сестринское агентство регионального лидера Travel 4 Fun. Билеты на предыдущие вечера заканчивались быстро, к этому стоит отнестись серьёзно.

Цена: от 2500 динаров.

Организатор: S Music.","Selling out Sava Centar three nights in a row is a rare feat, but **Emina Jahović**'s ""Svitanje"" tour did exactly that, and demand has not faded. The obvious answer: a fourth concert.

For over twenty years Jahović has been one of the region's leading pop stars, with a career that crossed borders long ago: she is equally successful on the Serbian and Turkish scenes. The ""Svitanje"" programme gathers the best of that journey, from early hits to new material, and audiences of the first three nights describe it as a rare mix of big production and personal, almost intimate delivery.

The concert is organised by S Music, the sister agency of regional leader Travel 4 Fun. Tickets for the previous nights went fast, and that record deserves to be taken seriously.

Price: from 2500 dinars.

Promoter: S Music.","Rasprodati Sava Centar tri večeri zaredom polazi za rukom retkima, ali turneja **Emine Jahović** ""Svitanje"" uradila je upravo to, a interesovanje nije splasnulo. Odgovor je očigledan: četvrti koncert.

Jahović je više od dve decenije jedna od vodećih pop zvezda regiona, a karijera joj je odavno prešla granice: podjednako je uspešna na srpskoj i turskoj sceni. Program ""Svitanje"" okuplja najbolje sa tog puta, od ranih hitova do novog materijala, a publika prve tri večeri opisuje ga kao redak spoj velike produkcije i lične, gotovo kamerne intonacije.

Koncert organizuje S Music, sestrinska agencija regionalnog lidera Travel 4 Fun. Karte za prethodne večeri brzo su nestajale, taj podatak vredi shvatiti ozbiljno.

Cena: od 2500 dinara.

Organizator: S Music.",20:00,2500,Sava Centar,"Milentija Popovića 9, 11070 Novi Beograd","44.809354,20.432128",https://tickets.rs/post/emina_jahovic_2389,tickets.rs,https://tickets.rs/event/emina_jahovic_28146,S Music,,,,,,,"концерт, поп, эстрада, Сава Центар, региональная сцена","concert, pop, Balkan pop, Sava Centar, regional scene","koncert, pop, estrada, Sava Centar, regionalna scena"
11/23/2026,11/23/2026,8/28/2026,862,MusicGroup,Plattenbau,https://linktr.ee/plattenbauberlin,,MusicEvent,Plattenbau — берлинский пост-панк в KC Grad,Plattenbau: Berlin post-punk at KC Grad,Plattenbau — berlinski post-pank u KC Gradu,https://raw.githubusercontent.com/newsgl/arsposters/main/862-Plattenbau.webp,,Concerts,"Квартет, вдохновлённый брутализмом Восточного Берлина: пост-панк с нойз-роком и краут-ритмами, тур в поддержку альбома Cursed. 23 ноября в 21:00, билеты от 1500 динаров в предпродаже.","A quartet inspired by the brutalism of East Berlin: post-punk with noise rock and kraut rhythms, touring behind the album Cursed. 23 November at 21:00, tickets from 1500 dinars in presale.","Kvartet inspirisan brutalizmom istočnog Berlina: post-pank sa noise rokom i kraut ritmovima, na turneji uz album Cursed. Koncert je 23. novembra u 21.00, karte od 1500 dinara u pretprodaji.","Название **Plattenbau** отсылает к панельным домам постсоветского Восточного Берлина, и музыка группы звучит соответствующе: холодный пост-панк, помноженный на нойз-рок и монотонный драйв краут-ритмов.

Интернациональный квартет существует с 2011 года, а прорыв случился после подписания на лейбл Dedstrange, которым руководит **Оливер Акерманн** из A Place to Bury Strangers: альбомы «Shape/Shifting» и «Net Prophet» вывели группу из берлинского андеграунда на европейские сцены. Свежий четвёртый альбом «Cursed» вышел на Хэллоуин, и нынешний тур посвящён именно ему.

Критики отмечают, что группе удаётся выделяться на фоне волны современных пост-панк составов, а живьём их монотонная гипнотика работает сильнее, чем в записи.

Цена: 1500 динаров в предпродаже, 2000 в день концерта.

Организатор: Bad Music for Bad People.","The name **Plattenbau** refers to the prefab housing blocks of post-Soviet East Berlin, and the band sounds accordingly: cold post-punk multiplied by noise rock and the monotonous drive of kraut rhythms.

The international quartet has existed since 2011, with the breakthrough coming after signing to Dedstrange, the label run by **Oliver Ackermann** of A Place to Bury Strangers: the albums ""Shape/Shifting"" and ""Net Prophet"" carried the band from the Berlin underground onto European stages. The fresh fourth album ""Cursed"" came out on Halloween, and the current tour is built around it.

Critics note that the band manages to stand out from the wave of modern post-punk acts, and live their monotone hypnosis hits harder than on record.

Price: 1500 dinars in presale, 2000 on the day of the concert.

Promoter: Bad Music for Bad People.","Ime **Plattenbau** upućuje na panelne zgrade postsovjetskog istočnog Berlina, i muzika benda zvuči u skladu s tim: hladan post-pank pomnožen noise rokom i monotonim pogonom kraut ritmova.

Internacionalni kvartet postoji od 2011, a proboj je stigao potpisom za Dedstrange, izdavačku kuću koju vodi **Oliver Akermann** iz A Place to Bury Strangers: albumi ""Shape/Shifting"" i ""Net Prophet"" izveli su bend iz berlinskog andergraunda na evropske scene. Svež četvrti album ""Cursed"" izašao je za Noć veštica i aktuelna turneja posvećena je upravo njemu.

Kritika primećuje da se bend izdvaja iz talasa savremenih post-pank sastava, a uživo njihova monotona hipnotika radi jače nego na snimcima.

Cena: 1500 dinara u pretprodaji, 2000 na dan koncerta.

Organizator: Bad Music for Bad People.",21:00,1500,KC Grad,"Braće Krsmanović 4, 11000 Beograd","44.814315,20.447852",https://tickets.rs/post/plattenbau_2368,tickets.rs,https://tickets.rs/event/plattenbau_27763,Bad Music for Bad People,https://badmusicforbadpeople.com/,,,,,,"концерт, пост-панк, нойз-рок, Берлин, KC Grad","concert, post-punk, noise rock, Berlin, KC Grad","koncert, post-pank, noise rok, Berlin, KC Grad"
11/24/2026,11/24/2026,8/28/2026,863,MusicGroup,Munly & The Lupercalians,https://en.wikipedia.org/wiki/Jay_Munly,,MusicEvent,Munly & The Lupercalians — готик-кантри из Денвера в KC Grad,Munly & The Lupercalians: Denver gothic country at KC Grad,Munly & The Lupercalians — gotik kantri iz Denvera u KC Gradu,https://raw.githubusercontent.com/newsgl/arsposters/main/863-Munly.webp,,Concerts,"Фронтмен Slim Cessna's Auto Club с собственным проектом и альбомом Kinnery of Lupercalia: мрачный кантри-госпел о вымышленной стране Луперкалии. 24 ноября в 21:00, билеты от 2000 динаров.","The Slim Cessna's Auto Club frontman with his own project and the album Kinnery of Lupercalia: dark country gospel about the invented land of Lupercalia. 24 November at 21:00, tickets from 2000 dinars.","Frontmen Slim Cessna's Auto Cluba sa sopstvenim projektom i albumom Kinnery of Lupercalia: mračni kantri gospel o izmišljenoj zemlji Luperkaliji. Koncert je 24. novembra u 21.00, karte od 2000 dinara.","Денвер породил особую сцену Denver Sound: 16 Horsepower, Wovenhand, DeVotChKa и, конечно, Slim Cessna's Auto Club, чью кантри-панк-госпел «службу» белградская публика видела уже четырежды. **Манли Дж. Манли**, «тот фронтмен, которого нет в названии группы», приезжает теперь с собственным проектом.

Со сцены он выглядит то ли воплощением смерти, то ли измученным святым, а его фирменный танец соединяет горский mountain dance предков с дёргаными движениями Иэна Кёртиса. Музыка соответствующая: мрачный кантри-госпел, вытаскивающий на свет то, что история спрятала за возгласами «аминь».

Проект **The Lupercalians** посвящён вымышленной стране Луперкалии, где пуританство первых переселенцев встречается с кровными жертвами старого Рима. Альбом «Kinnery of Lupercalia: Undelivered Legion» открывает целую трилогию.

Цена: от 2000 динаров.

Организатор: Bad Music for Bad People.","Denver bred a scene of its own, the Denver Sound: 16 Horsepower, Wovenhand, DeVotChKa and of course Slim Cessna's Auto Club, whose country-punk-gospel ""service"" Belgrade audiences have witnessed four times already. **Munly J. Munly**, ""the frontman who is not in the band's name"", now arrives with his own project.

On stage he looks like either death personified or a tormented saint, and his signature dance joins the mountain dance of his ancestors with the jerking moves of Ian Curtis. The music matches: dark country gospel dragging into the light what history hid behind cries of amen.

The project **The Lupercalians** is devoted to the invented land of Lupercalia, where the puritanism of the first settlers meets the blood sacrifices of old Rome. The album ""Kinnery of Lupercalia: Undelivered Legion"" opens a whole trilogy.

Price: from 2000 dinars.

Promoter: Bad Music for Bad People.","Denver je iznedrio posebnu scenu, Denver Sound: 16 Horsepower, Wovenhand, DeVotChKa i, naravno, Slim Cessna's Auto Club, čijoj je kantri-pank-gospel ""službi"" beogradska publika prisustvovala već četiri puta. **Munly J. Munly**, onaj frontmen koji nije u imenu benda, sada stiže sa sopstvenim projektom.

Na bini deluje čas kao personifikacija smrti, čas kao namučeni svetac, a njegov prepoznatljivi ples spaja gorštački mountain dance predaka sa trzajima Ijana Kertisa. Muzika je u skladu s tim: mračni kantri gospel koji na svetlost dana iznosi ono što je istorija sakrila iza uzvika amin.

Projekat **The Lupercalians** posvećen je izmišljenoj zemlji Luperkaliji, gde se puritanizam prvih doseljenika susreće sa krvnim žrtvama starog Rima. Album ""Kinnery of Lupercalia: Undelivered Legion"" otvara čitavu trilogiju.

Cena: od 2000 dinara.

Organizator: Bad Music for Bad People.",21:00,2000,KC Grad,"Braće Krsmanović 4, 11000 Beograd","44.814315,20.447852",https://tickets.rs/post/munly_the_lupercalians_u_beogradu_2325,tickets.rs,https://tickets.rs/event/munly_the_lupercalians_u_beogradu_27469,Bad Music for Bad People,https://badmusicforbadpeople.com/,,,,,,"концерт, готик-кантри, Denver Sound, KC Grad, альтернатива","concert, gothic country, Denver Sound, KC Grad, alternative","koncert, gotik kantri, Denver Sound, KC Grad, alternativa"
11/26/2026,11/26/2026,8/28/2026,864,Organization,Sassoon Academy,https://sassoon.hairhub.rs/,,EducationEvent,The Sassoon Experience — мастер-шоу Sassoon Academy в Мадленинануме,The Sassoon Experience: a Sassoon Academy masterclass show at Madlenianum,The Sassoon Experience — masterklas šou Sassoon Academy u Madlenianumu,https://raw.githubusercontent.com/newsgl/arsposters/main/864-Sassoon.webp,,Master classes,"Легендарная лондонская академия парикмахерского искусства впервые в Сербии: программа The Architecture of Hair с живой работой на шести моделях. 26 ноября с 9:00, для профессионалов индустрии, билеты от 12000 динаров.","The legendary London hairdressing academy comes to Serbia for the first time: The Architecture of Hair programme with live work on six models. 26 November from 9:00, aimed at industry professionals, tickets from 12000 dinars.","Legendarna londonska akademija frizerske umetnosti prvi put u Srbiji: program The Architecture of Hair sa radom uživo na šest modela. Održava se 26. novembra od 9.00, namenjeno profesionalcima industrije, karte od 12000 dinara.","Годами парикмахеры региона ездили учиться в Лондон. Теперь Лондон приезжает сам: **Sassoon Academy**, школа, чьё имя стало синонимом точной геометрической стрижки, впервые проводит программу в Сербии.

Шоу **The Architecture of Hair** построено на живой работе: шесть моделей, направления CUT и COLOUR, акцент на точности, геометрии и форме, то есть на тех принципах, на которых держится подход Сассуна. Ведут программу Джеймс Гривз и Кэролайн Спенсер из команды академии.

Зрители видят не только готовые образы, но и процесс с его технической логикой. Каждый зарегистрированный участник получает именной сертификат Sassoon Academy, учебный мануал, ланч-пакет и синхронный перевод. Параллельно идёт выставка HairHub Expo с нетворкингом индустрии.

Событие рассчитано на профессионалов: парикмахеров, владельцев салонов, преподавателей.

Цена: от 12000 динаров.

Организатор: HairHub.","For years the region's hairdressers travelled to London to study. Now London comes to them: **Sassoon Academy**, the school whose name became synonymous with precise geometric cutting, holds its first programme in Serbia.

The show **The Architecture of Hair** is built on live work: six models, CUT and COLOUR strands, a focus on precision, geometry and form, the principles the Sassoon approach rests on. The programme is presented by James Greaves and Caroline Spencer of the academy team.

The audience sees not only finished looks but the process and its technical logic. Every registered attendee receives a personalised Sassoon Academy certificate, a training manual, a lunch package and simultaneous translation. The HairHub Expo runs alongside, with industry networking.

The event is aimed at professionals: hairdressers, salon owners, educators.

Price: from 12000 dinars.

Organiser: HairHub.","Godinama su frizeri regiona putovali u London na edukacije. Sada London dolazi njima: **Sassoon Academy**, škola čije je ime postalo sinonim za preciznu geometrijsku frizuru, prvi put drži program u Srbiji.

Šou **The Architecture of Hair** građen je na radu uživo: šest modela, pravci CUT i COLOUR, fokus na preciznosti, geometriji i formi, dakle na principima na kojima počiva Sassoon pristup. Program vode James Greaves i Caroline Spencer iz tima akademije.

Publika ne vidi samo gotove frizure, već i proces sa njegovom tehničkom logikom. Svaki registrovani učesnik dobija personalizovani sertifikat Sassoon Academy, priručnik, lanč paket i simultani prevod. Paralelno traje HairHub Expo uz networking industrije.

Događaj je namenjen profesionalcima: frizerima, vlasnicima salona, edukatorima.

Cena: od 12000 dinara.

Organizator: HairHub.",09:00,12000,Madlenianum,"Glavna 32, 11080 Zemun, Beograd","44.844497,20.402108",https://sassoon.hairhub.rs/,tickets.rs,https://tickets.rs/event/the_sassoon_experience_27733,HairHub,https://sassoon.hairhub.rs/,,,,,,"мастер-класс, парикмахерское искусство, Sassoon, Мадленинанум, индустрия красоты","masterclass, hairdressing, Sassoon, Madlenianum, beauty industry","masterklas, frizerska umetnost, Sassoon, Madlenianum, beauty industrija"
12/5/2026,12/5/2026,8/28/2026,865,MusicGroup,Calibro 35,https://www.calibro35.com/,,MusicEvent,Calibro 35 — итальянский криминальный фанк в KC Grad,Calibro 35: Italian crime funk at KC Grad,Calibro 35 — italijanski krimi fank u KC Gradu,https://raw.githubusercontent.com/newsgl/arsposters/main/865-Calibro35.webp,,Concerts,"Группа, выросшая из музыки итальянских криминальных фильмов 60-х и 70-х: фанк, джаз и прог-рок с кинематографическим размахом. 5 декабря в 21:00, билеты от 2800 динаров.","A band grown out of the music of 1960s and 70s Italian crime films: funk, jazz and prog rock with cinematic sweep. 5 December at 21:00, tickets from 2800 dinars.","Bend izrastao iz muzike italijanskih krimi filmova šezdesetih i sedamdesetih: fank, džez i prog-rok filmskog zamaha. Koncert je 5. decembra u 21.00, karte od 2800 dinara.","Летом 2007 года продюсер **Томмазо Коллива**, работавший с Muse и Franz Ferdinand, собрал в миланской студии сильных сессионных музыкантов ради простой идеи: играть музыку, вдохновлённую саундтреками итальянских криминальных фильмов 60-х и 70-х. Двухдневный джем закончился рождением группы.

С тех пор **Calibro 35** записали собственный саундтрек в римской студии, основанной Эннио Морриконе, объехали Европу и США, а их треки добрались до голливудского фильма «Red» и семплов у крупных хип-хоп артистов.

Живьём это смесь фанка, джаза, рока и прог-рока с фирменным чувством импровизации: концерт, который одинаково хорошо слушается и танцуется. Белградская остановка тура пройдёт в клубном формате KC Grad.

Цена: от 2800 динаров.

Организатор: Bad Music for Bad People.","In the summer of 2007 producer **Tommaso Colliva**, known for work with Muse and Franz Ferdinand, gathered strong session musicians in a Milan studio for a simple idea: playing music inspired by the soundtracks of 1960s and 70s Italian crime films. A two-day jam ended with the birth of a band.

Since then **Calibro 35** have recorded a soundtrack of their own at the Rome studio founded by Ennio Morricone, toured Europe and the US, and their tracks reached the Hollywood film ""Red"" and samples by major hip-hop artists.

Live it is a blend of funk, jazz, rock and prog with a signature feel for improvisation: a concert equally good for listening and dancing. The Belgrade stop of the tour comes in the club format of KC Grad.

Price: from 2800 dinars.

Promoter: Bad Music for Bad People.","U leto 2007. producent **Tomazo Koliva**, poznat po radu sa Muse i Franz Ferdinand, okupio je u milanskom studiju vrhunske sešn muzičare radi jednostavne ideje: svirati muziku inspirisanu saundtrecima italijanskih krimi filmova šezdesetih i sedamdesetih. Dvodnevni džem završio se rođenjem benda.

Od tada su **Calibro 35** snimili sopstveni saundtrek u rimskom studiju koji je osnovao Enio Morikone, obišli Evropu i SAD, a njihove numere stigle su do holivudskog filma ""Red"" i semplova kod velikih hip-hop imena.

Uživo je to spoj fanka, džeza, roka i prog-roka sa istančanim osećajem za improvizaciju: koncert koji se podjednako dobro sluša i igra. Beogradska stanica turneje ide u klupskom formatu KC Grada.

Cena: od 2800 dinara.

Organizator: Bad Music for Bad People.",21:00,2800,KC Grad,"Braće Krsmanović 4, 11000 Beograd","44.814315,20.447852",https://tickets.rs/post/calibro_35_2328,tickets.rs,https://tickets.rs/event/calibro_35_27492,Bad Music for Bad People,https://badmusicforbadpeople.com/,,,,,,"концерт, фанк, саундтрек, итальянская музыка, KC Grad","concert, funk, soundtrack, Italian music, KC Grad","koncert, fank, saundtrek, italijanska muzika, KC Grad"
12/12/2026,12/12/2026,8/28/2026,866,MusicGroup,Buzzcocks,https://en.wikipedia.org/wiki/Buzzcocks,,MusicEvent,Buzzcocks — 50 лет легенды британского панка в Zappa Baza,Buzzcocks: 50 years of the British punk legend at Zappa Baza,Buzzcocks — 50 godina legende britanskog panka u Zappa Bazi,https://raw.githubusercontent.com/newsgl/arsposters/main/866-Buzzcocks.webp,,Concerts,"Манчестерские пионеры панка и пауэр-попа празднуют полвека и везут новый альбом Attitude Adjustment. 12 декабря в 20:00, билеты от 3000 динаров.","The Manchester pioneers of punk and power pop celebrate half a century and bring the new album Attitude Adjustment. 12 December at 20:00, tickets from 3000 dinars.","Mančesterski pioniri panka i pauer-popa slave pola veka i donose novi album Attitude Adjustment. Koncert je 12. decembra u 20.00, karte od 3000 dinara.","В 1977 году **Buzzcocks** выпустили самофинансированный EP «Spiral Scratch» и тем самым, по сути, запустили британскую независимую музыкальную индустрию. Дальше были «Another Music in a Different Kitchen», «Love Bites» и серия синглов, сделавших манчестерцев одним из главных имён панк-эры.

Их фокус всегда был шире жанра: энергия панка плюс мелодизм пауэр-попа, а в списке влияний рядом с Чаком Берри стояли Беккет и Штокхаузен. После смерти фронтмена Пита Шелли в 2018-м группу возглавил **Стив Диггл**, участник классического состава, и альбомы «Sonics in the Soul» и свежий «Attitude Adjustment» показали, что группа не стала музеем самой себя.

Юбилейный тур к 50-летию приезжает и в Белград: ветераны, которых в 2023-м внесли в Music Walk of Fame, сыграют в клубе Zappa Baza.

Цена: от 3000 динаров.

Организатор: Long Play.","In 1977 **Buzzcocks** released the self-financed EP ""Spiral Scratch"" and effectively launched the British independent music sector. Then came ""Another Music in a Different Kitchen"", ""Love Bites"" and a run of singles that made the Mancunians one of the most important bands of the punk era.

Their focus was always wider than the genre: punk energy plus power pop melody, with Beckett and Stockhausen sitting next to Chuck Berry on the list of influences. After frontman Pete Shelley's death in 2018 the band was taken over by **Steve Diggle** of the classic line-up, and the albums ""Sonics in the Soul"" and the fresh ""Attitude Adjustment"" proved the group has not become a museum of itself.

The 50th anniversary tour reaches Belgrade too: the veterans, added to the Music Walk of Fame in 2023, play the Zappa Baza club.

Price: from 3000 dinars.

Promoter: Long Play.","Godine 1977. **Buzzcocks** su objavili samofinansirani EP ""Spiral Scratch"" i time praktično pokrenuli britanski nezavisni muzički sektor. Usledili su ""Another Music in a Different Kitchen"", ""Love Bites"" i niz singlova koji su Mančesterce učinili jednim od ključnih imena pank ere.

Njihov fokus uvek je bio širi od žanra: energija panka plus melodičnost pauer-popa, a na listi uticaja pored Čaka Berija stajali su Beket i Štokhauzen. Posle smrti frontmena Pita Šelija 2018. bend je preuzeo **Stiv Digl** iz klasične postave, a albumi ""Sonics in the Soul"" i sveži ""Attitude Adjustment"" pokazali su da grupa nije postala muzej same sebe.

Jubilarna turneja povodom 50 godina stiže i u Beograd: veterani, 2023. uvršteni u Music Walk of Fame, sviraju u klubu Zappa Baza.

Cena: od 3000 dinara.

Organizator: Long Play.",20:00,3000,Zappa Baza,"Bulevar Vojvode Bojovića 30a, 11000 Beograd","44.820671,20.448039",https://tickets.rs/post/kultni_pankeri_buzzcocks_12_decembra_tresu_zappa_bazu_2373,tickets.rs,https://tickets.rs/event/buzzcocks_27783,Long Play,,,,,,,"концерт, панк, пауэр-поп, Zappa Baza, легенды","concert, punk, power pop, Zappa Baza, legends","koncert, pank, pauer-pop, Zappa Baza, legende"
12/16/2026,12/16/2026,8/28/2026,867,MusicGroup,Smak,https://en.wikipedia.org/wiki/Smak,,MusicEvent,Smak — легенды югославского рока в Beogradska Arena,Smak: Yugoslav rock legends at the Belgrade Arena,Smak — legende jugoslovenskog roka u Beogradskoj areni,https://raw.githubusercontent.com/newsgl/arsposters/main/867-Smak.webp,,Concerts,"Группа Радомира Точака Михайловича, один из столпов югославского прог-рока, играет большой арена-концерт. 16 декабря в 20:00, билеты от 2500 динаров.","The band of Radomir Točak Mihajlović, one of the pillars of Yugoslav prog rock, plays a big arena concert. 16 December at 20:00, tickets from 2500 dinars.","Bend Radomira Točka Mihajlovića, jedan od stubova jugoslovenskog prog-roka, svira veliki arenski koncert. Nastup je 16. decembra u 20.00, karte od 2500 dinara.","Полвека назад из Крагуеваца вышла группа, которую до сих пор называют вершиной югославского прогрессив- и хард-рока: **Smak** с гитаристом **Радомиром Точаком Михайловичем**, чью технику сравнивали с мировыми виртуозами его поколения.

«Ulazak u harem», «Crna dama», «Ljudi nije fer»: их классика давно живёт отдельной жизнью, переходя от поколения к поколению, а редкие концерты группы каждый раз становятся событием, на которое съезжаются со всего региона.

Арена-формат для Smak случай особый: это не клубная ностальгия, а большой парадный вечер живой легенды. Организаторы обещают соответствующую продакшн-часть.

Цена: от 2500 динаров. Отдельно продаётся организованный трансфер на концерт из городов Сербии.

Организатор: Music Star.","Half a century ago a band came out of Kragujevac that is still called the peak of Yugoslav progressive and hard rock: **Smak**, with guitarist **Radomir Točak Mihajlović**, whose technique drew comparisons with the world virtuosos of his generation.

""Ulazak u harem"", ""Crna dama"", ""Ljudi nije fer"": their classics long ago took on a life of their own, passed from generation to generation, and the band's rare concerts become events people travel to from across the region.

The arena format is a special case for Smak: not club nostalgia but a grand evening of a living legend, with production to match, as the organisers promise.

Price: from 2500 dinars. Organised transfers to the concert from cities across Serbia are sold separately.

Promoter: Music Star.","Pre pola veka iz Kragujevca je krenuo bend koji se i danas naziva vrhom jugoslovenskog progresivnog i hard roka: **Smak**, sa gitaristom **Radomirom Točkom Mihajlovićem**, čija se tehnika poredila sa svetskim virtuozima njegove generacije.

""Ulazak u harem"", ""Crna dama"", ""Ljudi nije fer"": njihovi klasici odavno žive sopstveni život i prenose se s generacije na generaciju, a retki koncerti benda svaki put postaju događaj na koji se putuje iz celog regiona.

Arenski format za Smak je poseban slučaj: nije to klupska nostalgija, već veliko svečano veče žive legende, uz produkciju koja to prati, kako obećavaju organizatori.

Cena: od 2500 dinara. Posebno se prodaje organizovan prevoz na koncert iz gradova Srbije.

Organizator: Music Star.",20:00,2500,Beogradska Arena,"Bulevar Arsenija Čarnojevića 58, 11070 Beograd","44.814123,20.421388",https://tickets.rs/post/smak_u_beogradskoj_areni_16_decembra_2026_2311,tickets.rs,https://tickets.rs/event/smak_27406,Music Star,,,,,,,"концерт, рок, прог-рок, югославский рок, Beogradska Arena","concert, rock, prog rock, Yugoslav rock, Belgrade Arena","koncert, rok, prog-rok, jugoslovenski rok, Beogradska Arena"
12/16/2026,12/16/2026,8/28/2026,868,Person,Boban Rajović,https://en.wikipedia.org/wiki/Boban_Rajovi%C4%87,,MusicEvent,Boban Rajović — первый большой сольный концерт в Белграде,Boban Rajović: his first big solo concert in Belgrade,Boban Rajović — prvi veliki solistički koncert u Beogradu,https://raw.githubusercontent.com/newsgl/arsposters/main/868-BobanRajovic.webp,,Concerts,"Черногорский певец закрывает год 25-летия карьеры дебютным большим сольником в сербской столице. 16 декабря в 20:00 в Плавой дворане, билеты от 2800 динаров.","The Montenegrin singer closes the year of his 25th career anniversary with a debut big solo show in the Serbian capital. 16 December at 20:00 in the Blue Hall, tickets from 2800 dinars.","Crnogorski pevač zatvara godinu jubileja od 25 godina karijere debitantskim velikim solističkim koncertom u srpskoj prestonici. Nastup je 16. decembra u 20.00 u Plavoj dvorani, karte od 2800 dinara.","За 25 лет карьеры **Бобан Раёвич** объехал арены и залы половины Европы, но большого сольного концерта в Белграде у него, как ни странно, ещё не было. Юбилейный год исправляет это упущение.

Год и без того выдался насыщенным: на фестивале на Паличе показали документальный фильм **«Prvo poluvrijeme»** о его концерте в загребской Арене, интимный и личный взгляд на артиста, которого публика привыкла видеть только на сцене. Параллельно вышел новый проект «Otpisan».

Белградский вечер обещает то, за что Раёвича любят от Скандинавии до Балкан: хиты четверти века и атмосферу, в которой поют все.

Цена: от 2800 динаров.

Организатор: Dvorana Doma Sindikata.","In 25 years of career **Boban Rajović** has toured arenas and halls across half of Europe, yet oddly enough has never played a big solo concert in Belgrade. The jubilee year fixes that omission.

The year has been eventful anyway: the Palić film festival premiered **""Prvo poluvrijeme""**, a documentary about his Zagreb Arena concert and an intimate look at an artist the public is used to seeing only on stage. The new project ""Otpisan"" arrived in parallel.

The Belgrade evening promises what Rajović is loved for from Scandinavia to the Balkans: a quarter century of hits and an atmosphere where everyone sings.

Price: from 2800 dinars.

Promoter: Dvorana Doma Sindikata.","Za 25 godina karijere **Boban Rajović** obišao je arene i dvorane pola Evrope, ali veliki solistički koncert u Beogradu, začudo, još nije održao. Jubilarna godina ispravlja taj propust.

Godina je ionako bila bogata: na festivalu na Paliću prikazan je dokumentarni film **""Prvo poluvrijeme""** o njegovom koncertu u zagrebačkoj Areni, intiman i ličan pogled na umetnika kog je publika navikla da vidi samo na bini. Paralelno je stigao i novi projekat ""Otpisan"".

Beogradsko veče obećava ono zbog čega Rajovića vole od Skandinavije do Balkana: hitove četvrt veka duge karijere i atmosferu u kojoj pevaju svi.

Cena: od 2800 dinara.

Organizator: Dvorana Doma Sindikata.",20:00,2800,Sava Centar - Plava dvorana,"Milentija Popovića 9, 11070 Novi Beograd","44.809354,20.432128",https://tickets.rs/post/boban_rajovic_2279,tickets.rs,https://tickets.rs/event/boban_rajovic_26898,Dvorana Doma Sindikata,,,,,,,"концерт, поп-фолк, Черногория, Сава Центар, региональная сцена","concert, pop-folk, Montenegro, Sava Centar, regional scene","koncert, pop-folk, Crna Gora, Sava Centar, regionalna scena"
12/17/2026,12/17/2026,8/28/2026,869,Person,Tijana Bogićević,https://en.wikipedia.org/wiki/Tijana_Bogi%C4%87evi%C4%87,,MusicEvent,Tijana Bogićević — первый большой концерт в Сава Центре,Tijana Bogićević: her first big concert at Sava Centar,Tijana Bogićević — prvi veliki koncert u Sava Centru,https://raw.githubusercontent.com/newsgl/arsposters/main/869-TijanaBogicevic.webp,,Concerts,"Один из самых красивых голосов сербской поп-сцены с туром «Ti + ja na»: «Zovi me kad ti se plače», «Hajde onda ništa» и другие хиты. 17 декабря в 20:00, билеты от 2500 динаров.","One of the most beautiful voices of Serbian pop with the ""Ti + ja na"" tour: ""Zovi me kad ti se plače"", ""Hajde onda ništa"" and other hits. 17 December at 20:00, tickets from 2500 dinars.","Jedan od najlepših glasova srpske pop scene sa turnejom ""Ti + ja na"": ""Zovi me kad ti se plače"", ""Hajde onda ništa"" i drugi hitovi. Koncert je 17. decembra u 20.00, karte od 2500 dinara.","Год у **Тияны Богичевич** получился особенным: награда «Песня года» за хит **«Zovi me kad ti se plače»**, новая «Lek za bol», уже нашедшая свою публику, и теперь логичная вершина: первый большой сольный концерт в Сава Центре.

Богичевич, представлявшая Сербию на Евровидении-2017, известна как обладательница одного из самых узнаваемых вокалов сербской поп-сцены. Программа тура «Ti + ja na» собирает всю карьеру: «Hajde onda ništa», «Tražim», «Bezuslovno», «Blizu», «Širina» и свежий материал.

Обещаны мощный вокал, серьёзная продакшн-часть и эмоциональный вечер: певица встречается со «своей» публикой на площадке, которую давно заслужила.

Цена: от 2500 динаров.

Организатор: Magnus Events.","The year has been special for **Tijana Bogićević**: the Song of the Year award for the hit **""Zovi me kad ti se plače""**, the new ""Lek za bol"" already finding its audience, and now the logical summit: her first big solo concert at Sava Centar.

Bogićević, who represented Serbia at Eurovision 2017, is known for one of the most recognisable voices in Serbian pop. The ""Ti + ja na"" tour programme spans her whole career: ""Hajde onda ništa"", ""Tražim"", ""Bezuslovno"", ""Blizu"", ""Širina"" and fresh material.

A powerful vocal, serious production and an emotional evening are promised: the singer meets her audience on a stage she earned long ago.

Price: from 2500 dinars.

Promoter: Magnus Events.","Godina je za **Tijanu Bogićević** bila posebna: nagrada za pesmu godine za hit **""Zovi me kad ti se plače""**, nova ""Lek za bol"" koja je već pronašla publiku, i sada logičan vrhunac: prvi veliki solistički koncert u Sava Centru.

Bogićević, koja je predstavljala Srbiju na Evroviziji 2017, poznata je po jednom od najprepoznatljivijih vokala srpske pop scene. Program turneje ""Ti + ja na"" obuhvata celu karijeru: ""Hajde onda ništa"", ""Tražim"", ""Bezuslovno"", ""Blizu"", ""Širina"" i novije pesme.

Najavljeni su moćan vokal, vrhunska produkcija i emotivno veče: pevačica se susreće sa svojom publikom na sceni koju je odavno zaslužila.

Cena: od 2500 dinara.

Organizator: Magnus Events.",20:00,2500,Sava Centar,"Milentija Popovića 9, 11070 Novi Beograd","44.809354,20.432128",https://tickets.rs/post/tijana_bogicevic_prvi_put_u_sava_centru_2331,tickets.rs,https://tickets.rs/event/tijana_bogicevic_27498,Magnus Events,,,,,,,"концерт, поп, вокал, Сава Центар, сербская сцена","concert, pop, vocals, Sava Centar, Serbian scene","koncert, pop, vokal, Sava Centar, srpska scena"
12/20/2026,12/20/2026,8/28/2026,870,PerformingGroup,Simiram Productions,https://tickets.rs/event/the_nutcracker_27347,,TheaterEvent,Балет «Щелкунчик» в Сава Центре,The Nutcracker ballet at Sava Centar,"Balet ""Krcko Oraščić"" u Sava Centru",https://raw.githubusercontent.com/newsgl/arsposters/main/870-Nutcracker.webp,,Theatre,"Главный зимний балет Чайковского с ведущими артистами больших балетных театров русской школы: Королевство сладостей, Вальс снежинок и Grand Pas de Deux. 20 декабря в 20:00, билеты от 2500 динаров.","Tchaikovsky's definitive winter ballet with leading dancers of major Russian-school ballet theatres: the Kingdom of Sweets, the Waltz of the Snowflakes and the Grand Pas de Deux. 20 December at 20:00, tickets from 2500 dinars.","Glavni zimski balet Čajkovskog sa vodećim igračima velikih baletskih teatara ruske škole: Kraljevstvo slatkiša, Valcer pahulja i Grand Pas de Deux. Predstava je 20. decembra u 20.00, karte od 2500 dinara.","Есть спектакли, без которых трудно представить праздничный сезон, и **«Щелкунчик»** Чайковского первый в этом списке: символ зимнего волшебства, семейных традиций и красоты классического искусства.

Накануне Рождества Мария получает необычный подарок, деревянного Щелкунчика, и с этого начинается путешествие в мир чудес: Королевство сладостей, битва с Мышиным королём, знаменитый **Вальс снежинок** и парадное Grand Pas de Deux, которые больше века восхищают публику всего мира.

В постановке участвуют ведущие артисты больших балетных театров, хранители традиции русской балетной школы. Роскошные костюмы, масштабная сценография и бессмертная музыка делают вечер одинаково волшебным для детей и взрослых.

Цена: от 2500 динаров.

Организатор: Simiram Productions.","Some performances are inseparable from the festive season, and Tchaikovsky's **Nutcracker** heads that list: a symbol of winter magic, family traditions and the beauty of classical art.

On Christmas Eve Maria receives an unusual gift, a wooden Nutcracker, and a journey into a world of wonders begins: the Kingdom of Sweets, the battle with the Mouse King, the famous **Waltz of the Snowflakes** and the ceremonial Grand Pas de Deux that have delighted audiences worldwide for over a century.

The production features leading dancers of major ballet theatres, keepers of the Russian ballet school tradition. Lavish costumes, large-scale sets and the immortal score make the evening equally magical for children and adults.

Price: from 2500 dinars.

Organiser: Simiram Productions.","Postoje predstave bez kojih je teško zamisliti prazničnu sezonu, a **""Krcko Oraščić""** Čajkovskog prvi je na tom spisku: simbol zimske čarolije, porodičnih tradicija i lepote klasične umetnosti.

Uoči Božića Marija dobija neobičan poklon, drvenog Krcka Oraščića, i tu počinje putovanje u svet čuda: Kraljevstvo slatkiša, bitka sa Kraljem miševa, čuveni **Valcer pahulja** i svečani Grand Pas de Deux koji više od veka oduševljavaju publiku širom sveta.

U predstavi učestvuju vodeći umetnici velikih baletskih teatara, čuvari tradicije ruske baletske škole. Raskošni kostimi, velika scenografija i besmrtna muzika čine veče podjednako čarobnim za decu i odrasle.

Cena: od 2500 dinara.

Organizator: Simiram Productions.",20:00,2500,Sava Centar - Plava dvorana,"Milentija Popovića 9, 11070 Novi Beograd","44.809354,20.432128",https://tickets.rs/post/the_nutcracker_2301,tickets.rs,https://tickets.rs/event/the_nutcracker_27347,Simiram Productions,,,,,,,"балет, Чайковский, Щелкунчик, Сава Центар, праздники","ballet, Tchaikovsky, Nutcracker, Sava Centar, holidays","balet, Čajkovski, Krcko Oraščić, Sava Centar, praznici"
12/24/2026,12/24/2026,8/28/2026,871,Person,Haris Džinović,https://en.wikipedia.org/wiki/Haris_D%C5%BEinovi%C4%87,,MusicEvent,Haris Džinović — предновогодний вечер в Сава Центре,Haris Džinović: a pre-New Year evening at Sava Centar,Haris Džinović — predpraznično veče u Sava Centru,https://raw.githubusercontent.com/newsgl/arsposters/main/871-HarisDzinovic.webp,,Concerts,"Традиция возвращается: после двухлетней паузы боснийский шансонье снова поёт «Muštuluk» и «Rano je za tugu» в декабрьском Сава Центре. 24 декабря в 20:00 в Плавой дворане, билеты от 2900 динаров.","The tradition returns: after a two-year pause the Bosnian crooner sings ""Muštuluk"" and ""Rano je za tugu"" in a December Sava Centar again. 24 December at 20:00 in the Blue Hall, tickets from 2900 dinars.","Tradicija se vraća: posle dve godine pauze bosanski šansonjer ponovo peva ""Muštuluk"" i ""Rano je za tugu"" u decembarskom Sava Centru. Koncert je 24. decembra u 20.00 u Plavoj dvorani, karte od 2900 dinara.","Декабрьские концерты **Хариса Джиновича** в Сава Центре десятилетиями считались одними из самых эмоциональных и посещаемых музыкальных вечеров региона: свой предновогодний ритуал был у нескольких поколений публики. После двухлетней паузы традиция возвращается.

Джинович из тех артистов, чьи песни поют хором целыми залами: **«Muštuluk»**, **«Rano je za tugu»**, «Kako mi nedostaješ» и десятки других хитов, в которых боснийская севдалинка встречается с эстрадным размахом.

Обещано музыкальное путешествие по главным песням карьеры, вечер «мерака и хорошей энергии» и та особая атмосфера, ради которой на его декабрьские концерты приходили семьями.

Цена: от 2900 динаров.

Организатор: Sound Tribe.","For decades the December concerts of **Haris Džinović** at Sava Centar ranked among the region's most emotional and best-attended musical evenings: several generations of listeners had their own pre-New Year ritual. After a two-year pause the tradition returns.

Džinović is one of those artists whose songs whole halls sing in unison: **""Muštuluk""**, **""Rano je za tugu""**, ""Kako mi nedostaješ"" and dozens of other hits where the Bosnian sevdalinka meets showbiz scale.

Promised are a musical journey through the career's defining songs, an evening of ""merak and good energy"" and that special atmosphere that made his December concerts a family tradition.

Price: from 2900 dinars.

Promoter: Sound Tribe.","Decembarski koncerti **Harisa Džinovića** u Sava Centru decenijama su važili za jedne od najemotivnijih i najposećenijih muzičkih večeri regiona: nekoliko generacija publike imalo je svoj predpraznični ritual. Posle dve godine pauze tradicija se vraća.

Džinović je od onih umetnika čije pesme pevaju cele sale: **""Muštuluk""**, **""Rano je za tugu""**, ""Kako mi nedostaješ"" i deseci drugih hitova u kojima se bosanska sevdalinka susreće sa estradnim zamahom.

Najavljeni su muzičko putovanje kroz najveće pesme karijere, veče puno meraka i dobre energije i ona posebna atmosfera zbog koje se na njegove decembarske koncerte dolazilo porodično.

Cena: od 2900 dinara.

Organizator: Sound Tribe.",20:00,2900,Sava Centar - Plava dvorana,"Milentija Popovića 9, 11070 Novi Beograd","44.809354,20.432128",https://tickets.rs/post/haris_dzinovic_2304,tickets.rs,https://tickets.rs/event/haris_dzinovic_27343,Sound Tribe,,,,,,,"концерт, севдах, эстрада, Сава Центар, праздники","concert, sevdah, Balkan pop, Sava Centar, holidays","koncert, sevdah, estrada, Sava Centar, praznici"
12/25/2026,12/25/2026,8/28/2026,872,Person,Sergej Ćetković,https://en.wikipedia.org/wiki/Sergej_%C4%86etkovi%C4%87,,MusicEvent,Sergej Ćetković — новогодний концерт с симфоническим оркестром в Сава Центре,Sergej Ćetković: a New Year concert with symphony orchestra at Sava Centar,Sergej Ćetković — novogodišnji koncert uz simfonijski orkestar u Sava Centru,https://raw.githubusercontent.com/newsgl/arsposters/main/872-SergejCetkovic.webp,,Concerts,"Впервые в карьере черногорский кантаутор исполняет свои главные баллады с большим симфоническим оркестром: «Ljubav», «Pola moga svijeta», «Ljube» и другие. 25 декабря в 20:00, билеты от 2500 динаров.","For the first time in his career the Montenegrin singer-songwriter performs his biggest ballads with a full symphony orchestra: ""Ljubav"", ""Pola moga svijeta"", ""Ljube"" and more. 25 December at 20:00, tickets from 2500 dinars.","Prvi put u karijeri crnogorski kantautor izvodi svoje najveće balade uz veliki simfonijski orkestar: ""Ljubav"", ""Pola moga svijeta"", ""Ljube"" i druge. Koncert je 25. decembra u 20.00, karte od 2500 dinara.","Два года назад **Сергей Четкович** три вечера подряд распродавал Плавую дворану. Теперь он возвращается в Сава Центар с самым амбициозным проектом карьеры: впервые его баллады прозвучат в сопровождении большого **симфонического оркестра**.

Песни, которые давно стали частью личных историй публики всего региона, получат новые аранжировки: «Ljubav», «Pola moga svijeta», «Prsten na sto», «Znaj da moja si», «Pogledi u tami». Особое место занимает «Ljube», один из самых слушаемых региональных хитов последнего времени, доказавший, что Четкович умеет находить дорогу и к новым поколениям.

Праздничная дата делает вечер по-настоящему новогодним: мощный оркестровый звук, знакомая эмоция и зал, поющий вместе с артистом.

Цена: от 2500 динаров.

Организатор: Event Media.","Two years ago **Sergej Ćetković** sold out the Blue Hall three nights in a row. Now he returns to Sava Centar with the most ambitious project of his career: for the first time his ballads sound with a full **symphony orchestra**.

Songs that long ago became part of listeners' personal histories across the region receive new arrangements: ""Ljubav"", ""Pola moga svijeta"", ""Prsten na sto"", ""Znaj da moja si"", ""Pogledi u tami"". A special place belongs to ""Ljube"", one of the most-streamed regional hits of recent times, proof that Ćetković still finds his way to new generations.

The festive date makes the evening truly New Year's: powerful orchestral sound, familiar emotion and a hall singing along.

Price: from 2500 dinars.

Promoter: Event Media.","Pre dve godine **Sergej Ćetković** je tri večeri zaredom rasprodao Plavu dvoranu. Sada se vraća u Sava Centar sa najambicioznijim projektom karijere: prvi put njegove balade zvuče uz veliki **simfonijski orkestar**.

Pesme koje su odavno postale deo ličnih priča publike širom regiona dobijaju nove aranžmane: ""Ljubav"", ""Pola moga svijeta"", ""Prsten na sto"", ""Znaj da moja si"", ""Pogledi u tami"". Posebno mesto ima ""Ljube"", jedna od najslušanijih regionalnih pesama poslednjih godina, dokaz da Ćetković pronalazi put i do novih generacija.

Praznični datum čini veče zaista novogodišnjim: moćan orkestarski zvuk, poznata emocija i sala koja peva u glas.

Cena: od 2500 dinara.

Organizator: Event Media.",20:00,2500,Sava Centar,"Milentija Popovića 9, 11070 Novi Beograd","44.809354,20.432128",https://tickets.rs/post/sergej_cetkovic_prvi_put_uz_veliki_simfonijski_orkestar_u_sava_centru_2322,tickets.rs,https://tickets.rs/event/sergej_cetkovic_27456,Event Media,,,,,,,"концерт, поп, симфонический оркестр, Сава Центар, Новый год","concert, pop, symphony orchestra, Sava Centar, New Year","koncert, pop, simfonijski orkestar, Sava Centar, Nova godina"
2/12/2027,2/12/2027,8/28/2026,873,Person,Валерий Меладзе,https://en.wikipedia.org/wiki/Valery_Meladze,,MusicEvent,Валерий Меладзе — новая концертная программа в Сава Центре,Valery Meladze: a new concert programme at Sava Centar,Valerij Meladze — novi koncertni program u Sava Centru,https://raw.githubusercontent.com/newsgl/arsposters/main/873-Meladze.webp,,Concerts,"После аншлагового юбилейного тура Меладзе возвращается в Белград с полностью новой программой: хиты, которые знают миллионы, и премьеры новых песен. 12 февраля 2027 в 20:00, билеты от 7000 динаров.","After the sold-out jubilee tour Meladze returns to Belgrade with an entirely new programme: hits known to millions plus premieres of new songs. 12 February 2027 at 20:00, tickets from 7000 dinars.","Posle rasprodate jubilarne turneje Meladze se vraća u Beograd sa potpuno novim programom: hitovi koje znaju milioni i premijere novih pesama. Koncert je 12. februara 2027. u 20.00, karte od 7000 dinara.","Юбилейный тур 2025 года **Валерий Меладзе** отыграл при переполненных залах, и белградский концерт не стал исключением. Продолжение выходит масштабнее: тур 2026-2027 годов построен на полностью новой программе.

Обещаны и премьеры новых композиций, и хиты, которые узнают с первых нот: «Сэра», «Салют, Вера», «Красиво». Отдельно заявлено высокотехнологичное световое шоу.

Меладзе один из тех артистов, у кого каждая песня превращается в отдельную историю, рассказанную на полной отдаче. Его концерты в регионе стабильно собирают публику из нескольких стран, так что с билетами лучше не тянуть.

Цена: от 7000 динаров.

Организатор: Art Akcenat.","**Valery Meladze** played his 2025 jubilee tour to packed halls, and the Belgrade concert was no exception. The follow-up goes bigger: the 2026-2027 tour is built on an entirely new programme.

Both premieres of new songs and instantly recognisable hits are promised: ""Sera"", ""Salut, Vera"", ""Krasivo"". A high-tech light show is announced as well.

Meladze is one of those artists for whom every song becomes a story told at full commitment. His concerts in the region regularly draw audiences from several countries, so tickets are best not left for later.

Price: from 7000 dinars.

Promoter: Art Akcenat.","Jubilarnu turneju 2025. **Valerij Meladze** odsvirao je pred prepunim salama, a beogradski koncert nije bio izuzetak. Nastavak je još veći: turneja 2026-2027 građena je na potpuno novom programu.

Najavljene su i premijere novih kompozicija i hitovi koji se prepoznaju od prvih nota: ""Sera"", ""Saljut, Vera"", ""Krasivo"". Posebno je najavljen i visokotehnološki svetlosni šou.

Meladze je od onih umetnika kod kojih svaka pesma postaje posebna priča ispričana uz potpuno predavanje. Njegovi koncerti u regionu redovno okupljaju publiku iz više zemalja, pa karte ne treba ostavljati za kasnije.

Cena: od 7000 dinara.

Organizator: Art Akcenat.",20:00,7000,Sava Centar,"Milentija Popovića 9, 11070 Novi Beograd","44.809354,20.432128",https://tickets.rs/post/valery_meladze_2285,tickets.rs,https://tickets.rs/event/valery_meladze_26902,Art Akcenat,,,,,,,"концерт, эстрада, русская музыка, Сава Центар, поп","concert, pop, Russian music, Sava Centar, stage","koncert, estrada, ruska muzika, Sava Centar, pop"
3/8/2027,3/8/2027,8/28/2026,874,Person,Peđa Jovanović,https://sr.wikipedia.org/wiki/%D0%9F%D0%B5%D1%92%D0%B0_%D0%88%D0%BE%D0%B2%D0%B0%D0%BD%D0%BE%D0%B2%D0%B8%D1%9B_(%D0%BF%D0%B5%D0%B2%D0%B0%D1%87),,MusicEvent,Peđa Jovanović — концерт к 8 Марта в Beogradska Arena,Peđa Jovanović: an 8 March concert at the Belgrade Arena,Peđa Jovanović — koncert za 8. mart u Beogradskoj areni,https://raw.githubusercontent.com/newsgl/arsposters/main/874-PedjaJovanovic.webp,,Concerts,"После тринадцати аншлагов в mts Dvorana и шести вечеров в Сава Центре певец замахивается на Арену: большой концерт в Женский день с Big Concert Orchestra. 8 марта 2027 в 20:00, билеты от 1600 динаров.","After thirteen sold-out mts Dvorana shows and six Sava Centar evenings, the singer aims for the Arena: a big Women's Day concert with the Big Concert Orchestra. 8 March 2027 at 20:00, tickets from 1600 dinars.","Posle trinaest rasprodatih mts Dvorana i šest večeri u Sava Centru pevač cilja Arenu: veliki koncert za Dan žena uz Big Concert Orchestra. Nastup je 8. marta 2027. u 20.00, karte od 1600 dinara.","Статистика **Педжи Йовановича** говорит сама за себя: тринадцать распроданных mts Dvorana, шесть вечеров в Сава Центре и переполненные залы от Загреба до Скопье. Следующая ступень логична: самый большой сольный концерт карьеры, Белградская арена.

Дата выбрана со смыслом: концерт пройдёт в **Международный женский день**, и артист прямо посвящает вечер дамам, которые годами остаются опорой его карьеры. Йовановича любят за узнаваемый голос и искреннюю подачу, на которых выросли его главные хиты.

На сцене с ним **Big Concert Orchestra**, обещана продакшн-часть высшего уровня и репертуар, собранный из песен, отметивших последние годы сербской поп-сцены.

Цена: от 1600 динаров.

Организатор: Kamarrad Music.","The statistics of **Peđa Jovanović** speak for themselves: thirteen sold-out mts Dvorana shows, six Sava Centar evenings and packed halls from Zagreb to Skopje. The next step is logical: the biggest solo concert of his career, the Belgrade Arena.

The date carries meaning: the concert falls on **International Women's Day**, and the artist openly dedicates the evening to the women who have been the backbone of his career for years. Jovanović is loved for a recognisable voice and sincere delivery, the foundations of his biggest hits.

He is joined by the **Big Concert Orchestra**, with top-level production promised and a repertoire drawn from the songs that marked recent years of Serbian pop.

Price: from 1600 dinars.

Promoter: Kamarrad Music.","Statistika **Peđe Jovanovića** govori sama za sebe: trinaest rasprodatih mts Dvorana, šest večeri u Sava Centru i prepune sale od Zagreba do Skoplja. Sledeći korak je logičan: najveći solistički koncert karijere, Beogradska arena.

Datum nosi simboliku: koncert se održava na **Dan žena**, a umetnik veče otvoreno posvećuje damama koje su godinama najvažniji oslonac njegove karijere. Jovanovića publika voli zbog prepoznatljivog glasa i iskrene interpretacije, na kojima su izrasli njegovi najveći hitovi.

Na sceni ga prati **Big Concert Orchestra**, najavljena je produkcija najvišeg nivoa i repertoar sastavljen od pesama koje su obeležile poslednje godine srpske pop scene.

Cena: od 1600 dinara.

Organizator: Kamarrad Music.",20:00,1600,Beogradska Arena,"Bulevar Arsenija Čarnojevića 58, 11070 Beograd","44.814123,20.421388",https://tickets.rs/post/peda_jovanovic_beogradska_arena_8_mart_2342,tickets.rs,https://tickets.rs/event/peda_jovanovic_27511,Kamarrad Music,,,,,,,"концерт, поп, 8 марта, Beogradska Arena, сербская сцена","concert, pop, Women's Day, Belgrade Arena, Serbian scene","koncert, pop, Dan žena, Beogradska Arena, srpska scena"
3/16/2027,3/16/2027,8/28/2026,875,Person,Tarja Turunen,https://en.wikipedia.org/wiki/Tarja_Turunen,,MusicEvent,Tarja — тур Frisson Live в «Хангаре» Луки Београд,Tarja brings the Frisson Live tour to Hangar at Luka Beograd,Tarja — turneja Frisson Live u Hangaru Luke Beograd,https://raw.githubusercontent.com/newsgl/arsposters/main/875-Tarja.webp,,Concerts,"Первый голос Nightwish и первая леди симфо-метала с программой нового альбома Frisson: оперное сопрано поверх тяжёлых гитар. 16 марта 2027, начало в 18:00, билеты от 5700 динаров.","The original voice of Nightwish and first lady of symphonic metal with the programme of her new album Frisson: operatic soprano over heavy guitars. 16 March 2027, doors from 18:00, tickets from 5700 dinars.","Prvi glas Nightwisha i prva dama simfo-metala sa programom novog albuma Frisson: operski sopran preko teških gitara. Koncert je 16. marta 2027, početak u 18.00, karte od 5700 dinara.","Именно голос **Тарьи Турунен** когда-то определил звучание Nightwish и всего жанра симфонического метала: оперное сопрано поверх тяжёлых гитар до неё всерьёз никто не совмещал. После ухода из группы в 2005-м финская певица построила большую сольную карьеру, где металлические альбомы соседствуют с классическими и рождественскими программами.

В Белград Тарья привозит тур **Frisson Live** в поддержку нового альбома. Поклонники получат и свежий материал, и сольные хиты вроде «I Walk Alone», и, по традиции её концертов, классику эпохи Nightwish.

Концерт пройдёт на площадке Hangar в Луке Београд (Stage 3).

Цена: от 5700 динаров.

Организатор: Figura Media.","It was the voice of **Tarja Turunen** that once defined the sound of Nightwish and of symphonic metal as a genre: no one had seriously combined operatic soprano with heavy guitars before her. After leaving the band in 2005 the Finnish singer built a major solo career where metal albums sit alongside classical and Christmas programmes.

Tarja brings the **Frisson Live** tour to Belgrade in support of her new album. Fans get the fresh material, solo hits like ""I Walk Alone"" and, as her concerts traditionally do, classics of the Nightwish era.

The concert takes place at the Hangar venue in Luka Beograd (Stage 3).

Price: from 5700 dinars.

Promoter: Figura Media.","Upravo je glas **Tarje Turunen** svojevremeno definisao zvuk Nightwisha i celog žanra simfonijskog metala: operski sopran preko teških gitara pre nje niko nije ozbiljno spajao. Posle odlaska iz benda 2005. finska pevačica izgradila je veliku solo karijeru u kojoj metal albumi stoje rame uz rame sa klasičnim i božićnim programima.

U Beograd Tarja donosi turneju **Frisson Live** uz novi album. Publiku čekaju svež materijal, solo hitovi poput ""I Walk Alone"" i, po tradiciji njenih koncerata, klasici iz ere Nightwisha.

Koncert se održava u Hangaru Luke Beograd (Stage 3).

Cena: od 5700 dinara.

Organizator: Figura Media.",18:00,5700,Hangar (Luka Beograd),"Žorža Klemansoa 37, 11158 Beograd","44.827200,20.469800",https://tickets.rs/post/tarja_2358,tickets.rs,https://tickets.rs/event/tarja_27666,Figura Media,,,,,,,"концерт, симфо-метал, Nightwish, Hangar, метал","concert, symphonic metal, Nightwish, Hangar, metal","koncert, simfo-metal, Nightwish, Hangar, metal"
