StartDate,EndDate,PubDate,UniqueID,PerformerType,PerformerName,SameAs,Language,EventType,EventNameRus,EventNameEng,EventNameSrb,CoverImage,SpotifyButton,Section,ShortDescriptionRus,ShortDescriptionEng,ShortDescriptionSrb,LongDescriptionRus,LongDescriptionEng,LongDescriptionSrb,Time,PriceDin,PlaceName,PlaceAddress,GoogleMap,EventPage,SourceName,TicketsLink,OrganizerName,OrganizerPageURL,OrganizerEmail,OrganizerPhone,AgeRestriction,EventCapacity,ImageGallery,TagsRus,TagsEng,TagsSrb
10/8/2026,10/8/2026,10/6/2026,2100,TheaterGroup,Pozorište na Terazijama,https://pozoristeterazije.com/,,TheaterEvent,«С другой стороны подушки»: мюзикл на песни Баяги в Театре на Теразиях,Sa druge strane jastuka: the Bajaga musical at Terazije Theatre,Sa druge strane jastuka: mjuzikl na Bajagine hitove u Pozorištu na Terazijama,https://raw.githubusercontent.com/newsgl/arsposters/main/2100-SaDrugeStraneJastukaMjuziklNa.webp,,Theatre,"Тридцать песен Баяги и «Инструкторов» собраны в историю о музыканте Божо и студентке Тамаре в Белграде начала восьмидесятых. Режиссёр Юг Радивоевич, на сцене одновременно актёры, балет, хор и оркестр. Большая сцена, начало в 19:30, билеты от 1600 до 2200 динаров.","Thirty songs by Bajaga i Instruktori woven into the story of musician Boža and student Tamara in early 1980s Belgrade. Directed by Jug Radivojević, with actors, ballet, choir and orchestra on stage together. Main stage, 19:30, tickets 1600 to 2200 dinars.","Trideset pesama Bajage i Instruktora utkano je u priču o muzičaru Boži i studentkinji Tamari u Beogradu ranih osamdesetih. Režija Jug Radivojević, na sceni su istovremeno glumci, balet, hor i orkestar. Velika scena, početak u 19.30, karte od 1600 do 2200 dinara.","Белград начала восьмидесятых, молодой музыкант Божо, студентка Тамара и город, который меняется быстрее, чем его жители. Драматург **Стеван Копривица** написал для этого сюжета новую историю, а музыкой к ней стали тридцать песен **Момчило Баягича Баяги**: вещи, которые в Сербии знают наизусть уже несколько десятилетий.

Аранжировки для театра сделал Александр Седлар, поставил спектакль **Юг Радивоевич**. Особенность постановки в том, что драматические актёры, балет, хор и оркестр работают на сцене вместе и всё время: для Театра на Теразиях это был первый опыт такого формата.

Сценографию придумал Александр Денич, костюмы Татьяны Радишич построены на эстетике восьмидесятых с отсылками к Мадонне и Дэвиду Боуи. В главных ролях Славен Дошло и Милена Живанович (в очередь с Татьяной Димитриевич).

Премьера прошла в октябре 2020 года, и спустя шесть сезонов мюзикл по-прежнему собирает полные залы: летом 2026 на показе в Сава-центре в рамках фестиваля BELEF его смотрели около трёх тысяч зрителей, а сам Баяга вышел на сцену специальным гостем. Спектакль идёт в двух актах, примерно два часа.

Место: Большая сцена Театра на Теразиях.

Цена: от 1600 до 2200 динаров.","Belgrade in the early 1980s, a young musician called Boža, a student called Tamara, and a city changing faster than the people in it. Playwright **Stevan Koprivica** wrote a brand new story for the stage, and its soundtrack is thirty songs by **Momčilo Bajagić Bajaga**, tunes most of Serbia has known by heart for decades.

Aleksandar Sedlar rearranged the songs for the theatre and **Jug Radivojević** directed. What sets the production apart is that actors, ballet, choir and orchestra share the stage throughout the show, a format Terazije Theatre tried for the first time here.

The set is by Aleksandar Denić, and Tatjana Radišić's costumes draw on 1980s aesthetics with nods to Madonna and David Bowie. Slaven Došlo and Milena Živanović (alternating with Tatjana Dimitrijević) play the leads.

The musical premiered in October 2020 and still fills the house six seasons later: at a summer 2026 performance in Sava Centar during the BELEF festival it drew around three thousand people, with Bajaga himself appearing as a special guest. The show runs in two acts, roughly two hours.

Venue: main stage of Pozorište na Terazijama.

Price: 1600 to 2200 dinars.","Beograd ranih osamdesetih, mladi muzičar Boža, studentkinja Tamara i grad koji se menja brže od ljudi u njemu. Dramaturg **Stevan Koprivica** napisao je potpuno novu priču, a njen zvuk čini trideset pesama **Momčila Bajagića Bajage**, koje se ovde decenijama znaju napamet.

Aranžmane za pozorište potpisuje Aleksandar Sedlar, režiju **Jug Radivojević**. Posebnost predstave je što glumci, balet, hor i orkestar sve vreme dele scenu, što je u Pozorištu na Terazijama prvi put primenjeno upravo ovde.

Scenografiju je osmislio Aleksandar Denić, kostimi Tatjane Radišić oslanjaju se na estetiku osamdesetih uz omaž Madoni i Dejvidu Bouviju. Glavne uloge igraju Slaven Došlo i Milena Živanović (u alternaciji Tatjana Dimitrijević).

Premijera je bila u oktobru 2020, a mjuzikl i posle šest sezona puni salu: na izvođenju u Sava centru u okviru BELEF-a u leto 2026. okupio je oko tri hiljade gledalaca, uz Bajagu kao specijalnog gosta. Predstava traje oko dva sata, u dva čina.

Mesto: Velika scena Pozorišta na Terazijama.

Cena: od 1600 do 2200 dinara.",19:30,1600,Pozorište na Terazijama,"Trg Nikole Pašića 3, Beograd","44.812818,20.461566",https://repertoar.rs/predstave/sa-druge-strane-jastuka/,repertoar.rs,https://bilet.pozoristeterazije.com/scena.php?prostorterminid=1256,Pozorište na Terazijama,https://pozoristeterazije.com/,,,,,,"театр, мюзикл, Баяга, Театр на Теразиях, Юг Радивоевич","theatre, musical, Bajaga, Terazije Theatre, Jug Radivojević","pozorište, mjuzikl, Bajaga, Pozorište na Terazijama, Jug Radivojević"
10/18/2026,10/18/2026,10/6/2026,2101,TheaterGroup,Pozorište na Terazijama,https://pozoristeterazije.com/,,TheaterEvent,«С другой стороны подушки»: мюзикл на песни Баяги в Театре на Теразиях,Sa druge strane jastuka: the Bajaga musical at Terazije Theatre,Sa druge strane jastuka: mjuzikl na Bajagine hitove u Pozorištu na Terazijama,https://raw.githubusercontent.com/newsgl/arsposters/main/2101-SaDrugeStraneJastukaMjuziklNa.webp,,Theatre,"Тридцать песен Баяги и «Инструкторов» собраны в историю о музыканте Божо и студентке Тамаре в Белграде начала восьмидесятых. Режиссёр Юг Радивоевич, на сцене одновременно актёры, балет, хор и оркестр. Большая сцена, начало в 19:30, билеты от 1600 до 2200 динаров.","Thirty songs by Bajaga i Instruktori woven into the story of musician Boža and student Tamara in early 1980s Belgrade. Directed by Jug Radivojević, with actors, ballet, choir and orchestra on stage together. Main stage, 19:30, tickets 1600 to 2200 dinars.","Trideset pesama Bajage i Instruktora utkano je u priču o muzičaru Boži i studentkinji Tamari u Beogradu ranih osamdesetih. Režija Jug Radivojević, na sceni su istovremeno glumci, balet, hor i orkestar. Velika scena, početak u 19.30, karte od 1600 do 2200 dinara.","Белград начала восьмидесятых, молодой музыкант Божо, студентка Тамара и город, который меняется быстрее, чем его жители. Драматург **Стеван Копривица** написал для этого сюжета новую историю, а музыкой к ней стали тридцать песен **Момчило Баягича Баяги**: вещи, которые в Сербии знают наизусть уже несколько десятилетий.

Аранжировки для театра сделал Александр Седлар, поставил спектакль **Юг Радивоевич**. Особенность постановки в том, что драматические актёры, балет, хор и оркестр работают на сцене вместе и всё время: для Театра на Теразиях это был первый опыт такого формата.

Сценографию придумал Александр Денич, костюмы Татьяны Радишич построены на эстетике восьмидесятых с отсылками к Мадонне и Дэвиду Боуи. В главных ролях Славен Дошло и Милена Живанович (в очередь с Татьяной Димитриевич).

Премьера прошла в октябре 2020 года, и спустя шесть сезонов мюзикл по-прежнему собирает полные залы: летом 2026 на показе в Сава-центре в рамках фестиваля BELEF его смотрели около трёх тысяч зрителей, а сам Баяга вышел на сцену специальным гостем. Спектакль идёт в двух актах, примерно два часа.

Место: Большая сцена Театра на Теразиях.

Цена: от 1600 до 2200 динаров.","Belgrade in the early 1980s, a young musician called Boža, a student called Tamara, and a city changing faster than the people in it. Playwright **Stevan Koprivica** wrote a brand new story for the stage, and its soundtrack is thirty songs by **Momčilo Bajagić Bajaga**, tunes most of Serbia has known by heart for decades.

Aleksandar Sedlar rearranged the songs for the theatre and **Jug Radivojević** directed. What sets the production apart is that actors, ballet, choir and orchestra share the stage throughout the show, a format Terazije Theatre tried for the first time here.

The set is by Aleksandar Denić, and Tatjana Radišić's costumes draw on 1980s aesthetics with nods to Madonna and David Bowie. Slaven Došlo and Milena Živanović (alternating with Tatjana Dimitrijević) play the leads.

The musical premiered in October 2020 and still fills the house six seasons later: at a summer 2026 performance in Sava Centar during the BELEF festival it drew around three thousand people, with Bajaga himself appearing as a special guest. The show runs in two acts, roughly two hours.

Venue: main stage of Pozorište na Terazijama.

Price: 1600 to 2200 dinars.","Beograd ranih osamdesetih, mladi muzičar Boža, studentkinja Tamara i grad koji se menja brže od ljudi u njemu. Dramaturg **Stevan Koprivica** napisao je potpuno novu priču, a njen zvuk čini trideset pesama **Momčila Bajagića Bajage**, koje se ovde decenijama znaju napamet.

Aranžmane za pozorište potpisuje Aleksandar Sedlar, režiju **Jug Radivojević**. Posebnost predstave je što glumci, balet, hor i orkestar sve vreme dele scenu, što je u Pozorištu na Terazijama prvi put primenjeno upravo ovde.

Scenografiju je osmislio Aleksandar Denić, kostimi Tatjane Radišić oslanjaju se na estetiku osamdesetih uz omaž Madoni i Dejvidu Bouviju. Glavne uloge igraju Slaven Došlo i Milena Živanović (u alternaciji Tatjana Dimitrijević).

Premijera je bila u oktobru 2020, a mjuzikl i posle šest sezona puni salu: na izvođenju u Sava centru u okviru BELEF-a u leto 2026. okupio je oko tri hiljade gledalaca, uz Bajagu kao specijalnog gosta. Predstava traje oko dva sata, u dva čina.

Mesto: Velika scena Pozorišta na Terazijama.

Cena: od 1600 do 2200 dinara.",19:30,1600,Pozorište na Terazijama,"Trg Nikole Pašića 3, Beograd","44.812818,20.461566",https://repertoar.rs/predstave/sa-druge-strane-jastuka/,repertoar.rs,https://bilet.pozoristeterazije.com/scena.php?prostorterminid=1256,Pozorište na Terazijama,https://pozoristeterazije.com/,,,,,,"театр, мюзикл, Баяга, Театр на Теразиях, Юг Радивоевич","theatre, musical, Bajaga, Terazije Theatre, Jug Radivojević","pozorište, mjuzikl, Bajaga, Pozorište na Terazijama, Jug Radivojević"
10/9/2026,10/9/2026,10/6/2026,2102,Organization,Karmakoma,https://www.instagram.com/karmakoma_belgrade/,,MusicEvent,"Mande, mdngt и PTŽC: техно-ночь от электро до даба в Karmakoma","Mande, mdngt and PTŽC: a techno night from electro to dub at Karmakoma","Mande, mdngt i PTŽC: tehno noć od elektra do daba u Karmakomi",https://raw.githubusercontent.com/newsgl/arsposters/main/2102-MandeMdngtIPTZCTehnoNoc.webp,,Concerts,"Три белградских диджея за одним пультом: Mande из Niš и крю Disconnection, mdngt, первая резидентка Karmakoma, и PTŽC, основатель серии Subspace с его даб-техно. 9 октября, 23:00, предпродажа 800 динаров, на входе 1200.","Three Belgrade DJs in one booth: Mande of the Disconnection crew, mdngt, Karmakoma’s first resident, and PTŽC, founder of the Subspace series, with his dub techno. 9 October, 23:00, presale 800 dinars, 1200 at the door.","Tri beogradska DJ-a za jednim pultom: Mande iz ekipe Disconnection, mdngt, prva rezidentkinja Karmakome, i PTŽC, osnivač serijala Subspace, sa svojim dub tehnom. 9. oktobar, 23.00, pretprodaja 800 dinara, na ulazu 1200.","Клуб заявляет ночь «от электро до дабового наследия, через призму техно». Программа собрана из своих: все трое давно крутятся вокруг Karmakoma, Drugstore и Para.

**Mande** перебрался из Ниша в Белград и вошёл в крю Disconnection; клуб вспоминает его сеты как одни из самых энергичных за последние сезоны. **mdngt** стала первой диджейкой, выросшей в самой Karmakoma сразу после открытия клуба; сейчас её можно услышать в Drugstore, Karmakoma, Para и баре Diabolique. **PTŽC** основал серию вечеринок Subspace в Drugstore и известен подборкой даб-техно; в Subspace он делил пульт с Regen и Claudio PRC.

Karmakoma на Poenkareova 32 открыли основатели Drugstore вместе с Sacha Mambo, главой лионского лейбла Macadam Mambo; название отсылает к альбому Massive Attack.

Цена: предпродажа 800 динаров (Gigstix, Resident Advisor), на входе 1200 динаров.

Организатор: Karmakoma.","The club bills the night as a run «from electro to dub heritage, all through the techno prism». The line-up is home grown: all three have long orbited Karmakoma, Drugstore and Para.

**Mande** moved from Niš to Belgrade and joined the Disconnection crew; the club counts his sets among the most energetic it has hosted in recent seasons. **mdngt** was the first DJ to come out of Karmakoma itself, shortly after it opened, and now plays Drugstore, Karmakoma, Para and the bar Diabolique. **PTŽC** founded the Subspace party series at Drugstore and is known for his dub techno selection; at Subspace he has shared the booth with Regen and Claudio PRC.

Karmakoma at Poenkareova 32 was opened by the founders of Drugstore together with Sacha Mambo, head of the Lyon label Macadam Mambo; the name nods to the Massive Attack album.

Price: presale 800 dinars (Gigstix, Resident Advisor), 1200 dinars at the door.

Organiser: Karmakoma.","Klub najavljuje noć «od elektra do dab nasleđa, kroz prizmu tehna». Postava je domaća: sva trojica se odavno vrte oko Karmakome, Drugstorea i Pare.

**Mande** se iz Niša preselio u Beograd i priključio ekipi Disconnection; klub pamti njegove setove kao jedne od najenergičnijih u poslednjih nekoliko sezona. **mdngt** je prva DJ-ka koja je izrasla u samoj Karmakomi, ubrzo po otvaranju kluba; danas pušta u Drugstoreu, Karmakomi, Pari i baru Diabolique. **PTŽC** je osnovao serijal žurki Subspace u Drugstoreu i poznat je po dub tehno selekciji; u Subspaceu je delio pult sa Regenom i Claudiom PRC.

Karmakomu na Poenkareovoj 32 otvorili su osnivači Drugstorea zajedno sa Sachom Mambom, vlasnikom lionske etikete Macadam Mambo; ime je omaž albumu Massive Attacka.

Cena: pretprodaja 800 dinara (Gigstix, Resident Advisor), na ulazu 1200 dinara.

Organizator: Karmakoma.",23:00,800,Karmakoma,"Poenkareova 32, 11000 Beograd","44.818977,20.488380",https://ra.co/events/2554276,ra.co,,Karmakoma,https://www.instagram.com/karmakoma_belgrade/,,,,,,"техно, Karmakoma, клубная ночь, диджеи, даб-техно","techno, Karmakoma, club night, DJs, dub techno","tehno, Karmakoma, klupska noć, DJ, dub tehno"
10/9/2026,10/10/2026,10/6/2026,2103,Organization,Belgrade Pub Crawl & Nightlife,https://www.meetup.com/belgrade-outdoor-indoor-pub-crawls-meetup-group/,,SocialEvent,"Belgrade Pub Crawl: вечер по барам Скадарлии с финалом в ночном клубе, сбор в Kaldrma Bar",Belgrade Pub Crawl: a bar hopping night from Kaldrma Bar to a final nightclub,Belgrade Pub Crawl: obilazak barova sa startom u Kaldrma baru i finalom u noćnom klubu,https://raw.githubusercontent.com/newsgl/arsposters/main/2103-BelgradePubCrawlObilazakBarovaSa.webp,,Games,"Пятница, 9 октября, сбор в 21:00 в Kaldrma Bar на Скадарской. Группа от 25 до 50 человек, путешественники и местные, обходит несколько баров и заканчивает ночь в клубе; три шота и вход в клуб входят в цену. На английском языке. Участие 10 евро (около 1170 динаров).","Friday 9 October, meeting at 21:00 at Kaldrma Bar in Skadarska street. A group of 25 to 50 travellers and locals moves through several bars and ends the night in a club; three shots and club entry are included. In English. Price 10 euros (about 1170 dinars).","Petak, 9. oktobar, okupljanje u 21.00 u Kaldrma baru u Skadarskoj. Grupa od 25 do 50 ljudi, putnici i domaći, obilazi nekoliko barova i završava noć u klubu; tri šota i ulaz u klub su uračunati. Na engleskom jeziku. Učešće 10 evra (oko 1170 dinara).","Паб-кроул устроен просто: в 21:00 все собираются в **Kaldrma Bar** на Скадарской, знакомятся, и дальше группа идёт по барам вместе с ведущим. Остановок несколько, в каждой пьют, разговаривают и подбирают новых людей, а около часа ночи все оказываются в клубе, куда вход уже оплачен.

Группу собирает Meetup-сообщество **Belgrade Pub Crawl & Nightlife**, но к ней присоединяются постояльцы хостелов и гости с других платформ, так что компания получается международной, обычно от 25 до 50 человек. Прийти одному здесь норма: по словам организаторов, так приходит большинство, и формат рассчитан именно на то, чтобы за вечер перезнакомиться.

Что входит в цену: три шота по дороге, вход в финальный клуб и ведущий, который остаётся с группой до конца. Общение на английском. Регистрация через Meetup (кнопка RSVP), ведущий вечера Daniel K.

Место: сбор в Kaldrma Bar, Скадарска 40b.

Время: с 21:00 примерно до 01:00.

Цена: 10 евро (около 1170 динаров). Организатор: Belgrade Pub Crawl & Nightlife.","The format is simple. At 21:00 everyone meets at **Kaldrma Bar** in Skadarska street, introductions are made, and the group sets off through several bars with a host. Each stop adds drinks, conversation and a few more people, and around one in the morning the whole crowd lands in a nightclub where entry is already covered.

The crawl is run by the Meetup community **Belgrade Pub Crawl & Nightlife**, but hostel guests and people from other platforms join the same group, so the crowd is international, usually 25 to 50 people. Coming alone is normal here: according to the organisers most people do, and the evening is built around meeting strangers.

Included: three shots along the way, entry to the final club and a host who stays with the group all night. Everything happens in English. Sign up via Meetup (the RSVP button); the host is Daniel K.

Venue: meeting point Kaldrma Bar, Skadarska 40b.

Time: 21:00 to about 01:00.

Price: 10 euros (about 1170 dinars). Organiser: Belgrade Pub Crawl & Nightlife.","Format je jednostavan. U 21.00 svi se okupljaju u **Kaldrma baru** u Skadarskoj, upoznaju se, a onda grupa sa domaćinom kreće od bara do bara. Na svakoj stanici se pije, priča i skupljaju novi ljudi, a oko jedan posle ponoći cela ekipa završava u noćnom klubu u koji je ulaz već plaćen.

Izlazak organizuje Meetup zajednica **Belgrade Pub Crawl & Nightlife**, ali se grupi pridružuju i gosti hostela i ljudi sa drugih platformi, pa je društvo međunarodno, obično od 25 do 50 ljudi. Doći sam je ovde sasvim uobičajeno: po rečima organizatora tako dolazi većina, a veče je i zamišljeno tako da se do kraja svi upoznaju.

U cenu su uračunata tri šota usput, ulaz u završni klub i domaćin koji ostaje sa grupom do kraja. Razgovor je na engleskom. Prijava preko Meetupa (dugme RSVP), domaćin večeri je Daniel K.

Mesto: okupljanje u Kaldrma baru, Skadarska 40b.

Vreme: od 21.00 do oko 01.00.

Cena: 10 evra (oko 1170 dinara). Organizator: Belgrade Pub Crawl & Nightlife.",21:00,1170,Kaldrma Bar,"Skadarska 40b, 11000 Beograd","44.818243,20.465221",https://www.meetup.com/belgrade-outdoor-indoor-pub-crawls-meetup-group/events/316762395/,meetup.com,https://www.meetup.com/belgrade-outdoor-indoor-pub-crawls-meetup-group/events/316762395/,Belgrade Pub Crawl & Nightlife,https://www.meetup.com/belgrade-outdoor-indoor-pub-crawls-meetup-group/,,,,,,"паб-кроул, Скадарлия, вечеринка, Meetup, на английском","pub crawl, Skadarlija, nightlife, Meetup, in English","pab kroul, Skadarlija, noćni život, Meetup, na engleskom"
10/9/2026,10/9/2026,10/6/2026,2104,Organization,Pab kviz 8x8,https://pabkviz8x8.com/,,SocialEvent,"Паб-квиз 8x8 в Nosati pub: спорт, кино и музыка","Pub quiz 8x8 at Nosati pub: sport, film and music","Pab kviz 8x8 u Nosati pubu: sport, film i muzika",https://raw.githubusercontent.com/newsgl/arsposters/main/2104-PabKviz8x8UNosatiPubu.webp,,Games,"Пятница, 9 октября, 19:45, Nosati pub на Нушичевой. Тематический квиз из восьми раундов по сериалам, музыке, спорту и кино, команды до 7 человек, три часа игры. На сербском языке. Взнос 400 динаров с человека, запись через приложение play.pabkviz8x8.com обязательна.","Friday 9 October, 19:45, Nosati pub in Nušićeva street. A themed quiz of eight rounds on TV series, music, sport and film, teams of up to 7, three hours of play. In Serbian. Fee 400 dinars per person, registration via the play.pabkviz8x8.com app is required.","Petak, 9. oktobar, 19.45, Nosati pub u Nušićevoj. Tematski kviz od osam oblasti o serijama, muzici, sportu i filmu, ekipe do 7 članova, tri sata igre. Kotizacija 400 dinara po osobi, prijava preko aplikacije play.pabkviz8x8.com je obavezna.","Формат **8x8** означает восемь раундов по восемь очков в каждом; после каждого раунда команды сдают ответы, на половине квиза короткий перерыв. Эта пятница тематическая: сериалы, музыка, спорт и кино.

Раунды такие: вопросы, картинки и фрагменты из местных и зарубежных сериалов; музыка, местная и зарубежная; спорт; «киносюрприз», то есть узкая киношная тема; «допиши песню», восемь местных песен, в которых нужно восстановить пропущенные слова; кино; «угадай песню» по звучанию, с названием и исполнителем; и «спортивный сюрприз» с такой же узкой темой.

Команда до семи человек, игра идёт три часа. Призы: первое место получает скидку 50% со счёта, второе 30%, третье круг ракии на всю команду. Команда, выпившая больше всех пива, получает миску, остальные крутят колесо удачи. Смартфоны и любые подсказки запрещены.

**Pab kviz 8x8** ведёт Джурдже Радич, победитель телевизионной «Слагалицы» 2021 года; квиз идёт в нескольких барах Белграда. С каждого взноса 10 динаров уходит на благотворительность.

Место: Nosati pub, Нушичева 8.

Время: начало в 19:45.

Цена: 400 динаров с человека. Организатор: Pab kviz 8x8.","The **8x8** format means eight rounds worth eight points each; answers are handed in after every round, with a short break halfway through. This Friday is themed: TV series, music, sport and film.

The rounds: questions, pictures and clips from local and foreign series; music, local and international; sport; a film surprise, meaning one narrow film topic; complete the song, eight local songs with missing words to fill in; film; guess the song by ear, naming title and performer; and a sport surprise built the same way.

Teams have up to seven members and the game lasts about three hours. Prizes: first place gets 50% off the bill, second 30%, third a round of rakija for the whole team. The team that drinks the most beer wins a bowl, and the others spin a wheel of fortune for extra prizes. Smartphones and any form of cheating are banned.

**Pab kviz 8x8** is run by Đurđe Radić, winner of the TV quiz Slagalica in 2021, and takes place in several Belgrade bars. Ten dinars from every fee go to charity.

Venue: Nosati pub, Nušićeva 8.

Time: 19:45.

Price: 400 dinars per person. Organiser: Pab kviz 8x8.","Format **8x8** znači osam oblasti po osam poena; posle svake oblasti se predaju odgovori, a na polovini kviza je kratak predah. Ovaj petak je tematski: serije, muzika, sport i film.

Oblasti: pitanja, slike i inserti iz domaćih i stranih serija; domaća i strana muzika; sport; filmsko iznenađenje, odnosno usko određena filmska tema; dopuni pesmu, osam domaćih pesama u kojima treba dopuniti reči koje nedostaju; film; pogodi pesmu po slušanju, sa nazivom i izvođačem; i sportsko iznenađenje na isti način.

Ekipa broji do sedam članova, kviz traje oko tri sata. Nagrade: prvo mesto dobija 50% popusta na račun, drugo 30%, treće turu rakije za celu ekipu. Ekipa sa najviše popijenih piva osvaja činiju, a ostale na točku sreće mogu dobiti dodatne nagrade. Pametni uređaji i bilo kakvo varanje su strogo zabranjeni.

**Pab kviz 8x8** vodi Đurđe Radić, pobednik TV Slagalice iz 2021, a kviz se igra u više beogradskih lokala. Od svake kotizacije 10 dinara ide u dobrotvorne svrhe.

Mesto: Nosati pub, Nušićeva 8.

Vreme: početak u 19.45.

Cena: 400 dinara po osobi. Organizator: Pab kviz 8x8.",19:45,400,Nosati pub,"Nušićeva 8, Beograd","44.813841,20.461875",https://pabkviz8x8.com/nosati-pub-sport-film-muzika-10/,pabkviz8x8.com,https://play.pabkviz8x8.com/,Pab kviz 8x8,https://pabkviz8x8.com/,,,,,,"паб-квиз, Pab kviz 8x8, Nosati pub, кино, музыка, спорт","pub quiz, Pab kviz 8x8, Nosati pub, film, music, sport","pab kviz, Pab kviz 8x8, Nosati pub, film, muzika, sport"
10/9/2026,10/9/2026,10/6/2026,2105,Person,Hana Korneti,https://www.krokodil.rs/eng/?p=20028,,EducationEvent,«Ирина и лесные тролли»: презентация детской книги Ханы Корнети в библиотеке «Бранко Милькович»,Irina i šumski trolovi: Hana Korneti presents her children's book at the Branko Miljković library,„Irina i šumski trolovi“: predstavljanje dečje knjige Hane Korneti u Biblioteci „Branko Miljković“,https://raw.githubusercontent.com/newsgl/arsposters/main/2105-IrinaISumskiTroloviPredstavljanjeDecje.webp,,"Lectures, Kids","Пятница, 9 октября, 15:00, библиотека «Бранко Милькович» на Звездаре (филиал Библиотеки города Белграда). К Детской неделе македонская писательница Хана Корнети представляет роман для детей о девочке Ирине и лесных троллях. На сербском языке. Вход свободный.","Friday 9 October, 15:00, Branko Miljković library in Zvezdara (a branch of the Belgrade City Library). For Children's Week, Macedonian writer Hana Korneti presents her children's novel about a girl named Irina and the forest trolls. In Serbian. Free entry.","Petak, 9. oktobar, 15.00, Biblioteka „Branko Miljković“ na Zvezdari (ogranak Biblioteke grada Beograda). Povodom Dečije nedelje makedonska književnica Hana Korneti predstavlja roman za decu o devojčici Irini i šumskim trolovima. Ulaz slobodan.","Девочка Ирина попадает в большое приключение, когда лесной тролль по имени Папоротник просит её помочь: злая ведьма превратила его друзей в камень. В этом мире гадалки не знают будущего, вороны никак не могут наесться, кошки, кажется, понимают всё, а цвета и запахи собирают в баночки.

Автор книги **Хана Корнети** родилась в 1992 году в Скопье. Она пишет рассказы и пьесы, за которые получала награды, а роман о троллях (в оригинале «Илина и шумските тролови», издательство Ili-Ili, 2023) попадал в несколько коротких списков литературных премий. В 2025 году у неё вышел сборник рассказов для взрослых, а в Белграде она была писателем-резидентом ассоциации KROKODIL.

Встреча проходит в рамках **Детской недели**, которую библиотеки Белграда отмечают в начале октября. Формат: презентация книги и разговор с автором, рассчитанный на детей школьного возраста и родителей.

Место: библиотека «Бранко Милькович», бульвар краля Александра 298.

Время: начало в 15:00.

Вход свободный. Организатор: Библиотека города Белграда.","A girl named Irina lands in a big adventure when a forest troll called Fern asks for her help: an evil witch has turned his friends to stone. In this world fortune tellers do not know the future, ravens never get enough to eat, cats seem to understand everything, and colours and scents are kept in little jars.

The author, **Hana Korneti**, was born in Skopje in 1992. She writes short stories and plays, for which she has won awards, and the troll novel (originally Ilina i šumskite trolovi, published by Ili-Ili in 2023) made several prize shortlists. In 2025 she published a collection of stories for adults, and in Belgrade she has been a writer in residence of the KROKODIL association.

The meeting is part of **Children's Week**, which Belgrade libraries mark at the start of October. The format is a book presentation and a conversation with the author, aimed at school age children and their parents.

Venue: Branko Miljković library, Bulevar kralja Aleksandra 298.

Time: 15:00.

Free entry. Organiser: Belgrade City Library.","Devojčica Irina upada u veliku avanturu kada je šumski trol po imenu Paprat zamoli za pomoć: zla veštica je okamenila njegove prijatelje. U tom svetu gatare ne znaju budućnost, gavrani se nikako ne mogu najesti, mačke kao da sve razumeju, a boje i mirisi se skupljaju u teglice.

Autorka **Hana Korneti** rođena je 1992. u Skoplju. Piše priče i drame, za koje je dobijala nagrade, a roman o trolovima (u originalu „Ilina i šumskite trolovi“, izdavač Ili-Ili, 2023) ušao je u nekoliko užih izbora za književne nagrade. Godine 2025. objavila je zbirku priča za odrasle, a u Beogradu je bila književnica na rezidenciji udruženja KROKODIL.

Susret je deo programa za **Dečiju nedelju**, koju beogradske biblioteke obeležavaju početkom oktobra. Format: predstavljanje knjige i razgovor sa autorkom, namenjen deci školskog uzrasta i roditeljima.

Mesto: Biblioteka „Branko Miljković“, Bulevar kralja Aleksandra 298.

Vreme: početak u 15.00.

Ulaz slobodan. Organizator: Biblioteka grada Beograda.",15:00,0,Biblioteka „Branko Miljković“ (BGB),"Bulevar kralja Aleksandra 298, Beograd","44.795797,20.497838",https://bgb.rs/dogadjaji/,bgb.rs,,Biblioteka grada Beograda,https://bgb.rs/,,,,,,"детская книга, Хана Корнети, Детская неделя, Библиотека города Белграда, Звездара","children's book, Hana Korneti, Children's Week, Belgrade City Library, Zvezdara","dečja knjiga, Hana Korneti, Dečija nedelja, Biblioteka grada Beograda, Zvezdara"
10/9/2026,10/9/2026,10/6/2026,2108,TheaterGroup,Opera i teatar Madlenianum,https://operatheatremadlenianum.com/,,TheaterEvent,«Казанова против Дон Жуана»: комедия Миодрага Илича в Мадлениануме,Kazanova protiv Don Žuana: Miodrag Ilić's comedy at Madlenianum,Kazanova protiv Don Žuana: komedija Miodraga Ilića u Madlenianumu,https://raw.githubusercontent.com/newsgl/arsposters/main/2108-KazanovaProtivDonZuanaKomedijaMiodraga.webp,,Theatre,"Постаревший Казанова, его экономка Гизела и внезапно явившийся Дон Жуан: три персонажа, один вечер и спор о том, что такое обаяние. Играют Тихомир Станич, Стеван Пиале и Ивана Кустудич. 9 октября в 20:00, Малая сцена, билет 1500 динаров. На сербском языке.","An ageing Casanova, his housekeeper Gizela and an uninvited Don Juan: three characters, one evening and an argument about what charm really is. With Tihomir Stanić, Stevan Piale and Ivana Kustudić. 9 October at 20:00, Small stage, tickets 1500 dinars. In Serbian.","Ostareli Kazanova, njegova domaćica Gizela i nenajavljeni Don Žuan: tri lika, jedno veče i rasprava o tome šta je zapravo šarm. Igraju Tihomir Stanić, Stevan Piale i Ivana Kustudić. 9. oktobar u 20.00, Mala scena, karta 1500 dinara.","Два самых знаменитых любовника европейской литературы встречаются на одной сцене, и выясняется, что у них мало общего. **Казанова** здесь уже немолод: живёт на накопленное, бережёт репутацию и по-прежнему любит поговорить о философии. Его дни держатся на коротких разговорах с **Гизелой**, молодой женщиной, которая ведёт его дом. Эту размеренность ломает приезд **Дон Жуана**, привыкшего к восторгу женщин и не подозревающего, насколько сильна легенда его старшего соперника.

Пьесу написал Миодраг Илич. Премьера состоялась в Мадлениануме 26 января 2016 года в постановке Предрага Эйдуса, который тогда сам играл главную роль; после возобновления в 2019 году спектакль ставит автор. Играют Тихомир Станич (Казанова), Стеван Пиале (Дон Жуан) и Ивана Кустудич (Гизела).

Комедия о том, как меняется взгляд на человека, когда перестаёшь судить о нём по слухам. Идёт на Малой сцене, в камерной обстановке, с юмором, построенным на диалоге, а не на трюках.

Цена: 1500 динаров. На сербском языке.","The two most famous lovers in European literature meet on one stage and turn out to have little in common. **Casanova** is no longer young: he lives off what he once earned, guards his reputation and still enjoys a philosophical argument. His days rest on short daily talks with **Gizela**, the young woman who keeps his house. That routine is broken by the arrival of **Don Juan**, used to women's adoration and unaware how strong the legend of his older rival really is.

The play is by Miodrag Ilić. It premiered at Madlenianum on 26 January 2016 in a staging by Predrag Ejdus, who then played the lead himself; since the 2019 revival the author directs. The cast is Tihomir Stanić (Casanova), Stevan Piale (Don Juan) and Ivana Kustudić (Gizela).

A comedy about how our view of a person changes once we stop judging them by hearsay. It plays on the Small stage, in a chamber setting, with humour built on dialogue rather than gags.

Price: 1500 dinars. In Serbian.","Dva najpoznatija ljubavnika evropske književnosti sreću se na istoj sceni i ispostavlja se da nemaju mnogo zajedničkog. **Kazanova** je ovde već u godinama: živi od stečenog, čuva reputaciju i još uvek voli da raspravlja o filozofiji. Dane mu drže kratki razgovori sa **Gizelom**, mladom ženom koja vodi njegov dom. Tu rutinu prekida dolazak **Don Žuana**, naviknutog na oduševljenje žena i nesvesnog koliko je jaka legenda njegovog starijeg suparnika.

Tekst je napisao Miodrag Ilić. Premijera je bila u Madlenianumu 26. januara 2016. u režiji Predraga Ejdusa, koji je tada i igrao glavnu ulogu; od obnove 2019. predstavu režira sam autor. Igraju Tihomir Stanić (Kazanova), Stevan Piale (Don Žuan) i Ivana Kustudić (Gizela).

Komedija o tome kako se pogled na čoveka menja kad prestanemo da sudimo po glasinama. Igra se na Maloj sceni, u kamernoj atmosferi, sa humorom koji nosi dijalog, a ne gegovi.

Cena: 1500 dinara.",20:00,1500,Opera i teatar Madlenianum,"Glavna 32, 11080 Zemun","44.845468,20.410705",https://repertoar.rs/predstave/kazanova-protiv-don-zuana/,repertoar.rs,https://tickets.operatheatremadlenianum.com/sr,Opera i teatar Madlenianum,https://operatheatremadlenianum.com/,,,,,,"театр, комедия, Мадленианум, Земун, Тихомир Станич","theatre, comedy, Madlenianum, Zemun, Tihomir Stanić","pozorište, komedija, Madlenianum, Zemun, Tihomir Stanić"
10/10/2026,10/10/2026,10/6/2026,2109,Organization,Klub 20/44,https://www.instagram.com/klub2044/,,MusicEvent,"Club 2099: Definitely Not a Halloween, три сцены на сплаве 20/44","Club 2099: Definitely Not a Halloween, three stages on the 20/44 raft","Club 2099: Definitely Not a Halloween, tri bine na splavu 20/44",https://raw.githubusercontent.com/newsgl/arsposters/main/2109-Club2099DefinitelyNotAHalloween.webp,,Concerts,"Вечеринка, которая клянётся, что к Хэллоуину не имеет отношения, при этом выходит в костюмах на три сцены: Gore Beograd и Studio Stajga до 01:30, затем все перебираются на Subdecks 20/44 до утра. Гиперпоп, электронный поп и клубная классика. 10 октября, 22:00, вход 700 динаров до полуночи и 1200 после.","A party that swears it has nothing to do with Halloween, then spreads across three stages in costume: Gore Beograd and Studio Stajga until 01:30, after which everyone moves to the 20/44 Subdecks till morning. Hyperpop, electronic pop and club classics. 10 October, 22:00, 700 dinars before midnight, 1200 after.","Žurka koja se kune da nema veze sa Noći veštica, a onda se razliva na tri bine pod maskama: Gore Beograd i Studio Stajga do 01.30, a zatim svi prelaze na Subdecks 20/44 do jutra. Hyperpop, elektronski pop i klupski klasici. 10. oktobar, 22.00, ulaz 700 dinara do ponoći, 1200 posle.","Организаторы настаивают: это точно не хэллоуинская вечеринка, костюмы ни при чём. Дальше в анонсе идёт «хронология плохих решений», и она выдаёт замысел целиком.

Две сцены показались скромными, поэтому вечер разложен на три. С 22:00 до 01:30 параллельно работают **Gore Beograd**, где играют Jovijah и Anja the Batman, а между сетами выступают Kate Rina и Lanita, и **Studio Stajga** с Pavle и Slep1m1s. В 01:30 весь цирк переезжает на **Subdecks** сплава 20/44 и держится там до четырёх утра и дольше.

Музыкальный диапазон заявлен без стеснения: гиперпоп, электронный поп и «грязная клубная классика, которую вы любите». За визуальную часть отвечают Eevee, kumi и Renee.

Сплав 20/44 на Карађорђевой 44 не первый год держится в рейтингах лучших клубов Европы, у него две сцены и вид на реку.

Цена: 700 динаров до полуночи, 1200 динаров после. Организаторы честно просят приходить до 00:00: деньги с ранних билетов идут им.","The organisers insist this is definitely not a Halloween party and costumes have nothing to do with it. Then the announcement lays out a «timeline of poor decisions», which gives the whole plan away.

Two stages seemed too modest, so the night is spread across three. From 22:00 to 01:30 **Gore Beograd** runs with Jovijah and Anja the Batman, plus performances by Kate Rina and Lanita between sets, while **Studio Stajga** hosts Pavle and Slep1m1s. At 01:30 the whole circus moves to the **Subdecks** of the 20/44 raft and keeps going until four in the morning and beyond.

The musical range is stated without embarrassment: hyperpop, electronic pop and «filthy club classics you love». Visual credits go to Eevee, kumi and Renee.

The 20/44 raft at Karađorđeva 44 has held a place on European best club lists for years; it has two stages and a view of the river.

Price: 700 dinars before midnight, 1200 dinars after. The organisers openly ask you to arrive before 00:00, since the early ticket money is theirs.","Organizatori insistiraju: ovo definitivno nije žurka za Noć veštica, kostimi nemaju veze s tim. Onda najava nabraja «hronologiju loših odluka» i time odaje ceo plan.

Dve bine su delovale skromno, pa je veče razvučeno na tri. Od 22.00 do 01.30 paralelno rade **Gore Beograd**, gde puštaju Jovijah i Anja the Batman, a između setova nastupaju Kate Rina i Lanita, i **Studio Stajga** sa Pavletom i Slep1m1s. U 01.30 ceo cirkus se seli na **Subdecks** splava 20/44 i tu ostaje do četiri ujutru i duže.

Muzički raspon je naveden bez ustezanja: hyperpop, elektronski pop i «prljavi klupski klasici koje volite». Za vizuale su zaduženi Eevee, kumi i Renee.

Splav 20/44 na Karađorđevoj 44 već godinama drži mesto na listama najboljih klubova Evrope, ima dve bine i pogled na reku.

Cena: 700 dinara do ponoći, 1200 dinara posle. Organizatori otvoreno mole da dođete pre 00.00, jer novac od ranih karata ide njima.",22:00,,Klub 20/44,"Karađorđeva 44, Beograd","44.814080,20.451244",https://ra.co/events/2551684,ra.co,,Klub 20/44,https://www.instagram.com/klub2044/,,,,,,"вечеринка, 20/44, гиперпоп, электронный поп, Хэллоуин","party, 20/44, hyperpop, electronic pop, Halloween","žurka, 20/44, hyperpop, elektronski pop, Noć veštica"
10/10/2026,10/10/2026,10/6/2026,2110,Organization,Pab kviz 8x8,https://pabkviz8x8.com/,,SocialEvent,Паб-квиз 8x8 в Putolovac bar: классические народняки,"Pub quiz 8x8 at Putolovac bar: classic narodnjaci, the old folk pop hits",Pab kviz 8x8 u Putolovac baru: klasični narodnjaci,https://raw.githubusercontent.com/newsgl/arsposters/main/2110-PabKviz8x8UPutolovacBaru.webp,,Games,"Суббота, 10 октября, 19:45, Putolovac bar на Тошином бунаре. Тематический квиз из восьми раундов, посвящённый классическим народнякам, эстрадной народной музыке Югославии; команды до 7 человек, три часа игры. На сербском языке. Взнос 400 динаров с человека, запись через play.pabkviz8x8.com обязательна.","Saturday 10 October, 19:45, Putolovac bar in Tošin bunar. A themed quiz of eight rounds devoted to classic narodnjaci, the folk pop hits of Yugoslavia; teams of up to 7, three hours of play. In Serbian. Fee 400 dinars per person, registration via play.pabkviz8x8.com is required.","Subota, 10. oktobar, 19.45, Putolovac bar na Tošinom bunaru. Tematski kviz od osam oblasti posvećen klasičnim narodnjacima; ekipe do 7 članova, tri sata igre. Kotizacija 400 dinara po osobi, prijava preko play.pabkviz8x8.com je obavezna.","Вся субботняя игра про одно: **классические народняки**, то есть эстрадную народную музыку Югославии, которую в Сербии знают наизусть и те, кто утверждает, что её не слушает. Если вы можете допеть за Тому Здравковичем или угадать Лепу Брену по двум тактам, это ваш вечер.

Формат **8x8**: восемь раундов по восемь очков, после каждого раунда команды сдают ответы, на половине квиза короткий перерыв. Команда до семи человек, игра идёт три часа. Смартфоны и любые подсказки запрещены.

Призы: первое место получает скидку 50% со счёта, второе круг напитков на всю команду, третье круг ракии.

Квиз ведёт Джурдже Радич, победитель телевизионной «Слагалицы» 2021 года; **Pab kviz 8x8** идёт в нескольких барах Белграда и окрестностей. С каждого взноса 10 динаров уходит на благотворительность.

Место: Putolovac bar, Тошин бунар 188, Новый Белград.

Время: начало в 19:45.

Цена: 400 динаров с человека. Организатор: Pab kviz 8x8.","The whole Saturday game is about one thing: **classic narodnjaci**, the folk pop hits of Yugoslavia that everyone in Serbia knows by heart, including those who insist they never listen to them. If you can finish a Toma Zdravković line or recognise Lepa Brena from two bars, this is your night.

The **8x8** format: eight rounds worth eight points each, answers handed in after every round, a short break halfway through. Teams have up to seven members and the game lasts about three hours. Smartphones and any form of cheating are banned.

Prizes: first place gets 50% off the bill, second a round of drinks for the whole team, third a round of rakija.

The quiz is hosted by Đurđe Radić, winner of the TV quiz Slagalica in 2021; **Pab kviz 8x8** runs in several bars in Belgrade and nearby towns. Ten dinars from every fee go to charity.

Venue: Putolovac bar, Tošin bunar 188, New Belgrade.

Time: 19:45.

Price: 400 dinars per person. Organiser: Pab kviz 8x8.","Cela subotnja igra vrti se oko jedne teme: **klasični narodnjaci**, pesme koje svi znaju napamet, i oni koji tvrde da ih ne slušaju. Ako možete da dopevate Tomu Zdravkovića ili prepoznate Lepu Brenu iz dva takta, ovo je veče za vas.

Format **8x8**: osam oblasti po osam poena, posle svake oblasti se predaju odgovori, na polovini kviza kratak predah. Ekipa broji do sedam članova, kviz traje oko tri sata. Pametni uređaji i bilo kakvo varanje su strogo zabranjeni.

Nagrade: prvo mesto dobija 50% popusta na račun, drugo turu pića za celu ekipu, treće turu rakije.

Kviz vodi Đurđe Radić, pobednik TV Slagalice iz 2021; **Pab kviz 8x8** se igra u više lokala u Beogradu i okolini. Od svake kotizacije 10 dinara ide u dobrotvorne svrhe.

Mesto: Putolovac bar, Tošin bunar 188, Novi Beograd.

Vreme: početak u 19.45.

Cena: 400 dinara po osobi. Organizator: Pab kviz 8x8.",19:45,400,Putolovac bar,"Tošin bunar 188, 11070 Novi Beograd","44.824590,20.397205",https://pabkviz8x8.com/putolovac-bar-klasicni-narodnjaci/,pabkviz8x8.com,https://play.pabkviz8x8.com/,Pab kviz 8x8,https://pabkviz8x8.com/,,,,,,"паб-квиз, Pab kviz 8x8, народняки, Новый Белград, музыкальный квиз","pub quiz, Pab kviz 8x8, narodnjaci, New Belgrade, music quiz","pab kviz, Pab kviz 8x8, narodnjaci, Novi Beograd, muzički kviz"
10/10/2026,10/10/2026,10/6/2026,2111,Person,Ksenia Mikhailova,https://www.eventbrite.com/o/sensesspace-103963508761,,EducationEvent,Still Life as Play: воркшоп по сценографии с Ксенией Михайловой в Sense space,Still Life as Play: a hands on set design workshop with Ksenia Mikhailova at Sense space,Still Life as Play: radionica scenografije sa Ksenijom Mihajlovom u Sense spaceu,https://raw.githubusercontent.com/newsgl/arsposters/main/2111-StillLifeAsPlayRadionicaScenografije.webp,,Master classes,"Суббота, 10 октября, с 14:00 до 18:00, Sense space на Дечанской. Четырёхчасовой практический воркшоп: каждый собирает собственную сценографическую композицию из предметов, форм, цвета и цветов и учится строить из простых вещей визуальную историю. На английском языке. Участие бесплатное, регистрация на Eventbrite.","Saturday 10 October, 14:00 to 18:00, Sense space in Dečanska street. A four hour hands on workshop: everyone builds their own set design composition from objects, shapes, colours and flowers and learns to turn simple things into a visual story. In English. Free, registration on Eventbrite.","Subota, 10. oktobar, od 14.00 do 18.00, Sense space u Dečanskoj. Četvoročasovna praktična radionica: svako sastavlja sopstvenu scenografsku kompoziciju od predmeta, oblika, boja i cveća i uči kako se od jednostavnih stvari gradi vizuelna priča. Na engleskom jeziku. Učešće je besplatno, prijava preko Eventbritea.","Натюрморт здесь понимают как игру: несколько предметов, цветы, пара цветовых решений, и из этого нужно собрать композицию, которая рассказывает историю. Этим четыре часа и занимаются участники воркшопа **Still Life as Play** под руководством сценографа **Ксении Михайловой**.

Работа практическая. Организаторы просят принести с собой несколько предметов, с которыми хочется поработать; остальное, формы, цвет, цветы, разбирают на месте. Итог у каждого свой: собственная сценографическая композиция, собранная от первого предмета до готового кадра.

Принимает воркшоп **Sense space** на Дечанской, некоммерческое креативное пространство с коворкингом, DIY-мастерской и студией для музыкального продакшена и диджеев.

Место: Sense space, Дечанска 8.

Время: с 14:00 до 18:00.

Вход свободный, нужна регистрация на Eventbrite. Организатор: Sense space.","Still life is treated here as play: a few objects, some flowers, a couple of colour choices, and out of them a composition that tells a story. That is what participants of **Still Life as Play** spend four hours doing, guided by set designer **Ksenia Mikhailova**.

The work is hands on. The organisers ask everyone to bring a few objects they would like to work with; the rest, shapes, colour and flowers, is explored on the spot. Everyone leaves with their own set design composition, built from the first object to the finished frame.

The workshop is hosted by **Sense space** in Dečanska street, a non profit creative community space with a co working zone, a DIY workshop and a music production and DJ studio.

Venue: Sense space, Dečanska 8.

Time: 14:00 to 18:00.

Free entry, registration on Eventbrite required. Organiser: Sense space.","Mrtva priroda se ovde shvata kao igra: nekoliko predmeta, cveće, par odluka o boji, i od toga treba sastaviti kompoziciju koja priča priču. Time se četiri sata bave učesnici radionice **Still Life as Play** pod vođstvom scenografkinje **Ksenije Mihajlove**.

Rad je praktičan. Organizatori mole da svako ponese nekoliko predmeta sa kojima želi da radi; ostalo, oblike, boju i cveće, razrađuje se na licu mesta. Svako odlazi sa sopstvenom scenografskom kompozicijom, sastavljenom od prvog predmeta do gotovog kadra.

Radionicu ugošćuje **Sense space** u Dečanskoj, neprofitni kreativni prostor zajednice sa coworking zonom, DIY radionicom i studiom za muzičku produkciju i DJ-eve.

Mesto: Sense space, Dečanska 8.

Vreme: od 14.00 do 18.00.

Ulaz slobodan, obavezna prijava na Eventbriteu. Organizator: Sense space.",14:00,0,Sense space,"Dečanska 8, 11000 Beograd","44.814635,20.462173",https://www.eventbrite.com/e/still-life-as-play-set-design-workshop-with-ksenia-mikhailova-tickets-2003000595701,eventbrite.com,https://www.eventbrite.com/e/still-life-as-play-set-design-workshop-with-ksenia-mikhailova-tickets-2003000595701,Sense space,https://www.eventbrite.com/o/sensesspace-103963508761,,,,,,"воркшоп, сценография, натюрморт, Sense space, на английском, бесплатно","workshop, set design, still life, Sense space, in English, free","radionica, scenografija, mrtva priroda, Sense space, na engleskom, besplatno"
10/10/2026,10/10/2026,10/6/2026,2112,Person,Katalin Ladik,https://en.wikipedia.org/wiki/Katalin_Ladik,,EducationEvent,«Поэзия вживую»: вечер Каталин Ладик в Коларце,Poezija uživo: an evening with poet and performance artist Katalin Ladik at Kolarac,Poezija uživo: veče Katalin Ladik na Kolarcu,https://raw.githubusercontent.com/newsgl/arsposters/main/2112-PoezijaUzivoVeceKatalinLadikNa.webp,,Lectures,"Суббота, 10 октября, 19:00, Малый зал Коларца. Девятый сезон цикла «Поэзия вживую» открывает Каталин Ладик, поэтесса, актриса и пионер звуковой поэзии и перформанса в Югославии. Вечер идёт в прямом эфире Радио Белград 2. На венгерском и сербском языках. Вход свободный, бесплатные билеты в кассе Коларца.","Saturday 10 October, 19:00, Small Hall of Kolarac. The ninth season of the Poezija uživo series features Katalin Ladik, poet, actress and a pioneer of sound poetry and performance in Yugoslavia. The evening is broadcast live on Radio Belgrade 2. Free entry, tickets at the Kolarac box office.","Subota, 10. oktobar, 19.00, Mala sala Kolarca. U devetoj sezoni ciklusa „Poezija uživo“ nastupa Katalin Ladik, pesnikinja, glumica i pionirka zvučne poezije i performansa u Jugoslaviji. Veče se direktno prenosi na Radio Beogradu 2. Ulaz slobodan, besplatne ulaznice na blagajni Kolarca.","**Каталин Ладик** родилась в 1942 году в Нови-Саде и до сих пор живёт попеременно там, в Будапеште и на Хваре. Пишет по-венгерски, но её биография целиком югославская: с 1974 по 1992 год она была актрисой Новисадского театра, в 1970-е участвовала в группе Bosch+Bosch и в фестивалях расширенных медиа в Белграде и Загребе, а после фестиваля звуковой поэзии в Амстердаме в 1977 году стала одной из заметных фигур европейской сцены.

Стихи для неё только часть работы. Ладик делает перформансы, экспериментальную музыку, радиодрамы, визуальную поэзию и коллажи; голос и тело у неё такие же инструменты, как текст. Среди её книг «Баллада о серебряном велосипеде» (1969), «Икар в метро» (1981) и «Память воды» (2016), переводы выходили на десятке языков, включая сербский. Отмечена премиями имени Кашшака (1991) и Аттилы Йожефа (2001), а в 2016 году получила грант мира Lennon Ono.

Цикл **«Поэзия вживую»** Коларчева задужбина ведёт совместно с Радио Белград 2, и каждый вечер транслируется в прямом эфире. Это девятый сезон программы.

Место: Коларац, Малый зал.

Время: начало в 19:00.

Вход свободный, бесплатные билеты выдают в кассе Коларца. Организатор: Задужбина Илии М. Коларца и Радио Белград 2.","**Katalin Ladik** was born in Novi Sad in 1942 and still divides her time between that city, Budapest and the island of Hvar. She writes in Hungarian, but her biography is thoroughly Yugoslav: from 1974 to 1992 she was an actress of the Novi Sad Theatre, in the 1970s she took part in the Bosch+Bosch group and in expanded media festivals in Belgrade and Zagreb, and after the sound poetry festival in Amsterdam in 1977 she became one of the recognisable figures of the European scene.

Poems are only part of her work. Ladik makes performances, experimental music, radio plays, visual poetry and collages; voice and body are instruments for her as much as text. Her books include Ballad of the Silver Bicycle (1969), Icarus on the Metro (1981) and The Memory of Water (2016), translated into a dozen languages, Serbian among them. Her awards include the Kassák Prize (1991), the Attila József Prize (2001) and the Lennon Ono Grant for Peace (2016).

The **Poezija uživo** series is run by the Kolarac Foundation together with Radio Belgrade 2, and every evening goes out live on air. This is the programme's ninth season.

Venue: Kolarac, Small Hall.

Time: 19:00.

Free entry, tickets are handed out at the Kolarac box office. Organiser: Kolarac Foundation and Radio Belgrade 2.","**Katalin Ladik** rođena je 1942. u Novom Sadu i do danas živi naizmenično tamo, u Budimpešti i na Hvaru. Piše na mađarskom, ali joj je biografija sasvim jugoslovenska: od 1974. do 1992. bila je glumica Novosadskog pozorišta, sedamdesetih je bila deo grupe Bosch+Bosch i festivala proširenih medija u Beogradu i Zagrebu, a posle festivala zvučne poezije u Amsterdamu 1977. postala je jedno od prepoznatljivih imena evropske scene.

Pesme su samo deo njenog rada. Ladik pravi performanse, eksperimentalnu muziku, radio-drame, vizuelnu poeziju i kolaže; glas i telo su joj instrumenti koliko i tekst. Među njenim knjigama su „Balada o srebrnom biciklu“ (1969), „Ikar u metrou“ (1981) i „Sećanje vode“ (2016), a prevođena je na desetak jezika, uključujući srpski. Dobitnica je nagrade „Lajoš Kašak“ (1991) i nagrade „Atila Jožef“ (2001), a 2016. i Lennon Ono granta za mir.

Ciklus **„Poezija uživo“** Kolarčeva zadužbina vodi zajedno sa Radio Beogradom 2 i svako veče se direktno prenosi. Ovo je deveta sezona programa.

Mesto: Kolarac, Mala sala.

Vreme: početak u 19.00.

Ulaz slobodan, besplatne ulaznice se preuzimaju na blagajni Kolarca. Organizator: Zadužbina Ilije M. Kolarca i Radio Beograd 2.",19:00,0,Zadužbina Ilije M. Kolarca,"Studentski trg 5, Beograd","44.819094,20.456261",http://www.kolarac.rs/predavanja/poezija-uzivo-katalin-ladik-10-10-2026-u-19-mala-sala/,kolarac.rs,,Zadužbina Ilije M. Kolarca,https://www.kolarac.rs/,,,,,,"поэзия, Каталин Ладик, Коларац, перформанс, Радио Белград 2, бесплатно","poetry, Katalin Ladik, Kolarac, performance art, Radio Belgrade 2, free","poezija, Katalin Ladik, Kolarac, performans, Radio Beograd 2, besplatno"
10/10/2026,10/10/2026,10/6/2026,2114,Organization,Palata nauke,https://palatanauke.rs/,,ChildrensEvent,«Сделай свою планету»: детская научная мастерская в Палате науки,Napravi svoju planetu: a planet building science workshop for children at Palata nauke,„Napravi svoju planetu“: dečja naučna radionica u Palati nauke,https://raw.githubusercontent.com/newsgl/arsposters/main/2114-NapraviSvojuPlanetuDecjaNaucnaRadionica.webp,,"Kids, Master classes","Полуторачасовая мастерская для детей от 7 до 14 лет в зале «Атом» на третьем этаже Палаты науки. Через опыты и творческие задания участники выясняют, что нужно планете, чтобы на ней была жизнь, и придумывают собственный мир. Группа до 20 человек, начало в 12:00. На сербском языке. Билет 2000 динаров за ребёнка, сопровождающий взрослый бесплатно.","A ninety minute workshop for children aged 7 to 14 in the Atom hall on the third floor of Palata nauke. Through experiments and creative tasks the participants find out what a planet needs to support life and design a world of their own. Groups of up to 20, start at 12:00. In Serbian. Ticket 2000 dinars per child, an accompanying adult enters free.","Radionica od 90 minuta za decu od 7 do 14 godina u sali „Atom“ na trećem spratu Palate nauke. Kroz eksperimente i kreativne zadatke učesnici otkrivaju šta je planeti potrebno da bi na njoj bilo života i osmišljavaju sopstveni svet. Grupa do 20 učesnika, početak u 12.00. Ulaznica 2000 dinara po detetu, odrasla osoba u pratnji ne plaća.","Что было бы, если бы планету можно было собрать самому? На мастерской **«Сделай свою планету»** дети становятся исследователями и конструкторами новых миров: разбираются, из чего состоит планета, от поверхности и атмосферы до условий, при которых на ней возможна жизнь, и придумывают свою по собственным правилам.

Будет ли она покрыта океанами? Появятся ли на ней вулканы, кольца или необычные формы жизни? Ответ зависит и от фантазии, и от науки: каждую идею проверяют простыми опытами и творческими заданиями, попутно знакомясь с основами планетологии.

Мастерскую ведёт **Сара Спречакович**, научный коммуникатор Палаты науки. Она окончила факультет музыкального искусства и факультет политических наук Белградского университета, преподавала в музыкальных школах и работала с детьми в частной студии; в Палате науки соединяет этот опыт с интерактивным подходом к обучению.

Формат: мастерская для детей от 7 до 14 лет, длительность 90 минут, группа не больше 20 участников.

Место: Палата науки, зал «Атом», третий этаж.

Время: начало в 12:00.

Цена: 2000 динаров за ребёнка-участника, сопровождающий взрослый входит бесплатно. Организатор: Палата науки.","What if you could build a planet yourself? At the **Napravi svoju planetu** workshop children become explorers and designers of new worlds: they work out what a planet is made of, from its surface and atmosphere to the conditions that make life possible, and invent one by their own rules.

Will it be covered by oceans? Will it have volcanoes, rings or strange forms of life? The answer depends on imagination and on science alike: every idea is tested with simple experiments and creative tasks, with the basics of planetary science picked up along the way.

The workshop is led by **Sara Sprečaković**, science communicator at Palata nauke. She graduated from the Faculty of Music and the Faculty of Political Sciences of the University of Belgrade, taught at music schools and worked with children in a private studio; at Palata nauke she combines that experience with an interactive approach to learning.

Format: a workshop for children aged 7 to 14, 90 minutes long, with a maximum of 20 participants.

Venue: Palata nauke, Atom hall, third floor.

Time: 12:00.

Price: 2000 dinars per participating child, an accompanying adult enters free. Organiser: Palata nauke.","Šta bi bilo kada bismo mogli sami da napravimo planetu? Na radionici **„Napravi svoju planetu“** deca postaju istraživači i kreatori novih svetova: otkrivaju od čega se planeta sastoji, od površine i atmosfere do uslova koji omogućavaju život, i osmišljavaju svoju po sopstvenim pravilima.

Da li će biti prekrivena okeanima? Imati vulkane, prstenove ili neobične oblike života? Odgovor zavisi i od mašte i od nauke: svaka ideja se proverava jednostavnim eksperimentima i kreativnim zadacima, a usput se uče osnove planetarnih nauka.

Radionicu vodi **Sara Sprečaković**, naučna komunikatorka Palate nauke. Završila je Fakultet muzičke umetnosti i Fakultet političkih nauka Univerziteta u Beogradu, predavala u muzičkim školama i radila sa decom u privatnom studiju; u Palati nauke to iskustvo spaja sa interaktivnim pristupom učenju.

Format: radionica za decu od 7 do 14 godina, traje 90 minuta, najviše 20 učesnika.

Mesto: Palata nauke, sala „Atom“, treći sprat.

Vreme: početak u 12.00.

Cena: 2000 dinara po detetu koje učestvuje, odrasla osoba u pratnji ne plaća ulaz. Organizator: Palata nauke.",12:00,2000,Palata nauke,"Kralja Milana 11, Beograd","44.808340,20.463766",https://palatanauke.rs/dogadjaji/napravi-svoju-planetu/,palatanauke.rs,https://efinity.rs/event-details/napravi_svoju_planetu_32434,Palata nauke,https://palatanauke.rs/,,,7+,,,"детям, Палата науки, мастерская, астрономия, наука, 7+","kids, Palata nauke, workshop, astronomy, science, 7+","deca, Palata nauke, radionica, astronomija, nauka, 7+"
10/24/2026,10/24/2026,10/6/2026,2115,Organization,Palata nauke,https://palatanauke.rs/,,ChildrensEvent,«Сделай свою планету»: детская научная мастерская в Палате науки,Napravi svoju planetu: a planet building science workshop for children at Palata nauke,„Napravi svoju planetu“: dečja naučna radionica u Palati nauke,https://raw.githubusercontent.com/newsgl/arsposters/main/2115-NapraviSvojuPlanetuDecjaNaucnaRadionica.webp,,"Kids, Master classes","Полуторачасовая мастерская для детей от 7 до 14 лет в зале «Атом» на третьем этаже Палаты науки. Через опыты и творческие задания участники выясняют, что нужно планете, чтобы на ней была жизнь, и придумывают собственный мир. Группа до 20 человек, начало в 12:00. На сербском языке. Билет 2000 динаров за ребёнка, сопровождающий взрослый бесплатно.","A ninety minute workshop for children aged 7 to 14 in the Atom hall on the third floor of Palata nauke. Through experiments and creative tasks the participants find out what a planet needs to support life and design a world of their own. Groups of up to 20, start at 12:00. In Serbian. Ticket 2000 dinars per child, an accompanying adult enters free.","Radionica od 90 minuta za decu od 7 do 14 godina u sali „Atom“ na trećem spratu Palate nauke. Kroz eksperimente i kreativne zadatke učesnici otkrivaju šta je planeti potrebno da bi na njoj bilo života i osmišljavaju sopstveni svet. Grupa do 20 učesnika, početak u 12.00. Ulaznica 2000 dinara po detetu, odrasla osoba u pratnji ne plaća.","Что было бы, если бы планету можно было собрать самому? На мастерской **«Сделай свою планету»** дети становятся исследователями и конструкторами новых миров: разбираются, из чего состоит планета, от поверхности и атмосферы до условий, при которых на ней возможна жизнь, и придумывают свою по собственным правилам.

Будет ли она покрыта океанами? Появятся ли на ней вулканы, кольца или необычные формы жизни? Ответ зависит и от фантазии, и от науки: каждую идею проверяют простыми опытами и творческими заданиями, попутно знакомясь с основами планетологии.

Мастерскую ведёт **Сара Спречакович**, научный коммуникатор Палаты науки. Она окончила факультет музыкального искусства и факультет политических наук Белградского университета, преподавала в музыкальных школах и работала с детьми в частной студии; в Палате науки соединяет этот опыт с интерактивным подходом к обучению.

Формат: мастерская для детей от 7 до 14 лет, длительность 90 минут, группа не больше 20 участников.

Место: Палата науки, зал «Атом», третий этаж.

Время: начало в 12:00.

Цена: 2000 динаров за ребёнка-участника, сопровождающий взрослый входит бесплатно. Организатор: Палата науки.","What if you could build a planet yourself? At the **Napravi svoju planetu** workshop children become explorers and designers of new worlds: they work out what a planet is made of, from its surface and atmosphere to the conditions that make life possible, and invent one by their own rules.

Will it be covered by oceans? Will it have volcanoes, rings or strange forms of life? The answer depends on imagination and on science alike: every idea is tested with simple experiments and creative tasks, with the basics of planetary science picked up along the way.

The workshop is led by **Sara Sprečaković**, science communicator at Palata nauke. She graduated from the Faculty of Music and the Faculty of Political Sciences of the University of Belgrade, taught at music schools and worked with children in a private studio; at Palata nauke she combines that experience with an interactive approach to learning.

Format: a workshop for children aged 7 to 14, 90 minutes long, with a maximum of 20 participants.

Venue: Palata nauke, Atom hall, third floor.

Time: 12:00.

Price: 2000 dinars per participating child, an accompanying adult enters free. Organiser: Palata nauke.","Šta bi bilo kada bismo mogli sami da napravimo planetu? Na radionici **„Napravi svoju planetu“** deca postaju istraživači i kreatori novih svetova: otkrivaju od čega se planeta sastoji, od površine i atmosfere do uslova koji omogućavaju život, i osmišljavaju svoju po sopstvenim pravilima.

Da li će biti prekrivena okeanima? Imati vulkane, prstenove ili neobične oblike života? Odgovor zavisi i od mašte i od nauke: svaka ideja se proverava jednostavnim eksperimentima i kreativnim zadacima, a usput se uče osnove planetarnih nauka.

Radionicu vodi **Sara Sprečaković**, naučna komunikatorka Palate nauke. Završila je Fakultet muzičke umetnosti i Fakultet političkih nauka Univerziteta u Beogradu, predavala u muzičkim školama i radila sa decom u privatnom studiju; u Palati nauke to iskustvo spaja sa interaktivnim pristupom učenju.

Format: radionica za decu od 7 do 14 godina, traje 90 minuta, najviše 20 učesnika.

Mesto: Palata nauke, sala „Atom“, treći sprat.

Vreme: početak u 12.00.

Cena: 2000 dinara po detetu koje učestvuje, odrasla osoba u pratnji ne plaća ulaz. Organizator: Palata nauke.",12:00,2000,Palata nauke,"Kralja Milana 11, Beograd","44.808340,20.463766",https://palatanauke.rs/dogadjaji/napravi-svoju-planetu/,palatanauke.rs,https://efinity.rs/event-details/napravi_svoju_planetu_32434,Palata nauke,https://palatanauke.rs/,,,7+,,,"детям, Палата науки, мастерская, астрономия, наука, 7+","kids, Palata nauke, workshop, astronomy, science, 7+","deca, Palata nauke, radionica, astronomija, nauka, 7+"
10/11/2026,10/11/2026,10/6/2026,2116,Organization,Pab kviz 8x8,https://pabkviz8x8.com/,,SocialEvent,Паб-квиз 8x8 в Nosati pub: общие знания,Pub quiz 8x8 at Nosati pub: general knowledge,Pab kviz 8x8 u Nosati pubu: opšte znanje,https://raw.githubusercontent.com/newsgl/arsposters/main/2116-PabKviz8x8UNosatiPubu.webp,,Games,"Воскресенье, 11 октября, 19:45, Nosati pub на Нушичевой. Квиз на общие знания из восьми раундов по восемь очков, команды до 7 человек, три часа игры. На сербском языке. Взнос 400 динаров с человека, запись через приложение play.pabkviz8x8.com обязательна.","Sunday 11 October, 19:45, Nosati pub in Nušićeva street. A general knowledge quiz of eight rounds worth eight points each, teams of up to 7, three hours of play. In Serbian. Fee 400 dinars per person, registration via the play.pabkviz8x8.com app is required.","Nedelja, 11. oktobar, 19.45, Nosati pub u Nušićevoj. Kviz opšteg znanja od osam oblasti po osam poena, ekipe do 7 članova, tri sata igre. Kotizacija 400 dinara po osobi, prijava preko aplikacije play.pabkviz8x8.com je obavezna.","Воскресный квиз в Nosati pub без узкой темы: **общие знания**, то есть понемногу обо всём, от истории и географии до музыки и кино. Формат **8x8**: восемь раундов по восемь очков, после каждого раунда команды сдают ответы, на половине квиза короткий перерыв.

Команда до семи человек, игра идёт три часа. Смартфоны и любые подсказки запрещены: организаторы пишут об этом прямо и строго.

Призы: первое место получает скидку 50% со счёта, второе 30%, третье круг ракии на всю команду. Команда, выпившая больше всех пива, получает миску, остальные крутят колесо удачи и могут выиграть дополнительные призы.

**Pab kviz 8x8** ведёт Джурдже Радич, победитель телевизионной «Слагалицы» 2021 года; квиз проходит в нескольких барах Белграда и окрестностей. С каждого взноса 10 динаров уходит на благотворительность.

Место: Nosati pub, Нушичева 8.

Время: начало в 19:45.

Цена: 400 динаров с человека. Организатор: Pab kviz 8x8.","The Sunday quiz at Nosati pub has no narrow theme: it is **general knowledge**, a bit of everything from history and geography to music and film. The **8x8** format: eight rounds worth eight points each, answers handed in after every round, a short break halfway through.

Teams have up to seven members and the game lasts about three hours. Smartphones and any form of cheating are banned, and the organisers say so plainly.

Prizes: first place gets 50% off the bill, second 30%, third a round of rakija for the whole team. The team that drinks the most beer wins a bowl, and the others spin a wheel of fortune for extra prizes.

**Pab kviz 8x8** is run by Đurđe Radić, winner of the TV quiz Slagalica in 2021, and takes place in several bars in Belgrade and nearby towns. Ten dinars from every fee go to charity.

Venue: Nosati pub, Nušićeva 8.

Time: 19:45.

Price: 400 dinars per person. Organiser: Pab kviz 8x8.","Nedeljni kviz u Nosati pubu nema usku temu: **opšte znanje**, pomalo od svega, od istorije i geografije do muzike i filma. Format **8x8**: osam oblasti po osam poena, posle svake oblasti se predaju odgovori, na polovini kviza kratak predah.

Ekipa broji do sedam članova, kviz traje oko tri sata. Pametni uređaji i bilo kakvo varanje su strogo zabranjeni, organizatori to naglašavaju bez okolišanja.

Nagrade: prvo mesto dobija 50% popusta na račun, drugo 30%, treće turu rakije za celu ekipu. Ekipa sa najviše popijenih piva osvaja činiju, a ostale na točku sreće mogu dobiti dodatne nagrade.

**Pab kviz 8x8** vodi Đurđe Radić, pobednik TV Slagalice iz 2021, a kviz se igra u više lokala u Beogradu i okolini. Od svake kotizacije 10 dinara ide u dobrotvorne svrhe.

Mesto: Nosati pub, Nušićeva 8.

Vreme: početak u 19.45.

Cena: 400 dinara po osobi. Organizator: Pab kviz 8x8.",19:45,400,Nosati pub,"Nušićeva 8, Beograd","44.813841,20.461875",https://pabkviz8x8.com/nosati-pub-opste-znanje-18/,pabkviz8x8.com,https://play.pabkviz8x8.com/,Pab kviz 8x8,https://pabkviz8x8.com/,,,,,,"паб-квиз, Pab kviz 8x8, Nosati pub, общие знания, игры","pub quiz, Pab kviz 8x8, Nosati pub, general knowledge, games","pab kviz, Pab kviz 8x8, Nosati pub, opšte znanje, igre"
10/11/2026,10/11/2026,10/6/2026,2117,MusicGroup,Gosudar,https://gosudardeath.bandcamp.com/,,MusicEvent,Gosudar и In Obscurity Revealed: дэт-метал из Москвы и Мехико в Zappa Baza,Gosudar and In Obscurity Revealed: death metal from Moscow and Mexico City at Zappa Baza,Gosudar i In Obscurity Revealed: death metal iz Moskve i Meksiko Sitija u Zappa Bazi,https://raw.githubusercontent.com/newsgl/arsposters/main/2117-GosudarIInObscurityRevealedDeath.webp,,Concerts,"Московский дэт-дум Gosudar с альбомом «Morbid Despotic Ritual» и мексиканцы In Obscurity Revealed с блэкенд-дэтом «Glorious Impurity» в одном вечере. Воскресенье, 11 октября, 19:00, билеты от 2100 динаров.","Moscow death doom outfit Gosudar, authors of «Morbid Despotic Ritual», share the night with Mexico City’s In Obscurity Revealed and their blackened death metal of «Glorious Impurity». Sunday 11 October, 19:00, tickets from 2100 dinars.","Moskovski death doom sastav Gosudar sa albumom «Morbid Despotic Ritual» i Meksikanci In Obscurity Revealed sa blackened death metalom «Glorious Impurity» u jednoj večeri. Nedelja, 11. oktobar, 19.00, karte od 2100 dinara.","Вечер для тех, кто предпочитает медленный и тяжёлый дэт-метал подвального разлива.

**Gosudar** собрались в Москве в 2018 году. После демо и сплита с Carcinoid вышел полноформатный «Morbid Despotic Ritual» (2021, Rotted Life Records), который сравнивают со Spectral Voice, Undergang и Disma: похоронный темп, внезапные ускорения, рычащий низ. В ноябре 2024 года на семидюймовке «Eschatological Agony of the Universe» (Me Saco Un Ojo / Rotted Life) группа добавила к этому ещё больше дум-атмосферы. Есть также сплиты с Malignant Altar и Tsygun.

**In Obscurity Revealed** существуют с 2014 года в Мехико. Их фирменный звук ближе к блэкенд-дэту с трэшевым напором: EP «Grim Fumes of Revelation» (2016), альбом «Glorious Impurity» (2018) и сплит с соотечественниками Infesticide, с которыми у них двое общих участников.

Zappa Baza на Булеваре Воеводе Бойовича 30а давно принимает такие туры: в этом году здесь уже проходили концерты Combichrist и Clan of Xymox.

Цена: от 2100 динаров.","A night for those who like their death metal slow, heavy and smelling of the basement.

**Gosudar** formed in Moscow in 2018. After a demo and a split with Carcinoid came the full length «Morbid Despotic Ritual» (2021, Rotted Life Records), compared to Spectral Voice, Undergang and Disma: funeral pace, sudden bursts of speed, a growling low end. In November 2024 the seven inch «Eschatological Agony of the Universe» (Me Saco Un Ojo / Rotted Life) pushed the doom atmosphere further. There are also splits with Malignant Altar and Tsygun.

**In Obscurity Revealed** have been active in Mexico City since 2014. Their sound leans to blackened death metal with a thrash drive: the EP «Grim Fumes of Revelation» (2016), the album «Glorious Impurity» (2018) and a split with fellow Mexicans Infesticide, with whom they share two members.

Zappa Baza at Bulevar vojvode Bojovića 30a has long hosted tours of this kind; Combichrist and Clan of Xymox played here earlier this year.

Price: from 2100 dinars.","Veče za one koji vole death metal spor, težak i podrumski.

**Gosudar** su osnovani u Moskvi 2018. Posle demoa i splita sa Carcinoid stigao je prvenac «Morbid Despotic Ritual» (2021, Rotted Life Records), koji porede sa Spectral Voice, Undergang i Disma: pogrebni tempo, nagla ubrzanja, režeći bas. U novembru 2024. sedmoinčni «Eschatological Agony of the Universe» (Me Saco Un Ojo / Rotted Life) dodatno je pojačao doom atmosferu. Tu su i splitovi sa Malignant Altar i Tsygun.

**In Obscurity Revealed** postoje od 2014. u Meksiko Sitiju. Njihov zvuk je bliži blackened death metalu sa thrash naletom: EP «Grim Fumes of Revelation» (2016), album «Glorious Impurity» (2018) i split sa zemljacima Infesticide, sa kojima dele dva člana.

Zappa Baza na Bulevaru vojvode Bojovića 30a odavno ugošćuje ovakve turneje; ove godine su tu već svirali Combichrist i Clan of Xymox.

Cena: od 2100 dinara.",19:00,2100,Zappa Baza,"Bulevar Vojvode Bojovića 30a, 11000 Beograd","44.820671,20.448039",https://www.bandsintown.com/e/108822284-gosudar-at-zappa-baza,bandsintown.com,https://tickets.rs/event/gosudar_rus_in_obscurity_revealed_mex_27465,Zappa Baza,https://gosudardeath.bandcamp.com/,,,,,,"концерт, дэт-метал, Zappa Baza, Gosudar, метал","concert, death metal, Zappa Baza, Gosudar, metal","koncert, death metal, Zappa Baza, Gosudar, metal"
10/11/2026,10/11/2026,10/6/2026,2119,Organization,Cineplexx Galerija,https://www.cineplexx.rs/,,ScreeningEvent,«Разум и чувства»: новая экранизация Джейн Остин с Дейзи Эдгар-Джонс в Cineplexx Galerija,Sense and Sensibility: the new Jane Austen adaptation with Daisy Edgar-Jones at Cineplexx Galerija,Razum i osećajnost: nova ekranizacija Džejn Ostin sa Dejzi Edgar-Džouns u Cineplexx Galeriji,https://raw.githubusercontent.com/newsgl/arsposters/main/2119-RazumIOsecajnostNovaEkranizacijaDzejn.webp,,Movies,"Британская экранизация романа Джейн Остин 2026 года, режиссёр Джорджия Оукли, в ролях Дейзи Эдгар-Джонс, Эсме Крид-Майлз, Катрина Балф и Джордж Маккей. Сеанс 11 октября в 22:30, зал 7, 2D, продолжительность 2 часа 11 минут.","The 2026 British adaptation of Jane Austen's novel, directed by Georgia Oakley and starring Daisy Edgar-Jones, Esmé Creed-Miles, Caitríona Balfe and George MacKay. Screening on 11 October at 22:30, hall 7, 2D, running time 2 hours 11 minutes.","Britanska ekranizacija romana Džejn Ostin iz 2026. godine, u režiji Džordžije Oukli, sa Dejzi Edgar-Džouns, Ezme Krid-Majls, Katrinom Balf i Džordžom Makajem. Projekcija 11. oktobra u 22.30, sala 7, 2D, trajanje 2 sata i 11 minuta.","Три сестры Дэшвуд после смерти отца остаются почти без средств: поместье отходит сводному брату, и семье приходится переехать в скромный дом в Девоншире. Рассудительная Элинор, порывистая Марианна и младшая Маргарет по-разному переживают потерю, а вокруг них появляются полковник Брэндон, обаятельный Джон Уиллоуби и застенчивый Эдвард Феррарс. Роман Джейн Остин 1811 года о том, как сёстры выбирают между разумом и чувством, снова на большом экране.

Новую версию сняла **Джорджия Оукли**, сценарий написала Диана Рид, производство Working Title Films (Великобритания и США, 2026). Фильм вышел в британский прокат 25 сентября 2026 года.

В ролях: **Дейзи Эдгар-Джонс** (Элинор), Эсме Крид-Майлз (Марианна), Катрина Балф (миссис Дэшвуд), Джордж Маккей (Эдвард Феррарс), Герберт Нордрум (полковник Брэндон), Фрэнк Диллейн (Уиллоуби) и Фиона Шоу (миссис Дженнингс).

Жанр: драма, мелодрама. Продолжительность 2 часа 11 минут. Показ в формате 2D, зал 7.

Место: Cineplexx Galerija, торговый центр Galerija Beograd.","After their father's death the three Dashwood sisters are left with little: the estate passes to their half-brother and the family has to move to a modest cottage in Devonshire. Sensible Elinor, impulsive Marianne and young Margaret each cope with the loss in their own way, while Colonel Brandon, the charming John Willoughby and the shy Edward Ferrars enter their lives. Jane Austen's 1811 novel about choosing between sense and sensibility returns to the big screen.

The new version is directed by **Georgia Oakley** from a screenplay by Diana Reid and produced by Working Title Films (United Kingdom and United States, 2026). It opened in UK cinemas on 25 September 2026.

Cast: **Daisy Edgar-Jones** (Elinor), Esmé Creed-Miles (Marianne), Caitríona Balfe (Mrs Dashwood), George MacKay (Edward Ferrars), Herbert Nordrum (Colonel Brandon), Frank Dillane (Willoughby) and Fiona Shaw (Mrs Jennings).

Genre: period drama, romance. Running time 2 hours 11 minutes. Screened in 2D, hall 7.

Venue: Cineplexx Galerija, inside the Galerija Beograd shopping centre.","Posle očeve smrti tri sestre Dašvud ostaju gotovo bez sredstava: imanje pripada polubratu, a porodica se seli u skromnu kuću u Devonširu. Razborita Elinor, strastvena Marijana i najmlađa Margaret svaka na svoj način nose gubitak, dok se oko njih pojavljuju pukovnik Brendon, šarmantni Džon Vilobi i stidljivi Edvard Ferars. Roman Džejn Ostin iz 1811. godine o izboru između razuma i osećanja ponovo je na velikom platnu.

Novu verziju režirala je **Džordžija Oukli** po scenariju Dajane Rid, u produkciji kuće Working Title Films (Velika Britanija i SAD, 2026). Film je u britanske bioskope stigao 25. septembra 2026.

Uloge: **Dejzi Edgar-Džouns** (Elinor), Ezme Krid-Majls (Marijana), Katrina Balf (gospođa Dašvud), Džordž Makaj (Edvard Ferars), Herbert Nordrum (pukovnik Brendon), Frenk Dilejn (Vilobi) i Fiona Šo (gospođa Dženings).

Žanr: drama, romantični. Trajanje 2 sata i 11 minuta. Projekcija u 2D formatu, sala 7.

Mesto: Cineplexx Galerija, tržni centar Galerija Beograd.",22:30,,Cineplexx Galerija,"Bulevar Vudroa Vilsona 12 (Galerija Beograd), 11000 Beograd","44.802610,20.445300",https://repertoar.rs/filmovi/razum-i-osecajnost/,repertoar.rs,https://www.cineplexx.rs/film/razum-i-osecajnost,Cineplexx Galerija,https://www.cineplexx.rs/,,,,,,"кино, Джейн Остин, Cineplexx Galerija, Дейзи Эдгар-Джонс, мелодрама, экранизация","cinema, Jane Austen, Cineplexx Galerija, Daisy Edgar-Jones, romance, adaptation","bioskop, Džejn Ostin, Cineplexx Galerija, Dejzi Edgar-Džouns, romantični film, ekranizacija"
10/12/2026,10/12/2026,10/6/2026,2120,Person,Björn Hegardt,https://www.fuktmagazine.com/,,EducationEvent,Презентация журнала FUKT: Бьёрн Хегардт и Ариане Шпанир в Доме омладине,FUKT magazine presentation: Björn Hegardt and Ariane Spanier at Dom omladine,Predstavljanje časopisa FUKT: Björn Hegardt i Ariane Spanier u Domu omladine,https://raw.githubusercontent.com/newsgl/arsposters/main/2120-PredstavljanjeCasopisaFUKTBjornHegardtI.webp,,Lectures,"Понедельник, 12 октября, 19:00, клуб Дома омладине. Основатель и редактор берлинско-ословского журнала о современном рисунке FUKT Бьёрн Хегардт и его креативный директор Ариане Шпанир рассказывают, как за 25 лет школьное издание стало журналом с международной дистрибуцией. Сопроводительная программа выставки «Due Attention». Вход свободный.","Monday 12 October, 19:00, DOB Klub at Dom omladine. Björn Hegardt, founder and editor of FUKT, the Berlin and Oslo based magazine for contemporary drawing, and its creative director Ariane Spanier explain how an art school publication became an internationally distributed magazine over 25 years. Part of the programme around the exhibition Due Attention. Free entry.","Ponedeljak, 12. oktobar, 19.00, DOB Klub. Osnivač i urednik berlinsko-oslovskog časopisa za savremeni crtež FUKT Björn Hegardt i kreativna direktorka Ariane Spanier govore o tome kako je za 25 godina publikacija iz umetničke škole postala časopis sa međunarodnom distribucijom. Prateći program izložbe „Due Attention“. Ulaz slobodan.","**FUKT** появился в 1999 году в художественной школе в Тронхейме, а сегодня это ежегодный журнал о современном рисунке и иллюстрации с редакцией в Берлине и Осло, продажей в книжных магазинах по всему миру и премиями за обложки. Как независимое печатное издание продержалось больше 25 лет, и есть тема вечера.

Основатель и редактор **Бьёрн Хегардт** и креативный директор и соредактор **Ариане Шпанир** разбирают весь путь номера: выбор темы и поиск художников, редактуру и сборку содержания, выбор шрифтов, дизайн обложки и производство. Отдельный сюжет: как редакционная и визуальная стороны журнала формируют друг друга.

Хегардт, норвежский художник, живёт в Берлине и Осло, работает с рисунком, анимацией и инсталляцией; его рисунки вошли в сборник Phaidon «Vitamin D». Шпанир, графический дизайнер из Берлина, делает книги, плакаты и визуальные идентичности в сфере искусства и состоит в Alliance Graphique Internationale.

Встреча входит в программу выставки **«Due Attention»** Миодрага Манойловича и Бьёрна Хегардта (куратор Предраг Терзич) в галерее Дома омладине.

Место: Дом омладине, DOB Klub.

Время: начало в 19:00.

Вход свободный. Организатор: Дом омладине Београда.","**FUKT** started in 1999 at an art school in Trondheim; today it is an annual magazine for contemporary drawing and illustration edited from Berlin and Oslo, sold in bookshops around the world and known for its award winning covers. How an independent print magazine has survived for more than 25 years is the question of the evening.

Founder and editor **Björn Hegardt** and creative director and co editor **Ariane Spanier** walk through the making of an issue: choosing a theme and finding artists, editing and building the contents, picking typefaces, designing the cover and producing the print run. A separate thread is how the editorial and visual sides of the magazine shape each other.

Hegardt, a Norwegian artist based in Berlin and Oslo, works in drawing, animation and installation; his drawings appear in the Phaidon volume Vitamin D. Spanier, a Berlin graphic designer, designs books, posters and visual identities for the art world and is a member of the Alliance Graphique Internationale.

The talk is part of the programme around **Due Attention**, an exhibition by Miodrag Manojlović and Björn Hegardt (curator Predrag Terzić) at the Dom omladine gallery.

Venue: Dom omladine Beograda, DOB Klub.

Time: 19:00.

Free entry. Organiser: Dom omladine Beograda.","**FUKT** je nastao 1999. u umetničkoj školi u Trondhajmu, a danas je godišnji časopis za savremeni crtež i ilustraciju sa redakcijom u Berlinu i Oslu, prodajom u knjižarama širom sveta i nagrađivanim naslovnim stranama. Kako se nezavisni štampani časopis održao duže od 25 godina, to je tema večeri.

Osnivač i urednik **Björn Hegardt** i kreativna direktorka i ko-urednica **Ariane Spanier** prolaze kroz ceo put jednog broja: odabir teme i pronalaženje umetnika, uređivanje i pravljenje sadržaja, izbor tipografije, dizajn naslovne strane i samu produkciju. Posebna tema je kako uređivačka i vizuelna strana časopisa oblikuju jedna drugu.

Hegardt, norveški umetnik koji živi u Berlinu i Oslu, radi crtež, animaciju i instalaciju; njegovi crteži su uvršteni u Phaidonovu publikaciju „Vitamin D“. Spanier, grafička dizajnerka iz Berlina, radi knjige, plakate i vizuelne identitete u oblasti umetnosti i članica je Alliance Graphique Internationale.

Razgovor je prateći program izložbe **„Due Attention“** Miodraga Manojlovića i Björna Hegardta (kustos Predrag Terzić) u DOB Galeriji.

Mesto: Dom omladine Beograda, DOB Klub.

Vreme: početak u 19.00.

Ulaz slobodan. Organizator: Dom omladine Beograda.",19:00,0,Dom omladine Beograda,"Makedonska 22, Beograd","44.815407,20.462793",https://domomladine.org/debate/predstavljanje-fukt-casopisa/,domomladine.org,https://efinity.rs/,Dom omladine Beograda,https://domomladine.org/,,,,,,"FUKT, рисунок, графический дизайн, Дом омладине, лекция, бесплатно","FUKT, drawing, graphic design, Dom omladine, talk, free","FUKT, crtež, grafički dizajn, Dom omladine, predavanje, besplatno"
10/13/2026,10/13/2026,10/6/2026,2121,Organization,English Speaking Club Belgrade,https://www.meetup.com/english_speaking_club/,,SocialEvent,English Speaking Club: разговорный английский и бильярд в Bilijar Kafe Tašmajdan,English Speaking Club: conversation practice and a game of pool at Bilijar Kafe Tašmajdan,English Speaking Club: konverzacija na engleskom i bilijar u Bilijar kafeu Tašmajdan,https://raw.githubusercontent.com/newsgl/arsposters/main/2121-EnglishSpeakingClubKonverzacijaNaEnglesk.webp,,Games,"Вторник, 13 октября, с 19:00 до 21:00, Bilijar Kafe Tašmajdan на улице Илие Гарашанина. Разговорный клуб Meetup-сообщества English Speaking Club Belgrade: игры, обсуждения в группах, обратная связь; в этот раз в бильярдной, так что можно сыграть партию или просто разговаривать. Любой уровень. На английском языке. Нужна регистрация (RSVP) на Meetup.","Tuesday 13 October, 19:00 to 21:00, Bilijar Kafe Tašmajdan in Ilije Garašanina street. A conversation meetup by English Speaking Club Belgrade: games, group discussions and friendly feedback; this time in a pool hall, so you can play a frame or just talk. All levels welcome. In English. RSVP on Meetup required.","Utorak, 13. oktobar, od 19.00 do 21.00, Bilijar kafe Tašmajdan u Ulici Ilije Garašanina. Konverzacijski susret Meetup zajednice English Speaking Club Belgrade: igre, razgovori u grupama i prijateljske povratne informacije; ovog puta u bilijar klubu, pa može partija ili samo razgovor. Za sve nivoe znanja. Na engleskom jeziku. Potrebna je prijava (RSVP) na Meetupu.","**English Speaking Club Belgrade** собирается каждую неделю, чтобы два часа говорить по-английски без учебника: коммуникативные игры, обсуждения в небольших группах, темы для разговора и доброжелательная обратная связь от ведущих и других участников. Уровень не важен, приходят и начинающие, и те, кому просто не хватает практики.

В этот вторник клуб переезжает в **бильярдную на Ташмайдане**. Идея простая: кто хочет, играет в пул и болтает у стола, кто не хочет, сидит за столиком и разговаривает. Бильярд здесь повод, а не обязанность.

В сообществе на Meetup больше 750 участников; встречи ведут организаторы Bronchi и Alexander. Чтобы прийти, нужно отметиться (RSVP) на странице события, это же открывает доступ к чату встречи.

Место: Bilijar Kafe Tašmajdan, Илие Гарашанина 24a.

Время: с 19:00 до 21:00.

Организатор: English Speaking Club Belgrade.","**English Speaking Club Belgrade** meets every week for two hours of English without a textbook: communicative games, small group discussions, conversation topics and friendly feedback from the hosts and other participants. Level does not matter; beginners come, and so do people who simply lack practice.

This Tuesday the club moves to a **pool hall at Tašmajdan**. The idea is simple: those who want to play pool chat around the table, those who do not sit down and talk. The pool is an excuse, not an obligation.

The Meetup community has more than 750 members; the meetings are hosted by organisers Bronchi and Alexander. To attend you need to RSVP on the event page, which also opens the event chat.

Venue: Bilijar Kafe Tašmajdan, Ilije Garašanina 24a.

Time: 19:00 to 21:00.

Organiser: English Speaking Club Belgrade.","**English Speaking Club Belgrade** se okuplja svake nedelje na dva sata engleskog bez udžbenika: komunikativne igre, razgovori u manjim grupama, teme za priču i prijateljske povratne informacije od domaćina i ostalih učesnika. Nivo znanja nije bitan, dolaze i početnici i oni kojima samo fali prakse.

Ovog utorka klub se seli u **bilijar klub na Tašmajdanu**. Ideja je jednostavna: ko hoće, igra bilijar i ćaska pored stola, ko neće, sedi za stolom i priča. Bilijar je povod, ne obaveza.

Zajednica na Meetupu ima više od 750 članova; susrete vode organizatori Bronchi i Alexander. Za dolazak je potrebno prijaviti se (RSVP) na stranici događaja, što otvara i pristup četu susreta.

Mesto: Bilijar kafe Tašmajdan, Ilije Garašanina 24a.

Vreme: od 19.00 do 21.00.

Organizator: English Speaking Club Belgrade.",19:00,,Bilijar Kafe Tašmajdan,"Ilije Garašanina 24a, Beograd","44.810679,20.471557",https://www.meetup.com/english_speaking_club/events/316826718/,meetup.com,https://www.meetup.com/english_speaking_club/events/316826718/,English Speaking Club Belgrade,https://www.meetup.com/english_speaking_club/,,,,,,"разговорный клуб, английский язык, Meetup, бильярд, Ташмайдан","conversation club, English practice, Meetup, pool, Tašmajdan","konverzacijski klub, engleski jezik, Meetup, bilijar, Tašmajdan"
10/13/2026,10/13/2026,10/6/2026,2122,Person,Luka Jovanov,https://www.bitef.rs/,,TheaterEvent,«Закрытие любви»: драма Паскаля Рамбера о конце отношений в Битеф театре,Zatvaranje ljubavi: Pascal Rambert's drama on the end of love at Bitef Theatre,Zatvaranje ljubavi: drama Paskala Rambera o kraju ljubavi u Bitef teatru,https://raw.githubusercontent.com/newsgl/arsposters/main/2122-ZatvaranjeLjubaviDramaPaskalaRamberaO.webp,,Theatre,"Двое расстаются, и вместо тихого разговора начинается долгая словесная дуэль. Пьеса французского драматурга Паскаля Рамбера в постановке Луки Йованова, играют Майя Шуша и Славен Дошло. 13 октября в 20:00, билет 1200 динаров. На сербском языке.","A couple is breaking up, and instead of a quiet talk a long duel of words begins. French playwright Pascal Rambert's text staged by Luka Jovanov, with Maja Šuša and Slaven Došlo. 13 October at 20:00, tickets 1200 dinars. In Serbian.","Dvoje se rastaju, a umesto tihog razgovora počinje dug obračun rečima. Tekst francuskog pisca Paskala Rambera u režiji Luke Jovanova, igraju Maja Šuša i Slaven Došlo. 13. oktobar u 20.00, karta 1200 dinara.","Что происходит в тот момент, когда любовь уже кончилась, а двое ещё стоят друг напротив друга? Французский драматург **Паскаль Рамбер** написал об этом пьесу «Clôture de l'amour», которая с 2011 года обошла десятки сцен мира. Белградскую версию поставил **Лука Йованов**, на сцене **Майя Шуша** и **Славен Дошло**.

Сюжета в привычном смысле нет: есть расставание, растянутое на весь спектакль. Партнёры говорят друг другу то, что годами оставалось несказанным, и общее прошлое разбирается по частям через воспоминания, обвинения и вопросы о том, куда делось чувство. Речь здесь становится главным оружием, а сцена Битеф театра сведена к пространству, из которого некуда уйти.

Премьера прошла в октябре 2023 года; это независимая постановка, которая играется в Битеф театре. Спектакль о гневе, потере и попытке понять другого человека, даже когда отношения уже обречены.

Цена: 1200 динаров. На сербском языке.","What happens in the moment when love is already over but two people are still standing face to face? French playwright **Pascal Rambert** wrote Clôture de l'amour about exactly that, and since 2011 the play has travelled to dozens of stages worldwide. The Belgrade version is directed by **Luka Jovanov**, with **Maja Šuša** and **Slaven Došlo** on stage.

There is no plot in the usual sense: there is a break-up, stretched across the whole performance. The partners say to each other what had stayed unsaid for years, and their shared past is taken apart piece by piece through memories, accusations and questions about where the feeling went. Speech becomes the main weapon, and the Bitef stage is reduced to a space with nowhere to escape.

The production premiered in October 2023 as an independent project hosted by Bitef Theatre. A play about anger, loss and the attempt to understand another person even when the relationship is already lost.

Price: 1200 dinars. In Serbian.","Šta se dešava u trenutku kada je ljubav već prestala, a dvoje i dalje stoje jedno naspram drugog? Francuski pisac **Paskal Ramber** o tome je napisao komad Clôture de l'amour, koji je od 2011. obišao desetine svetskih scena. Beogradsku verziju režirao je **Luka Jovanov**, a na sceni su **Maja Šuša** i **Slaven Došlo**.

Radnje u klasičnom smislu nema: postoji raskid, razvučen na celu predstavu. Partneri jedno drugom izgovaraju ono što je godinama ostajalo neizrečeno, a zajednička prošlost se rastavlja kroz sećanja, optužbe i pitanja gde je nestalo osećanje. Govor ovde postaje glavno oružje, a scena Bitef teatra svedena je na prostor iz kog nema bega.

Premijera je bila u oktobru 2023; reč je o nezavisnoj produkciji koja se igra u Bitef teatru. Predstava o ljutnji, gubitku i pokušaju da se razume drugi čovek čak i kada je odnos već osuđen na kraj.

Cena: 1200 dinara.",20:00,1200,Bitef teatar,"Skver Mire Trailović 1, Beograd","44.818174,20.468475",https://repertoar.rs/predstave/zatvaranje-ljubavi/,repertoar.rs,https://bilet.bitef.rs/scena.php?prostorterminid=410,Bitef teatar,https://www.bitef.rs/,,,,,,"театр, драма, Битеф театр, Паскаль Рамбер, Лука Йованов","theatre, drama, Bitef Theatre, Pascal Rambert, Luka Jovanov","pozorište, drama, Bitef teatar, Paskal Ramber, Luka Jovanov"
10/14/2026,10/14/2026,10/6/2026,2124,Organization,Biblioteka grada Beograda,https://bgb.rs/,,EducationEvent,«Траговима светлости кроз песничко лето»: двуязычная антология сербских и румынских поэтов в Библиотеке города Белграда,Tragovima svetlosti kroz pesničko leto: a bilingual anthology of Serbian and Romanian poets at the Belgrade City Library,„Tragovima svetlosti kroz pesničko leto“: dvojezična antologija srpskih i rumunskih pesnika u Biblioteci grada Beograda,https://raw.githubusercontent.com/newsgl/arsposters/main/2124-TragovimaSvetlostiKrozPesnickoLetoDvojez.webp,,Lectures,"Среда, 14 октября, 19:00, Римский зал Библиотеки города Белграда. Презентация двуязычной сербско-румынской поэтической антологии «По следам света сквозь поэтическое лето»; участвуют Мариана Стратулат, Верица Преда ПреВера, Гордана Ковачевич и Валентин Мик. На сербском языке. Вход свободный.","Wednesday 14 October, 19:00, Roman Hall of the Belgrade City Library. Presentation of a bilingual Serbian and Romanian poetry anthology, Tragovima svetlosti kroz pesničko leto (Following the Light through a Poetic Summer), with Mariana Stratulat, Verica Preda PreVera, Gordana Kovačević and Valentin Mik. In Serbian. Free entry.","Sreda, 14. oktobar, 19.00, Rimska dvorana Biblioteke grada Beograda. Predstavljanje dvojezične antologije srpskih i rumunskih pesnika „Tragovima svetlosti kroz pesničko leto“; učestvuju Mariana Stratulat, Verica Preda PreVera, Gordana Kovačević i Valentin Mik. Ulaz slobodan.","Антология **«Траговима светлости кроз песничко лето»** (в переводе «По следам света сквозь поэтическое лето») собирает стихи сербских и румынских авторов и печатает их на двух языках, так что сербский и румынский тексты можно читать рядом.

Книгу представляют **Мариана Стратулат**, **Верица Преда ПреВера**, Гордана Ковачевич и Валентин Мик. Вечер проходит в Римском зале, историческом помещении Библиотеки города Белграда на Князь-Михайловой, где обычно проводят литературные встречи.

Место: Библиотека города Белграда, Римский зал.

Время: начало в 19:00.

Вход свободный. Организатор: Библиотека города Белграда.","The anthology **Tragovima svetlosti kroz pesničko leto** (Following the Light through a Poetic Summer) brings together poems by Serbian and Romanian authors and prints them in both languages, so the Serbian and Romanian texts can be read side by side.

The book is presented by **Mariana Stratulat**, **Verica Preda PreVera**, Gordana Kovačević and Valentin Mik. The evening takes place in the Roman Hall, the historic room of the Belgrade City Library in Knez Mihailova street where its literary events are usually held.

Venue: Belgrade City Library, Roman Hall.

Time: 19:00.

Free entry. Organiser: Belgrade City Library.","Antologija **„Tragovima svetlosti kroz pesničko leto“** okuplja pesme srpskih i rumunskih autora i donosi ih na oba jezika, tako da se srpski i rumunski tekst čitaju naporedo.

Knjigu predstavljaju **Mariana Stratulat**, **Verica Preda PreVera**, Gordana Kovačević i Valentin Mik. Veče se održava u Rimskoj dvorani, istorijskom prostoru Biblioteke grada Beograda u Knez Mihailovoj u kojem se obično održavaju književni susreti.

Mesto: Biblioteka grada Beograda, Rimska dvorana.

Vreme: početak u 19.00.

Ulaz slobodan. Organizator: Biblioteka grada Beograda.",19:00,0,Biblioteka grada Beograda,"Knez Mihailova 56, Beograd","44.820020,20.453450",https://bgb.rs/dogadjaji/,bgb.rs,,Biblioteka grada Beograda,https://bgb.rs/,,,,,,"поэзия, антология, румынская литература, Библиотека города Белграда, бесплатно","poetry, anthology, Romanian literature, Belgrade City Library, free","poezija, antologija, rumunska književnost, Biblioteka grada Beograda, besplatno"
10/14/2026,10/14/2026,10/6/2026,2125,TheaterGroup,Opera i teatar Madlenianum,https://operatheatremadlenianum.com/,,TheaterEvent,«Феликс и Дорис»: романтическая комедия Билла Манхоффа в Мадлениануме,Feliks i Doris: Bill Manhoff's romantic comedy at Madlenianum,Feliks i Doris: romantična komedija Bila Menhofa u Madlenianumu,https://raw.githubusercontent.com/newsgl/arsposters/main/2125-FeliksIDorisRomanticnaKomedijaBila.webp,,Theatre,"Непризнанный писатель из книжного магазина и девушка с окраины, выдающая себя за актрису: двое одиночек, Америка шестидесятых и ссора, которая постепенно становится любовью. Постановка и перевод Оли Джорджевич, играют Ваня Милачич и Владимир Грбич. 14 октября в 20:00, Малая сцена, билет 1500 динаров. На сербском языке.","An unpublished writer working in a bookshop and a girl from the margins who calls herself a model and actress: two loners, 1960s America and a quarrel that slowly turns into love. Directed and translated by Olja Đorđević, with Vanja Milačić and Vladimir Grbić. 14 October at 20:00, Small stage, tickets 1500 dinars. In Serbian.","Nepriznati pisac iz knjižare i devojka sa margine koja se predstavlja kao manekenka i glumica: dvoje usamljenika, Amerika šezdesetih i svađa koja polako prerasta u ljubav. Režija i prevod Olja Đorđević, igraju Vanja Milačić i Vladimir Grbić. 14. oktobar u 20.00, Mala scena, karta 1500 dinara.","Пьесу «The Owl and the Pussycat» американец **Билл Манхофф** написал в 1964 году, и с тех пор её знают в основном по фильму с Барброй Стрейзанд. В Мадлениануме она идёт под названием «Феликс и Дорис», по именам двух героев.

**Феликс** работает в книжном магазине и считает себя писателем, которого пока не заметили. **Дорис** живёт на обочине и представляется манекенщицей и актрисой. Знакомство начинается с конфликта, но череда недоразумений и смешных ситуаций постепенно разрушает защиту обоих, и из ссоры вырастает странная, но настоящая привязанность. За комедией стоит тихая история об одиночестве и о том, как через близость с другим человек начинает понимать самого себя.

Перевела и поставила спектакль **Оля Джорджевич**. Дорис играет Ваня Милачич, Феликса Владимир Грбич. Музыка Ирены Попович-Драгович, сценография Дамьяна Параносича, костюмы Милицы Грбич-Комазец. Премьера состоялась 9 декабря 2021 года, спектакль идёт на Малой сцене.

Цена: 1500 динаров. На сербском языке.","American playwright **Bill Manhoff** wrote The Owl and the Pussycat in 1964, and most people know it from the film with Barbra Streisand. At Madlenianum it plays as Feliks i Doris, after its two characters.

**Feliks** works in a bookshop and sees himself as a writer nobody has noticed yet. **Doris** lives on the margins and introduces herself as a model and actress. Their acquaintance starts with a fight, but a string of misunderstandings and comic situations gradually wears down both their defences, and the quarrel grows into an odd but genuine attachment. Behind the comedy is a quiet story about loneliness and about how closeness to another person helps you understand yourself.

**Olja Đorđević** translated and directed. Vanja Milačić plays Doris and Vladimir Grbić plays Feliks. Music by Irena Popović Dragović, set by Damjan Paranosić, costumes by Milica Grbić Komazec. The production premiered on 9 December 2021 and runs on the Small stage.

Price: 1500 dinars. In Serbian.","Komad The Owl and the Pussycat američki pisac **Bil Menhof** napisao je 1964, a većina ga zna po filmu sa Barbrom Strejsend. U Madlenianumu se igra kao Feliks i Doris, po imenima dvoje junaka.

**Feliks** radi u knjižari i sebe vidi kao pisca koga još niko nije primetio. **Doris** živi na margini i predstavlja se kao manekenka i glumica. Poznanstvo počinje sukobom, ali niz nesporazuma i komičnih situacija postepeno ruši odbranu oboje, pa iz svađe izrasta neobična, ali prava bliskost. Iza komedije stoji tiha priča o usamljenosti i o tome kako kroz blizinu sa drugim čovek bolje razume sebe.

Predstavu je prevela i režirala **Olja Đorđević**. Doris igra Vanja Milačić, Feliksa Vladimir Grbić. Muzika Irena Popović Dragović, scenografija Damjan Paranosić, kostimi Milica Grbić Komazec. Premijera je bila 9. decembra 2021, predstava se igra na Maloj sceni.

Cena: 1500 dinara.",20:00,1500,Opera i teatar Madlenianum,"Glavna 32, 11080 Zemun","44.845468,20.410705",https://repertoar.rs/predstave/feliks-i-doris/,repertoar.rs,https://tickets.operatheatremadlenianum.com/sr,Opera i teatar Madlenianum,https://operatheatremadlenianum.com/,,,,,,"театр, романтическая комедия, Мадленианум, Земун, Билл Манхофф","theatre, romantic comedy, Madlenianum, Zemun, Bill Manhoff","pozorište, romantična komedija, Madlenianum, Zemun, Bil Menhof"
10/14/2026,10/14/2026,10/6/2026,2126,Person,Branko Simonović,https://palatanauke.rs/,,EducationEvent,«Космодело»: лекция Бранко Симоновича об истории скафандров в Палате науки,Kosmodelo: Branko Simonović on the history of spacesuits at Palata nauke,Kosmodelo: predavanje Branka Simonovića o istoriji astronautskih odela u Palati nauke,https://raw.githubusercontent.com/newsgl/arsposters/main/2126-KosmodeloPredavanjeBrankaSimonovicaOIsto.webp,,Lectures,"14 октября в 17:00 популяризатор астрономии Бранко Симонович рассказывает, как появились первые скафандры, как они менялись и какими будут. Зал «Реч» на четвёртом этаже Палаты науки. На сербском языке, вход свободный, регистрация не нужна.","On 14 October at 17:00 astronomy populariser Branko Simonović traces how the first spacesuits came about, how they changed and where they are heading. Reč hall, fourth floor of Palata nauke. In Serbian, free entry, no registration.","U sredu 14. oktobra u 17.00 popularizator astronomije Branko Simonović govori o tome kako su nastali prvi skafanderi, kako su se menjali i šta ih čeka. Sala Reč, četvrti sprat Palate nauke. Ulaz slobodan, prijava nije potrebna.","Представьте шесть часов работы там, где нет воздуха: одна половина тела на солнце, где температура переваливает за 200 градусов, другая в тени, где минус 120. Так выглядит выход астронавта в открытый космос, и единственное, что отделяет его от вакуума и микрометеоритов, это скафандр.

В октябре отмечается Всемирная неделя космоса, и **Палата науки** посвящает ей свою месячную программу. Открывает цикл лекция **Бранко Симоновича**, популяризатора астрономии, о том, как создавалась одежда для внеземных условий.

Скафандр должен защищать и одновременно не мешать: астронавту нужно свободно двигаться и выполнять сложные операции. Лектор проходит путь от первых шагов в космосе до межзвёздных полётов будущего и отвечает на вопросы, которые редко задают вслух: как выглядели первые скафандры, как они менялись по ходу освоения космоса и какими станут.

Место: Палата науки, зал «Реч», четвёртый этаж.

На сербском языке.

Вход свободный, регистрация не требуется.","Imagine six hours of work in a place with no air, where one half of your body is in sunlight above 200 degrees Celsius and the other sits in shadow at minus 120. That is a spacewalk, and the only thing between the astronaut and the vacuum, micrometeorites included, is the suit.

October is World Space Week, and **Palata nauke** devotes its monthly programme to it. The cycle opens with a lecture by **Branko Simonović**, an astronomy populariser, on how clothing for extraterrestrial conditions came to be.

A spacesuit has to protect without getting in the way: the astronaut must move freely and carry out complex tasks. The talk runs from the first steps in space to the interstellar journeys of the future and answers questions rarely asked out loud: what the first suits looked like, how they changed over the history of space exploration, and what comes next.

Venue: Palata nauke, Reč hall, fourth floor.

The lecture is in Serbian.

Free entry, no registration needed.","Zamislite da šest sati radite tamo gde nema vazduha: jedna polovina tela vam je na suncu, na temperaturi preko 200 stepeni, a druga u senci, na minus 120. Tako izgleda izlazak astronauta u otvoreni svemir, a jedino što ga deli od vakuuma i mikrometeorita jeste odelo.

U oktobru se obeležava Međunarodna nedelja svemira i **Palata nauke** joj posvećuje svoj mesečni program. Ciklus otvara predavanje **Branka Simonovića**, popularizatora astronomije, o tome kako je nastajala odeća za vanzemaljske uslove.

Skafander mora da štiti, a da pritom ne smeta: astronaut treba slobodno da se kreće i obavlja složene zadatke. Predavanje ide od prvih koraka u svemiru do međuzvezdanih putovanja budućnosti i odgovara na pitanja koja se retko postavljaju naglas: kako su izgledali prvi skafanderi, kako su se menjali kroz istoriju istraživanja svemira i kakva ih budućnost čeka.

Mesto: Palata nauke, sala Reč, četvrti sprat.

Ulaz slobodan, prijava nije potrebna.",17:00,0,Palata nauke,"Kralja Milana 11, Beograd","44.808340,20.463766",https://palatanauke.rs/dogadjaji/kosmodelo-price-o-razvoju-astronautskih-odela/,palatanauke.rs,,Palata nauke,https://palatanauke.rs/,,,,,,"лекция, Палата науки, космос, астрономия, скафандры","lecture, Palata nauke, space, astronomy, spacesuits","predavanje, Palata nauke, svemir, astronomija, skafanderi"
10/15/2026,10/15/2026,10/6/2026,2127,TheaterGroup,Pozorište Boško Buha,https://buha.rs/,,ChildrensEvent,«Звездарский витязь»: современная сказка театра «Бошко Буха» для детей от 5 лет,Zvezdarski vitez: a modern fairy tale by Boško Buha Theatre for ages 5 and up,Zvezdarski vitez: savremena bajka Pozorišta Boško Buha za decu od 5 godina,https://raw.githubusercontent.com/newsgl/arsposters/main/2127-ZvezdarskiVitezSavremenaBajkaPozoristaBo.webp,,"Kids, Theatre","15 октября в 12:00. Сказка о принцессе Нере, которая не хочет замуж по указке отца, и о последнем витязе Звездане, спектакль по тексту Марияны Арацки в постановке Джурджи Тешич. Идёт 60 минут, для детей от 5 лет. Билеты 800 динаров.","15 October at 12:00. A fairy tale about princess Nera, who refuses the marriage her father has arranged, and Zvezdan, the last knight: Marijana Aracki’s text staged by Đurđa Tešić. Runs 60 minutes, for ages 5 and up. Tickets 800 dinars.","Četvrtak 15. oktobar u 12.00. Bajka o princezi Neri koja neće da se uda po očevoj volji i o poslednjem vitezu Zvezdanu, po tekstu Marijane Aracki u režiji Đurđe Tešić. Traje 60 minuta, za decu od 5 godina. Ulaznice 800 dinara.","Королевство из этой сказки находится не за тридевять земель, а на краю Звездарского леса, в двух шагах от центра Белграда. В замке живёт принцесса Нера, храбрая и своевольная девушка восемнадцати лет, чьи планы совсем не совпадают с отцовскими. Король Грдан собирается выдать её за наследника соседнего Таурунума и так расширить владения, а Нера хочет сама решать свою судьбу. В нужный момент в лесу появляется таинственный знак, кириллическая буква З: это весть о приходе последнего витязя, Звездана.

Текст **Марияны Арацки** через узнаваемые сказочные мотивы говорит о любви, свободе выбора и смелости не соответствовать чужим ожиданиям. Принцессы, витязи и короли здесь приближены к сегодняшним детям юмором и современными характерами.

Поставила спектакль **Джурджа Тешич**, премьера состоялась в марте 2016 года. Играют Джордже Кадиевич (Звездан), Елена Тркуля (Нера), Раде Маркович (король Грдан), Вукашин Йованович, Джордже Стойкович, Боба Латинович, Александар Милкович и Владимир Тешович.

Пока здание театра на Трг Републике на реконструкции, спектакли «Бошко Бухи» идут в Театре Вук (Булевар краља Александра 77а).

Длительность 60 минут, для детей от 5 лет.

Цена: 800 динаров.","The kingdom in this fairy tale is not in a faraway land but on the edge of Zvezdara forest, a short walk from central Belgrade. In its castle lives princess Nera, a brave and headstrong eighteen year old whose plans have nothing in common with her father’s. King Grdan intends to marry her to the heir of neighbouring Taurunum and expand his realm; Nera wants to decide her own fate. At the right moment a mysterious sign appears in the forest, the Cyrillic letter Z, announcing the arrival of the last knight, Zvezdan.

**Marijana Aracki**’s text uses familiar fairy tale motifs to talk about love, freedom of choice and the courage to defy other people’s expectations. Princesses, knights and kings are brought closer to today’s children through humour and contemporary characters.

Directed by **Đurđa Tešić**, the production premiered in March 2016. The cast is Đorđe Kadijević (Zvezdan), Jelena Trkulja (Nera), Rade Marković (King Grdan), Vukašin Jovanović, Đorđe Stojković, Boba Latinović, Aleksandar Milković and Vladimir Tešović.

While the theatre building on Trg republike is under renovation, Boško Buha performances take place at Teatar Vuk (Bulevar kralja Aleksandra 77a).

Running time 60 minutes, for ages 5 and up.

Price: 800 dinars.","Kraljevstvo iz ove bajke nije iza sedam gora, nego na obodu Zvezdarske šume, nadomak centra Beograda. U zamku živi princeza Nera, hrabra i svojeglava osamnaestogodišnjakinja čiji se planovi nimalo ne poklapaju sa očevim. Kralj Grdan namerava da je uda za prestolonaslednika susednog Taurunuma i tako proširi kraljevstvo, a Nera hoće sama da odlučuje o svojoj sudbini. U pravi čas u šumi se pojavljuje tajanstveni znak, ćirilično slovo Z, koje najavljuje dolazak poslednjeg viteza, Zvezdana.

Tekst **Marijane Aracki** kroz prepoznatljive motive bajke govori o ljubavi, slobodi izbora i hrabrosti da se suprotstavimo tuđim očekivanjima. Princeze, vitezovi i kraljevi približeni su današnjoj deci humorom i savremenim karakterima.

Režija **Đurđa Tešić**, premijera je bila u martu 2016. Igraju Đorđe Kadijević (Zvezdan), Jelena Trkulja (Nera), Rade Marković (kralj Grdan), Vukašin Jovanović, Đorđe Stojković, Boba Latinović, Aleksandar Milković i Vladimir Tešović.

Dok traje adaptacija zgrade na Trgu republike, predstave Pozorišta Boško Buha igraju se u Teatru Vuk (Bulevar kralja Aleksandra 77a).

Trajanje 60 minuta, za decu od 5 godina.

Cena: 800 dinara.",12:00,800,Teatar Vuk,"Bulevar kralja Aleksandra 77a, Beograd","44.803743,20.481278",https://repertoar.rs/predstave/zvezdarski-vitez/,repertoar.rs,https://buha.rs/,Pozorište Boško Buha,https://buha.rs/,,,5+,,,"детям, театр, Бошко Буха, сказка, Звездара","kids, theatre, Boško Buha, fairy tale, Zvezdara","deca, pozorište, Boško Buha, bajka, Zvezdara"
10/16/2026,10/16/2026,10/6/2026,2128,Person,Ivi Adamou,https://en.wikipedia.org/wiki/Ivi_Adamou,,MusicEvent,Иви Адаму: греческая поп-звезда и участница Евровидения в Bottega Live,Ivi Adamou: the Greek pop star of Eurovision’s «La La Love» live at Bottega,Ivi Adamou: grčka pop zvezda i učesnica Evrovizije uživo u Bottegi,https://raw.githubusercontent.com/newsgl/arsposters/main/2128-IviAdamouGrckaPopZvezdaI.webp,,Concerts,"Певица с Кипра, прославившаяся на греческом X Factor и песней «La La Love» на Евровидении-2012, даёт камерный концерт в ресторане Bottega в ТЦ Galerija. 16 октября, 22:00, билеты 3510 динаров (бар) и 8190 динаров (сидячие места).","The Cypriot singer who rose through Greece’s X Factor and sang «La La Love» at Eurovision 2012 gives an intimate show at the Bottega restaurant inside Galerija mall. 16 October, 22:00, tickets 3510 dinars (bar) and 8190 dinars (seated).","Pevačica sa Kipra, poznata iz grčkog X Factora i po pesmi «La La Love» na Evroviziji 2012, nastupa u intimnom formatu u restoranu Bottega u TC Galerija. 16. oktobar, 22.00, karte 3510 dinara (bar) i 8190 dinara (sedenje).","**Иви Адаму** родилась в 1993 году в Паралимни на Кипре, в семье киприота и болгарки, и в шестнадцать попала во второй сезон греческого X Factor, где дошла до шестого места. Контракт с Sony Music Greece подписали сразу после шоу; дебютный альбом «San Ena Oniro» вышел в 2011 году.

Главный момент карьеры случился в 2012 году в Баку: с песней **«La La Love»** она представляла Кипр на Евровидении, заняла шестнадцатое место в финале, но клип стал вторым по просмотрам среди всех участников того года и собрал больше 30 миллионов. С тех пор Адаму остаётся одним из самых стабильных имён греческой поп-сцены: второй альбом «Diko Mou» (2022), совместные работы с Stavento, Konstantinos Argyros и Trannos, с 2018 года лейбл Panik Records. Среди ролей вне эстрады: мюзикл «Jesus Christ Superstar» в 2018 году.

Белградский концерт пройдёт в ресторане **Bottega** в торговом центре Galerija: формат клубный, с хорошим обзором сцены и ограниченным числом мест. Обещаны главные хиты греческого попа.

Цена: 3510 динаров (место у бара), 8190 динаров (сидячие места).

Организатор: Bottega.","**Ivi Adamou** was born in 1993 in Paralimni, Cyprus, to a Greek Cypriot father and a Bulgarian mother, and at sixteen entered the second season of Greece’s X Factor, finishing sixth. Sony Music Greece signed her straight after the show; the debut album «San Ena Oniro» followed in 2011.

The defining moment came in Baku in 2012: with **«La La Love»** she represented Cyprus at Eurovision, placed sixteenth in the final, yet the video became the second most watched entry of that year with more than 30 million views. Since then Adamou has stayed among the steadiest names in Greek pop: a second album «Diko Mou» (2022), collaborations with Stavento, Konstantinos Argyros and Trannos, and Panik Records as her label since 2018. Off the pop stage she appeared in «Jesus Christ Superstar» in 2018.

The Belgrade show takes place at the **Bottega** restaurant inside Galerija shopping centre: a club setting with good sightlines and limited seating. The biggest hits of Greek pop are promised.

Price: 3510 dinars (bar), 8190 dinars (seated).

Organiser: Bottega.","**Ivi Adamou** rođena je 1993. u Paralimniju na Kipru, od oca Kipranina i majke Bugarke, i sa šesnaest je ušla u drugu sezonu grčkog X Factora, gde je stigla do šestog mesta. Sony Music Greece ju je potpisao odmah posle šoua; debi album «San Ena Oniro» izašao je 2011.

Prekretnica se dogodila u Bakuu 2012: sa pesmom **«La La Love»** predstavljala je Kipar na Evroviziji, završila šesnaesta u finalu, ali je spot postao drugi najgledaniji među svim učesnicima te godine, sa više od 30 miliona pregleda. Od tada je Adamou jedno od najstabilnijih imena grčkog popa: drugi album «Diko Mou» (2022), saradnje sa Stavento, Konstantinosom Argirosom i Trannosom, od 2018. etiketa Panik Records. Van estrade: mjuzikl «Jesus Christ Superstar» 2018.

Beogradski koncert održava se u restoranu **Bottega** u tržnom centru Galerija: klupski format, dobra vidljivost bine, ograničen broj mesta. Najavljeni su najveći hitovi grčke pop scene.

Cena: 3510 dinara (bar), 8190 dinara (sedenje).

Organizator: Bottega.",22:00,3510,Bottega Live,"Galerija Belgrade, Bulevar Vudroa Vilsona 14, Beograd","44.802575,20.444198",https://efinity.rs/event-details/nastup_ivi_adamou_32443,efinity.rs,https://efinity.rs/event-details/nastup_ivi_adamou_32443,Bottega,https://en.wikipedia.org/wiki/Ivi_Adamou,,,,,,"концерт, греческая музыка, поп, Иви Адаму, Bottega, Евровидение","concert, Greek music, pop, Ivi Adamou, Bottega, Eurovision","koncert, grčka muzika, pop, Ivi Adamou, Bottega, Evrovizija"
10/17/2026,10/17/2026,10/6/2026,2129,MusicGroup,The Cyclist Conspiracy,https://en.wikipedia.org/wiki/The_Cyclist_Conspiracy,,MusicEvent,The Cyclist Conspiracy: психоделический оркестр из десяти человек живьём в Karmakoma,The Cyclist Conspiracy: Belgrade’s ten piece psychedelic orchestra live at Karmakoma,The Cyclist Conspiracy: beogradski psihodelični orkestar od deset članova uživo u Karmakomi,https://raw.githubusercontent.com/newsgl/arsposters/main/2129-TheCyclistConspiracyBeogradskiPsihodelic.webp,,Concerts,"Белградский коллектив Николы Урошевича: пустынный рок, ребетико и дервишские ритмы с женским хором, название из романа Светислава Басары. Год спустя после презентации альбома «Back to Hermetics and Martial Arts Vol. 1» группа возвращается в Karmakoma. 17 октября, 20:00, вход 1000 динаров.","Nikola Urošević’s Belgrade collective: desert rock, rebetiko and dervish rhythms with a female choir, named after Svetislav Basara’s novel. A year after launching «Back to Hermetics and Martial Arts Vol. 1» here, the band returns to Karmakoma. 17 October, 20:00, 1000 dinars at the door.","Beogradski kolektiv Nikole Uroševića: pustinjski rok, rebetiko i derviški ritmovi uz ženski hor, ime po romanu Svetislava Basare. Godinu dana posle promocije albuma «Back to Hermetics and Martial Arts Vol. 1» bend se vraća u Karmakomu. 17. oktobar, 20.00, ulaz 1000 dinara.","Название взято у романа Светислава Басары «Фама о бициклистима» в английском переводе: основателю группы **Николе Урошевичу** философия басаровских велосипедистов показалась созвучной эзотерическим традициям, которыми он занимается. Сами музыканты называют себя «(анти)мировым оркестром».

The Cyclist Conspiracy существуют с 2013 года, Урошевич единственный постоянный участник, а на сцене их бывает до десяти и больше, включая женский хор из нескольких голосов. При этом почти все композиции инструментальные: голоса работают как ещё один инструмент. В основе психоделический и пустынный рок, поверх него греческое ребетико, дервишская музыка, блюз Сахары и, по признанию группы, кафанская эстетика и саундтреки итальянских джалло.

Дискография: EP «A Night at Café Constantinople» (2015, со Светланой Спаич), «Mashallah Plan: Virility» (2016), «El Beso de la Muerte» (2019), «Giftopoula» (2020), альбомы «Mashallah Plan» (2023) и **«Back to Hermetics and Martial Arts Vol. 1»** (2025, римский лейбл Subsound Records). Последний они впервые сыграли целиком именно в Karmakoma в октябре прошлого года.

Цена: 1000 динаров на входе.

Организатор: Karmakoma.","The name comes from the English translation of Svetislav Basara’s novel «Fama o biciklistima»: founder **Nikola Urošević** found the philosophy of Basara’s cyclists in tune with the esoteric traditions he studies. The musicians call themselves «The (Anti) World Orchestra».

The Cyclist Conspiracy have existed since 2013 with Urošević as the only constant member, and on stage they number ten or more, including a female choir of several voices. Almost everything is instrumental: the voices work as one more instrument. Psychedelic and desert rock form the base, with Greek rebetiko, dervish music, Saharan blues and, by the band’s own admission, kafana aesthetics and Italian giallo soundtracks layered on top.

Discography: the EPs «A Night at Café Constantinople» (2015, with Svetlana Spajić), «Mashallah Plan: Virility» (2016), «El Beso de la Muerte» (2019) and «Giftopoula» (2020), the albums «Mashallah Plan» (2023) and **«Back to Hermetics and Martial Arts Vol. 1»** (2025, Rome based Subsound Records). The latter had its first full live outing at Karmakoma in October last year.

Price: 1000 dinars at the door.

Organiser: Karmakoma.","Ime je uzeto iz engleskog prevoda romana Svetislava Basare «Fama o biciklistima»: osnivaču benda **Nikoli Uroševiću** filozofija Basarinih biciklista učinila se bliskom ezoterijskim tradicijama kojima se bavi. Muzičari sebe zovu «(anti)svetskim orkestrom».

The Cyclist Conspiracy postoje od 2013, Urošević je jedini stalni član, a na bini ih zna biti deset i više, uključujući ženski hor od nekoliko glasova. Pri tome su skoro sve kompozicije instrumentalne: glasovi rade kao još jedan instrument. U osnovi su psihodelični i pustinjski rok, a preko njih grčki rebetiko, derviška muzika, bluz Sahare i, kako sami priznaju, kafanska estetika i muzika iz italijanskih đalo filmova.

Diskografija: EP-ovi «A Night at Café Constantinople» (2015, sa Svetlanom Spajić), «Mashallah Plan: Virility» (2016), «El Beso de la Muerte» (2019), «Giftopoula» (2020), albumi «Mashallah Plan» (2023) i **«Back to Hermetics and Martial Arts Vol. 1»** (2025, rimska etiketa Subsound Records). Ovaj poslednji su prvi put u celosti odsvirali baš u Karmakomi u oktobru prošle godine.

Cena: 1000 dinara na ulazu.

Organizator: Karmakoma.",20:00,1000,Karmakoma,"Poenkareova 32, 11000 Beograd","44.818977,20.488380",https://ra.co/events/2553367,ra.co,,Karmakoma,https://www.instagram.com/karmakoma_belgrade/,,,,,,"концерт, психоделический рок, The Cyclist Conspiracy, Karmakoma, Белград","concert, psychedelic rock, The Cyclist Conspiracy, Karmakoma, Belgrade","koncert, psihodelični rok, The Cyclist Conspiracy, Karmakoma, Beograd"
10/17/2026,10/17/2026,10/6/2026,2130,Organization,KC Grad,https://kcgrad.rs/,,MusicEvent,Erase Your Social: вечеринка с хитами 2016 года в KC Grad,Erase Your Social: a 2016 party at KC Grad,Erase Your Social: žurka sa hitovima iz 2016. u KC Gradu,https://raw.githubusercontent.com/newsgl/arsposters/main/2130-EraseYourSocialZurkaSaHitovima.webp,,Concerts,"17 октября с 23:00 в KC Grad: диджейский сет, собранный из музыки 2016 года. Вечеринка в календаре центра заявлена под названием Erase Your Social.",17 October from 23:00 at KC Grad: a DJ set built around the music of 2016. The night appears in the centre’s calendar under the name Erase Your Social.,Subota 17. oktobar od 23.00 u KC Gradu: DJ set sastavljen od muzike iz 2016. Žurka je u kalendaru centra najavljena pod imenom Erase Your Social.,"Отключить соцсети и вернуться на десять лет назад: так, если судить по названию, устроена эта ночь в **KC Grad**. Диджейский сет собран из того, что звучало в 2016 году, от клубных хитов до того, что тогда крутили на каждом углу.

KC Grad это культурный центр в бывшем складе 1884 года постройки в Савамале, на берегу Савы. Днём здесь галерея и дебаты, ночью на первом этаже вечеринки, и такие тематические ночи у центра выходят регулярно.

Начало в 23:00. Подробности о составе диджеев и входе центр публикует в своих соцсетях ближе к дате.","Switch off your socials and go back ten years: judging by the name, that is the idea of this night at **KC Grad**. The DJ set is built from what played in 2016, from club hits to the songs that were everywhere that year.

KC Grad is a cultural centre in a former warehouse built in 1884 in Savamala, on the bank of the Sava. By day it hosts a gallery and debates, by night the ground floor turns into a party, and themed nights like this one are a regular part of its programme.

Starts at 23:00. Line up and entry details are posted by the centre on its social media closer to the date.","Ugasi mreže i vrati se deset godina unazad: tako, sudeći po imenu, izgleda ova noć u **KC Gradu**. DJ set je sastavljen od onoga što se slušalo 2016, od klupskih hitova do pesama koje su te godine išle na svakom ćošku.

KC Grad je kulturni centar u nekadašnjem magacinu iz 1884. u Savamali, na obali Save. Danju galerija i debate, noću žurke u prizemlju, a ovakve tematske večeri centar pravi redovno.

Početak u 23.00. Detalje o DJ postavi i ulazu centar objavljuje na svojim mrežama pred sam događaj.",23:00,,KC Grad,"Braće Krsmanović 4, Beograd","44.814317,20.450415",https://kcgrad.rs/calendar/,kcgrad.rs,,KC Grad,https://kcgrad.rs/,,,,,,"вечеринка, KC Grad, DJ, Савамала, 2016","party, KC Grad, DJ, Savamala, 2016","žurka, KC Grad, DJ, Savamala, 2016"
10/17/2026,10/17/2026,10/6/2026,2131,Organization,Palata nauke,https://palatanauke.rs/,,ChildrensEvent,«От идеи до изобретения»: научная мастерская для детей 7-14 лет в Палате науки,Od ideje do izuma: a science workshop for ages 7 to 14 at Palata nauke,Od ideje do izuma: naučna radionica za decu od 7 do 14 godina u Palati nauke,https://raw.githubusercontent.com/newsgl/arsposters/main/2131-OdIdejeDoIzumaNaucnaRadionica.webp,,"Kids, Master classes","Полуторачасовая мастерская, на которой дети через опыты с силами, светом, звуком и движением выясняют, как идея превращается в изобретение. Ведёт научный коммуникатор Сара Спречакович. Начало в 12:00, зал «Атом» на третьем этаже, группа до 20 участников. На сербском языке. Билет 2000 динаров.","A ninety minute workshop in which children find out through experiments with forces, light, sound and motion how an idea becomes an invention. Led by science communicator Sara Sprečaković. Starts at 12:00, Atom hall on the third floor, up to 20 participants. In Serbian. Ticket 2000 dinars.","Radionica od 90 minuta na kojoj deca kroz eksperimente sa silama, svetlošću, zvukom i kretanjem otkrivaju kako ideja postaje izum. Vodi je naučna komunikatorka Sara Sprečaković. Početak u 12.00, sala Atom na trećem spratu, najviše 20 učesnika. Ulaznica 2000 dinara.","Что будет, если маленькую идею довести до настоящего изобретения? Этим вопросом начинается каждая мастерская «От идеи до изобретения» в **Палате науки**, и на ней нет неправильных ответов: любое открытие начинается со слов «а что, если».

Дети пробуют себя в роли исследователей и изобретателей. Через опыты и задания они разбираются с невидимыми силами, движением, светом, направлением, временем, вибрацией и звуком и узнают, как люди в разные эпохи использовали знание о природе, чтобы решить задачу и придумать что-то новое. Попутно обсуждают, чего достаточно для изобретения: только фантазии или ещё любопытства, экспериментов и упорства.

Ведёт мастерскую **Сара Спречакович**, научный коммуникатор Палаты науки. Она окончила факультет музыкального искусства и факультет политических наук Белградского университета, преподавала в музыкальных школах и работала с детьми в частной студии.

Место: Палата науки, зал «Атом», третий этаж.

Время: начало в 12:00, длительность 90 минут.

Для детей от 7 до 14 лет, в группе не больше 20 участников. На сербском языке.

Цена: 2000 динаров.","What happens if a small idea is taken all the way to a real invention? Every session of Od ideje do izuma at **Palata nauke** starts with that question, and there are no wrong answers: every discovery begins with the words what if.

Children take on the role of researchers and inventors. Through experiments and challenges they explore invisible forces, motion, light, direction, time, vibration and sound, and learn how people in different eras used knowledge of nature to solve problems and come up with something new. Along the way they discuss what an invention really takes: imagination alone, or curiosity, experimenting and a little persistence as well.

The workshop is led by **Sara Sprečaković**, science communicator at Palata nauke. She graduated from the Faculty of Music and the Faculty of Political Sciences of the University of Belgrade, taught in music schools and worked with children in a private studio.

Venue: Palata nauke, Atom hall, third floor.

Time: starts at 12:00, lasts 90 minutes.

For children aged 7 to 14, groups of up to 20 participants. The workshop is in Serbian.

Price: 2000 dinars.","Šta bi se dogodilo kada bismo jednu malu ideju pretvorili u pravi izum? Tim pitanjem počinje svaka radionica Od ideje do izuma u **Palati nauke**, a na njoj nema pogrešnih odgovora: svako otkriće kreće od reči šta bi bilo kad bi.

Deca postaju istraživači i pronalazači. Kroz eksperimente i izazove istražuju nevidljive sile, kretanje, svetlost, pravac, vreme, vibracije i zvuk i saznaju kako su ljudi u različitim epohama koristili znanje o prirodi da reše problem i osmisle nešto novo. Usput razgovaraju o tome šta je potrebno da ideja postane izum: samo mašta, ili i radoznalost, eksperimentisanje i malo upornosti.

Radionicu vodi **Sara Sprečaković**, naučna komunikatorka Palate nauke. Završila je Fakultet muzičke umetnosti i Fakultet političkih nauka Univerziteta u Beogradu, predavala u muzičkim školama i radila sa decom u privatnom studiju.

Mesto: Palata nauke, sala Atom, treći sprat.

Vreme: početak u 12.00, trajanje 90 minuta.

Za decu od 7 do 14 godina, u grupi najviše 20 učesnika.

Cena: 2000 dinara.",12:00,2000,Palata nauke,"Kralja Milana 11, Beograd","44.808340,20.463766",https://palatanauke.rs/dogadjaji/od-ideje-do-izuma/,palatanauke.rs,https://efinity.rs/event-details/od_ideje_do_izuma_32444,Palata nauke,https://palatanauke.rs/,,,7+,,,"детям, мастер-класс, Палата науки, наука, эксперименты","kids, workshop, Palata nauke, science, experiments","deca, radionica, Palata nauke, nauka, eksperimenti"
10/31/2026,10/31/2026,10/6/2026,2132,Organization,Palata nauke,https://palatanauke.rs/,,ChildrensEvent,«От идеи до изобретения»: научная мастерская для детей 7-14 лет в Палате науки,Od ideje do izuma: a science workshop for ages 7 to 14 at Palata nauke,Od ideje do izuma: naučna radionica za decu od 7 do 14 godina u Palati nauke,https://raw.githubusercontent.com/newsgl/arsposters/main/2132-OdIdejeDoIzumaNaucnaRadionica.webp,,"Kids, Master classes","Полуторачасовая мастерская, на которой дети через опыты с силами, светом, звуком и движением выясняют, как идея превращается в изобретение. Ведёт научный коммуникатор Сара Спречакович. Начало в 12:00, зал «Атом» на третьем этаже, группа до 20 участников. На сербском языке. Билет 2000 динаров.","A ninety minute workshop in which children find out through experiments with forces, light, sound and motion how an idea becomes an invention. Led by science communicator Sara Sprečaković. Starts at 12:00, Atom hall on the third floor, up to 20 participants. In Serbian. Ticket 2000 dinars.","Radionica od 90 minuta na kojoj deca kroz eksperimente sa silama, svetlošću, zvukom i kretanjem otkrivaju kako ideja postaje izum. Vodi je naučna komunikatorka Sara Sprečaković. Početak u 12.00, sala Atom na trećem spratu, najviše 20 učesnika. Ulaznica 2000 dinara.","Что будет, если маленькую идею довести до настоящего изобретения? Этим вопросом начинается каждая мастерская «От идеи до изобретения» в **Палате науки**, и на ней нет неправильных ответов: любое открытие начинается со слов «а что, если».

Дети пробуют себя в роли исследователей и изобретателей. Через опыты и задания они разбираются с невидимыми силами, движением, светом, направлением, временем, вибрацией и звуком и узнают, как люди в разные эпохи использовали знание о природе, чтобы решить задачу и придумать что-то новое. Попутно обсуждают, чего достаточно для изобретения: только фантазии или ещё любопытства, экспериментов и упорства.

Ведёт мастерскую **Сара Спречакович**, научный коммуникатор Палаты науки. Она окончила факультет музыкального искусства и факультет политических наук Белградского университета, преподавала в музыкальных школах и работала с детьми в частной студии.

Место: Палата науки, зал «Атом», третий этаж.

Время: начало в 12:00, длительность 90 минут.

Для детей от 7 до 14 лет, в группе не больше 20 участников. На сербском языке.

Цена: 2000 динаров.","What happens if a small idea is taken all the way to a real invention? Every session of Od ideje do izuma at **Palata nauke** starts with that question, and there are no wrong answers: every discovery begins with the words what if.

Children take on the role of researchers and inventors. Through experiments and challenges they explore invisible forces, motion, light, direction, time, vibration and sound, and learn how people in different eras used knowledge of nature to solve problems and come up with something new. Along the way they discuss what an invention really takes: imagination alone, or curiosity, experimenting and a little persistence as well.

The workshop is led by **Sara Sprečaković**, science communicator at Palata nauke. She graduated from the Faculty of Music and the Faculty of Political Sciences of the University of Belgrade, taught in music schools and worked with children in a private studio.

Venue: Palata nauke, Atom hall, third floor.

Time: starts at 12:00, lasts 90 minutes.

For children aged 7 to 14, groups of up to 20 participants. The workshop is in Serbian.

Price: 2000 dinars.","Šta bi se dogodilo kada bismo jednu malu ideju pretvorili u pravi izum? Tim pitanjem počinje svaka radionica Od ideje do izuma u **Palati nauke**, a na njoj nema pogrešnih odgovora: svako otkriće kreće od reči šta bi bilo kad bi.

Deca postaju istraživači i pronalazači. Kroz eksperimente i izazove istražuju nevidljive sile, kretanje, svetlost, pravac, vreme, vibracije i zvuk i saznaju kako su ljudi u različitim epohama koristili znanje o prirodi da reše problem i osmisle nešto novo. Usput razgovaraju o tome šta je potrebno da ideja postane izum: samo mašta, ili i radoznalost, eksperimentisanje i malo upornosti.

Radionicu vodi **Sara Sprečaković**, naučna komunikatorka Palate nauke. Završila je Fakultet muzičke umetnosti i Fakultet političkih nauka Univerziteta u Beogradu, predavala u muzičkim školama i radila sa decom u privatnom studiju.

Mesto: Palata nauke, sala Atom, treći sprat.

Vreme: početak u 12.00, trajanje 90 minuta.

Za decu od 7 do 14 godina, u grupi najviše 20 učesnika.

Cena: 2000 dinara.",12:00,2000,Palata nauke,"Kralja Milana 11, Beograd","44.808340,20.463766",https://palatanauke.rs/dogadjaji/od-ideje-do-izuma/,palatanauke.rs,https://efinity.rs/event-details/od_ideje_do_izuma_32444,Palata nauke,https://palatanauke.rs/,,,7+,,,"детям, мастер-класс, Палата науки, наука, эксперименты","kids, workshop, Palata nauke, science, experiments","deca, radionica, Palata nauke, nauka, eksperimenti"
10/18/2026,10/18/2026,10/6/2026,2133,TheaterGroup,Pinecone teatar,https://sr.wikipedia.org/sr-el/Pinecone_Theater,,ChildrensEvent,«Лаза-бродяга: история о Тесле»: иммерсивный спектакль для детей 6-10 лет в Pinecone,"Laza lutalica, a story about Tesla: an immersive play for children aged 6 to 10 at Pinecone",«Laza lutalica: priča o Tesli»: imerzivna predstava za decu od 6 do 10 godina u Pineconeu,https://raw.githubusercontent.com/newsgl/arsposters/main/2133-LazaLutalicaPricaOTesliImerzivna.webp,,"Kids, Theatre","Дети не сидят в зале, а входят в мир спектакля: сценография, запахи, вкусы и звуки вокруг, рядом актёры. Путешествие Лазы по идеям Николы Теслы, не больше 20 детей на показ, 60 минут, на сербском языке. Родители ждут в баре с бесплатным чаем. 18 октября, 10:00, билет 2555 динаров.","Children do not sit in an audience: they step into the world of the play, surrounded by scenery, scents, tastes and sounds, with the actors beside them. Laza’s journey through Nikola Tesla’s ideas, no more than 20 children per show, 60 minutes, in Serbian. Parents wait in the bar with free tea. 18 October, 10:00, ticket 2555 dinars.","Deca ne sede u publici, nego ulaze u svet predstave: scenografija, mirisi, ukusi i zvuci svuda oko njih, glumci na dohvat ruke. Lazino putovanje kroz Tesline ideje, najviše 20 dece po izvođenju, 60 minuta. Roditelji čekaju u baru uz besplatan čaj. 18. oktobar, 10.00, karta 2555 dinara.","«Мне не жаль, что они украли мои идеи. Жаль, что у них не было своих». Эта фраза Николы Теслы задаёт тон спектаклю: наука здесь показана как пространство открытий и воображения, а главный вывод для ребёнка: своё придумывать интереснее, чем повторять чужое.

Формат иммерсивный. **Дети входят в спектакль без родителей** и движутся по дому вместе с героями: вокруг декорации, в ход идут цвета, материалы, запахи, вкусы и звуки. Участвовать можно ровно настолько, насколько хочется самому ребёнку, без принуждения. Поэтому на один показ пускают не больше 20 детей, а взрослые ждут в баре Pinecone, где им наливают чай.

История следует за Лазой, бродягой, чьё путешествие вдохновлено жизнью и идеями Теслы. Текст и режиссура **Матеи Поповича**, играют Йована Берич (Горица) и Драган Петрович (Лаза). Автор проекта и продюсер Йована Радованович, пространственное решение Джурджины Самарджич. Производство Pinecone teatar совместно с театром «Чича Мичино позориште»; премьера прошла в марте 2026 года.

При покупке билета предупредите, если у ребёнка аллергия на продукты или материалы.

Возраст: 6-10 лет. Длительность: 60 минут. На сербском языке.

Цена: 2555 динаров.

Организатор: Immersive World Production.","«I don’t care that they stole my idea, I care that they don’t have any of their own.» Tesla’s line sets the tone: science is shown as a space of discovery and imagination, and the lesson a child takes home is that inventing your own is more fun than copying.

The format is immersive. **Children enter the play without their parents** and move through the house with the characters: scenery all around, with colours, materials, scents, tastes and sounds in play. Each child takes part exactly as much as they want to, with no pressure. That is why no more than 20 children are admitted per show, while the adults wait in the Pinecone bar, where tea is served.

The story follows Laza the Wanderer, whose journey is inspired by Tesla’s life and ideas. Written and directed by **Mateja Popović**, performed by Jovana Berić (Gorica) and Dragan Petrović (Laza). Project creator and producer Jovana Radovanović, spatial concept Đurđina Samardžić. Produced by Pinecone Theatre with Čiča Mičino pozorište; the premiere took place in March 2026.

When booking, mention any food or material allergies your child has.

Age: 6 to 10. Running time: 60 minutes. In Serbian.

Price: 2555 dinars.

Organiser: Immersive World Production.","«Nije mi žao što su ukrali moje ideje, žao mi je što nisu imali svoje.» Teslina rečenica daje ton predstavi: nauka je tu prikazana kao prostor otkrića i mašte, a poruka za dete je da je smišljati svoje zanimljivije nego ponavljati tuđe.

Format je imerzivan. **Deca ulaze u predstavu bez roditelja** i kreću se kroz kuću zajedno sa likovima: oko njih je scenografija, u igri su boje, materijali, mirisi, ukusi i zvuci. Učestvuje se tačno onoliko koliko dete samo želi, bez pritiska. Zato na jedno izvođenje ulazi najviše 20 dece, a odrasli čekaju u Pinecone baru uz čaj.

Priča prati Lazu lutalicu čije je putovanje inspirisano Teslinim životom i idejama. Tekst i režija **Mateja Popović**, igraju Jovana Berić (Gorica) i Dragan Petrović (Laza). Kreatorka projekta i producentkinja Jovana Radovanović, prostorni koncept Đurđina Samardžić. Produkcija Pinecone teatra u koprodukciji sa Čiča Mičinim pozorištem; premijera je bila u martu 2026.

Pri kupovini karte naglasite ako je dete alergično na neke namirnice ili materijale.

Uzrast: 6-10 godina. Trajanje: 60 minuta.

Cena: 2555 dinara.

Organizator: Immersive World Production.",10:00,2555,Pinecone Bar & Theater,"Vladete Jerotića 5, Beograd","44.815007,20.471727",https://efinity.rs/event-details/laza_lutalica_32112,efinity.rs,https://efinity.rs/event-details/laza_lutalica_32112,Immersive World Production,https://sr.wikipedia.org/sr-el/Pinecone_Theater,,,6+,,,"детям, иммерсивный театр, Никола Тесла, Pinecone, спектакль","kids, immersive theatre, Nikola Tesla, Pinecone, play","deca, imerzivno pozorište, Nikola Tesla, Pinecone, predstava"
10/18/2026,10/18/2026,10/6/2026,2134,TheaterGroup,Teatar Vuk,https://teatarvuk.rs/,,TheaterEvent,"«Карманы, полные камней»: два актёра играют целую ирландскую деревню в Театре Вук",Džepovi puni kamenja: two actors play an entire Irish village at Teatar Vuk,Džepovi puni kamenja: dva glumca igraju celo irsko selo u Teatru Vuk,https://raw.githubusercontent.com/newsgl/arsposters/main/2134-DzepoviPuniKamenjaDvaGlumcaIgraju.webp,,Theatre,"Голливуд приезжает снимать кино в бедную ирландскую деревню, и местные становятся статистами. Павле Менсур и Милош Петрович-Тройпец играют всех: от двух статистов до кинозвезды. Комедия Мари Джонс в постановке Эрола Кадича, 85 минут. 18 октября в 19:30, сцена «Култ», билет 1500 динаров. На сербском языке.","Hollywood comes to shoot a film in a poor Irish village and the locals become extras. Pavle Mensur and Miloš Petrović Trojpec play everyone, from two extras to the film diva. Marie Jones's comedy directed by Erol Kadić, 85 minutes. 18 October at 19:30, Kult stage, tickets 1500 dinars. In Serbian.","Holivud dolazi da snima film u siromašno irsko selo, a meštani postaju statisti. Pavle Mensur i Miloš Petrović Trojpec igraju sve likove, od dvojice statista do filmske dive. Komedija Mari Džouns u režiji Erola Kadića, 85 minuta. 18. oktobar u 19.30, Scena Kult, karta 1500 dinara.","В бедную ирландскую деревню приезжает голливудская съёмочная группа. Для местных это заработок статистов и надежда, что хотя бы у кого-то жизнь изменится. **Чарли** носит в кармане написанный сценарий и ждёт случая показать его нужным людям, Джек делит с ним будни на обочине большого кинопроизводства.

Пьесу «Stones in His Pockets» написала североирландская драматург **Мари Джонс**; в конце девяностых она прошла путь от Белфаста до Вест-Энда и Бродвея. Главный приём в том, что весь спектакль держат два актёра. **Павле Менсур** и **Милош Петрович-Тройпец** переключаются между статистами, кинозвездой, режиссёром и жителями деревни одной сменой голоса, осанки и жеста, и на этих быстрых превращениях построен юмор.

За смешными сценами остаётся горечь: одни привыкли быть в центре внимания, другие вечно ждут своего шанса. Режиссёр Эрол Кадич уже ставил этот текст в Ателье 212 в 2004 году с Небойшей Иличем и Ненадом Ездичем; в версии Театра Вук в сценическое действие встроен и фрагмент фильма. Перевод Иваны Димич, костюмы Аны Джорджевич, хореография Марко Мичича.

Длительность 85 минут, сцена «Култ».

Цена: 1500 динаров. На сербском языке.","A Hollywood film crew arrives in a poor Irish village. For the locals it means work as extras and a hope that at least someone's life might change. **Charlie** carries a finished screenplay in his pocket and waits for a chance to show it to the right people; Jack shares with him the daily grind on the edge of a big production.

Northern Irish playwright **Marie Jones** wrote Stones in His Pockets, which in the late 1990s went from Belfast to the West End and Broadway. Its central device is that two actors carry the whole show. **Pavle Mensur** and **Miloš Petrović Trojpec** switch between extras, the film diva, the director and the villagers with a change of voice, posture and gesture, and these quick transformations are where the humour lives.

Behind the comic scenes there is bitterness: some are used to the spotlight, others forever wait their turn. Director Erol Kadić staged the same text at Atelje 212 in 2004 with Nebojša Ilić and Nenad Jezdić; the Teatar Vuk version also weaves a film sequence into the live action. Translation by Ivana Dimić, costumes by Ana Đorđević, choreography by Marko Mićić.

Running time 85 minutes, Kult stage.

Price: 1500 dinars. In Serbian.","U siromašno irsko selo stiže holivudska filmska ekipa. Meštanima to donosi posao statista i nadu da bi bar nekom život mogao da krene drugačije. **Čarli** u džepu nosi napisan scenario i čeka trenutak da ga ponudi pravim ljudima, a Džek s njim deli svakodnevicu na margini velikog filmskog poduhvata.

Komad Stones in His Pockets napisala je severnoirska spisateljica **Mari Džouns**, a krajem devedesetih prešao je put od Belfasta do Vest Enda i Brodveja. Glavni postupak je da celu predstavu nose dva glumca. **Pavle Mensur** i **Miloš Petrović Trojpec** promenom glasa, držanja i pokreta prelaze iz statista u filmsku divu, reditelja i seljane, a na tim brzim transformacijama počiva humor.

Iza komičnih scena ostaje gorčina: jedni su navikli da budu u centru pažnje, drugi stalno čekaju svoju šansu. Reditelj Erol Kadić isti tekst je postavio u Ateljeu 212 još 2004, sa Nebojšom Ilićem i Nenadom Jezdićem; u verziji Teatra Vuk u scensko izvođenje uklopljen je i filmski insert. Prevod Ivana Dimić, kostimi Ana Đorđević, koreografija Marko Mićić.

Trajanje 85 minuta, Scena Kult.

Cena: 1500 dinara.",19:30,1500,Teatar Vuk,"Bulevar kralja Aleksandra 77a, Beograd","44.803743,20.481278",https://repertoar.rs/predstave/dzepovi-puni-kamenja/,repertoar.rs,https://bilet.teatarvuk.rs/scena.php?prostorterminid=966,Teatar Vuk,https://teatarvuk.rs/,,,,,,"театр, комедия, Театр Вук, Мари Джонс, Эрол Кадич","theatre, comedy, Teatar Vuk, Marie Jones, Erol Kadić","pozorište, komedija, Teatar Vuk, Mari Džouns, Erol Kadić"
10/18/2026,10/19/2026,10/6/2026,2135,Person,Igor Kirov,https://www.bitef.rs/,,TheaterEvent,«Ночь дороже века»: танцевальный спектакль Игора Кирова по Негошу в Битеф театре,Noć skuplja vijeka: Igor Kirov's dance piece after Njegoš at Bitef Theatre,Noć skuplja vijeka: plesna predstava Igora Kirova po Njegošu u Bitef teatru,https://raw.githubusercontent.com/newsgl/arsposters/main/2135-NocSkupljaVijekaPlesnaPredstavaIgora.webp,,Theatre,"Современный танец по любовному стихотворению Петра II Петровича Негоша: девять танцовщиков, три музыканта и оригинальная музыка Ирены Попович-Драгович. Копродукция Битеф театра и Град театра из Будвы, хореограф Игор Киров. 18 и 19 октября в 20:00, билет 1200 динаров.","Contemporary dance after the love poem by Petar II Petrović Njegoš: nine dancers, three musicians and an original score by Irena Popović Dragović. A co-production of Bitef Theatre and Grad teatar Budva, choreographed by Igor Kirov. 18 and 19 October at 20:00, tickets 1200 dinars.","Savremeni ples po ljubavnoj pesmi Petra II Petrovića Njegoša: devet igrača, tri muzičara i originalna muzika Irene Popović Dragović. Koprodukcija Bitef teatra i budvanskog Grada teatra, koreograf Igor Kirov. 18. i 19. oktobar u 20.00, karta 1200 dinara.","«Ночь дороже века» (Noć skuplja vijeka) считается единственным любовным стихотворением **Петра II Петровича Негоша**, черногорского владыки и поэта, автора «Горного венца». Хореограф **Игор Киров** взял его за отправную точку спектакля о встрече настолько сильной, что одно мгновение стоит целой жизни.

Пересказа сюжета и распределения на роли здесь нет. Девять танцовщиков через отношения тел, прикосновения и разрывы выстраивают разные эмоциональные состояния: страсть, тоску, осознание того, что ничто не длится вечно. На сцене вместе с ними три музыканта: аккордеон, скрипка, флейта и саксофон звучат вживую в оригинальной партитуре **Ирены Попович-Драгович**.

Драматургия Джордже Косича, сценография Весны Попович, костюмы Драгицы Лаушевич, видео Санина Чоровича. Спектакль создан в копродукции Битеф театра и Град театра из Будвы, премьера прошла на фестивале в Будве, где постановка открывала его юбилейное сороковое издание.

Стихи Негоша превращаются в вопросы, понятные без слов: сколько значит для нас близость другого человека и что остаётся после неё.

Цена: 1200 динаров.","Noć skuplja vijeka (A Night Worth More Than a Century) is regarded as the only love poem by **Petar II Petrović Njegoš**, the Montenegrin prince-bishop and poet best known for The Mountain Wreath. Choreographer **Igor Kirov** takes it as the starting point for a piece about an encounter so intense that a single moment is worth a lifetime.

There is no retelling of the poem and no cast of characters. Nine dancers build shifting emotional states, passion, longing, the awareness that nothing lasts, through the relations of bodies, touches and separations. Three musicians share the stage with them: accordion, violin, flute and saxophone play live in an original score by **Irena Popović Dragović**.

Dramaturgy by Đorđe Kosić, set by Vesna Popović, costumes by Dragica Laušević, video by Sanjin Ćorović. The piece is a co-production of Bitef Theatre and Grad teatar Budva and premiered at the Budva festival, where it opened the jubilee fortieth edition.

Njegoš's verses turn into questions that need no words: how much another person's closeness means to us, and what remains afterwards.

Price: 1200 dinars.","Noć skuplja vijeka smatra se jedinom ljubavnom pesmom **Petra II Petrovića Njegoša**, crnogorskog vladike i pesnika, autora Gorskog vijenca. Koreograf **Igor Kirov** uzeo ju je kao polazište za predstavu o susretu toliko snažnom da jedan trenutak vredi koliko ceo život.

Prepričavanja pesme i podele na likove ovde nema. Devet igrača kroz odnose tela, dodire i razdvajanja gradi različita emocionalna stanja: strast, čežnju, svest da ništa ne traje zauvek. Sa njima su na sceni tri muzičara: harmonika, violina, flauta i saksofon zvuče uživo u originalnoj muzici **Irene Popović Dragović**.

Dramaturgija Đorđe Kosić, scenografija Vesna Popović, kostimi Dragica Laušević, video Sanjin Ćorović. Predstava je nastala u koprodukciji Bitef teatra i budvanskog Grada teatra, a premijeru je imala na budvanskom festivalu, gde je otvorila njegovo jubilarno četrdeseto izdanje.

Njegoševi stihovi pretvaraju se u pitanja koja ne traže reči: koliko nam znači blizina drugog čoveka i šta ostaje posle nje.

Cena: 1200 dinara.",20:00,1200,Bitef teatar,"Skver Mire Trailović 1, Beograd","44.818174,20.468475",https://repertoar.rs/predstave/noc-skuplja-vijeka/,repertoar.rs,https://bilet.bitef.rs/scena.php?prostorterminid=411,Bitef teatar,https://www.bitef.rs/,,,,,,"театр, современный танец, Битеф театр, Игор Киров, Негош","theatre, contemporary dance, Bitef Theatre, Igor Kirov, Njegoš","pozorište, savremeni ples, Bitef teatar, Igor Kirov, Njegoš"
10/19/2026,10/19/2026,10/6/2026,2136,Organization,Društvo ljubitelja fantastike Lazar Komarčić,https://domomladine.org/debate/tribina-opsesija-u-hramu-kostiju-pregled-horor-filmova-u-2026/,,EducationEvent,«Одержимость в Храме костей»: разбор хоррор-фильмов 2026 года в Доме молодёжи,Opsesija u Hramu kostiju: a review of the horror films of 2026 at Dom omladine,Opsesija u Hramu kostiju: pregled horor filmova iz 2026. u Domu omladine,https://raw.githubusercontent.com/newsgl/arsposters/main/2136-OpsesijaUHramuKostijuPregledHoror.webp,,"Lectures, Movies","19 октября в 19:00, трибунный зал Дома молодёжи. Общество любителей фантастики «Лазар Комарчич» подводит итоги хоррор-года: франшизы, инди-сенсация в прокате и независимые картины. Ведёт Андреа Стоянович. На сербском языке.","19 October at 19:00, Dom omladine debate hall. The Lazar Komarčić science fiction society takes stock of the year in horror: returning franchises, an indie box office sensation and a wave of independent films. Hosted by Andrea Stojanović. In Serbian.","Ponedeljak 19. oktobar u 19.00, Tribinska sala Doma omladine. Društvo ljubitelja fantastike Lazar Komarčić svodi račune horor godine: povratak franšiza, indi senzacija na blagajnama i gomila nezavisnih filmova. Tribinu vodi Andrea Stojanović.","В 2026 году хоррор впервые собрал больше всего номинаций на «Оскар» и унёс четыре статуэтки, а заодно остался главной кассовой силой жанрового кино. Об этом годе и пойдёт разговор в октябре, который любители жанра называют месяцем страха.

Трибуну проводит **Общество любителей фантастики «Лазар Комарчич»**, старейший фэндомский клуб Белграда: он существует с 1981 года, издаёт фэнзин «Эмитор» и каждый понедельник собирается в **Доме молодёжи**. Ведущая вечера Андреа Стоянович.

В программе разбор того, что принёс хоррор за год: возвращение больших франшиз, независимый фильм, ставший сенсацией в прокате, и множество малобюджетных работ, в которых жанр ищет новые формы. Формат трибуны предполагает разговор с залом, так что свои фавориты можно принести с собой.

Место: Дом молодёжи Белграда, трибунный зал.

На сербском языке.","In 2026 a horror film received the most Oscar nominations of the year and took home four statuettes, while the genre stayed the strongest draw at the box office. That year is the subject of this talk, held in the month fans call the month of dread.

The tribune is run by the **Lazar Komarčić science fiction society**, the oldest fandom club in Belgrade: founded in 1981, it publishes the fanzine Emitor and meets every Monday at **Dom omladine**. The evening is hosted by Andrea Stojanović.

On the table is everything the year brought to horror: the return of big franchises, an independent film that became a box office sensation, and a wave of low budget productions in which the genre keeps looking for new forms. The tribune format leaves room for the audience, so bring your own favourites.

Venue: Dom omladine Beograda, debate hall.

The talk is in Serbian.","U 2026. jedan horor film dobio je najviše nominacija za Oskara i poneo četiri statuete, a žanr je ostao najjača karta na bioskopskim blagajnama. O toj godini se razgovara u oktobru, mesecu koji ljubitelji žanra zovu mesecom strave.

Tribinu organizuje **Društvo ljubitelja fantastike Lazar Komarčić**, najstariji fandomski klub u Beogradu: postoji od 1981, izdaje fanzin Emitor i svakog ponedeljka se okuplja u **Domu omladine**. Veče vodi Andrea Stojanović.

Na dnevnom redu je sve što je godina donela hororu: povratak velikih franšiza, nezavisni film koji je postao senzacija na blagajnama i gomila niskobudžetnih produkcija u kojima žanr traži nove forme. Format tribine ostavlja prostor publici, pa svoje favorite slobodno ponesite sa sobom.

Mesto: Dom omladine Beograda, Tribinska sala.",19:00,,Dom omladine Beograda,"Makedonska 22, Beograd","44.815407,20.462793",https://domomladine.org/debate/tribina-opsesija-u-hramu-kostiju-pregled-horor-filmova-u-2026/,domomladine.org,https://efinity.rs/,Društvo ljubitelja fantastike Lazar Komarčić,https://domomladine.org/debate/tribina-opsesija-u-hramu-kostiju-pregled-horor-filmova-u-2026/,,,,,,"лекция, кино, хоррор, Дом молодёжи, Лазар Комарчич","lecture, film, horror, Dom omladine, Lazar Komarčić","tribina, film, horor, Dom omladine, Lazar Komarčić"
10/19/2026,10/19/2026,10/6/2026,2137,Organization,TEDxBelgrade,https://www.tedxbelgrade.com/,,EducationEvent,"TEDxBelgrade 2026 «Знание, которому не учат»: Мате Римац, астронавт Дэниел Тани и ещё четыре спикера в Палате науки","TEDxBelgrade 2026, Knowledge That Is Not Taught: Mate Rimac, astronaut Daniel Tani and four more speakers at Palata nauke","TEDxBelgrade 2026 „Znanje koje se ne predaje“: Mate Rimac, astronaut Daniel Tani i još četvoro govornika u Palati nauke",https://raw.githubusercontent.com/newsgl/arsposters/main/2137-TEDxBelgrade2026ZnanjeKojeSeNe.webp,,Lectures,"19 октября с 10:00 до 19:00 в Палате науки: шесть выступлений в формате TED, разговоры со спикерами, показ в планетарии, экскурсии по центру и вечерний коктейль. Среди спикеров Мате Римац и астронавт NASA Дэниел Тани. Билет Main Stage 15 000 динаров, онлайн-трансляция бесплатная.","19 October, 10:00 to 19:00 at Palata nauke: six TED format talks, moderated conversations with the speakers, a planetarium screening, guided tours of the science centre and a closing cocktail. Speakers include Mate Rimac and NASA astronaut Daniel Tani. Main Stage ticket 15,000 dinars; the online stream is free.","Ponedeljak 19. oktobar od 10 do 19 h u Palati nauke: šest govora u TED formatu, razgovori sa govornicima, projekcija u planetarijumu, obilazak centra i koktel na kraju. Među govornicima su Mate Rimac i astronaut NASA Daniel Tani. Main Stage ulaznica 15.000 dinara, onlajn prenos je besplatan.","Как найти собственный голос, увидеть возможность до того, как она станет очевидной, и научиться тому, к чему не прилагается инструкция? Вокруг этих вопросов построена тема **TEDxBelgrade 2026** «Знание, которому не учат»: уроки, которых нет в учебниках и которые нельзя вызубрить.

Конференция второй год подряд проходит в **Палате науки**, в зале Šalter sala. Шесть спикеров:

Мате Римац, основатель Rimac Group, создатель самого быстрого электромобиля в мире.
Дэниел Тани, астронавт, 132 дня в космосе и шесть выходов в открытый космос.
Далия Ачин Теландер, хореограф и сценограф, лауреат международных наград за инклюзивные спектакли для юной публики.
Драгана Евтич, основательница и директор программы «Креативное менторство».
Александар Бауцал, психолог развития, профессор Белградского университета.
Реля Дерета, тренер по коммуникации, подготовил к сцене больше ста спикеров TEDx.

Кроме выступлений, в программе модерируемые разговоры со спикерами, перформанс хора DF, фильм в планетарии, экскурсии по научному центру и нетворкинг в перерывах; день заканчивается коктейлем в 18:00.

TEDxBelgrade проводится независимо по лицензии TED при поддержке Палаты науки и A1 Srbija; оператор обеспечивает бесплатную онлайн-трансляцию.

Цена: Main Stage 15 000 динаров.

Организатор: TEDxBelgrade.","How do you find your own voice, spot an opportunity before it becomes obvious, and learn something that comes with no manual? Those questions frame the theme of **TEDxBelgrade 2026**, Knowledge That Is Not Taught: lessons that are not in any textbook and cannot be memorised.

For the second year running the conference is held at **Palata nauke**, in the Šalter sala. Six speakers take the stage:

Mate Rimac, founder of Rimac Group and creator of the world’s fastest electric car.
Daniel Tani, astronaut, 132 days in space and six spacewalks.
Dalija Aćin Thelander, choreographer and stage designer with international awards for inclusive performances for young audiences.
Dragana Jevtić, founder and director of the Creative Mentorship programme.
Aleksandar Baucal, developmental psychologist and professor at the University of Belgrade.
Relja Dereta, communication coach who has prepared more than a hundred TEDx speakers.

Beyond the talks, the programme includes moderated conversations with the speakers, a performance by the DF choir, a planetarium film, guided tours of the science centre and networking in the breaks; the day closes with a cocktail at 18:00.

TEDxBelgrade is independently organised under a TED licence with support from Palata nauke and A1 Srbija, which provides a free online stream.

Price: Main Stage 15,000 dinars.

Organiser: TEDxBelgrade.","Kako pronaći sopstveni glas, prepoznati priliku pre nego što postane očigledna i naučiti nešto uz šta ne ide uputstvo? Oko tih pitanja postavljena je tema **TEDxBelgrade 2026** „Znanje koje se ne predaje“: lekcije kojih nema u udžbenicima i koje se ne uče napamet.

Konferencija se drugu godinu zaredom održava u **Palati nauke**, u Šalter sali. Šestoro govornika:

Mate Rimac, osnivač Rimac grupe i tvorac najbržeg električnog automobila na svetu.
Daniel Tani, astronaut, 132 dana u svemiru i šest izlazaka u otvoreni svemir.
Dalija Aćin Thelander, koreografkinja i scenografkinja, međunarodno nagrađivana za inkluzivne predstave za mladu publiku.
Dragana Jevtić, osnivačica i direktorka programa Kreativno mentorstvo.
Aleksandar Baucal, razvojni psiholog, profesor Univerziteta u Beogradu.
Relja Dereta, trener komunikacije koji je za scenu pripremio više od sto TEDx govornika.

Pored govora, program čine moderirani razgovori sa govornicima, nastup hora DF, film u planetarijumu, vođeni obilasci naučnog centra i umrežavanje u pauzama; dan se završava koktelom u 18 h.

TEDxBelgrade se organizuje nezavisno, po licenci TED-a, uz podršku Palate nauke i kompanije A1 Srbija koja obezbeđuje besplatan onlajn prenos.

Cena: Main Stage ulaznica 15.000 dinara.

Organizator: TEDxBelgrade.",10:00,15000,Palata nauke,"Kralja Milana 11, Beograd","44.808340,20.463766",https://palatanauke.rs/dogadjaji/tedx-belgrade-2026-znanje-koje-se-ne-predaje/,palatanauke.rs,https://efinity.rs/event-details/ted_x_belgrade_32319,TEDxBelgrade,https://www.tedxbelgrade.com/,,,,,,"лекция, TEDx, Палата науки, конференция, Мате Римац","lecture, TEDx, Palata nauke, conference, Mate Rimac","predavanje, TEDx, Palata nauke, konferencija, Mate Rimac"
10/20/2026,10/20/2026,10/6/2026,2138,Organization,Language Café Belgrade,https://www.facebook.com/LanguageCafeBeograd/,,SocialEvent,Language Café: вечер языковой практики за столами в KC Grad,Language Café: an evening of language practice at the tables of KC Grad,Language Café: veče jezičke prakse za stolovima KC Grada,https://raw.githubusercontent.com/newsgl/arsposters/main/2138-LanguageCafeVeceJezickePrakseZa.webp,,Games,"20 октября с 18:00 в KC Grad. У каждого языка свой стол: садишься к тому, на котором хочешь поговорить, и пересаживаешься, когда захочется. Носители и учащиеся, от десяти до двадцати языков за вечер, включая сербский и русский. Вход по желанию, за пожертвование.","20 October from 18:00 at KC Grad. Each language has its own table: sit down at the one you want to practise and move on whenever you like. Native speakers and learners, ten to twenty languages per evening, Serbian and English included. Entry by donation.","Utorak 20. oktobar od 18.00 u KC Gradu. Svaki jezik ima svoj sto: sedneš za onaj koji hoćeš da vežbaš i preseliš se kad poželiš. Izvorni govornici i oni koji uče, od deset do dvadeset jezika za veče, među njima srpski i engleski. Ulaz uz dobrovoljni prilog.","Самый простой способ заговорить на чужом языке: сесть за стол, где на нём уже говорят. Так устроен **Language Café Belgrade**, который с 2016 года собирается в **KC Grad** в Савамале, раз в две недели по вторникам.

Правила простые. В зале стоят столы, у каждого табличка с языком: английский, сербский, русский, французский, испанский, немецкий, греческий, китайский, шведский, нидерландский, албанский и другие, за вечер набирается от десяти до двадцати. Садишься туда, где хочешь практиковаться, пересаживаешься, когда разговор исчерпан. За столами и носители, и те, кто только учит язык, поэтому ошибок никто не боится.

Для тех, кто недавно в Белграде, это ещё и способ познакомиться с людьми: за сербским столом помогают местные, за остальными собираются экспаты и студенты по обмену.

Место: KC Grad, Савамала.

Вход по желанию, за пожертвование организаторам.

Организатор: Language Café Belgrade.","The simplest way to start speaking a foreign language is to sit at a table where people are already speaking it. That is how **Language Café Belgrade** works: since 2016 it has met at **KC Grad** in Savamala every other Tuesday.

The rules are easy. Tables are set out with a language card on each: English, Serbian, Russian, French, Spanish, German, Greek, Chinese, Swedish, Dutch, Albanian and more, ten to twenty languages on a given evening. Sit where you want to practise and move on when the conversation runs dry. Native speakers and learners share the tables, so nobody worries about mistakes.

For newcomers to Belgrade it doubles as a way to meet people: locals help out at the Serbian table, while expats and exchange students gather at the others.

Venue: KC Grad, Savamala.

Entry by donation to the organisers.

Organiser: Language Café Belgrade.","Najjednostavniji način da progovoriš strani jezik jeste da sedneš za sto gde se on već govori. Tako radi **Language Café Belgrade**, koji se od 2016. okuplja u **KC Gradu** u Savamali, svakog drugog utorka.

Pravila su laka. U sali su stolovi, na svakom kartica sa jezikom: engleski, srpski, ruski, francuski, španski, nemački, grčki, kineski, švedski, holandski, albanski i drugi, za veče ih se skupi od deset do dvadeset. Sedneš gde hoćeš da vežbaš, preseliš se kad se razgovor iscrpi. Za stolovima su i izvorni govornici i oni koji tek uče, pa se grešaka niko ne plaši.

Za one koji su tek stigli u Beograd ovo je i način da upoznaju ljude: za srpskim stolom pomažu domaći, za ostalima se okupljaju stranci i studenti na razmeni.

Mesto: KC Grad, Savamala.

Ulaz uz dobrovoljni prilog organizatorima.

Organizator: Language Café Belgrade.",18:00,0,KC Grad,"Braće Krsmanović 4, Beograd","44.814317,20.450415",https://kcgrad.rs/calendar/,kcgrad.rs,,Language Café Belgrade,https://www.facebook.com/LanguageCafeBeograd/,,,,,,"языки, KC Grad, разговорный клуб, Савамала, экспаты","languages, KC Grad, conversation club, Savamala, expats","jezici, KC Grad, konverzacija, Savamala, stranci"
10/21/2026,10/21/2026,10/6/2026,2139,Organization,Heapspace,https://www.meetup.com/heapspace/,,EducationEvent,Self-Driving Pipelines: митап Heapspace о дата-платформе Rivian и ИИ-агентах в офисе Rivian,Self-Driving Pipelines: Heapspace meetup on Rivian’s data platform and agentic data at the Rivian office,Self-Driving Pipelines: Heapspace meetup o Rivianovoj data platformi i AI agentima u kancelariji Riviana,https://raw.githubusercontent.com/newsgl/arsposters/main/2139-SelfDrivingPipelinesHeapspaceMeetupO.webp,,Lectures,"21 октября в 18:00, офис Rivian в Airport City (шестой этаж). Никола Миленкович, Data Engineering Manager в Rivian, показывает, как устроена дата-платформа компании на Databricks, Unity Catalog и dbt, и рассказывает о команде ИИ-агентов, которые пишут, тестируют и чинят пайплайны. На английском языке, вход по регистрации.","21 October at 18:00, Rivian office in Airport City, sixth floor. Nikola Milenković, Data Engineering Manager at Rivian, walks through the company’s data platform built on Databricks, Unity Catalog and dbt, then introduces a team of AI agents that write, test and fix pipelines. In English, registration required.","Sreda 21. oktobar u 18.00, kancelarija Riviana u Airport Cityju, šesti sprat. Nikola Milenković, Data Engineering Manager u Rivianu, pokazuje kako je napravljena data platforma kompanije na Databricksu, Unity Catalogu i dbt-ju i predstavlja tim AI agenata koji pišu, testiraju i popravljaju pipeline-ove. Na engleskom jeziku, uz obaveznu prijavu.","Что, если пайплайны данных будут сами себя собирать, тестировать и чинить, а инженеры займутся только задачами, где действительно нужен человек? С этого вопроса начинается доклад **Николы Миленковича**, Data Engineering Manager в Rivian, на митапе сообщества **Heapspace**.

Первая часть про то, что стоит за каждым автомобилем, дашбордом и решением Rivian: платформа, которая ежедневно обрабатывает огромные объёмы данных. Как она построена на Databricks, Unity Catalog и dbt, как организована команда дата-инженеров и какие архитектурные решения держат систему масштабируемой, управляемой и надёжной.

Вторая часть про команду ИИ-агентов, которая берёт на себя дата-инжиниринг целиком: от понимания требований и написания пайплайнов до тестирования, деплоя и разбора сбоев. Это не демо готового продукта, а честный отчёт о системе на финишной прямой разработки: что работает, что удивило и чего стоит передать руль автономным агентам.

Heapspace собирает дата-инженеров и разработчиков Белграда с 2004 года; этот митап организован вместе с Rivian в её офисе в Airport City.

Для кого: дата-инженеры, разработчики, все, кто работает с данными и ИИ.

На английском языке. Нужна регистрация по форме организаторов.

Организатор: Heapspace.","What if your data pipelines could build, test and fix themselves, and your data engineers could focus on the problems that really need a human? That question opens the talk by **Nikola Milenković**, Data Engineering Manager at Rivian, at a meetup of the **Heapspace** community.

The first part is about what sits behind every Rivian vehicle, dashboard and decision: a platform processing massive volumes of data every day. How it is architected on Databricks, Unity Catalog and dbt, how the data engineering practice is organised, and which design choices keep it scalable, governed and reliable.

The second part is about a team of AI agents built to handle data engineering end to end: from understanding requirements and writing pipelines to testing, deploying and troubleshooting them. Not a polished demo of a finished product, but an honest look at a system in its final stretch of development: what works, what surprised the team, and what it really takes to hand the wheel to autonomous agents.

Heapspace has brought together Belgrade’s data engineers and developers since 2004; this meetup is co-organised with Rivian at its office in Airport City.

Who it is for: data engineers, developers, anyone working with data and AI.

In English. Registration via the organisers’ form is required.

Organiser: Heapspace.","Šta ako bi data pipeline-ovi sami sebe gradili, testirali i popravljali, a inženjeri se bavili samo problemima za koje je zaista potreban čovek? Tim pitanjem počinje izlaganje **Nikole Milenkovića**, Data Engineering Managera u Rivianu, na meetupu zajednice **Heapspace**.

Prvi deo je o tome šta stoji iza svakog Rivianovog automobila, dešborda i odluke: platforma koja svakodnevno obrađuje ogromne količine podataka. Kako je arhitektonski postavljena na Databricksu, Unity Catalogu i dbt-ju, kako je organizovan tim data inženjera i koje odluke sistem drže skalabilnim, kontrolisanim i pouzdanim.

Drugi deo je o timu AI agenata koji preuzima data inženjering od početka do kraja: od razumevanja zahteva i pisanja pipeline-ova do testiranja, deploya i otklanjanja grešaka. Nije reč o ispoliranom demou gotovog proizvoda, nego o iskrenom pogledu na sistem u završnoj fazi razvoja: šta radi, šta je iznenadilo tim i šta zaista znači prepustiti volan autonomnim agentima.

Heapspace okuplja beogradske data inženjere i programere od 2004; ovaj meetup pravi zajedno sa Rivianom u njegovoj kancelariji u Airport Cityju.

Za koga: data inženjeri, programeri, svi koji rade sa podacima i AI.

Na engleskom jeziku. Obavezna prijava preko formulara organizatora.

Organizator: Heapspace.",18:00,,Rivian,"Tadije Sondermajera 11, Novi Beograd","44.813833,20.395835",https://www.meetup.com/heapspace/events/316850888/,meetup.com,https://forms.gle/wzGCRzW44ADE8VMD9,Heapspace,https://www.meetup.com/heapspace/,,,,,,"митап, IT, данные, искусственный интеллект, Heapspace, Rivian","meetup, IT, data engineering, artificial intelligence, Heapspace, Rivian","meetup, IT, podaci, veštačka inteligencija, Heapspace, Rivian"
10/21/2026,10/21/2026,10/6/2026,2140,Person,Branko Simonović,https://palatanauke.rs/,,EducationEvent,«Кто переводит нам часы?»: лекция Бранко Симоновича о переходе на зимнее время в Палате науки,Who moves our clocks? Branko Simonović on daylight saving time at Palata nauke,O ukazanom vremenu: predavanje Branka Simonovića o tome ko nam pomera satove u Palati nauke,https://raw.githubusercontent.com/newsgl/arsposters/main/2140-OUkazanomVremenuPredavanjeBrankaSimonovi.webp,,Lectures,"21 октября в 17:00, за несколько дней до перевода стрелок, популяризатор астрономии Бранко Симонович объясняет, откуда взялось сезонное время, как оно влияет на организм и почему его всё чаще предлагают отменить. Зал «Реч», четвёртый этаж Палаты науки. На сербском языке, вход свободный, регистрация не нужна.","21 October at 17:00, a few days before the clocks change, astronomy populariser Branko Simonović explains where seasonal time came from, what it does to the body and why its abolition is discussed more and more. Reč hall, fourth floor of Palata nauke. In Serbian, free entry, no registration.","Sreda 21. oktobar u 17.00, nekoliko dana pre pomeranja kazaljki, popularizator astronomije Branko Simonović objašnjava odakle sezonsko računanje vremena, kako utiče na organizam i zašto se sve češće govori o ukidanju. Sala Reč, četvrti sprat Palate nauke. Ulaz slobodan, prijava nije potrebna.","Кто и когда решил, что дважды в год у нас будут «красть» или «дарить» час жизни? Перевод стрелок кажется привычной частью календаря, но за ним стоят исторические, экономические, общественные и научные причины, о которых редко задумываются.

Лекция продолжает октябрьский цикл **Палаты науки**, посвящённый космосу и времени. **Бранко Симонович**, популяризатор астрономии, проходит всю историю «указного времени»: от идеи подстроить жизнь общества под естественное освещение до сегодняшних споров о том, есть ли в переводе часов ещё какой-то смысл.

Вопросы, на которые отвечает лектор: как время стало предметом общественного договора, зачем изначально вводили сезонный счёт времени, как смена часа действует на человеческий организм и почему всё громче звучат предложения от неё отказаться. Лекция приходится на неделю перед переходом на зимнее время, так что тема более чем прикладная.

Место: Палата науки, зал «Реч», четвёртый этаж.

На сербском языке.

Вход свободный, регистрация не требуется.","Who decided, and when, that twice a year an hour of our lives would be taken away or handed back? Changing the clocks feels like a routine part of the calendar, yet behind it stand historical, economic, social and scientific reasons that rarely get a second thought.

The lecture continues the October cycle at **Palata nauke** devoted to space and time. **Branko Simonović**, an astronomy populariser, walks through the whole story of decreed time: from the idea of fitting social life to natural daylight to today’s arguments about whether moving the clocks still makes any sense.

The questions on the table: how time became a matter of social agreement, why seasonal timekeeping was introduced in the first place, what the hour shift does to the human body and why calls to scrap it keep getting louder. The talk falls in the week before the switch to winter time, which makes the subject anything but abstract.

Venue: Palata nauke, Reč hall, fourth floor.

The lecture is in Serbian.

Free entry, no registration needed.","Ko je i kada odlučio da nam se dvaput godišnje „ukrade“ ili „pokloni“ jedan sat života? Pomeranje kazaljki deluje kao uobičajen deo kalendara, ali iza njega stoje istorijski, ekonomski, društveni i naučni razlozi o kojima se retko razmišlja.

Predavanje nastavlja oktobarski ciklus **Palate nauke** posvećen svemiru i vremenu. **Branko Simonović**, popularizator astronomije, vodi kroz celu priču o ukazanom vremenu: od ideje da se društvene aktivnosti prilagode prirodnom svetlu do današnjih rasprava o tome da li pomeranje sata uopšte ima smisla.

Pitanja na koja predavač odgovara: kako je vreme postalo stvar društvenog dogovora, koji su bili prvobitni razlozi za sezonsko računanje vremena, kako promena sata utiče na ljudski organizam i zašto se sve glasnije govori o njenom ukidanju. Predavanje pada u nedelju pred prelazak na zimsko računanje vremena, pa je tema više nego praktična.

Mesto: Palata nauke, sala Reč, četvrti sprat.

Ulaz slobodan, prijava nije potrebna.",17:00,0,Palata nauke,"Kralja Milana 11, Beograd","44.808340,20.463766",https://palatanauke.rs/dogadjaji/kosmodelo-price-o-razvoju-astronautskih-odela-2-2/,palatanauke.rs,,Palata nauke,https://palatanauke.rs/,,,,,,"лекция, Палата науки, время, астрономия, зимнее время","lecture, Palata nauke, time, astronomy, daylight saving time","predavanje, Palata nauke, vreme, astronomija, pomeranje sata"
10/22/2026,10/22/2026,10/6/2026,2141,MusicGroup,MangUp & Yužnjak,https://kcgrad.rs/,,MusicEvent,«Чола вече»: вечеринка на песнях Здравко Чолича с диджеями MangUp и Yužnjak в KC Grad,Čola veče: a Zdravko Čolić party with DJs MangUp and Yužnjak at KC Grad,Čola veče: žurka na pesme Zdravka Čolića uz MangUp i Yužnjaka u KC Gradu,https://raw.githubusercontent.com/newsgl/arsposters/main/2141-ColaVeceZurkaNaPesmeZdravka.webp,,Concerts,"22 октября с 21:00 в KC Grad: целый вечер только песни Здравко Чолича, от диско и фанка семидесятых до поздних хитов. За пультом MangUp и Yužnjak, которые проводят «Чола вече» в Savamala не первый год.","22 October from 21:00 at KC Grad: a whole night of nothing but Zdravko Čolić, from his seventies disco and funk to the later hits. Behind the decks are MangUp and Yužnjak, who have been running Čola veče in Savamala for years.","Četvrtak 22. oktobar od 21.00 u KC Gradu: celo veče samo pesme Zdravka Čolića, od diska i fanka sedamdesetih do kasnijih hitova. Za pultom su MangUp i Yužnjak, koji Čola veče u Savamali prave već godinama.","Вечеринки, где всю ночь звучит один исполнитель, в Белграде превратились в отдельный жанр, и Здравко Чолич в нём главный герой. Когда диджей ставит «Noć mi te duguje», подпевает весь зал, от тех, кто помнит его первые пластинки, до двадцатилетних.

«Чола вече» в **KC Grad** делают **MangUp и Yužnjak**: их сет собран только из песен Чолича, через все эпохи его карьеры, от диско и фанка семидесятых до баллад и поздних хитов. Прошлые выпуски этой вечеринки центр в Савамале принимал с 2023 года, и формула не меняется: никаких сюрпризов в плейлисте, зато полный зал, который знает каждый текст.

Начало в 21:00. Цену входа организаторы объявляют в соцсетях перед событием.","Parties built around a single artist have become a genre of their own in Belgrade, and Zdravko Čolić is its central figure. When the DJ drops Noć mi te duguje, the whole room sings along, from those who remember his first records to people in their twenties.

Čola veče at **KC Grad** is run by **MangUp and Yužnjak**: their set is made only of Čolić’s songs, across every era of his career, from seventies disco and funk to the ballads and later hits. The Savamala centre has hosted earlier editions of the party since 2023, and the formula does not change: no surprises in the playlist, but a full room that knows every word.

Starts at 21:00. Entry price is announced by the organisers on social media ahead of the night.","Žurke na kojima cele noći ide samo jedan izvođač postale su u Beogradu poseban žanr, a Zdravko Čolić je u njemu glavni junak. Kad DJ pusti „Noć mi te duguje“, peva cela sala, od onih koji pamte njegove prve ploče do dvadesetogodišnjaka.

Čola veče u **KC Gradu** prave **MangUp i Yužnjak**: njihov set čine isključivo Čoline pesme, kroz sve epohe karijere, od diska i fanka sedamdesetih do balada i kasnijih hitova. Ranija izdanja ove žurke centar u Savamali ugošćava od 2023, a formula se ne menja: bez iznenađenja u plejlisti, ali sa punom salom koja zna svaki stih.

Početak u 21.00. Cenu ulaza organizatori objavljuju na mrežama pred samu žurku.",21:00,,KC Grad,"Braće Krsmanović 4, Beograd","44.814317,20.450415",https://kcgrad.rs/calendar/,kcgrad.rs,,MangUp & Yužnjak,https://kcgrad.rs/,,,,,,"вечеринка, KC Grad, Здравко Чолич, DJ, Савамала","party, KC Grad, Zdravko Čolić, DJ, Savamala","žurka, KC Grad, Zdravko Čolić, DJ, Savamala"
10/22/2026,10/23/2026,10/6/2026,2142,TheaterGroup,Narodno pozorište u Beogradu,https://www.narodnopozoriste.rs/,,TheaterEvent,«Грек Зорба»: балет на музыку Теодоракиса в хореографии Константина Костюкова в Народном театре,Grk Zorba: the ballet to Theodorakis's music choreographed by Konstantin Kostjukov at the National Theatre,Grk Zorba: balet na muziku Teodorakisa u koreografiji Konstantina Kostjukova u Narodnom pozorištu,https://raw.githubusercontent.com/newsgl/arsposters/main/2142-GrkZorbaBaletNaMuzikuTeodorakisa.webp,,Theatre,"Балет по роману Никоса Казандзакиса на музыку Микиса Теодоракиса, премьера сезона 2026 года: на сцене около 150 исполнителей, в финале сиртаки. 22 и 23 октября в 19:00, Большая сцена, билеты от 300 до 2800 динаров.","A ballet after Nikos Kazantzakis's novel to the music of Mikis Theodorakis, premiered in June 2026: around 150 performers on stage and the sirtaki in the finale. 22 and 23 October at 19:00, Main Stage, tickets from 300 to 2800 dinars.","Balet po romanu Nikosa Kazancakisa na muziku Mikisa Teodorakisa, premijerno izveden u junu 2026: na sceni oko 150 izvođača, u finalu sirtaki. 22. i 23. oktobra u 19.00, Velika scena, ulaznice od 300 do 2800 dinara.","В порту Пирея молодой интеллектуал Ник встречает Алексиса Зорбу, бродягу и рудокопа, человека, который любит женщин, музыку и вино. Вместе они плывут на Крит, где Ник арендовал заброшенную шахту лигнита и надеется начать жизнь заново. Деревня встречает их танцем, но дальше ревность и предрассудки ведут к трагедии: гибнет молодая вдова Марина, которую полюбил Ник, умирает мадам Ортанс, возлюбленная Зорбы. Ответ Зорбы на боль один: танец вопреки всему.

Балет поставлен по роману Никоса Казандзакиса 1946 года на музыку **Микиса Теодоракиса** (балетная партитура 1987 года). Либретто и хореография **Константина Костюкова**, который с 1995 по 2012 год сам станцевал Зорбу больше ста раз. Премьера в Народном театре прошла 11 июня 2026 года.

На сцене около 150 человек: балет, хор и оркестр театра, ученики школы «Луйо Давичо». Дирижёр Александр Коич, сценография Саши Сенковича, костюмы Ольги Мрдженович. На премьере Зорбу танцевал Лев Семёнов, Ника Сергей Александров, Марину Татьяна Татич, мадам Ортанс Теодора Спасич, Павлиса Никола Бьянко.

Продолжительность 2 часа с одним антрактом.

Место: Народный театр, Большая сцена.

Билеты от 300 до 2800 динаров.","In the port of Piraeus the young intellectual Nik meets Alexis Zorba, a drifter and miner who loves women, music and wine. They sail to Crete, where Nik has leased an abandoned lignite mine. The village greets them with dance, but jealousy and prejudice lead to tragedy: the young widow Marina, whom Nik loves, is killed, and Madame Hortense, Zorba's lover, dies. Zorba's answer to grief is a dance in defiance of everything.

The ballet is based on Nikos Kazantzakis's 1946 novel and set to the music of **Mikis Theodorakis** (ballet score written in 1987). Libretto and choreography by **Konstantin Kostjukov**, who danced Zorba himself over a hundred times between 1995 and 2012. The National Theatre premiere took place on 11 June 2026.

Around 150 people are on stage: the Ballet, Choir and Orchestra of the theatre and students of the Lujo Davičo ballet school. Conductor Aleksandar Kojić, sets by Saša Senković, costumes by Olga Mrđenović. At the premiere Zorba was danced by Lev Semenov, Nik by Sergey Alexandrov, Marina by Tatjana Tatić, Madame Hortense by Teodora Spasić and Pavlis by Nicola Bianco.

Running time 2 hours with one intermission.

Venue: National Theatre, Main Stage.

Tickets from 300 to 2800 dinars.","U luci Pirej mladi intelektualac Nik upoznaje Aleksisa Zorbu, lutalicu i rudara, čoveka koji voli žene, muziku i vino. Zajedno plove na Krit, gde je Nik iznajmio napušten rudnik lignita i nada se novom početku. Selo ih dočekuje plesom, ali ljubomora i predrasude vode u tragediju: strada mlada udovica Marina, koju Nik voli, umire madam Ortans, Zorbina ljubav. Zorbin odgovor na bol je jedan: ples uprkos svemu.

Balet je nastao po romanu Nikosa Kazancakisa iz 1946. na muziku **Mikisa Teodorakisa** (baletska partitura iz 1987). Libreto i koreografija su delo **Konstantina Kostjukova**, koji je Zorbu od 1995. do 2012. sam odigrao više od sto puta. Premijera u Narodnom pozorištu održana je 11. juna 2026.

Na sceni je oko 150 izvođača: Balet, Hor i Orkestar pozorišta i učenici Baletske škole „Lujo Davičo“. Dirigent je Aleksandar Kojić, scenografiju potpisuje Saša Senković, kostime Olga Mrđenović. Na premijeri su Zorbu igrali Lev Semenov, Nika Sergej Aleksandrov, Marinu Tatjana Tatić, madam Ortans Teodora Spasić, a Pavlisa Nicola Bianco.

Predstava traje 2 sata, sa jednom pauzom.

Mesto: Narodno pozorište, Velika scena.

Ulaznice od 300 do 2800 dinara.",19:00,300,Narodno pozorište u Beogradu,"Francuska 3, 11000 Beograd","44.817006,20.461005",https://repertoar.rs/predstave/grk-zorba/,repertoar.rs,https://www.narodnopozoriste.rs/lat/ulaznice/odabir-ulaznica?p=6389,Narodno pozorište u Beogradu,https://www.narodnopozoriste.rs/,,,,,,"балет, Народный театр, Теодоракис, Казандзакис, Константин Костюков, сиртаки","ballet, National Theatre, Theodorakis, Kazantzakis, Konstantin Kostjukov, sirtaki","balet, Narodno pozorište, Teodorakis, Kazancakis, Konstantin Kostjukov, sirtaki"
10/23/2026,10/23/2026,10/6/2026,2143,Organization,Drugstore,http://www.drugstorebeograd.com/,,MusicEvent,"Jerome Hill, Mareena, Marko Nastić, Filip Xavi и Rope: винил-ночь трёх десятилетий техно в Drugstore","Jerome Hill, Mareena, Marko Nastić, Filip Xavi and Rope: a vinyl only night of three techno decades at Drugstore","Jerome Hill, Mareena, Marko Nastić, Filip Xavi i Rope: vinilna noć tri decenije tehna u Drugstoreu",https://raw.githubusercontent.com/newsgl/arsposters/main/2143-JeromeHillMareenaMarkoNasticFilip.webp,,Concerts,"Лондонец Jerome Hill (лейблы Don’t, Super Rhythm Trax) со скретчем за вертушками, резидентка берлинского Tresor Mareena, первый за всю историю клуба сет Марко Настича, резидент Filip Xavi и Rope. Только винил, Main Room. 23 октября, 23:00, ранние билеты 1200 динаров.","Londoner Jerome Hill (Don’t, Super Rhythm Trax) scratching on the decks, Tresor resident Mareena from Berlin, Marko Nastić’s first ever Drugstore set, resident Filip Xavi and Rope. Vinyl only, Main Room. 23 October, 23:00, early bird 1200 dinars.","Londonac Jerome Hill (etikete Don’t, Super Rhythm Trax) sa skrečom na gramofonima, rezidentkinja berlinskog Tresora Mareena, prvi nastup Marka Nastića u Drugstoreu ikada, rezident Filip Xavi i Rope. Samo vinil, Main Room. 23. oktobar, 23.00, early bird 1200 dinara.","Drugstore называет эту ночь «The Roots of Rave» и собирает в Main Room несколько поколений техно, причём все пятеро играют только с винила.

**Jerome Hill** купил вертушки в 1990 году под впечатлением от лондонских пиратских радиостанций, прошёл школу саундсистемы JIBA и в 2000-м основал лейбл Don’t для «неправильного» пати-техно. За ним последовали Super Rhythm Trax (эйсид, блипы, хаус), Hornsey Hardcore, Bleeper и Fat Hop. Он один из немногих, кто вшивает скретч и тёрнтейблизм в рейв-сеты.

**Mareena** выросла в Восточной Германии, в Берлине с 2004 года, с 2012-го резидентка Tresor, играла в Berghain и De School; в 2016 году основала лейбл и серию вечеринок UNRUSH. **Marko Nastić**, половина Teenage Techno Punks и голос белградских девяностых, впервые встанет за пульт Drugstore. **Filip Xavi** резидент клуба с 2013 года и куратор больше сотни его вечеров, с релизами на Mord, Semantica и Dynamic Reflection. Rope представляет новое поколение, которое ходит между Drugstore и Para.

Цена: ранние билеты 1200 динаров (Gigstix, Resident Advisor).

Организатор: Drugstore Productions.","Drugstore calls this night «The Roots of Rave» and gathers several generations of techno in the Main Room, with all five playing vinyl only.

**Jerome Hill** bought his turntables in 1990 under the spell of London pirate radio, came up through the JIBA sound system and in 2000 founded the label Don’t for off kilter party techno. Super Rhythm Trax (acid, bleeps, house), Hornsey Hardcore, Bleeper and Fat Hop followed. He is one of the few who weave scratching and turntablism into rave sets.

**Mareena** grew up in East Germany, has lived in Berlin since 2004 and has held a Tresor residency since 2012, with Berghain and De School on her record; in 2016 she founded the label and party series UNRUSH. **Marko Nastić**, one half of Teenage Techno Punks and the voice of Belgrade’s nineties, plays Drugstore for the first time. **Filip Xavi** has been a resident since 2013 and has curated more than a hundred of the club’s nights, with releases on Mord, Semantica and Dynamic Reflection. Rope represents the newer crowd moving between Drugstore and Para.

Price: early bird 1200 dinars (Gigstix, Resident Advisor).

Organiser: Drugstore Productions.","Drugstore ovu noć zove «The Roots of Rave» i u Main Roomu okuplja nekoliko generacija tehna, a svih petoro puštaju isključivo sa vinila.

**Jerome Hill** je gramofone kupio 1990. pod uticajem londonskih piratskih radio stanica, prošao školu sound sistema JIBA i 2000. osnovao etiketu Don’t za «iskrivljeni» party tehno. Usledili su Super Rhythm Trax (acid, blipovi, haus), Hornsey Hardcore, Bleeper i Fat Hop. Jedan je od retkih koji skreč i terntablizam ugrađuju u rejv setove.

**Mareena** je odrasla u Istočnoj Nemačkoj, u Berlinu je od 2004, rezidentkinja Tresora od 2012, svirala je u Berghainu i De Schoolu; 2016. je osnovala etiketu i serijal žurki UNRUSH. **Marko Nastić**, polovina Teenage Techno Punksa i glas beogradskih devedesetih, prvi put staje za pult Drugstorea. **Filip Xavi** je rezident kluba od 2013. i kurator više od stotinu njegovih večeri, sa izdanjima za Mord, Semanticu i Dynamic Reflection. Rope predstavlja novu postavu koja se kreće između Drugstorea i Pare.

Cena: early bird 1200 dinara (Gigstix, Resident Advisor).

Organizator: Drugstore Productions.",23:00,1200,Drugstore,"Bulevar despota Stefana 115, 11000 Beograd","44.819103,20.489149",https://ra.co/events/2551020,ra.co,,Drugstore Productions,http://www.drugstorebeograd.com/,,,,,,"техно, Drugstore, клубная ночь, Jerome Hill, Marko Nastić, винил","techno, Drugstore, club night, Jerome Hill, Marko Nastić, vinyl","tehno, Drugstore, klupska noć, Jerome Hill, Marko Nastić, vinil"
10/23/2026,10/23/2026,10/6/2026,2144,Organization,u/offu,https://www.facebook.com/p/Uoffu-61553267319860/,,MusicEvent,u/offu: загребская электронная серия с диджейским сетом в KC Grad,u/offu: the Zagreb electronic music series brings a DJ set to KC Grad,u/offu: zagrebačka elektronska serija sa DJ setom u KC Gradu,https://raw.githubusercontent.com/newsgl/arsposters/main/2144-UOffuZagrebackaElektronskaSerijaSa.webp,,Concerts,"23 октября с 22:00 в KC Grad играет u/offu, серия вечеринок электронной музыки из Загреба, которая у себя дома привозила, среди прочих, роттердамского Kessler. Белградский выезд в формате диджейского сета.","23 October from 22:00 at KC Grad: a DJ set by u/offu, the Zagreb electronic music party series that has hosted Rotterdam’s Kessler, among others, at home. A Belgrade away date.","Petak 23. oktobar od 22.00 u KC Gradu svira u/offu, zagrebačka serija žurki elektronske muzike koja je kod kuće ugostila, između ostalih, roterdamskog Kesslera. Beogradsko gostovanje u formatu DJ seta.","**u/offu** это загребская серия вечеринок, которая продвигает электронную музыку на небольших площадках хорватской столицы. Среди её выпусков вечер с роттердамским продюсером Kessler (лейблы Elicit и 3024) в пивоварне Primarius, где рядом играли местные El Commando и Grumen.

В **KC Grad** команда приезжает с диджейским сетом: это пятничная ночь в клубном зале центра в Савамале, начало в 22:00. Кто именно встанет за пульт и сколько стоит вход, организаторы объявляют в своих соцсетях ближе к дате.","**u/offu** is a Zagreb party series promoting electronic music in the smaller venues of the Croatian capital. Its past editions include a night with Rotterdam producer Kessler (Elicit, 3024) at the Primarius brewery, with locals El Commando and Grumen on the bill.

At **KC Grad** the crew arrives with a DJ set: a Friday night in the club room of the Savamala centre, starting at 22:00. Who exactly takes the decks and what entry costs is announced by the organisers on their social media closer to the date.","**u/offu** je zagrebačka serija žurki koja promoviše elektronsku muziku na manjim mestima hrvatske prestonice. Među ranijim izdanjima je i veče sa roterdamskim producentom Kesslerom (Elicit, 3024) u pivnici Primarius, uz domaće El Commanda i Grumena.

U **KC Grad** ekipa dolazi sa DJ setom: petak uveče u klupskom prostoru centra u Savamali, početak u 22.00. Ko tačno staje za pult i koliko košta ulaz, organizatori objavljuju na mrežama pred sam događaj.",22:00,,KC Grad,"Braće Krsmanović 4, Beograd","44.814317,20.450415",https://kcgrad.rs/calendar/,kcgrad.rs,,KC Grad,https://www.facebook.com/p/Uoffu-61553267319860/,,,,,,"вечеринка, KC Grad, электронная музыка, DJ, Загреб","party, KC Grad, electronic music, DJ, Zagreb","žurka, KC Grad, elektronska muzika, DJ, Zagreb"
10/23/2026,10/23/2026,10/6/2026,2145,TheaterGroup,Opera i teatar Madlenianum,https://operatheatremadlenianum.com/,,TheaterEvent,«Стеклянный зверинец»: драма Теннесси Уильямса в постановке Иваны Вуич в Мадлениануме,Staklena menažerija: Tennessee Williams's The Glass Menagerie directed by Ivana Vujić at Madlenianum,Staklena menažerija: drama Tenesija Vilijamsa u režiji Ivane Vujić u Madlenianumu,https://raw.githubusercontent.com/newsgl/arsposters/main/2145-StaklenaMenazerijaDramaTenesijaVilijamsa.webp,,Theatre,"Семья Вингфилд: мать, которая хочет устроить будущее детей, замкнутая дочь с коллекцией стеклянных фигурок и сын, мечтающий сбежать из дома. Постановка Иваны Вуич к 80-летию первой премьеры пьесы, играют Борянка Люмович, Тамара Алексич, Огнен Малушич и Никола Ракочевич. 23 октября в 20:00, Малая сцена. На сербском языке.","The Wingfield family: a mother set on securing her children's future, a withdrawn daughter with a collection of glass animals and a son dreaming of escape. Ivana Vujić's staging marks 80 years since the play's first premiere, with Borjanka Ljumović, Tamara Aleksić, Ognjen Malušić and Nikola Rakočević. 23 October at 20:00, Small stage. In Serbian.","Porodica Vingfild: majka koja hoće da obezbedi budućnost dece, povučena ćerka sa kolekcijom staklenih figurica i sin koji sanja o bekstvu od kuće. Režija Ivana Vujić, povodom 80 godina od praizvedbe, igraju Borjanka Ljumović, Tamara Aleksić, Ognjen Malušić i Nikola Rakočević. 23. oktobar u 20.00, Mala scena.","В 1944 году «Стеклянный зверинец» принёс **Теннесси Уильямсу** первый большой успех и открыл дорогу к «Трамваю „Желание“» и «Кошке на раскалённой крыше». Пьеса во многом автобиографична: Лору Уильямс писал со своей сестры Роуз, а в Томе узнают самого автора.

Семья Вингфилд живёт воспоминаниями, несбывшимися желаниями и тягой к бегству. **Лора** прячется от мира в коллекции стеклянных фигурок, мать **Аманда** пытается устроить будущее детей, **Том** всё сильнее хочет жизни за пределами дома. Приход Джима, бывшего школьного знакомого Лоры, ненадолго открывает возможность что-то изменить.

Спектакль Мадленианума вышел в марте 2024 года к 80-летию первой постановки пьесы. Режиссёр Ивана Вуич сделала также перевод, сценографию и подбор музыки; в этом же театре в 2009 году она ставила «Кошку на раскалённой крыше». Драматург Славенка Милованович, костюмы Душицы Кнежевич, видео Светланы Волиц. Аманду играет Борянка Люмович, Лору Тамара Алексич, Тома Огнен Малушич, Джима Никола Ракочевич.

Место: Малая сцена Мадленианума. На сербском языке.","In 1944 The Glass Menagerie gave **Tennessee Williams** his first major success and opened the way to A Streetcar Named Desire and Cat on a Hot Tin Roof. The play is largely autobiographical: Williams modelled Laura on his sister Rose, and Tom carries the author's own features.

The Wingfield family lives on memories, unfulfilled wishes and the urge to escape. **Laura** hides from the world in her collection of glass animals, her mother **Amanda** tries to secure her children's future, and **Tom** longs ever more strongly for a life outside the family home. The visit of Jim, Laura's former schoolmate, briefly opens a chance for things to change.

Madlenianum's production opened in March 2024, marking 80 years since the play's first staging. Director Ivana Vujić also did the translation, set design and music selection; at the same theatre she staged Cat on a Hot Tin Roof in 2009. Dramaturgy by Slavenka Milovanović, costumes by Dušica Knežević, video by Svetlana Volic. Borjanka Ljumović plays Amanda, Tamara Aleksić is Laura, Ognjen Malušić is Tom and Nikola Rakočević is Jim.

Venue: Madlenianum Small stage. In Serbian.","Staklena menažerija je 1944. donela **Tenesiju Vilijamsu** prvi veliki uspeh i otvorila put ka Tramvaju zvanom želja i Mački na usijanom limenom krovu. Drama je dobrim delom autobiografska: Loru je Vilijams oblikovao po sestri Rouz, a u Tomu se prepoznaje sam pisac.

Porodica Vingfild živi od sećanja, neostvarenih želja i potrebe za begom. **Lora** se od sveta skriva u kolekciji staklenih figurica, majka **Amanda** pokušava da obezbedi budućnost deci, a **Tom** sve jače žudi za životom izvan porodičnog doma. Dolazak Džima, Lorinog nekadašnjeg školskog poznanika, nakratko otvara mogućnost da se nešto promeni.

Predstava Madlenianuma premijerno je izvedena u martu 2024, povodom 80 godina od praizvedbe. Rediteljka Ivana Vujić potpisuje i prevod, scenografiju i izbor muzike; u istom teatru je 2009. postavila Mačku na usijanom limenom krovu. Dramaturg Slavenka Milovanović, kostimi Dušica Knežević, video Svetlana Volic. Amandu igra Borjanka Ljumović, Loru Tamara Aleksić, Toma Ognjen Malušić, a Džima Nikola Rakočević.

Mesto: Mala scena Madlenianuma.",20:00,,Opera i teatar Madlenianum,"Glavna 32, 11080 Zemun","44.845468,20.410705",https://repertoar.rs/predstave/staklena-menazerija/,repertoar.rs,https://tickets.operatheatremadlenianum.com/sr,Opera i teatar Madlenianum,https://operatheatremadlenianum.com/,,,,,,"театр, драма, Теннесси Уильямс, Мадленианум, Ивана Вуич","theatre, drama, Tennessee Williams, Madlenianum, Ivana Vujić","pozorište, drama, Tenesi Vilijams, Madlenianum, Ivana Vujić"
10/24/2026,10/24/2026,10/6/2026,2146,TheaterGroup,Pozorište Boško Buha,https://buha.rs/,,ChildrensEvent,«Красавица и чудовище»: сказка Николаса Стюарта Грея в театре «Бошко Буха»,Lepotica i zver: Nicholas Stuart Gray’s Beauty and the Beast at Boško Buha Theatre,Lepotica i zver: bajka Nikolasa Stjuarta Greja u Pozorištu Boško Buha,https://raw.githubusercontent.com/newsgl/arsposters/main/2146-LepoticaIZverBajkaNikolasaStjuarta.webp,,"Kids, Theatre","24 октября в 12:00. Не диснеевская версия: у британца Николаса Стюарта Грея сказку рассказывают рассеянный волшебник Ходж и его племянник, дракон Мики. Режиссёр Милан Караджич, спектакль идёт 70 минут, для детей от 7 лет. Билеты 800 динаров.","24 October at 12:00. Not the Disney version: in Nicholas Stuart Gray’s telling the tale is narrated by the absent minded wizard Hodge and his nephew, the dragon Miki. Directed by Milan Karadžić, runs 70 minutes, for ages 7 and up. Tickets 800 dinars.","Subota 24. oktobar u 12.00. Nije Diznijeva verzija: kod Britanca Nikolasa Stjuarta Greja bajku pripovedaju rasejani čarobnjak Hodž i njegov sestrić, zmaj Miki. Režija Milan Karadžić, predstava traje 70 minuta, za decu od 7 godina. Ulaznice 800 dinara.","Забудьте на время «Красавицу и чудовище» из мультфильма. В версии британского драматурга **Николаса Стюарта Грея** знаменитую сказку рассказывают рассеянный волшебник Ходж и его необычный племянник, дракон Мики. Они полноправные участники истории, в которой юная Джейн встречает Чудовище и постепенно понимает, что скрывается за пугающей внешностью и давним проклятием.

Грей превратил известный сюжет в смесь сказки, истории любви, комедии, фантастики и даже лёгкого хоррора. На этой игре жанров и построен спектакль, который поставил **Милан Караджич**. Драматург Ивана Димич, музыку написал Александар Локнер, сценография Бориса Максимовича, костюмы Зоры Мойсилович.

Премьера состоялась в конце 2022 года, но у «Красавицы и чудовища» в «Бошко Бухе» история длиннее: это уже четвёртая постановка сказки в этом театре, а Караджич однажды уже ставил её по тексту Стевана Копривицы. В главных ролях Неманя Оливерич, Бояна Стойкович и Джордже Кадиевич, также играют Невена Игнятович, Яна Белица, Ивана Зечевич, Наджа Дулич и Бранислав Платиша.

Пока здание театра на Трг Републике на реконструкции, спектакли идут в Театре Вук (Булевар краља Александра 77а).

Длительность 70 минут, для детей от 7 лет.

Цена: 800 динаров.","Set aside the Beauty and the Beast you know from the animated film. In the version by British playwright **Nicholas Stuart Gray** the famous tale is told by the absent minded wizard Hodge and his unusual nephew, the dragon Miki. They are not mere observers but full participants in a story in which young Jane meets the Beast and slowly discovers what lies behind the frightening appearance and a curse cast long ago.

Gray turned the familiar plot into a blend of fairy tale, love story, comedy, fantasy and even a touch of horror. That playfulness is the foundation of the production directed by **Milan Karadžić**. Dramaturgy by Ivana Dimić, music by Aleksandar Lokner, set by Boris Maksimović, costumes by Zora Mojsilović.

The premiere was at the end of 2022, but Beauty and the Beast has a longer history at Boško Buha: this is the fourth staging of the tale at the theatre, and Karadžić had already directed it once before, to a text by Stevan Koprivica. The leads are Nemanja Oliverić, Bojana Stojković and Đorđe Kadijević, with Nevena Ignjatović, Jana Bjelica, Ivana Zečević, Nađa Dulić and Branislav Platiša.

While the theatre building on Trg republike is under renovation, performances take place at Teatar Vuk (Bulevar kralja Aleksandra 77a).

Running time 70 minutes, for ages 7 and up.

Price: 800 dinars.","Zaboravite na trenutak Lepoticu i zver kakvu znate iz crtanog filma. U verziji britanskog pisca **Nikolasa Stjuarta Greja** čuvenu bajku pripovedaju rasejani čarobnjak Hodž i njegov neobični sestrić, zmaj Miki. Njih dvojica nisu samo posmatrači nego važni učesnici priče u kojoj se mlada Džejn susreće sa Zveri i postepeno otkriva šta se krije iza zastrašujućeg izgleda i davno bačene kletve.

Grej je poznatu priču pretvorio u mešavinu bajke, ljubavne priče, komedije, fantastike, pa i elemenata horora. Na toj razigranosti počiva predstava koju je režirao **Milan Karadžić**. Dramaturg je Ivana Dimić, muziku potpisuje Aleksandar Lokner, scenografiju Boris Maksimović, kostime Zora Mojsilović.

Premijera je bila krajem 2022, ali Lepotica i zver u Buhi ima dužu istoriju: ovo je četvrta postavka bajke u tom pozorištu, a Karadžić ju je već jednom režirao, tada po tekstu Stevana Koprivice. U glavnim ulogama su Nemanja Oliverić, Bojana Stojković i Đorđe Kadijević, igraju i Nevena Ignjatović, Jana Bjelica, Ivana Zečević, Nađa Dulić i Branislav Platiša.

Dok traje adaptacija zgrade na Trgu republike, predstave se igraju u Teatru Vuk (Bulevar kralja Aleksandra 77a).

Trajanje 70 minuta, za decu od 7 godina.

Cena: 800 dinara.",12:00,800,Teatar Vuk,"Bulevar kralja Aleksandra 77a, Beograd","44.803743,20.481278",https://repertoar.rs/predstave/lepotica-i-zver/,repertoar.rs,https://buha.tickets.rs/event/lepotica_i_zver_28528,Pozorište Boško Buha,https://buha.rs/,,,7+,,,"детям, театр, Бошко Буха, сказка, Красавица и чудовище","kids, theatre, Boško Buha, fairy tale, Beauty and the Beast","deca, pozorište, Boško Buha, bajka, Lepotica i zver"
10/24/2026,10/24/2026,10/6/2026,2147,TheaterGroup,Pozorište na Terazijama,https://pozoristeterazije.com/,,TheaterEvent,Спектакль «Балканский экспресс» в Театре на Теразиях,"""Balkan Ekspres"" at Terazije Theatre","Predstava ""Balkan ekspres"" u Pozorištu na Terazijama",https://raw.githubusercontent.com/newsgl/arsposters/main/2147-PredstavaBalkanEkspresUPozoristuNa.webp,,Theatre,"Сценическая версия культового югославского фильма о шайке музыкантов и мошенников времён войны. 26 сентября в 19:30, билеты от 2000 динаров.","The stage version of the cult Yugoslav film about a wartime band of musicians and con men. 26 September at 19:30, tickets from 2000 dinars.","Scenska verzija kultnog jugoslovenskog filma o ratnoj družini muzičara i prevaranata. 26. septembra u 19.30, ulaznice od 2000 dinara.","Редкий случай, когда драматический текст вырос из киносценария: «Балканский экспресс» пришёл на сцену из одноимённого фильма и остался одним из самых узнаваемых названий югославского кино.

Это самая новая большая постановка **Театра на Теразиях**. В ролях Душко Радович (Стойко), Елена Йовичич (Лили), Жарко Степанов (Попай), Мирољуб Турайлия (Пик), Оливера Бацич (Леа) и Душан Свилар (Славуй).

Время: начало в 19:30.

Цена: партер 2500 динаров, центральные ложи 2600, боковые ложи и балкон 2000. На этот спектакль скидки студентам и пенсионерам не 50, а 30 процентов.

Язык: сербский.","A rare case of a play growing out of a film script: ""Balkan Ekspres"" reached the stage from the film of the same name and remains one of the best known titles in Yugoslav cinema.

This is the newest large production at **Terazije Theatre**. The cast includes Dusko Radovic as Stojko, Jelena Jovicic as Lili, Zarko Stepanov as Popaj, Miroljub Turajlija as Pik, Olivera Bacic as Lea and Dusan Svilar as Slavuj.

Time: starts at 19:30.

Price: stalls 2500 dinars, central boxes 2600, side boxes and balcony 2000. For this show the discount for students and pensioners is 30 percent rather than 50.

Language: Serbian.","Redak slučaj da dramski tekst nastane iz filmskog scenarija: ""Balkan ekspres"" je na scenu stigao iz istoimenog filma i ostao jedan od najprepoznatljivijih naslova jugoslovenskog filma.

Ovo je najnovija velika produkcija **Pozorišta na Terazijama**. Igraju Duško Radović (Stojko), Jelena Jovičić (Lili), Žarko Stepanov (Popaj), Miroljub Turajlija (Pik), Olivera Bacić (Lea) i Dušan Svilar (Slavuj).

Vreme: početak u 19.30.

Cena: parter 2500 dinara, centralne lože 2600, bočne lože i balkon 2000. Za ovu predstavu popust za studente i penzionere iznosi 30 odsto umesto 50.

Jezik: srpski.",19:30,2000,Pozorište na Terazijama,"Trg Nikole Pašića 3, Beograd","44.812818,20.461566",https://repertoar.rs/predstave/balkan-ekspres/,repertoar.rs,https://bilet.pozoristeterazije.com/scena.php?prostorterminid=1264,Pozorište na Terazijama,https://pozoristeterazije.com/,,,,,,"театр, мюзикл, югославское кино, Театр на Теразиях","theatre, musical, Yugoslav cinema, Terazije Theatre","pozorište, mjuzikl, jugoslovenski film, Pozorište na Terazijama"
10/29/2026,10/29/2026,10/6/2026,2148,TheaterGroup,Pozorište na Terazijama,https://pozoristeterazije.com/,,TheaterEvent,Спектакль «Балканский экспресс» в Театре на Теразиях,"""Balkan Ekspres"" at Terazije Theatre","Predstava ""Balkan ekspres"" u Pozorištu na Terazijama",https://raw.githubusercontent.com/newsgl/arsposters/main/2148-PredstavaBalkanEkspresUPozoristuNa.webp,,Theatre,"Сценическая версия культового югославского фильма о шайке музыкантов и мошенников времён войны. 26 сентября в 19:30, билеты от 2000 динаров.","The stage version of the cult Yugoslav film about a wartime band of musicians and con men. 26 September at 19:30, tickets from 2000 dinars.","Scenska verzija kultnog jugoslovenskog filma o ratnoj družini muzičara i prevaranata. 26. septembra u 19.30, ulaznice od 2000 dinara.","Редкий случай, когда драматический текст вырос из киносценария: «Балканский экспресс» пришёл на сцену из одноимённого фильма и остался одним из самых узнаваемых названий югославского кино.

Это самая новая большая постановка **Театра на Теразиях**. В ролях Душко Радович (Стойко), Елена Йовичич (Лили), Жарко Степанов (Попай), Мирољуб Турайлия (Пик), Оливера Бацич (Леа) и Душан Свилар (Славуй).

Время: начало в 19:30.

Цена: партер 2500 динаров, центральные ложи 2600, боковые ложи и балкон 2000. На этот спектакль скидки студентам и пенсионерам не 50, а 30 процентов.

Язык: сербский.","A rare case of a play growing out of a film script: ""Balkan Ekspres"" reached the stage from the film of the same name and remains one of the best known titles in Yugoslav cinema.

This is the newest large production at **Terazije Theatre**. The cast includes Dusko Radovic as Stojko, Jelena Jovicic as Lili, Zarko Stepanov as Popaj, Miroljub Turajlija as Pik, Olivera Bacic as Lea and Dusan Svilar as Slavuj.

Time: starts at 19:30.

Price: stalls 2500 dinars, central boxes 2600, side boxes and balcony 2000. For this show the discount for students and pensioners is 30 percent rather than 50.

Language: Serbian.","Redak slučaj da dramski tekst nastane iz filmskog scenarija: ""Balkan ekspres"" je na scenu stigao iz istoimenog filma i ostao jedan od najprepoznatljivijih naslova jugoslovenskog filma.

Ovo je najnovija velika produkcija **Pozorišta na Terazijama**. Igraju Duško Radović (Stojko), Jelena Jovičić (Lili), Žarko Stepanov (Popaj), Miroljub Turajlija (Pik), Olivera Bacić (Lea) i Dušan Svilar (Slavuj).

Vreme: početak u 19.30.

Cena: parter 2500 dinara, centralne lože 2600, bočne lože i balkon 2000. Za ovu predstavu popust za studente i penzionere iznosi 30 odsto umesto 50.

Jezik: srpski.",19:30,2000,Pozorište na Terazijama,"Trg Nikole Pašića 3, Beograd","44.812818,20.461566",https://repertoar.rs/predstave/balkan-ekspres/,repertoar.rs,https://bilet.pozoristeterazije.com/scena.php?prostorterminid=1264,Pozorište na Terazijama,https://pozoristeterazije.com/,,,,,,"театр, мюзикл, югославское кино, Театр на Теразиях","theatre, musical, Yugoslav cinema, Terazije Theatre","pozorište, mjuzikl, jugoslovenski film, Pozorište na Terazijama"
10/28/2026,10/28/2026,10/6/2026,2149,TheaterGroup,The Chaika,https://thechaika.com/,ru,TheaterEvent,«Я в порядке!»: комедия русскоязычного театра The Chaika в Teatar 78,Ya v poryadke! (I'm Fine!): a Russian-language comedy by The Chaika theatre at Teatar 78,Ja v porjadke! (Dobro sam!): komedija ruskog teatra The Chaika u Teatru 78,https://raw.githubusercontent.com/newsgl/arsposters/main/2149-JaVPorjadkeDobroSamKomedija.webp,,Theatre,"Трое мужчин за тридцать уверены, что у них всё в порядке: один четырежды разведён, второй девять лет один, третий всю жизнь живёт для других. Комедия Евгения Морозова, играют Евгений Морозов, Алексей Дедоборщ и Егор Морозов. 28 октября в 20:00, 1 час 40 минут, 16+, билет 2500 динаров. На русском языке.","Three men over thirty insist they are fine: one has divorced four times, another has been alone for nine years, the third has spent his life living for others. A comedy written and directed by Evgeny Morozov, with Evgeny Morozov, Alexey Dedoborsch and Egor Morozov. 28 October at 20:00, 1 h 40 min, 16+, tickets 2500 dinars. In Russian.","Trojica muškaraca posle tridesete tvrde da su sasvim dobro: jedan se razveo četiri puta, drugi je devet godina sam, treći ceo život živi za druge. Komedija Jevgenija Morozova, igraju Jevgenij Morozov, Aleksej Dedoboršč i Jegor Morozov. 28. oktobar u 20.00, 1 sat i 40 minuta, 16+, karta 2500 dinara. Na ruskom jeziku.","Исходные данные: трое мужчин, всем за тридцать. **Мужчина А** недавно развёлся в четвёртый раз и искренне уверен, что дело не в нём, просто с бывшими не повезло. **Мужчина Б** не выносит слово «нежность»: девять лет один после одиннадцати неудачных попыток. **Мужчина В** удобный, тихий, живёт для других и к сорока годам так и не начал жить для себя. Вопрос спектакля простой: правда ли у них всё в порядке, как они сами утверждают?

Автор и режиссёр **Евгений Морозов** сам выходит на сцену вместе с Алексеем Дедоборщем и Егором Морозовым. Сценография Михаила Заиканова, музыка Иннокентия Ираклионова, свет Софии Крыловой, хореография Антона Полюбова. Театр определяет жанр без оговорок: это комедия.

The Chaika: независимый профессиональный театр на русском языке, который основали выпускники ГИТИСа Алексей Дедоборщ и Егор Морозов. За первые сезоны в Европе труппа сыграла больше ста спектаклей в 26 городах, от Лиссабона до Хельсинки, и в Белград приезжает не впервые. «Я в порядке!» едет по маршруту Амстердам, Любляна, Белград, Нови-Сад.

Длительность 1 час 40 минут. Возраст 16+.

Цена: 2500 динаров. На русском языке.","The set-up: three men, all past thirty. **Man A** has just been through his fourth divorce and is sincerely convinced the problem was never him, he simply had bad luck with his exes. **Man B** cannot stand the word tenderness: nine years on his own after eleven failed attempts. **Man C** is the accommodating, quiet one, living for other people and, close to forty, still not living for himself. The play asks one plain question: are they really as fine as they claim?

Writer and director **Evgeny Morozov** performs alongside Alexey Dedoborsch and Egor Morozov. Set design by Mikhail Zaikanov, music by Innokenty Iraklionov, lighting by Sofia Krylova, choreography by Anton Polyubov. The company labels the genre without hedging: a comedy.

The Chaika is an independent professional Russian-language theatre founded by GITIS graduates Alexey Dedoborsch and Egor Morozov. In its first seasons in Europe the company gave more than a hundred performances in 26 cities, from Lisbon to Helsinki, and this is not its first visit to Belgrade. I'm Fine! tours Amsterdam, Ljubljana, Belgrade and Novi Sad on this leg.

Running time 1 h 40 min. Age 16+.

Price: 2500 dinars. Performed in Russian.","Polazne činjenice: trojica muškaraca, svi posle tridesete. **Muškarac A** upravo se razveo četvrti put i iskreno veruje da problem nije u njemu, samo nije imao sreće sa bivšima. **Muškarac B** ne podnosi reč nežnost: devet godina je sam posle jedanaest neuspelih pokušaja. **Muškarac V** je zgodan za sve, tih, živi za druge i pred četrdesetu još nije počeo da živi za sebe. Pitanje predstave je jednostavno: da li su zaista dobro, kako sami tvrde?

Autor i reditelj **Jevgenij Morozov** i sam igra, uz Alekseja Dedoboršča i Jegora Morozova. Scenografija Mihail Zaikanov, muzika Inokentij Iraklionov, svetlo Sofija Krilova, koreografija Anton Poljubov. Teatar žanr određuje bez ograde: komedija.

The Chaika je nezavisni profesionalni teatar na ruskom jeziku koji su osnovali diplomci moskovskog GITIS-a Aleksej Dedoboršč i Jegor Morozov. U prvim sezonama u Evropi trupa je odigrala više od sto predstava u 26 gradova, od Lisabona do Helsinkija, a u Beograd ne dolazi prvi put. Turneja ove predstave ide kroz Amsterdam, Ljubljanu, Beograd i Novi Sad.

Trajanje 1 sat i 40 minuta. Uzrast 16+.

Cena: 2500 dinara. Na ruskom jeziku.",20:00,2500,Teatar 78,"Resavska 78, Beograd","44.801504,20.457327",https://afishamira.com/event/teatr-the-chaika-v-belgrade-komediya-ya-v-poryadke/,afishamira.com,https://polakohedonist.club/ru/events/spektakl-ya-v-poryadke-theatre-78-2026-10-28-20-00-1,The Chaika,https://thechaika.com/,,,16+,,,"театр, комедия, на русском языке, The Chaika, Teatar 78","theatre, comedy, in Russian, The Chaika, Teatar 78","pozorište, komedija, na ruskom jeziku, The Chaika, Teatar 78"
10/28/2026,10/28/2026,10/6/2026,2150,Organization,Dom omladine Beograda,https://domomladine.org/,,ScreeningEvent,Танцевальные киновечера: «Штормовая погода» (1943) с комментарием Владимира Шоята в Доме омладине,Dance Film Evenings: Stormy Weather (1943) with commentary by Vladimir Šojat at Dom omladine,Plesne filmske večeri: Olujno vreme (1943) uz komentar Vladimira Šojata u Domu omladine,https://raw.githubusercontent.com/newsgl/arsposters/main/2150-PlesneFilmskeVeceriOlujnoVreme1943.webp,,Movies,"Фрагменты голливудского мюзикла 1943 года с Линой Хорн, Биллом «Боджанглзом» Робинсоном, Кэбом Кэллоуэем и Фэтсом Уоллером, с комментарием редактора кинопрограммы Дома омладине Владимира Шоята. 28 октября в 19:00, DOB//Klub, вход свободный. На сербском языке.","Excerpts from the 1943 Hollywood musical with Lena Horne, Bill ""Bojangles"" Robinson, Cab Calloway and Fats Waller, presented with commentary by Vladimir Šojat, film programme editor at Dom omladine. 28 October at 19:00, DOB//Klub, free entry. In Serbian.","Inserti iz holivudskog mjuzikla iz 1943. godine sa Lenom Horn, Bilom „Bodžanglsom“ Robinsonom, Kebom Kelovejem i Fetsom Volerom, uz komentar urednika filmskog programa Doma omladine Vladimira Šojata. 28. oktobra u 19.00, DOB//Klub, ulaz slobodan.","В 1943 году голливудские студии выпустили два мюзикла, где все главные роли играли афроамериканские артисты: «Хижину на небесах» Винсента Миннелли и **«Штормовую погоду»** (Stormy Weather) студии 20th Century Fox. Режиссёр Эндрю Стоун. Оба фильма были первыми результатами кампании NAACP за изменение образа афроамериканцев в массовом кино, которую поддержала Элеонора Рузвельт.

В фильме снялись Лина Хорн, Билл «Боджанглз» Робинсон, Кэб Кэллоуэй, Фэтс Уоллер, Кэтрин Данэм и братья Николас. Сюжет здесь второстепенен, главное в музыкальных и танцевальных номерах. О сцене Jumpin' Jive с братьями Николас Фред Астер говорил, что это лучший танец, когда-либо снятый на плёнку. Лина Хорн стала первой афроамериканской актрисой, чей контракт с MGM исключал роли прислуги. В 2001 году фильм включён в Национальный реестр фильмов США.

Вечер устроен как разбор: избранные номера и фрагменты фильма комментирует **Владимир Шоят**, редактор кинопрограммы Дома омладине. Это часть цикла «Танцевальные киновечера» о мюзиклах и степе золотого века Голливуда.

Вход свободный. На сербском языке. Организатор: Dom omladine Beograda.","In 1943 Hollywood studios released two musicals with all-Black leading casts: Vincente Minnelli's Cabin in the Sky and **Stormy Weather** from 20th Century Fox. Directed by Andrew L. Stone. Both films were the first results of an NAACP campaign to change how African Americans were portrayed in mainstream cinema, a campaign backed by Eleanor Roosevelt.

The film stars Lena Horne, Bill ""Bojangles"" Robinson, Cab Calloway, Fats Waller, Katherine Dunham and the Nicholas Brothers. The plot takes second place to the musical and dance numbers. Fred Astaire called the Jumpin' Jive sequence with the Nicholas Brothers the greatest dance number ever filmed. Lena Horne was the first African American actress whose MGM contract ruled out playing servants. In 2001 the film was added to the US National Film Registry.

The evening is built as a guided viewing: selected numbers and excerpts are introduced and commented on by **Vladimir Šojat**, film programme editor at Dom omladine. It is part of the Dance Film Evenings series on musicals and tap dance from Hollywood's golden age.

Free entry. In Serbian. Organiser: Dom omladine Beograda.","Godine 1943. holivudski studiji snimili su dva mjuzikla u kojima su sve glavne uloge tumačili afroamerički umetnici: Koliba na nebu Vinsenta Minelija i **Olujno vreme** (Stormy Weather) studija 20th Century Fox. Režirao ga je Endru Stoun. Oba filma bila su prvi rezultati kampanje NAACP za promenu načina na koji se Afroamerikanci prikazuju u mejnstrim filmu, koju je podržala i Eleonor Ruzvelt.

U filmu nastupaju Lena Horn, Bil „Bodžangls“ Robinson, Keb Kelovej, Fets Voler, Ketrin Danam i braća Nikolas. Priča je u drugom planu, a težište je na muzičkim i plesnim numerama. Za scenu Jumpin' Jive sa braćom Nikolas Fred Aster je rekao da je to najbolji ples ikad snimljen. Lena Horn je prva afroamerička glumica čiji je ugovor sa MGM-om isključivao uloge služavki. Film je 2001. uvršten u Nacionalni filmski registar SAD.

Veče je zamišljeno kao vođeno gledanje: izabrane numere i inserte komentariše **Vladimir Šojat**, urednik filmskog programa Doma omladine. Veče je deo ciklusa „Plesne filmske večeri“ o mjuziklima i stepu zlatnog doba Holivuda.

Ulaz slobodan. Organizator: Dom omladine Beograda.",19:00,0,Dom omladine Beograda,"Makedonska 22, Beograd","44.815407,20.462793",https://domomladine.org/filmovi/plesne-filmske-veceri-olujno-vreme/,domomladine.org,https://efinity.rs/,Dom omladine Beograda,https://domomladine.org/,,,,,,"кино, Дом омладине, мюзикл, классика Голливуда, танец, Лина Хорн","cinema, Dom omladine, musical, classic Hollywood, dance, Lena Horne","film, Dom omladine, mjuzikl, klasični Holivud, ples, Lena Horn"
10/28/2026,10/28/2026,10/6/2026,2151,Person,Branko Simonović,https://palatanauke.rs/,,EducationEvent,«Плутон: (де)гуманизация камня»: лекция Бранко Симоновича в Палате науки,"Pluton: (de)Humanizacija kamena, Branko Simonović's lecture on Pluto at Palata nauke","Pluton: (de)Humanizacija kamena, predavanje Branka Simonovića u Palati nauke",https://raw.githubusercontent.com/newsgl/arsposters/main/2151-PlutonDeHumanizacijaKamenaPredavanjeBran.webp,,Lectures,"Популяризатор астрономии Бранко Симонович рассказывает, как Плутон прошёл путь от девятой планеты до карликовой и почему его «понижение» в 2006 году до сих пор обсуждают как обиду, нанесённую живому существу. 28 октября в 17:00, зал «Реч» на четвёртом этаже Палаты науки. Вход свободный, регистрация не нужна. На сербском языке.","Astronomy populariser Branko Simonović traces Pluto's path from ninth planet to dwarf planet and asks why its 2006 demotion is still talked about as an injustice done to a living being. 28 October at 17:00, Reč hall on the fourth floor of Palata nauke. Free entry, no registration. In Serbian.","Popularizator astronomije Branko Simonović prati put Plutona od devete planete do patuljaste i pita zašto se o njegovom „degradiranju“ 2006. i danas govori kao o nepravdi nanetoj živom biću. 28. oktobar u 17.00, sala Reč na četvrtom spratu Palate nauke. Ulaz slobodan, prijava nije potrebna.","Плутон открыли в 1930 году, и уже тогда было видно, что он не похож на остальные планеты Солнечной системы. Тем не менее почти семь десятилетий он числился девятой планетой, пока открытия похожих на него объектов на окраинах системы не заставили астрономов заново ответить на вопрос, что вообще делает небесное тело планетой.

В 2006 году Международный астрономический союз отнёс Плутон к карликовым планетам. Решение, принятое в русле современной планетологии, встретило неожиданно резкое сопротивление части научного сообщества и широкой публики. Двадцать лет спустя вопрос о «статусе» Плутона собираются поднять снова.

**Бранко Симонович**, популяризатор астрономии, разберёт историю открытия и задаст вопрос, вынесенный в название: почему о переклассификации ледяного карлика в поясе Койпера говорят тем же языком, каким описывают несправедливость по отношению к живому существу, и почему нам порой проще очеловечить астрономическое тело, чем принять его научную классификацию.

Место: Палата науки, зал «Реч», четвёртый этаж. Лекция на сербском языке.

Вход свободный, регистрация не нужна.

Организатор: Палата науки.","Pluto was discovered in 1930, and even then it was clear that it did not share the traits of the other planets of the Solar System. It nevertheless held the position of ninth planet for almost seven decades, until the discovery of similar objects in the outer reaches of the system forced astronomers to reconsider what actually makes a celestial body a planet.

In 2006 the International Astronomical Union classed Pluto as a dwarf planet. The decision, in line with modern planetary science, met with unexpectedly strong resistance from part of the scientific community and from the public. Twenty years on, the question of Pluto's status is due to be reopened.

**Branko Simonović**, an astronomy populariser, goes through the history of the discovery and asks the question in the lecture's title: why is the reclassification of an icy dwarf in the Kuiper belt discussed in the language we would use for an injustice done to a living being, and why is it sometimes easier for us to humanise an astronomical body than to accept its scientific classification?

Venue: Palata nauke, Reč hall, fourth floor. The lecture is in Serbian.

Free entry, no registration required.

Organiser: Palata nauke.","Od dana kada je otkriven 1930. godine bilo je jasno da Pluton ne deli osobine sa ostalim planetama Sunčevog sistema. Ipak, gotovo sedam decenija zauzimao je mesto devete planete, sve dok otkrića sličnih objekata u spoljašnjim delovima sistema nisu naterala astronome da ponovo odgovore na pitanje šta jedno nebesko telo uopšte čini planetom.

Godine 2006. Međunarodna astronomska unija svrstala je Pluton u patuljaste planete. Odluka, doneta u skladu sa savremenim planetološkim saznanjima, izazvala je neočekivano jak otpor dela naučne zajednice i javnosti. Dvadeset godina kasnije najavljuje se ponovno otvaranje pitanja „statusa“ Plutona.

**Branko Simonović**, popularizator astronomije, proći će kroz istoriju otkrića i postaviti pitanje iz naslova: zašto se o preimenovanju ledenog patuljka u Kajperovom pojasu govori jezikom kakvim bismo opisali nepravdu nanetu živom biću i zašto nam je ponekad lakše da humanizujemo astronomska tela nego da prihvatimo njihovu naučnu klasifikaciju.

Mesto: Palata nauke, sala Reč, četvrti sprat.

Ulaz slobodan, prijava nije potrebna.

Organizator: Palata nauke.",17:00,0,Palata nauke,"Kralja Milana 11, Beograd","44.808340,20.463766",https://palatanauke.rs/dogadjaji/kosmodelo-price-o-razvoju-astronautskih-odela-2/,palatanauke.rs,,Palata nauke,https://palatanauke.rs/,,,,,,"лекция, астрономия, Плутон, Палата науки, Бранко Симонович","lecture, astronomy, Pluto, Palata nauke, Branko Simonović","predavanje, astronomija, Pluton, Palata nauke, Branko Simonović"
10/29/2026,10/29/2026,10/6/2026,2152,Organization,Dom omladine Beograda,https://domomladine.org/,,EducationEvent,«Творец и математика: почему мир математически постижим?»: дискуссия в Доме молодёжи,Tvorac i matematika: a panel on why the world is mathematically intelligible at Dom omladine,Tvorac i matematika: zašto je svet matematički razumljiv? Diskusioni panel u Domu omladine,https://raw.githubusercontent.com/newsgl/arsposters/main/2152-TvoracIMatematikaZastoJeSvet.webp,,Lectures,"Математика, философия и богословие в одном разговоре: почему природу удаётся описать языком математики, и выдумка ли это человеческого ума или открытие структур, существующих независимо от нас. Цикл трибун «Диалог…» Миссионерского отделения Белградско-Карловацкой архиепископии. 29 октября в 19:00, клуб Дома молодёжи. На сербском языке.","Mathematics, philosophy and theology in one conversation: why can nature be described in the language of mathematics, and is that language a human invention or the discovery of structures that exist independently of us? Part of the Dijalog… series run by the Missionary Department of the Archdiocese of Belgrade and Karlovci. 29 October at 19:00, DOB Klub. In Serbian.","Matematika, filozofija i teologija u jednom razgovoru: zašto se priroda može opisati matematičkim jezikom i da li je matematika tvorevina ljudskog uma ili otkrivamo strukture koje postoje nezavisno od nas. Ciklus tribina „Dijalog…“ Misionarskog odeljenja Arhiepiskopije beogradsko-karlovačke. 29. oktobar u 19.00, DOB Klub.","От движения небесных тел до структуры материи и законов современной физики: природа поддаётся описанию на языке математики. Панель в клубе Дома молодёжи начинается с вопроса, почему это вообще так и почему человеческий ум способен эту упорядоченность обнаруживать.

Отсюда следующие вопросы. Математика создана людьми, или мы открываем структуры, существующие независимо от нас? Почему абстрактные идеи так точно описывают физическую реальность? И может ли математическая постижимость космоса быть поводом для разговора о Логосе и Творце?

Встреча входит в цикл трибун **«Диалог…»**, который Отдел диалога в публичной сфере Миссионерского отделения Белградско-Карловацкой архиепископии ведёт вместе с Домом молодёжи. Цикл исходит из православного богословского опыта, но строится как разговор с наукой, философией и современной культурой. Среди заявленных тем цикла: тело и технологии, экологический кризис, истина в эпоху постправды, искусственный интеллект, культурное наследие.

Место: Дом молодёжи Белграда, клуб (DOB//Klub). На сербском языке.

Организатор: Миссионерское отделение Белградско-Карловацкой архиепископии и Дом молодёжи Белграда.","From the motion of celestial bodies to the structure of matter and the laws of modern physics, nature can be described in the language of mathematics. The panel at DOB Klub starts from the question of why that is so, and why the human mind is able to detect that order.

Further questions follow. Is mathematics a human creation, or do we discover structures that exist independently of us? Why do abstract ideas describe physical reality so precisely? And can the mathematical intelligibility of the cosmos be a reason to talk about the Logos and the Creator?

The evening is part of the **Dijalog…** series of public discussions, run by the Department for Dialogue in the Public Sphere of the Missionary Department of the Archdiocese of Belgrade and Karlovci together with Dom omladine. The series starts from Orthodox theology but is built as a conversation with science, philosophy and contemporary culture. Announced topics include the body and technology, the ecological crisis, post-truth and artificial intelligence.

Venue: Dom omladine Beograda, DOB//Klub. The discussion is in Serbian.

Organiser: Missionary Department of the Archdiocese of Belgrade and Karlovci and Dom omladine Beograda.","Od kretanja nebeskih tela do strukture materije i zakona savremene fizike: priroda se može opisati matematičkim jezikom. Panel u DOB Klubu polazi od pitanja zašto je to uopšte tako i zašto je ljudski um sposoban da tu uređenost otkriva.

Odatle slede nova pitanja. Da li je matematika tvorevina ljudskog uma ili otkrivamo strukture koje postoje nezavisno od nas? Zašto apstraktne ideje tako precizno opisuju fizičku stvarnost? I može li matematička razumljivost kosmosa biti povod za razgovor o Logosu i Tvorcu?

Veče je deo ciklusa tribina **„Dijalog…“** koji Odsek za dijalog u javnoj sferi Misionarskog odeljenja Arhiepiskopije beogradsko-karlovačke vodi zajedno sa Domom omladine. Ciklus polazi od pravoslavnog bogoslovskog iskustva, ali je zamišljen kao razgovor sa naukom, filozofijom i savremenom kulturom. Među najavljenim temama su telo i tehnologija, ekološka kriza, istina u doba post-istine, veštačka inteligencija i kulturno nasleđe.

Mesto: Dom omladine Beograda, DOB//Klub.

Organizator: Misionarsko odeljenje Arhiepiskopije beogradsko-karlovačke i Dom omladine Beograda.",19:00,,Dom omladine Beograda,"Makedonska 22, Beograd","44.815407,20.462793",https://domomladine.org/debate/diskusioni-panel-tvorac-i-matematika-zasto-je-svet-matematicki-razumljiv/,domomladine.org,https://efinity.rs/,Misionarsko odeljenje Arhiepiskopije beogradsko-karlovačke i Dom omladine Beograda,https://domomladine.org/,,,,,,"дискуссия, математика, философия, богословие, Дом молодёжи","panel discussion, mathematics, philosophy, theology, Dom omladine","tribina, matematika, filozofija, teologija, Dom omladine"
10/30/2026,10/30/2026,10/6/2026,2154,PerformingGroup,From The Heart,https://kcgrad.rs/,,MusicEvent,From The Heart: хеллоуинская вечеринка в КЦ Град,From The Heart: Halloween party at KC Grad,From The Heart: Halloween žurka u KC Gradu,https://raw.githubusercontent.com/newsgl/arsposters/main/2154-FromTheHeartHalloweenZurkaU.webp,,Concerts,Вечеринка From The Heart возвращается в КЦ Град с хеллоуинским выпуском: DJ-сет до утра в бывшем складе на берегу Савы. 30 октября в 22:00. Состав диджеев и цена входа пока не объявлены; на прошлых выпусках билеты продавались только на входе.,The From The Heart party returns to KC Grad with a Halloween edition: a DJ set until the small hours in the former warehouse on the Sava. 30 October at 22:00. The DJ line-up and entry price have not been announced yet; at past editions tickets were sold only at the door.,Žurka From The Heart vraća se u KC Grad sa Halloween izdanjem: DJ set do jutra u nekadašnjem skladištu na obali Save. 30. oktobar u 22.00. Postava i cena ulaza još nisu objavljene; na prethodnim izdanjima karte su se prodavale samo na ulazu.,"From The Heart это серия вечеринок, которая регулярно проходит в **КЦ Град** в Савамале. Формат простой: диджеи за пультом с десяти вечера и до закрытия, зал бывшего склада 1884 года на берегу Савы и публика, которая приходит танцевать, а не стоять у бара.

Осенний выпуск приурочен к Хеллоуину, так что костюм лишним не будет. На летнем выпуске 2025 года за пультом стояла Вида Петрович, известная по вечеринкам MaiTai, а дебютировала Миа Цвет. Кто играет на хеллоуинском сете, организатор пока не объявил.

Билеты на прошлых выпусках продавались только на входе: 600 динаров до полуночи и 800 после. Цену на этот раз стоит уточнить у площадки.

Место: КЦ Град, Браће Крсмановић 4.","From The Heart is a party series that runs regularly at **KC Grad** in Savamala. The format is simple: DJs behind the decks from ten in the evening until closing, the hall of a former 1884 warehouse on the bank of the Sava, and a crowd that comes to dance rather than stand at the bar.

The autumn edition falls on Halloween weekend, so a costume will not be out of place. At the summer 2025 edition Vida Petrović, known from the MaiTai parties, headlined and Mia Cvet made her debut. Who plays the Halloween set has not been announced yet.

At past editions tickets were sold only at the door: 600 dinars before midnight and 800 after. Check the price for this edition with the venue.

Venue: KC Grad, Braće Krsmanović 4.","From The Heart je serija žurki koja se redovno održava u **KC Gradu** u Savamali. Format je jednostavan: didžejevi za pultom od deset uveče do zatvaranja, hala nekadašnjeg skladišta iz 1884. na obali Save i publika koja dolazi da igra, a ne da stoji za šankom.

Jesenje izdanje pada uz Noć veštica, pa kostim neće biti višak. Na letnjem izdanju 2025. za pultom je bila Vida Petrović, poznata sa MaiTai žurki, a debitovala je Mia Cvet. Ko pušta na Halloween izdanju još nije objavljeno.

Karte su se na prethodnim izdanjima prodavale samo na ulazu: 600 dinara do ponoći i 800 posle. Cenu ovog puta vredi proveriti kod prostora.

Mesto: KC Grad, Braće Krsmanović 4.",22:00,,KC Grad,"Braće Krsmanović 4, Beograd","44.814317,20.450415",https://kcgrad.rs/calendar/,kcgrad.rs,,KC Grad,https://kcgrad.rs/,,,,,,"вечеринка, DJ-сет, Хеллоуин, КЦ Град, Савамала","party, DJ set, Halloween, KC Grad, Savamala","žurka, DJ set, Noć veštica, KC Grad, Savamala"
10/30/2026,10/30/2026,10/6/2026,2155,PerformingGroup,Svetlost Varietea,https://lavariete.rs/,,TheaterEvent,«Худший лучший кабаре» Svetlost Varietea: выпуск «Izbiračice» в La Variété,"Svetlost Varietea, the worst best cabaret: the Izbiračice edition at La Variété",Najgori najbolji kabare Svetlost Varietea: izdanje Izbiračice u La Variétéu,https://raw.githubusercontent.com/newsgl/arsposters/main/2155-NajgoriNajboljiKabareSvetlostVarieteaIzd.webp,,Theatre,"Кабаре, в котором актёрская игра, музыка и движение сталкиваются на границе сцены и зала: без лишних правил, с долей дерзости и сюрпризами. Новый выпуск называется «Izbiračice». 30 октября в 21:00, около двух с половиной часов, билеты от 4200 динаров. На сербском языке.","A cabaret where acting, music and movement collide right on the line between stage and audience: few rules, a dose of cheek and surprises. The new edition is titled Izbiračice. 30 October at 21:00, about two and a half hours, tickets from 4200 dinars. In Serbian.","Kabare u kom se gluma, muzika i pokret sudaraju na granici scene i publike: bez mnogo pravila, sa dozom drskosti i iznenađenja. Novo izdanje zove se Izbiračice. 30. oktobar u 21.00, oko dva i po sata, karte od 4200 dinara.","Сами авторы называют его «худшим лучшим кабаре», и это название программа **Svetlost Varietea** носит с гордостью. Площадка, **La Variété** на Французской улице, работает как кабаре-клуб: небольшой зал, живая музыка, коктейли и сцена на расстоянии вытянутой руки от столиков.

Выпуск, который возвращается на эту сцену в октябре, называется **«Izbiračice»**, то есть «привередницы». Формат остаётся прежним: актёрские номера, песни и пластика перемешаны так, что самое интересное происходит на границе между исполнителями и публикой. Организаторы предупреждают, что из безопасного угла этот вечер не посмотреть, а что именно случится дальше, зритель до конца не знает.

Практическая сторона: количество мест ограничено, рассадка за столиками, после покупки билета организаторы просят написать им, чтобы закрепить места. Вечер длится около двух с половиной часов.

Цена: от 4200 динаров (билет с набором 5000). Организатор: UGS PRO Music Promoting. На сербском языке.","Its makers call it the worst best cabaret, and **Svetlost Varietea** wears the label with pride. The venue, **La Variété** on Francuska street, runs as a cabaret club: a small room, live music, cocktails and a stage within arm's reach of the tables.

The edition returning to this stage in October is titled **Izbiračice**, roughly The Picky Ones. The format stays the same: acting sketches, songs and movement mixed so that the most interesting things happen on the line between performers and audience. The organisers warn that this is not an evening to watch from a safe corner, and what comes next is never quite certain.

Practical notes: seating is limited and at tables; after buying tickets you are asked to contact the organisers to arrange your seats. The evening runs about two and a half hours.

Price: from 4200 dinars (bundle ticket 5000). Organiser: UGS PRO Music Promoting. In Serbian.","Sami autori zovu ga najgorim najboljim kabareom i **Svetlost Varietea** taj naziv nosi s ponosom. Mesto, **La Variété** u Francuskoj ulici, radi kao kabare klub: mala sala, muzika uživo, kokteli i scena na dohvat ruke od stolova.

Izdanje koje se u oktobru vraća na ovu scenu zove se **Izbiračice**. Format ostaje isti: glumačke numere, pesme i pokret pomešani tako da se ono najzanimljivije dešava na granici između izvođača i publike. Organizatori upozoravaju da se ovo veče ne gleda iz bezbednog ugla, a šta sledi, gledalac do kraja ne zna.

Praktično: broj mesta je ograničen, sedi se za stolovima, a posle kupovine karata treba im se javiti radi rasporeda sedenja. Veče traje oko dva i po sata.

Cena: od 4200 dinara (bundle karta 5000). Organizator: UGS PRO Music Promoting.",21:00,4200,La Variété,"Francuska 6, 11000 Beograd","44.817685,20.462877",https://cooltix.rs/event/6abf7a028fd20ff74aec534c,cooltix.rs,https://cooltix.rs/event/6abf7a028fd20ff74aec534c,UGS PRO Music Promoting,https://lavariete.rs/,,,,,,"театр, кабаре, La Variété, Svetlost Varietea, вечеринка","theatre, cabaret, La Variété, Svetlost Varietea, night out","pozorište, kabare, La Variété, Svetlost Varietea, izlazak"
10/31/2026,10/31/2026,10/6/2026,2156,PerformingGroup,Huba Buba Party,https://www.facebook.com/hubabubaparty/,,MusicEvent,"Huba Buba: вечеринка хитов 80-х, 90-х и 2000-х в КЦ Град","Huba Buba: 80s, 90s and 2000s hits party at KC Grad","Huba Buba: žurka hitova 80-ih, 90-ih i 2000-ih u KC Gradu",https://raw.githubusercontent.com/newsgl/arsposters/main/2156-HubaBubaZurkaHitova80Ih.webp,,Concerts,"Вечеринка из Нови-Сада, на которой жуют Hubba Bubba и танцуют под музыку детства: от ABBA и Queen до Бритни Спирс, 50 Cent и Linkin Park. За пультом DJ Beathoven, жвачку и стикеры выдают на входе. 31 октября в 22:00, КЦ Град. Цена входа пока не объявлена.","A party from Novi Sad where you chew Hubba Bubba and dance to the music of your childhood: from ABBA and Queen to Britney Spears, 50 Cent and Linkin Park. DJ Beathoven behind the decks, gum and stickers handed out at the door. 31 October at 22:00, KC Grad. Entry price not announced yet.","Žurka iz Novog Sada na kojoj se žvaće Hubba Bubba i igra uz muziku detinjstva: od ABBA-e i Queena do Britni Spirs, 50 Centa i Linkin Parka. Za pultom DJ Beathoven, žvake i stikeri dele se na ulazu. 31. oktobar u 22.00, KC Grad. Cena ulaza još nije objavljena.","Идея **Huba Buba** умещается в одну фразу: жевать Hubba Bubba и слушать музыку, под которую ты рос. Вечеринку придумал нови-садский **DJ Beathoven**, и в Нови-Саде она быстро стала заполнять залы на тысячу с лишним человек, после чего добралась до Белграда: первый белградский выпуск прошёл на Zappa Barka в декабре 2022 года.

Плейлист не прячет своих вкусов. Хиты 80-х, 90-х и 2000-х без разбора по жанрам: ABBA, Queen, Madonna, Michael Jackson, Britney Spears, Avril Lavigne, 50 Cent, Eminem, Linkin Park, Lady Gaga. Поп, рок, рэп и диско в одном сете, и чем неожиданнее переход, тем лучше.

На входе каждому дают жвачку Hubba Bubba и стикер ограниченной серии, сделанный под конкретный выпуск. На прошлых вечеринках вёлся и «мемориальный альбом», где гости оставляли записи.

В КЦ Град вечеринка приходит в субботу, которая совпадает с Хеллоуином, так что костюмы будут уместны. Цену входа организатор пока не объявил: на нови-садских выпусках она была в районе 600 динаров.

Место: КЦ Град, Браће Крсмановић 4.","The idea of **Huba Buba** fits in one sentence: chew Hubba Bubba and listen to the music you grew up with. The party was started by Novi Sad's **DJ Beathoven**, quickly began filling venues of a thousand and more in Novi Sad, and then reached Belgrade: the first Belgrade edition took place at Zappa Barka in December 2022.

The playlist does not hide its tastes. Hits of the 80s, 90s and 2000s with no regard for genre: ABBA, Queen, Madonna, Michael Jackson, Britney Spears, Avril Lavigne, 50 Cent, Eminem, Linkin Park, Lady Gaga. Pop, rock, rap and disco in one set, and the more unexpected the transition, the better.

At the door everyone gets a piece of Hubba Bubba and a limited edition sticker made for that particular edition. Past parties also kept a memorial book in which guests left their notes.

The party arrives at KC Grad on a Saturday that happens to be Halloween, so costumes will fit right in. The entry price has not been announced yet: at the Novi Sad editions it was around 600 dinars.

Venue: KC Grad, Braće Krsmanović 4.","Ideja **Huba Bube** staje u jednu rečenicu: žvakati Hubba Bubbu i slušati muziku uz koju si odrastao. Žurku je pokrenuo novosadski **DJ Beathoven**, u Novom Sadu je brzo počela da puni prostore sa više od hiljadu ljudi, a onda je stigla i u Beograd: prvo beogradsko izdanje održano je na Zappa Barci u decembru 2022.

Plejlista ne krije ukus. Hitovi 80-ih, 90-ih i 2000-ih bez obzira na žanr: ABBA, Queen, Madonna, Majkl Džekson, Britni Spirs, Avril Lavinj, 50 Cent, Eminem, Linkin Park, Lejdi Gaga. Pop, rok, rep i disko u jednom setu, i što je prelaz neočekivaniji, to bolje.

Na ulazu svako dobija Hubba Bubba žvaku i stiker iz limitirane serije napravljen za to izdanje. Na prethodnim žurkama vodila se i „memorijalna knjiga“ u koju su gosti ostavljali zapise.

U KC Grad žurka stiže u subotu koja se poklapa sa Noći veštica, pa će kostimi biti sasvim na mestu. Cenu ulaza organizator još nije objavio: na novosadskim izdanjima bila je oko 600 dinara.

Mesto: KC Grad, Braće Krsmanović 4.",22:00,,KC Grad,"Braće Krsmanović 4, Beograd","44.814317,20.450415",https://kcgrad.rs/calendar/,kcgrad.rs,,Huba Buba Party,https://www.facebook.com/hubabubaparty/,,,,,,"вечеринка, DJ-сет, хиты 90-х, ностальгия, КЦ Град","party, DJ set, 90s hits, nostalgia, KC Grad","žurka, DJ set, hitovi 90-ih, nostalgija, KC Grad"
10/31/2026,10/31/2026,10/6/2026,2157,Organization,UGS PRO Music Promoting,https://cooltix.rs/event/6abf7b26e55c317c3be5a07d,,MusicEvent,Thriller Night: хэллоуин-вечеринка с хитами Майкла Джексона в La Variété,Thriller Night: a Halloween party on Michael Jackson’s hits at La Variété,Thriller Night: Halloween žurka uz hitove Majkla Džeksona u La Variété,https://raw.githubusercontent.com/newsgl/arsposters/main/2157-ThrillerNightHalloweenZurkaUzHitove.webp,,Concerts,"Раз в году можно быть кем угодно. 31 октября клуб La Variété на Французской превращается в танцпол King of Pop Night: «Billie Jean», «Beat It», «Smooth Criminal» и, конечно, «Thriller», плюс танцоры, хореографии и сюрпризы. Костюмы желательны, но не обязательны. 22:00, билет 1300 динаров.","Once a year you can be anyone. On 31 October the club La Variété in Francuska street turns into the King of Pop Night dancefloor: «Billie Jean», «Beat It», «Smooth Criminal» and, naturally, «Thriller», with dancers, choreographies and surprises. Costumes welcome but not required. 22:00, ticket 1300 dinars.","Jednom godišnje možete biti bilo ko. 31. oktobra klub La Variété u Francuskoj postaje plesni podijum King of Pop Night: «Billie Jean», «Beat It», «Smooth Criminal» i, naravno, «Thriller», uz plesače, koreografije i iznenađenja. Maske i kostimi poželjni, ali nisu obavezni. 22.00, karta 1300 dinara.","Хэллоуин в Белграде давно перестал быть экзотикой, но тематических вечеринок с внятной идеей всё ещё немного. Здесь идея простая: один вечер, один танцпол и музыка **Майкла Джексона**, которая десятилетиями не даёт стоять на месте.

В плейлисте всё, что ждёшь от King of Pop Night: «Billie Jean», «Beat It», «Bad», «Smooth Criminal», «Black or White» и «Thriller», без которой Хэллоуин не считается. Организаторы обещают танцоров, хореографии и сюрпризы; что именно, не раскрывают.

Дресс-код свободный: маски и костюмы приветствуются, но правил нет. Для тех, кого Хэллоуин застал без костюма, обещан запасной план на месте.

**La Variété** находится на Французской 6, у самой Скадарлии. Вечеринка идёт с 22:00 до 02:00.

Цена: 1300 динаров; ранние билеты продавались до 10 октября.

Организатор: UGS PRO Music Promoting.","Halloween in Belgrade stopped being exotic a while ago, but themed parties with a clear idea are still rare. This one keeps it simple: one night, one dancefloor and the music of **Michael Jackson**, which has refused to let anyone stand still for decades.

The playlist holds everything a King of Pop Night implies: «Billie Jean», «Beat It», «Bad», «Smooth Criminal», «Black or White» and «Thriller», without which Halloween does not count. The organisers promise dancers, choreographies and surprises, without saying which.

Dress code is open: masks and costumes are welcome, but there are no rules. For anyone caught without a costume, a backup plan is promised on site.

**La Variété** sits at Francuska 6, right by Skadarlija. The party runs from 22:00 to 02:00.

Price: 1300 dinars; early bird tickets were on sale until 10 October.

Organiser: UGS PRO Music Promoting.","Noć veštica u Beogradu odavno nije egzotika, ali tematskih žurki sa jasnom idejom još uvek je malo. Ovde je ideja jednostavna: jedno veče, jedan plesni podijum i muzika **Majkla Džeksona**, koja decenijama ne dozvoljava da se stoji mirno.

Na plejlisti je sve što King of Pop Night podrazumeva: «Billie Jean», «Beat It», «Bad», «Smooth Criminal», «Black or White» i «Thriller», bez koje Halloween ne važi. Organizatori najavljuju plesače, koreografije i iznenađenja, a koja tačno, ne otkrivaju.

Dres kod je slobodan: maske i kostimi su poželjni, ali pravila nema. Za one koje Halloween zatekne bez kostima, obećan je rezervni plan na licu mesta.

**La Variété** se nalazi u Francuskoj 6, uz samu Skadarliju. Žurka traje od 22.00 do 02.00.

Cena: 1300 dinara; early bird karte su bile u prodaji do 10. oktobra.

Organizator: UGS PRO Music Promoting.",22:00,1300,La Variété,"Francuska 6, 11000 Beograd","44.817685,20.462877",https://cooltix.rs/event/6abf7b26e55c317c3be5a07d,cooltix.rs,https://cooltix.rs/event/6abf7b26e55c317c3be5a07d,UGS PRO Music Promoting,https://cooltix.rs/event/6abf7b26e55c317c3be5a07d,,,,,,"вечеринка, Хэллоуин, Майкл Джексон, La Variété, танцы","party, Halloween, Michael Jackson, La Variété, dance","žurka, Noć veštica, Majkl Džekson, La Variété, ples"
10/31/2026,10/31/2026,10/6/2026,2158,Organization,Tech Talks Belgrade,https://www.meetup.com/tech-talks-belgrade/,,EducationEvent,"Tech Talks 5: как ИИ меняет продуктовую разработку, митап в Urban Office","Tech Talks 5: how AI is changing product development, a meetup at Urban Office","Tech Talks 5: kako AI menja razvoj proizvoda, meetup u Urban Officeu",https://raw.githubusercontent.com/newsgl/arsposters/main/2158-TechTalks5KakoAIMenja.webp,,Lectures,"Пятый митап Tech Talks Belgrade, который проводит команда Navixy: три доклада о том, как ИИ меняет размер команд, зачем документация нужна агентам и как сделать агентные процессы дешевле. Для разработчиков, тимлидов и продакт-менеджеров. 31 октября в 12:00, Urban Office, пятый этаж. На русском языке с живым переводом через приложение. Участие 9 долларов (около 1000 динаров) по ранней регистрации.","The fifth Tech Talks Belgrade meetup, hosted by the Navixy team: three talks on how AI changes team size, why documentation matters for AI agents and how to make agentic workflows cheaper. For developers, tech leads and product managers. 31 October at 12:00, Urban Office, fifth floor. Talks in Russian with live translation via an app. Participation 9 dollars (about 1000 dinars) at the early registration rate.","Peti meetup Tech Talks Belgrade, koji organizuje tim Navixy: tri predavanja o tome kako AI menja veličinu timova, zašto je dokumentacija važna za AI agente i kako agentske procese učiniti jeftinijim. Za developere, tim lidove i produkt menadžere. 31. oktobar u 12.00, Urban Office, peti sprat. Na ruskom jeziku uz prevod uživo preko aplikacije. Kotizacija 9 dolara (oko 1000 dinara) po ranoj prijavi.","**Tech Talks Belgrade** это серия митапов для разработчиков, основателей и всех, кто делает продукты в технологической сфере. Пятую встречу проводит команда **Navixy**, и на этот раз тема одна: как искусственный интеллект на практике меняет продуктовую разработку, от структуры команды и документации до архитектуры агентов и стоимости их работы.

Три доклада:

Маленькие команды, большой рычаг. Почему ИИ меняет представление об оптимальном размере команды, что стоит автоматизировать и как небольшой команде наращивать выпуск, не увеличивая штат пропорционально.

Документация как инфраструктура для ИИ. Документация как слой знаний для поиска, ИИ-агентов и продуктовых исследований.

Как сделать ИИ-агентов дешевле. Как проектировать агентные процессы так, чтобы они расходовали меньше токенов и внешних ресурсов.

Для кого: разработчики, тимлиды, продакт-менеджеры и все, кто уже использует ИИ в работе или строит вокруг него процессы.

Доклады на русском языке, перевод в реальном времени доступен через приложение. Площадка: Urban Office, пятый этаж.

Цена: 9 долларов (около 1000 динаров) по ранней регистрации, затем дороже.

Организатор: Tech Talks Belgrade.","**Tech Talks Belgrade** is a meetup series for developers, founders and anyone building in tech. The fifth edition is hosted by the **Navixy** team, and this time there is a single theme: how artificial intelligence is changing product development in practice, from team structure and documentation to AI agent architecture and the cost of running agentic workflows.

Three talks:

Small teams, high leverage. Why AI is changing the idea of optimal team size, what should be automated, and how small teams can increase output without growing headcount proportionally.

Documentation as AI infrastructure. Documentation as a knowledge layer for search, AI agents and product discovery.

Making AI agents cheaper. How to design AI agent workflows so they use fewer tokens and external resources.

Who it is for: developers, tech leads, product managers and anyone already using AI in their daily work or building processes around it.

Talks are in Russian, with live translation available via an app. Venue: Urban Office, fifth floor.

Price: 9 dollars (about 1000 dinars) at the early registration rate, higher later.

Organiser: Tech Talks Belgrade.","**Tech Talks Belgrade** je serija meetupova za developere, osnivače i sve koji prave proizvode u tehnološkom sektoru. Peto izdanje organizuje tim **Navixy**, a ovog puta tema je jedna: kako veštačka inteligencija u praksi menja razvoj proizvoda, od strukture tima i dokumentacije do arhitekture AI agenata i cene njihovog rada.

Tri predavanja:

Mali timovi, velika poluga. Zašto AI menja predstavu o optimalnoj veličini tima, šta treba automatizovati i kako mali tim može da poveća učinak bez proporcionalnog rasta broja ljudi.

Dokumentacija kao AI infrastruktura. Dokumentacija kao sloj znanja za pretragu, AI agente i istraživanje proizvoda.

Kako AI agente učiniti jeftinijim. Kako projektovati agentske procese tako da troše manje tokena i spoljnih resursa.

Za koga: developeri, tim lidovi, produkt menadžeri i svi koji već koriste AI u svakodnevnom radu ili grade procese oko njega.

Predavanja su na ruskom jeziku, prevod uživo dostupan je preko aplikacije. Prostor: Urban Office, peti sprat.

Cena: 9 dolara (oko 1000 dinara) po ranoj prijavi, kasnije skuplje.

Organizator: Tech Talks Belgrade.",12:00,1000,Urban Office,"Kneza Mihaila 3, Beograd","44.815284,20.459431",https://www.meetup.com/tech-talks-belgrade/events/316677814/,meetup.com,https://techtalksbeo.lovable.app/,Tech Talks Belgrade,https://www.meetup.com/tech-talks-belgrade/,,,,,,"митап, искусственный интеллект, разработка, IT, Tech Talks Belgrade","meetup, artificial intelligence, software development, IT, Tech Talks Belgrade","meetup, veštačka inteligencija, razvoj softvera, IT, Tech Talks Belgrade"
10/31/2026,10/31/2026,10/6/2026,2159,TheaterGroup,Pozorište Boško Buha,https://buha.rs/,,ChildrensEvent,«Кот в сапогах»: хип-хоп-оперетта по пьесе Игора Бойовича в театре «Бошко Буха»,Mačor u čizmama: Puss in Boots as a hip hop operetta at the Boško Buha Theatre,Mačor u čizmama: hip-hop opereta po tekstu Igora Bojovića u Pozorištu Boško Buha,https://raw.githubusercontent.com/newsgl/arsposters/main/2159-MacorUCizmamaHipHopOpereta.webp,,"Kids, Theatre","Четвёртая постановка «Кота в сапогах» на сцене «Бошко Бухи» с 1951 года: режиссёр Юг Радивоевич превратил пьесу Игора Бойовича в хип-хоп, рэп и рок-оперетту на музыку Байаги и Александра Локнера. Для детей от 5 лет, 60 минут. 31 октября в 12:00, детская сцена. Билеты 800 динаров.","The fourth Puss in Boots on the Boško Buha stage since 1951: director Jug Radivojević turns Igor Bojović's play into a hip hop, rap and rock operetta with music by Bajaga and Aleksandar Lokner. For ages 5 and up, 60 minutes. 31 October at 12:00, children's stage. Tickets 800 dinars. In Serbian.","Četvrti „Mačor u čizmama“ na sceni Boška Buhe od 1951: reditelj Jug Radivojević pretvara tekst Igora Bojovića u hip-hop, rep i rok operetu uz muziku Bajage i Aleksandra Loknera. Za uzrast od 5 godina, traje 60 minuta. 31. oktobar u 12.00, Scena za decu. Karte 800 dinara.","У «Кота в сапогах» в театре **«Бошко Буха»** необычно длинная история. Впервые он вышел на эту сцену в 1951 году, потом были постановки 1978 и 1994 годов, и нынешний спектакль, премьера которого состоялась в мае 2021 года, уже четвёртое воплощение героя.

В основе текст **Игора Бойовича**, многолетнего директора театра: за эту героическую комедию он получил Стеријину награду 1995 года. Режиссёр **Юг Радивоевич** превратил знакомую сказку в разыгранную хип-хоп, рэп и рок-оперетту, где ритм и рифма становятся частью самого способа рассказывать историю.

В центре приключения сообразительный кот Фёдор, который умом, обаянием и чередой дерзких затей пытается изменить судьбу своего хозяина.

Музыку написали **Момчило Баягич Баяга** и Александар Локнер; для Баяги это была первая работа для детского спектакля. Заглавную роль играет Вукашин Йованович, в составе также Марко Павлович, Драган Петрович, Урош Йовчич, Горан Евтич, Виктор Савич, Зоран Цвиянович, Аня Павичевич, Борка Томович и Игор Дамнянович.

Спектакль рассчитан на детей от 5 лет и идёт 60 минут. На сербском языке.

Место: театр «Бошко Буха», детская сцена.

Цена: 800 динаров.","Puss in Boots has an unusually long history at the **Boško Buha Theatre**. The character first appeared on this stage in 1951, followed by productions in 1978 and 1994, and the current show, which premiered in May 2021, is already his fourth incarnation.

The text is by **Igor Bojović**, the theatre's long-time director, who received the 1995 Sterija Award for this heroic comedy. Director **Jug Radivojević** turns the familiar tale into a playful hip hop, rap and rock operetta in which rhythm and rhyme become part of the storytelling itself.

At the centre of the adventure is the resourceful cat Fjodor, who uses his wits, charm and a string of bold schemes to change his master's fortunes.

The music is by **Momčilo Bajagić Bajaga** and Aleksandar Lokner; for Bajaga it was his first score for a children's show. Vukašin Jovanović plays the title role, alongside Marko Pavlović, Dragan Petrović, Uroš Jovčić, Goran Jevtić, Viktor Savić, Zoran Cvijanović, Anja Pavićević, Borka Tomović and Igor Damnjanović.

The show is intended for ages 5 and up and runs 60 minutes. In Serbian.

Venue: Boško Buha Theatre, children's stage.

Price: 800 dinars.","„Mačor u čizmama“ u Pozorištu **Boško Buha** ima neobično dugu istoriju. Junak je na ovoj sceni prvi put zaživeo 1951, usledile su postave 1978. i 1994, a aktuelna predstava, premijerno izvedena u maju 2021, već je njegova četvrta inkarnacija.

U osnovi je tekst **Igora Bojovića**, dugogodišnjeg upravnika pozorišta, za koji je dobio Sterijinu nagradu 1995. Reditelj **Jug Radivojević** poznatu priču pretvara u razigranu hip-hop, rep i rok operetu, u kojoj ritam i stih postaju deo samog načina pripovedanja.

U središtu avanture je dovitljivi Mačor Fjodor, koji inteligencijom, šarmom i nizom smelih poduhvata pokušava da promeni sudbinu svog gospodara.

Muziku potpisuju **Momčilo Bajagić Bajaga** i Aleksandar Lokner; za Bajagu je to bio prvi susret sa komponovanjem za dečju predstavu. Naslovnu ulogu tumači Vukašin Jovanović, a igraju i Marko Pavlović, Dragan Petrović, Uroš Jovčić, Goran Jevtić, Viktor Savić, Zoran Cvijanović, Anja Pavićević, Borka Tomović i Igor Damnjanović.

Predstava je namenjena uzrastu od 5 godina i traje 60 minuta.

Mesto: Pozorište Boško Buha, Scena za decu.

Cena: 800 dinara.",12:00,800,Teatar Vuk,"Bulevar kralja Aleksandra 77a, Beograd","44.803743,20.481278",https://repertoar.rs/predstave/macor-u-cizmama/,repertoar.rs,https://buha.tickets.rs/event/macor_u_cizmama_28530,Pozorište Boško Buha,https://buha.rs/,,,5+,,,"детский спектакль, театр Бошко Буха, Кот в сапогах, Байага, Игор Бойович","children's theatre, Boško Buha Theatre, Puss in Boots, Bajaga, Igor Bojović","dečja predstava, Pozorište Boško Buha, Mačor u čizmama, Bajaga, Igor Bojović"
11/1/2026,11/1/2026,10/6/2026,2160,PerformingGroup,KUD «Nikola Tesla» GSP Beograd,https://kudnikolatesla.rs/,,MusicEvent,100 лет КУД «Никола Тесла» ГСП Београд: юбилейный концерт в mts Dvorana,100 years of KUD «Nikola Tesla» GSP Beograd: the centenary concert at mts Dvorana,100 godina KUD «Nikola Tesla» GSP Beograd: jubilarni koncert u mts Dvorani,https://raw.githubusercontent.com/newsgl/arsposters/main/2160-100GodinaKUDNikolaTeslaGSP.webp,,Concerts,"Культурно-художественное общество белградского городского транспорта, основанное в 1926 году и получившее имя с личного согласия Николы Теслы, отмечает столетие большим концертом: фольклорные ансамбли всех поколений, хор и оркестр. 1 ноября, 19:00, зал 1. По данным зала, бесплатные билеты уже разобраны.","The folk ensemble of Belgrade’s public transport company, founded in 1926 and named with Nikola Tesla’s personal consent, marks its centenary with a big concert: dance ensembles of every generation, choir and orchestra. 1 November, 19:00, Hall 1. According to the venue, the free tickets are already gone.","Kulturno-umetničko društvo beogradskog gradskog saobraćaja, osnovano 1926. i nazvano uz ličnu saglasnost Nikole Tesle, obeležava vek postojanja velikim koncertom: folklorni ansambli svih generacija, hor i orkestar. 1. novembar, 19.00, Sala 1. Prema podacima dvorane, besplatne ulaznice su već razgrabljene.","В мире больше двадцати обществ носят имя Теслы, но только у одного есть его письменное согласие. В 1926 году рабочие белградского трамвайного и осветительного управления основали певческое общество и написали изобретателю в Америку с просьбой назвать его в его честь. Через два месяца пришёл ответ с одобрением и эскизом герба: лира, пересечённая молнией. В 1934 году Тесла значился официальным покровителем общества, а в 1936-м прислал ему знамя с вышитым названием «Радничко певачко друштво Никола Тесла». Оба предмета хранятся до сих пор.

За сто лет через КУД прошли поколения танцоров, музыкантов, детей и ветеранов. Сегодня в обществе на Панчичевой 3 работают несколько фольклорных ансамблей (детский, рекреативный, ветеранский и основной состав), хор и оркестр, в репертуаре больше пятнадцати хореографий из разных краёв Сербии и Балкан.

Юбилейный концерт в mts Dvorana задуман как праздник для всех, кто любит коло, песню и традицию: на сцену выйдут все составы общества.

Билеты распространялись бесплатно; на странице зала событие помечено как «rasprodato».

Организатор: КУД «Никола Тесла» ГСП Београд.","More than twenty societies around the world carry Tesla’s name, but only one has his written consent. In 1926 workers of Belgrade’s tram and lighting authority founded a singing society and wrote to the inventor in America asking to name it after him. Two months later came his approval together with a sketch of a coat of arms: a lyre crossed by lightning. In 1934 Tesla was listed as the society’s official patron, and in 1936 he sent a banner embroidered with the name «Radničko pevačko društvo Nikola Tesla». Both are still kept.

Over a century, generations of dancers, musicians, children and veterans have passed through the ensemble. Today the society at Pančićeva 3 runs several folk dance groups (children’s, recreational, veteran and the main company), a choir and an orchestra, with more than fifteen choreographies from across Serbia and the Balkans in repertoire.

The centenary concert at mts Dvorana is conceived as a celebration for everyone who loves kolo, song and tradition: every section of the society takes the stage.

Tickets were distributed free of charge; the venue’s page now marks the event as sold out.

Organiser: KUD «Nikola Tesla» GSP Beograd.","Više od dvadeset društava u svetu nosi Teslino ime, ali samo jedno ima njegovu pisanu saglasnost. Godine 1926. radnici beogradske Uprave tramvaja i osvetljenja osnovali su pevačko društvo i pisali pronalazaču u Ameriku s molbom da ga nazovu po njemu. Posle dva meseca stigao je odgovor sa odobrenjem i skicom grba: lira presečena munjom. Godine 1934. Tesla je upisan kao zvanični pokrovitelj društva, a 1936. poslao mu je zastavu sa izvezenim nazivom «Radničko pevačko društvo Nikola Tesla». Oba predmeta se i danas čuvaju.

Za sto godina kroz KUD su prošle generacije igrača, muzičara, dece i veterana. Danas društvo u Pančićevoj 3 ima nekoliko folklornih ansambala (dečji, rekreativni, veteranski i prvi), hor i orkestar, a na repertoaru je više od petnaest koreografija iz raznih krajeva Srbije i Balkana.

Jubilarni koncert u mts Dvorani zamišljen je kao slavlje za sve koji vole kolo, pesmu i tradiciju: na scenu izlaze svi sastavi društva.

Ulaznice su deljene besplatno; na stranici dvorane događaj je označen kao rasprodat.

Organizator: KUD «Nikola Tesla» GSP Beograd.",19:00,0,mts Dvorana,"Dečanska 14, 11000 Beograd","44.813220,20.462629",https://www.mtsdvorana.rs/dogadjaj/koncert-povodom-100-godina-postojanja-kud-nikola-tesla-gsp-beograd,mtsdvorana.rs,,KUD «Nikola Tesla» GSP Beograd,https://kudnikolatesla.rs/,,,,,,"концерт, фольклор, КУД Никола Тесла, mts Dvorana, юбилей","concert, folklore, KUD Nikola Tesla, mts Dvorana, centenary","koncert, folklor, KUD Nikola Tesla, mts Dvorana, jubilej"
11/3/2026,11/3/2026,10/6/2026,2161,Person,Vladimir Aleksić,https://www.bitef.rs/,,TheaterEvent,«Частное торжество»: романтическая комедия о бывших супругах в Битеф театре,Privatna proslava: a romantic comedy about ex-spouses at Bitef Theatre,Privatna proslava: romantična komedija o bivšim supružnicima u Bitef teatru,https://raw.githubusercontent.com/newsgl/arsposters/main/2161-PrivatnaProslavaRomanticnaKomedijaOBivsi.webp,,Theatre,"Пара адвокатов зовёт на ужин своих бывших клиентов, которых когда-то разводила, и за одним столом оказываются экс-супруги. Комедия Майи Тодорович в постановке Владимира Алексича, играют Милена Васич, Урош Яковлевич, Тияна Маркович, Елисавета Орашанин и Никола Ракочевич. 3 ноября в 18:30, билет 2400 динаров. На сербском языке.","A lawyer couple invites former clients to dinner, the very people whose divorces they handled, and ex-spouses end up at one table. Maja Todorović's comedy directed by Vladimir Aleksić, with Milena Vasić, Uroš Jakovljević, Tijana Marković, Jelisaveta Orašanin and Nikola Rakočević. 3 November at 18:30, tickets 2400 dinars. In Serbian.","Bračni par advokata zove na večeru bivše klijente koje je nekad razveo, pa se za istim stolom nađu bivši supružnici. Komedija Maje Todorović u režiji Vladimira Aleksića, igraju Milena Vasić, Uroš Jakovljević, Tijana Marković, Jelisaveta Orašanin i Nikola Rakočević. 3. novembar u 18.30, karta 2400 dinara.","Приглашение на ужин, повод которого никто из гостей не знает. В элегантном ресторане их ждёт неприятный сюрприз: встреча с бывшими супругами. Хозяева вечера, семейная пара адвокатов, когда-то оформляли этим людям развод, а теперь решили помочь им наладить отношения. За одним столом снова всплывает всё, чего подпись на бумагах, как выяснилось, не решила.

Герои **Майи Тодорович** обеспечены и привыкли выглядеть успешными, поэтому им особенно трудно признаться в ревности, обиде или тоске по близости. Из попыток сохранить достоинство, пока эмоции выдают их с головой, и растёт юмор спектакля. Развод здесь оказывается началом разговора обо всём, что осталось несказанным.

Поставил комедию **Владимир Алексич**, он же выходит на сцену вместе с Миленой Васич, Урошем Яковлевичем, Тияной Маркович, Елисаветой Орашанин и Николой Ракочевичем. Сценография Драганы Миличевич и Иваны Плавец, музыка Елены Милашинович. Премьера прошла в Битеф театре в ноябре 2024 года, спектакль уже перешагнул пятидесятый показ.

Цена: 2400 динаров. На сербском языке.","A dinner invitation whose occasion none of the guests knows. In an elegant restaurant an unpleasant surprise awaits them: their ex-spouses. The hosts, a married pair of lawyers, once handled these people's divorces and have now decided to help them mend their relationships. Around one table everything resurfaces that a signature on the papers clearly did not settle.

**Maja Todorović**'s characters are well off and used to looking successful, which makes it all the harder to admit jealousy, hurt or a longing for closeness. The humour grows out of their efforts to keep their dignity while their feelings give them away. Divorce here turns out to be the start of a conversation about everything left unsaid.

**Vladimir Aleksić** directed the comedy and also performs, alongside Milena Vasić, Uroš Jakovljević, Tijana Marković, Jelisaveta Orašanin and Nikola Rakočević. Set by Dragana Milićević and Ivana Plavec, music by Jelena Milašinović. The production premiered at Bitef Theatre in November 2024 and has already passed its fiftieth performance.

Price: 2400 dinars. In Serbian.","Poziv na večeru čiji povod niko od gostiju ne zna. U elegantnom restoranu čeka ih neprijatno iznenađenje: susret sa bivšim supružnicima. Domaćini, bračni par advokata, nekada su te ljude razveli, a sada hoće da im pomognu da poprave odnose. Za istim stolom ponovo isplivava sve što potpis na papirima očigledno nije rešio.

Junaci **Maje Todorović** materijalno su obezbeđeni i navikli da deluju uspešno, pa im je utoliko teže da priznaju ljubomoru, povređenost ili želju za bliskošću. Iz nastojanja da sačuvaju dostojanstvo, dok ih emocije odaju, raste humor predstave. Razvod je ovde tek početak razgovora o svemu što je ostalo neizgovoreno.

Komediju je režirao **Vladimir Aleksić**, koji i igra, uz Milenu Vasić, Uroša Jakovljevića, Tijanu Marković, Jelisavetu Orašanin i Nikolu Rakočevića. Scenografija Dragana Milićević i Ivana Plavec, muzika Jelena Milašinović. Premijera je bila u Bitef teatru u novembru 2024, a predstava je već prešla pedeseto izvođenje.

Cena: 2400 dinara.",18:30,2400,Bitef teatar,"Skver Mire Trailović 1, Beograd","44.818174,20.468475",https://repertoar.rs/predstave/privatna-proslava/,repertoar.rs,https://bilet.bitef.rs/scena.php?prostorterminid=417,Bitef teatar,https://www.bitef.rs/,,,,,,"театр, романтическая комедия, Битеф театр, Владимир Алексич, Майя Тодорович","theatre, romantic comedy, Bitef Theatre, Vladimir Aleksić, Maja Todorović","pozorište, romantična komedija, Bitef teatar, Vladimir Aleksić, Maja Todorović"
11/6/2026,11/6/2026,10/6/2026,2162,Person,Alci,https://ra.co/dj/alci,,MusicEvent,Kult pres. Alci: минимал и хаус из Цюриха в клубе Kult,Kult pres. Alci: minimal and house from Zurich at Kult,Kult pres. Alci: minimal i haus iz Ciriha u klubu Kult,https://raw.githubusercontent.com/newsgl/arsposters/main/2162-KultPresAlciMinimalIHaus.webp,,Concerts,"Цюрихский диджей Alci, известный по Solid Grooves в DC10 и релизам на Robsoul и Apollonia, плюс Mihael Simić из той же швейцарской сцены и белградцы Branko Vuković, Nemax и Petar P. Пятница, 6 ноября, 23:00, вход до полуночи 1404 динара (12 евро), ранние билеты 1755 динаров (15 евро).","Zurich DJ Alci, known from Solid Grooves at DC10 and releases on Robsoul and Apollonia, joined by Mihael Simić from the same Swiss scene and Belgrade’s Branko Vuković, Nemax and Petar P. Friday 6 November, 23:00, entry before midnight 1404 dinars (12 euros), early bird 1755 dinars (15 euros).","Ciriški DJ Alci, poznat sa Solid Grooves žurki u DC10 i po izdanjima za Robsoul i Apollonia, uz Mihaela Simića sa iste švajcarske scene i Beograđane Branka Vukovića, Nemaxa i Petra P. Petak, 6. novembar, 23.00, ulaz do ponoći 1404 dinara (12 evra), early bird 1755 dinara (15 evra).","Пятый сезон резиденции Kult продолжается ночью, построенной на одном общем инстинкте: держать грув живым.

**Alci** родился и вырос под Цюрихом в семье с турецкими корнями. Первый релиз на Robsoul Phil Weeks вышел в 2013 году, за ним серия «Early Beginnings» из трёх частей, потом Infuse (сублейбл Fuse London), Apollonia и Meander. Его сеты ходят между свингом хауса и гипнотической детальностью минимала: глубокие басы, игривые ритмы, неожиданные переходы. Благодаря Solid Grooves в ибицком DC10 и вечеринкам No Art от ANOTR имя Alci стало привычным в самых интересных углах европейского андеграунда.

С ним из Швейцарии приезжает **Mihael Simić**, с 2010 года часть цюрихского проекта Moving Around Us. Белградскую сторону представляют Branko Vuković, Nemax и Petar P.

Пять селекторов, один небольшой зал и целая ночь. Kult в Чумичевом сокаче рассчитан на близкую дистанцию: каждый сдвиг в груве чувствуется по всему танцполу.

Цена: вход до 00:00 1404 динара (12 евро), ранние билеты 1755 динаров (15 евро), продажа на Resident Advisor.

Организатор: Kult.","Season five of Kult’s residency continues with a night built around a shared instinct: keeping the groove alive.

**Alci** was born and raised just outside Zurich in a family of Turkish origin. His first release on Phil Weeks’ Robsoul came in 2013, followed by the three part «Early Beginnings» series, then Infuse (the Fuse London sub label), Apollonia and Meander. His sets move between the swing of house and the hypnotic detail of minimal: deep basslines, playful rhythms, unexpected turns. Solid Grooves at DC10 in Ibiza and ANOTR’s No Art parties have made the name familiar in the more interesting corners of the European underground.

Joining him from Switzerland is **Mihael Simić**, part of Zurich’s Moving Around Us project since 2010. The Belgrade side is Branko Vuković, Nemax and Petar P.

Five selectors, one small room and a whole night. Kult in Čumićevo sokače is built for close quarters: every shift in the groove can be felt across the floor.

Price: entry before 00:00 1404 dinars (12 euros), early bird 1755 dinars (15 euros), on sale at Resident Advisor.

Organiser: Kult.","Peta sezona Kultove rezidencije nastavlja se noći sazdanom na zajedničkom instinktu: držati grooving živim.

**Alci** je rođen i odrastao nadomak Ciriha, u porodici turskog porekla. Prvo izdanje za Robsoul Phila Weeksa stiglo je 2013, a za njim trodelna serija «Early Beginnings», pa Infuse (podetiketa Fuse Londona), Apollonia i Meander. Njegovi setovi se kreću između svinga hausa i hipnotičkog detalja minimala: duboke bas linije, razigrani ritmovi, neočekivani prelazi. Zahvaljujući Solid Grooves žurkama u ibiskom DC10 i No Art događajima ANOTR-a, ime Alci postalo je poznato u zanimljivijim uglovima evropskog andergraunda.

Sa njim iz Švajcarske stiže **Mihael Simić**, od 2010. deo ciriškog projekta Moving Around Us. Beogradsku stranu čine Branko Vuković, Nemax i Petar P.

Pet selektora, jedna mala sala i cela noć. Kult u Čumićevom sokačetu napravljen je za blizinu: svaki pomak u grooveu oseti se preko celog podijuma.

Cena: ulaz do 00.00 1404 dinara (12 evra), early bird 1755 dinara (15 evra), prodaja na Resident Advisoru.

Organizator: Kult.",23:00,1400,Kult,"Čumićevo sokače 3, 11000 Beograd","44.813900,20.461900",https://ra.co/events/2550306,ra.co,,Kult,https://ra.co/dj/alci,,,,,,"клубная ночь, Kult, минимал, хаус, Alci, диджеи","club night, Kult, minimal, house, Alci, DJs","klupska noć, Kult, minimal, haus, Alci, DJ"
11/6/2026,11/6/2026,10/6/2026,2163,Person,Feloneezy (Žarko Komar),https://feloneezy.bandcamp.com/,,MusicEvent,Feloneezy: программа Unlimited Peace вживую в клубе Dim,Feloneezy presents Unlimited Peace live at Dim,Feloneezy: Unlimited Peace uživo u klubu Dim,https://raw.githubusercontent.com/newsgl/arsposters/main/2163-FeloneezyUnlimitedPeaceUzivoUKlubu.webp,,Concerts,"Белградский продюсер Жарко Комар впервые играет вживую собственный материал под именем Feloneezy: эмбиент, в который вплетены даб, блэк-метал и южный рэп. 6 ноября, 20:00, клуб Dim на Цетиньской. Билет около 1060 динаров (9,05 евро).","Belgrade producer Žarko Komar performs his own material as Feloneezy in a live setting for the first time: ambient with traces of dub, black metal and Southern rap. 6 November, 20:00, Dim on Cetinjska. Ticket about 1060 dinars (9.05 EUR).","Beogradski producent Žarko Komar prvi put izvodi svoj autorski materijal uživo pod imenom Feloneezy: ambijent u koji su utkani dab, blek metal i južnjački rep. 6. novembar, 20.00, klub Dim u Cetinjskoj. Ulaznica oko 1060 dinara (9,05 evra).","Жарко Комар известен в Белграде прежде всего как диджей. **Unlimited Peace** впервые переносит его авторскую музыку под именем **Feloneezy** в живой формат, и стилистически это далеко от его диджей-сетов, хотя музыка из них и подпитывает программу.

Основа программы: одноимённый пятитрековый EP, вышедший в июне 2025 года на лейбле Appendix.files. На сцене материал разросся и вобрал влияния, накопленные за годы продюсирования. Сам автор описывает результат как эмбиент с дефицитом внимания, который время от времени мутирует в танцевальную музыку: фрагменты, обязанные в равной мере блэк-металу и южному рэпу, дабовые атмосферы, растворяющиеся в дымке, выцветшие ритмы под слоем размытых тонов.

Настроение балансирует между ностальгией и разочарованием: красиво на поверхности и всё более двусмысленно, чем глубже слушаешь. Утопическое название отсылает к оптимизму раннего интернета.

Цена: около 1060 динаров (9,05 евро).

Организатор: Dim.","Žarko Komar is best known in Belgrade as a DJ. **Unlimited Peace** brings his original material under the **Feloneezy** moniker into a live setting for the first time. Stylistically it sits far from his DJ sets, although the music that runs through them feeds the show.

The programme grew out of the five-track EP of the same name, released in June 2025 on Appendix.files, and on stage it has absorbed the influences that shaped his production over the years. The artist describes the result as ADHD ambient that occasionally mutates into dance music: fragments that owe as much to black metal as to Southern rap, dub-wise atmospheres curling into smog, faded rhythms under smudged, vaporous tones.

The mood walks a line between nostalgia and disillusionment, beautiful on the surface and increasingly ambiguous the deeper you listen. The utopian title echoes the optimism of the early internet.

Price: about 1060 dinars (9.05 EUR).

Organiser: Dim.","Žarka Komara beogradska publika zna pre svega kao DJ-a. **Unlimited Peace** prvi put prenosi njegov autorski materijal pod imenom **Feloneezy** u živi format, i stilski je to daleko od njegovih DJ setova, iako ih muzika iz njih i dalje hrani.

Osnova programa je istoimeni EP od pet numera, objavljen u junu 2025. za Appendix.files. Na sceni se materijal razrastao i upio uticaje koji su godinama oblikovali njegovu produkciju. Sam autor rezultat opisuje kao ambijent sa manjkom pažnje koji povremeno mutira u plesnu muziku: fragmenti koji podjednako duguju blek metalu i južnjačkom repu, dab atmosfere koje se uvijaju u smog, izbledeli ritmovi pod slojem zamagljenih tonova.

Raspoloženje balansira između nostalgije i razočaranja: lepo na površini, sve dvosmislenije što dublje slušaš. Utopijski naslov odjekuje optimizmom ranog interneta.

Cena: oko 1060 dinara (9,05 evra).

Organizator: Dim.",20:00,1060,Dim,"Cetinjska 15, Beograd","44.818363,20.465855",https://ra.co/events/2553869,ra.co,,Dim,https://feloneezy.bandcamp.com/,,,,,,"концерт, эмбиент, электроника, Dim, Feloneezy","concert, ambient, electronic, Dim, Feloneezy","koncert, ambijent, elektronika, Dim, Feloneezy"
11/13/2026,11/13/2026,10/6/2026,2164,MusicGroup,Bjesovi,https://en.wikipedia.org/wiki/Bjesovi,,MusicEvent,Bjesovi: возвращение рок-группы из Горни-Милановаца в Zappa Baza,Bjesovi: the Gornji Milanovac rock band returns to Zappa Baza,Bjesovi: povratak gornjomilanovačkog benda u Zappa Bazu,https://raw.githubusercontent.com/newsgl/arsposters/main/2164-BjesoviPovratakGornjomilanovackogBendaUZ.webp,,Concerts,"Одна из главных групп сербского рока 90-х впервые за год с лишним играет в Белграде: «Bolje ti», «Ime», «Vraćam se dole», «Kiša», «Moj izbor», «Vreme je». 13 ноября, 21:00, Zappa Baza у Небойшиной башни. Билет 2200 динаров.","One of the key bands of 1990s Serbian rock plays Belgrade for the first time in over a year: Bolje ti, Ime, Vraćam se dole, Kiša, Moj izbor, Vreme je. 13 November, 21:00, Zappa Baza by the Nebojša Tower. Ticket 2200 dinars.","Jedan od najvažnijih bendova domaće rok scene devedesetih posle više od godinu dana ponovo pred beogradskom publikom: „Bolje ti“, „Ime“, „Vraćam se dole“, „Kiša“, „Moj izbor“, „Vreme je“. 13. novembar, 21.00, Zappa Baza kod Kule Nebojša. Ulaznica 2200 dinara.","**Bjesovi** собрались в Горни-Милановаце в 1989 году, сначала под названием Baader-Meinhof, а с 1990-го под нынешним именем. Вокалист и автор песен Зоран Маринкович до сих пор у микрофона.

В 1993 году группа выиграла Гитариаду в Зайечаре, в 1994-м фестиваль «Brzi bendovi Srbije», и в том же году вышел безымянный альбом с тяжёлым звуком и мрачными, замкнутыми на себе текстами. В 2021 году в сербском списке ста лучших альбомов он занял второе место; туда же попали «Sve što vidim i sve što znam» (1997) и «Bolje ti» (2009). В 2015-м вышел альбом каверов «Svetla svetlosti» с песнями Ekatarina Velika, Angel's Breath и Idoli.

Осенью 2023 года группа объявила о распаде, но в 2024-м вернулась. Белградский концерт в Zappa Baza станет первым больше чем за год: обещаны «Bolje ti», «Ime», «Vraćam se dole», «Čak i da mogu», «Kiša», «Moj izbor» и «Vreme je».

Цена: 2200 динаров.

Организатор: Mister Zappa doo.","**Bjesovi** formed in Gornji Milanovac in 1989, first as Baader-Meinhof and from 1990 under their current name. Singer and songwriter Zoran Marinković is still at the microphone.

The band won the Zaječar Gitarijada in 1993 and the Brzi bendovi Srbije festival in 1994, the same year they released a self-titled album of heavy sound and dark, introspective lyrics. In 2021 that record came second in a Serbian list of the 100 best albums, which also included Sve što vidim i sve što znam (1997) and Bolje ti (2009). A covers album, Svetla svetlosti, followed in 2015 with songs by Ekatarina Velika, Angel's Breath and Idoli.

The band announced a split in autumn 2023 and reformed in 2024. The Zappa Baza show is their first Belgrade concert in more than a year, with Bolje ti, Ime, Vraćam se dole, Čak i da mogu, Kiša, Moj izbor and Vreme je on the setlist.

Price: 2200 dinars.

Organiser: Mister Zappa doo.","**Bjesovi** su nastali u Gornjem Milanovcu 1989, prvo kao Baader-Meinhof, a od 1990. pod sadašnjim imenom. Pevač i autor pesama Zoran Marinković i dalje je za mikrofonom.

Bend je 1993. pobedio na zaječarskoj Gitarijadi, 1994. na festivalu „Brzi bendovi Srbije“, a iste godine izašao je istoimeni album teškog zvuka i mračnih, introspektivnih tekstova. Na listi sto najboljih domaćih albuma iz 2021. zauzeo je drugo mesto; na istoj listi su i „Sve što vidim i sve što znam“ (1997) i „Bolje ti“ (2009). Album obrada „Svetla svetlosti“ iz 2015. doneo je pesme Ekatarine Velike, Angel's Breatha i Idola.

U jesen 2023. bend je objavio rastanak, ali se 2024. vratio. Svirka u Zappa Bazi prva je beogradska posle više od godinu dana: na repertoaru su „Bolje ti“, „Ime“, „Vraćam se dole“, „Čak i da mogu“, „Kiša“, „Moj izbor“ i „Vreme je“.

Cena: 2200 dinara.

Organizator: Mister Zappa doo.",21:00,2200,Zappa Baza,"Bulevar Vojvode Bojovića 30a, 11000 Beograd","44.820671,20.448039",https://efinity.rs/event-details/bjesovi_32451,efinity.rs,https://efinity.rs/event-details/bjesovi_32451,Mister Zappa doo,https://en.wikipedia.org/wiki/Bjesovi,,,,,,"концерт, рок, Bjesovi, Zappa Baza, сербский рок","concert, rock, Bjesovi, Zappa Baza, Serbian rock","koncert, rok, Bjesovi, Zappa Baza, domaći rok"
11/21/2026,11/21/2026,10/6/2026,2165,PerformingGroup,Hali Gali,https://ra.co/events/2552723,,MusicEvent,Hali Gali Banzai: вечер белградской альтернативной сцены в Drugstore,Hali Gali Banzai: Belgrade's alternative scene takes over Drugstore,Hali Gali Banzai: beogradska alternativna scena u Drugstoru,https://raw.githubusercontent.com/newsgl/arsposters/main/2165-HaliGaliBanzaiBeogradskaAlternativnaScen.webp,,Concerts,"Коллектив Hali Gali собирает в Drugstore новое поколение белградских групп: инди, панк, гараж и пост-панк на одной ночи. Лайнап пока не объявлен. 21 ноября, 22:00. Ранний билет 20,35 евро (около 2380 динаров).","The Hali Gali collective brings a new generation of Belgrade bands to Drugstore for one night of indie, punk, garage and post-punk. Lineup still to be announced. 21 November, 22:00. Early bird ticket 20.35 EUR (about 2380 dinars).","Kolektiv Hali Gali dovodi u Drugstore novu generaciju beogradskih bendova: indi, pank, garaž i post-pank u jednoj noći. Lajnap još nije objavljen. 21. novembar, 22.00. Early bird ulaznica 20,35 evra (oko 2380 dinara).","**Hali Gali** вырос из белградского андеграунда в коллектив и площадку, которая связывает новое поколение групп, артистов и слушателей. Коллектив выпустил две сборные компиляции: на второй, вышедшей в феврале 2024 года, десять групп с новыми песнями, среди них Šajzerbiterlemon, Sitzpinker, proto tip, Vizelj, Gazorpazorp, sv. Pseta, KOIKOI, Daze, Cactus Fields и Ubili su Batlera. Фестивальные ночи Hali Gali уже проходили в Drugstore и Zaokret с двумя десятками участников.

**Banzai** обещает столкновение инди, панка, гаража и пост-панка без жёстких жанровых границ: громкие гитары, быстро, сыро и подчёркнуто местно. Имена участников организаторы объявят позже.

Цена: ранний билет 20,35 евро (около 2380 динаров).

Организатор: Kišobran.","**Hali Gali** grew out of Belgrade's underground into a collective and a platform connecting a new generation of bands, artists and audiences. It has released two compilations: the second, out in February 2024, gathered ten bands with new songs, among them Šajzerbiterlemon, Sitzpinker, proto tip, Vizelj, Gazorpazorp, sv. Pseta, KOIKOI, Daze, Cactus Fields and Ubili su Batlera. Hali Gali festival nights have already filled Drugstore and Zaokret with some twenty acts.

**Banzai** promises a collision of indie, punk, garage and post-punk with no fixed genre boundaries: loud guitars, fast, raw and unapologetically local. The lineup will be announced later.

Price: early bird 20.35 EUR (about 2380 dinars).

Organiser: Kišobran.","**Hali Gali** je iz beogradskog andergraunda izrastao u kolektiv i platformu koja povezuje novu generaciju bendova, umetnika i publike. Iza njih su dve kompilacije: na drugoj, iz februara 2024, deset bendova sa novim pesmama, među njima Šajzerbiterlemon, Sitzpinker, proto tip, Vizelj, Gazorpazorp, sv. Pseta, KOIKOI, Daze, Cactus Fields i Ubili su Batlera. Festivalske noći Hali Galija već su punile Drugstore i Zaokret sa dvadesetak izvođača.

**Banzai** najavljuje sudar indija, panka, garaža i post-panka bez čvrstih žanrovskih granica: glasne gitare, brzo, sirovo i bez izvinjenja lokalno. Imena izvođača organizatori će objaviti naknadno.

Cena: early bird ulaznica 20,35 evra (oko 2380 dinara).

Organizator: Kišobran.",22:00,2380,Drugstore,"Bulevar despota Stefana 115, 11000 Beograd","44.819103,20.489149",https://ra.co/events/2552723,ra.co,,Kišobran,https://ra.co/events/2552723,,,,,,"концерт, инди, панк, Drugstore, Hali Gali","concert, indie, punk, Drugstore, Hali Gali","koncert, indi, pank, Drugstore, Hali Gali"
11/21/2026,11/21/2026,10/6/2026,2166,MusicGroup,Years of Denial,https://ra.co/events/2549806,,MusicEvent,Disco Not Disco с Years of Denial в клубе Dim,Disco Not Disco with Years of Denial at Dim,Disco Not Disco sa Years of Denial u klubu Dim,https://raw.githubusercontent.com/newsgl/arsposters/main/2166-DiscoNotDiscoSaYearsOf.webp,,Concerts,"Франко-чешский дуэт Years of Denial везёт в Dim свой Suicide Disco: индастриал на стыке пост-панка, EBM и new beat, плюс сеты основателей вечеринки Schwabe и Toshke. 21 ноября, с 18:00, Цетиньска 15. Предпродажа 1200 динаров, на входе 1500.","Franco-Czech duo Years of Denial bring their Suicide Disco to Dim: industrial meeting post-punk, EBM and New Beat, with support from party founders Schwabe and Toshke. 21 November, from 18:00, Cetinjska 15. Presale 1200 dinars, 1500 at the door.","Francusko-češki duo Years of Denial donosi u Dim svoj Suicide Disco: industrial na razmeđi post-panka, EBM-a i new beata, uz setove osnivača žurke Schwabea i Toshkea. 21. novembar, od 18.00, Cetinjska 15. Pretprodaja 1200 dinara, na ulazu 1500.","Второй вечер второго сезона **Disco Not Disco** в Dim отдан гостям из-за рубежа. **Years of Denial** это француз Жером Чернеян, бывший барабанщик Piano Magic, и чешка Баркошина Ганушова. Свой проект они называют Suicide Disco: та точка, где индастриал встречается с пост-панком, EBM и new beat.

Их записи выходили на лейблах Veyl, Pinkman и Death & Leisure, а ремиксы на них делали Silent Servant, The Hacker и Orphx. В Белград дуэт приезжает с третьим студийным альбомом «Suicide Disco Vol. 3», который выходит в ноябре.

Разогревают и закрывают вечер основатели Disco Not Disco Schwabe и Toshke.

Цена: предпродажа 1200 динаров (Resident Advisor), на входе 1500 динаров.

Организатор: Dim.","The second night of the second **Disco Not Disco** season at Dim belongs to guests from abroad. **Years of Denial** are Jerome Tcherneyan from France, former drummer of Piano Magic, and Barkosina Hanusova from the Czech Republic. They call their project Suicide Disco: the sweet spot where industrial meets post-punk, EBM and New Beat.

Their records have come out on Veyl, Pinkman and Death & Leisure, and their remix EPs feature Silent Servant, The Hacker and Orphx. The duo arrives in Belgrade promoting their third studio album, Suicide Disco Vol. 3, due in November.

Support sets by Disco Not Disco co-founders Schwabe and Toshke.

Price: presale 1200 dinars (Resident Advisor), 1500 dinars at the door.

Organiser: Dim.","Druga noć druge sezone **Disco Not Disco** u Dimu pripada gostima iz inostranstva. **Years of Denial** su Francuz Žerom Černejan, nekadašnji bubnjar Piano Magica, i Čehinja Barkošina Hanušova. Svoj projekat zovu Suicide Disco: tačka u kojoj se industrial sreće sa post-pankom, EBM-om i new beatom.

Izdavali su za Veyl, Pinkman i Death & Leisure, a remikse su im radili Silent Servant, The Hacker i Orphx. U Beograd duo stiže promovišući treći studijski album „Suicide Disco Vol. 3“, koji izlazi u novembru.

Pre i posle njih za pultom su osnivači Disco Not Disco, Schwabe i Toshke.

Cena: pretprodaja 1200 dinara (Resident Advisor), na ulazu 1500 dinara.

Organizator: Dim.",18:00,1200,Dim,"Cetinjska 15, Beograd","44.818363,20.465855",https://ra.co/events/2549806,ra.co,,Dim,https://ra.co/events/2549806,,,,,,"вечеринка, индастриал, пост-панк, EBM, Dim","party, industrial, post-punk, EBM, Dim","žurka, industrial, post-pank, EBM, Dim"
11/27/2026,11/27/2026,10/6/2026,2167,Person,Priku,https://ra.co/events/2550319,,MusicEvent,Priku в клубе Kult: румынский минимал и хаус в сезоне V,"Kult presents Priku: Romanian minimal and house, Season V",Kult predstavlja Priku: rumunski minimal i haus u sezoni V,https://raw.githubusercontent.com/newsgl/arsposters/main/2167-KultPredstavljaPrikuRumunskiMinimalI.webp,,Concerts,"Адриан Никулае, он же Priku, резидент Sunwaves и семьи Sunrise с 2007 года, играет между хаусом и минимал-техно; местную часть ночи держат Nemax и Nadezda. 27 ноября, 23:00, Kult в Чумичевом сокаче. Вход до полуночи 12 евро (около 1400 динаров), ранний билет 15 евро, обычный 18 евро.","Adrian Niculae, aka Priku, a Sunwaves regular and part of the Sunrise family since 2007, plays between house and minimal techno; Nemax and Nadezda hold the local end of the night. 27 November, 23:00, Kult in Čumićevo sokače. Entry before midnight 12 EUR (about 1400 dinars), early bird 15 EUR, general 18 EUR.","Adrian Nikulae, poznatiji kao Priku, stalni gost Sunwavesa i deo Sunrise porodice od 2007, svira između hausa i minimal tehna; lokalni deo noći drže Nemax i Nadezda. 27. novembar, 23.00, Kult u Čumićevom sokačetu. Ulaz pre ponoći 12 evra (oko 1400 dinara), early bird 15 evra, regularna 18 evra.","**Priku** давно стал частью фестиваля Sunwaves и с 2007 года принадлежит к семье Sunrise. Международную репутацию Адриан Никулае заработал на собственном отношении к ритму и атмосфере: его звук живёт между хаусом и минимал-техно, где перкуссия сложная, мелодии едва заметные, а грув гипнотический.

Его релизы выходили на [a:rpia:r] и Concrete Music, а на своих лейблах Atipic и Motif он помог сложить звучание, которое уже давно работает на танцполах далеко за пределами Румынии. За пультом его сила в деталях: неожиданный поворот басовой линии, вокал из ниоткуда, медленный сдвиг, после которого знакомый ритм звучит иначе.

Лайнап дополняют **Nemax** и **Nadezda**, местное звено ночи, рассчитанной на камерность Kult. Сезон V клуба продолжается глубокими часами, ближе к музыке и к тем, кто пришёл двигаться.

Цена: вход до полуночи 12 евро (около 1400 динаров), ранний билет 15 евро (около 1755 динаров), обычный 18 евро (около 2100 динаров).

Организатор: Kult.","**Priku** has been a longstanding presence at Sunwaves and part of the Sunrise family since 2007. Adrian Niculae built his international reputation on a deeply individual approach to rhythm and atmosphere: his sound lives between house and minimal techno, with intricate percussion, subtle melodies and hypnotic grooves.

His releases have appeared on [a:rpia:r] and Concrete Music, and through his own Atipic and Motif imprints he helped shape a sound that connects dancefloors far beyond Romania. Behind the decks his strength lies in the details: an unexpected turn of a bassline, a vocal out of nowhere, a gradual shift that gives a familiar rhythm a completely different feel.

**Nemax** and **Nadezda** complete the lineup, the local connection in a night made for the intimacy of Kult. Season V continues with the deeper hours, close to the music and to the people who came to move.

Price: entry before midnight 12 EUR (about 1400 dinars), early bird 15 EUR (about 1755 dinars), general admission 18 EUR (about 2100 dinars).

Organiser: Kult.","**Priku** je odavno deo Sunwavesa, a od 2007. i Sunrise porodice. Adrian Nikulae je međunarodnu reputaciju stekao sopstvenim odnosom prema ritmu i atmosferi: njegov zvuk živi između hausa i minimal tehna, sa složenom perkusijom, jedva primetnim melodijama i hipnotičkim gruvom.

Izdavao je za [a:rpia:r] i Concrete Music, a kroz svoje etikete Atipic i Motif pomogao je da se oblikuje zvuk koji odavno radi na podijumima daleko izvan Rumunije. Za pultom mu je snaga u detaljima: neočekivan obrt bas linije, vokal niotkuda, postepeni pomak posle kojeg poznati ritam zvuči sasvim drugačije.

Lajnap dopunjuju **Nemax** i **Nadezda**, lokalna karika noći skrojene za intimnost Kulta. Sezona V se nastavlja dubokim satima, blizu muzike i ljudi koji su došli da se kreću.

Cena: ulaz pre ponoći 12 evra (oko 1400 dinara), early bird 15 evra (oko 1755 dinara), regularna 18 evra (oko 2100 dinara).

Organizator: Kult.",23:00,1400,Kult,"Čumićevo sokače 3, 11000 Beograd","44.813900,20.461900",https://ra.co/events/2550319,ra.co,,Kult,https://ra.co/events/2550319,,,,,,"вечеринка, минимал, хаус, техно, Kult","party, minimal, house, techno, Kult","žurka, minimal, haus, tehno, Kult"
11/28/2026,11/28/2026,10/6/2026,2168,MusicGroup,Cock Sparrer,https://en.wikipedia.org/wiki/Cock_Sparrer,,MusicEvent,"Cock Sparrer: лондонские панк-ветераны в Белграде спустя 17 лет, Zappa Barka","Cock Sparrer: London punk veterans back in Belgrade after 17 years, Zappa Barka","Cock Sparrer: londonski pank veterani u Beogradu posle 17 godina, Zappa Barka",https://raw.githubusercontent.com/newsgl/arsposters/main/2168-CockSparrerLondonskiPankVeteraniU.webp,,Concerts,"Группа из лондонского Ист-Энда, с 1972 года определившая звучание панка и Oi!, даёт клубный концерт на новой Zappa Barka: «England Belongs to Me», «Take 'Em All», «Because You're Young», «We're Coming Back». 28 ноября, 21:00, набережная у Небойшиной башни. Билет 5500 динаров.","The East End band that has shaped punk and Oi! since 1972 plays a club show at the new Zappa Barka: England Belongs to Me, Take 'Em All, Because You're Young, We're Coming Back. 28 November, 21:00, on the quay by the Nebojša Tower. Ticket 5500 dinars.","Bend iz londonskog Ist Enda koji od 1972. oblikuje pank i Oi! zvuk svira klupski koncert na novoj Zappa Barci: „England Belongs to Me“, „Take 'Em All“, „Because You're Young“, „We're Coming Back“. 28. novembar, 21.00, kej kod Kule Nebojša. Ulaznica 5500 dinara.","**Cock Sparrer** собрались в лондонском Ист-Энде в 1972 году, ещё до панк-взрыва, и замешали паб-рок, глэм и бит 60-х в звук, который проложил дорогу панк-сцене начала 80-х и жанру Oi!. Большого коммерческого успеха у них не было, зато влияние на панк, хардкор и Oi!-группы по всему миру трудно переоценить.

Ключевые альбомы: «Shock Troops» (1983), «Running Riot in '84», «Guilty as Charged» (1994), «Here We Stand» (2007), «Forever» (2017) и свежий «Hand on Heart» (2024). Песни «England Belongs to Me», «Where Are They Now», «I Got Your Number» и «Take 'Em All» давно живут своей жизнью на трибунах и в кино.

Состав: Колин Макфолл (вокал), Мик Бьюфой (гитара), Стив Бёрджесс (бас), Стив Брюс (ударные), Дэрил Смит (ритм-гитара). В Белграде группа не играла 17 лет, концерт заявлен как единственный клубный.

Цена: 5500 динаров.

Организатор: Mister Zappa doo.","**Cock Sparrer** formed in London's East End in 1972, before the punk explosion, mixing pub rock, glam and 1960s beat into a sound that paved the way for the early 80s punk scene and the Oi! subgenre. They never had major commercial success, but their influence on punk, hardcore and Oi! bands worldwide is hard to overstate.

Key albums: Shock Troops (1983), Running Riot in '84, Guilty as Charged (1994), Here We Stand (2007), Forever (2017) and the recent Hand on Heart (2024). England Belongs to Me, Where Are They Now, I Got Your Number and Take 'Em All have long lived their own lives on football terraces and in film.

Lineup: Colin McFaull (vocals), Mick Beaufoy (lead guitar), Steve Burgess (bass), Steve Bruce (drums), Daryl Smith (rhythm guitar). The band last played Belgrade 17 years ago, and this is billed as an exclusive club show.

Price: 5500 dinars.

Organiser: Mister Zappa doo.","**Cock Sparrer** su se okupili u londonskom Ist Endu 1972, pre pank eksplozije, i od pab roka, glema i bita šezdesetih napravili zvuk koji je utro put pank sceni ranih osamdesetih i Oi! podžanru. Veliki komercijalni uspeh ih je zaobišao, ali je njihov uticaj na pank, hardkor i Oi! bendove širom sveta teško preceniti.

Ključni albumi: „Shock Troops“ (1983), „Running Riot in '84“, „Guilty as Charged“ (1994), „Here We Stand“ (2007), „Forever“ (2017) i sveži „Hand on Heart“ (2024). Pesme „England Belongs to Me“, „Where Are They Now“, „I Got Your Number“ i „Take 'Em All“ odavno žive svoj život na tribinama i na filmu.

Postava: Kolin Makfol (vokal), Mik Bjufoj (gitara), Stiv Berdžes (bas), Stiv Brus (bubnjevi), Deril Smit (ritam gitara). U Beogradu nisu svirali 17 godina, a koncert je najavljen kao ekskluzivni klupski nastup.

Cena: 5500 dinara.

Organizator: Mister Zappa doo.",21:00,5500,Zappa Barka,"Bulevar vojvode Bojovića, kej kod Kule Nebojša, 11000 Beograd","44.828226,20.446185",https://efinity.rs/event-details/cock_sparrer_32453,efinity.rs,https://efinity.rs/event-details/cock_sparrer_32453,Mister Zappa doo,https://en.wikipedia.org/wiki/Cock_Sparrer,,,,,,"концерт, панк, Oi!, Cock Sparrer, Zappa Barka","concert, punk, Oi!, Cock Sparrer, Zappa Barka","koncert, pank, Oi!, Cock Sparrer, Zappa Barka"
12/4/2026,12/4/2026,10/6/2026,2169,Organization,Music Reactions,https://musicreactions.com/,,MusicEvent,10 лет Music Reactions: рейв на трёх сценах Drugstore,10 Years of Music Reactions: a three-stage rave at Drugstore,10 godina Music Reactions: rejv na tri bine Drugstora,https://raw.githubusercontent.com/newsgl/arsposters/main/2169-10GodinaMusicReactionsRejvNa.webp,,Concerts,"Белградский техно-коллектив отмечает десятилетие там, где начинал: 21 артист на трёх сценах, среди них Kalte Liebe из Берлина, словенец Brtinzz, Karina Oksa, Bereza, Essio, Razzor, SRNA. 4 декабря, с 22:00 до 06:00, Drugstore. Ранний билет 10 евро (около 1170 динаров), 18+.","The Belgrade techno collective marks its tenth year where it started: 21 artists across three stages, including Berlin duo Kalte Liebe, Slovenia's Brtinzz, Karina Oksa, Bereza, Essio, Razzor and SRNA. 4 December, 22:00 to 06:00, Drugstore. Early bird 10 EUR (about 1170 dinars), 18+.","Beogradski tehno kolektiv slavi deset godina tamo gde je i počeo: 21 izvođač na tri bine, među njima berlinski duo Kalte Liebe, Slovenac Brtinzz, Karina Oksa, Bereza, Essio, Razzor i SRNA. 4. decembar, od 22.00 do 06.00, Drugstore. Early bird 10 evra (oko 1170 dinara), 18+.","Десять лет назад **Music Reactions** сделали первые шаги в Drugstore, и юбилей коллектив празднует там же: рейв на три сцены с 21 артистом, от белградского андеграунда до гостей из региона и Европы.

За эти годы Music Reactions выросли из промо-группы в коллектив со своими вечеринками и лейблами, который держится техно, хард-техно, эйсида и гипнотических ответвлений жанра. В лайнапе юбилейной ночи: **Kalte Liebe** (Берлин), словенец **Brtinzz**, Karina Oksa, Asarri, Deeda, Bereza, Edin (Oma), Essio, nobena, RAR, Moraitov, Razzor, SRNA, cmic.akk, Stameni, laccotti, Suzana, часть выступлений в формате b2b.

Музыка с 22:00 до шести утра.

Цена: ранний билет 10 евро (около 1170 динаров), дальше дороже по мере продаж.

Возраст: 18+.

Организатор: Music Reactions.","Ten years ago **Music Reactions** took their first steps at Drugstore, and that is where the collective celebrates the anniversary: a rave across three stages with 21 artists, from Belgrade's underground to guests from the region and Europe.

Over the decade Music Reactions grew from a promotion crew into a collective with its own parties and record labels, rooted in techno, hard techno, acid and the hypnotic strands of the genre. On the anniversary lineup: **Kalte Liebe** (Berlin), Slovenia's **Brtinzz**, Karina Oksa, Asarri, Deeda, Bereza, Edin (Oma), Essio, nobena, RAR, Moraitov, Razzor, SRNA, cmic.akk, Stameni, laccotti and Suzana, with several sets played back to back.

Music runs from 22:00 until six in the morning.

Price: early bird 10 EUR (about 1170 dinars), later tiers cost more.

Age: 18+.

Organiser: Music Reactions.","Pre deset godina **Music Reactions** su napravili prve korake u Drugstoru, i baš tu kolektiv slavi jubilej: rejv na tri bine sa 21 izvođačem, od beogradskog andergraunda do gostiju iz regiona i Evrope.

Za tu deceniju Music Reactions su od promo ekipe izrasli u kolektiv sa sopstvenim žurkama i etiketama, ukorenjen u tehnu, hard tehnu, esidu i hipnotičkim granama žanra. Na jubilarnom lajnapu: **Kalte Liebe** (Berlin), Slovenac **Brtinzz**, Karina Oksa, Asarri, Deeda, Bereza, Edin (Oma), Essio, nobena, RAR, Moraitov, Razzor, SRNA, cmic.akk, Stameni, laccotti i Suzana, deo setova u b2b formatu.

Muzika od 22.00 do šest ujutru.

Cena: early bird 10 evra (oko 1170 dinara), kasnije faze su skuplje.

Uzrast: 18+.

Organizator: Music Reactions.",22:00,1170,Drugstore,"Bulevar despota Stefana 115, 11000 Beograd","44.819103,20.489149",https://ra.co/events/2554332,ra.co,https://musicreactions.com/events/10-years-of-music-reactions/tickets,Music Reactions,https://musicreactions.com/,,,18+,,,"рейв, техно, Drugstore, Music Reactions, вечеринка","rave, techno, Drugstore, Music Reactions, party","rejv, tehno, Drugstore, Music Reactions, žurka"
12/11/2026,12/13/2026,10/6/2026,2170,Organization,MAGLA,https://ra.co/events/2548665,,Festival,MAGLA Weekender: три дня техно в Drugstore и Para Klub,MAGLA Weekender: three days of techno at Drugstore and Para Klub,MAGLA Weekender: tri dana tehna u Drugstoru i Para Klubu,https://raw.githubusercontent.com/newsgl/arsposters/main/2170-MAGLAWeekenderTriDanaTehnaU.webp,,"Festivals, Concerts","Первый уикендер MAGLA, с 11 по 13 декабря: две ночи в Drugstore (пятница и суббота с 23:00 до 07:00) и воскресенье в Para Klub с 06:00 до 22:00, 20 артистов, лайнап объявят позже. Blind-пропуск на Drugstore 22,6 евро (около 2640 динаров), на все три дня 28,25 евро (около 3300 динаров).","MAGLA's first weekender, 11 to 13 December: two nights at Drugstore (Friday and Saturday, 23:00 to 07:00) and Sunday at Para Klub from 06:00 to 22:00, 20 artists, lineup to be announced. Blind Drugstore pass 22.6 EUR (about 2640 dinars), full weekender pass 28.25 EUR (about 3300 dinars).","Prvi MAGLA vikender, od 11. do 13. decembra: dve noći u Drugstoru (petak i subota od 23.00 do 07.00) i nedelja u Para Klubu od 06.00 do 22.00, 20 izvođača, lajnap biće objavljen naknadno. Blind Drugstore pas 22,6 evra (oko 2640 dinara), pas za sva tri dana 28,25 evra (oko 3300 dinara).","Началось с шестнадцатичасового воскресенья в Para. Потом **MAGLA** соединила два клуба в 24 часа без перерыва. Теперь шаг дальше: целый уикенд техно в Drugstore и Para Klub, 20 артистов и большой зал Drugstore, который MAGLA открывает впервые.

Расписание: пятница и суббота с 23:00 до 07:00 в Drugstore, воскресенье с 06:00 до 22:00 в Para Klub. Можно выбрать одну ночь или пройти всё. Drugstore Pass покрывает пятницу и субботу, Weekender Pass все три дня.

Формат объясняют просто: никакой гонки к пику к трём ночи и никакого раннего света. Длинные сеты, глубокий звук и танцпол, который даёт музыке время. Фото и видео запрещены, камеры заклеивают на входе.

Лайнап объявят позже. Blind-билеты рассчитаны на тех, кто доверяет кураторам, и это самая низкая цена, которая будет у этого уикенда.

Цена: Drugstore Pass (пт + сб) 22,6 евро (около 2640 динаров), Weekender Pass (пт + сб + вс) 28,25 евро (около 3300 динаров).

Организаторы: Drugstore Productions, MAGLA, Para Beograd.","It started with a 16-hour Sunday at Para. Then **MAGLA** joined two clubs into 24 hours straight. Now it goes further: a full weekend of techno across Drugstore and Para Klub, 20 artists, and the Drugstore big room opened by MAGLA for the first time.

Schedule: Friday and Saturday from 23:00 to 07:00 at Drugstore, Sunday from 06:00 to 22:00 at Para Klub. Pick one night or go all the way. The Drugstore Pass covers Friday and Saturday, the Weekender Pass all three days.

The idea is simple: no rush to peak by 3am and no lights coming on too soon. Long sets, deep sound and a dancefloor that gives the music the time it deserves. No photos or videos, cameras are covered at the entrance.

The lineup will be announced later. Blind tickets are for those who trust the curation, and they are the cheapest this weekend will ever be.

Price: Drugstore Pass (Fri + Sat) 22.6 EUR (about 2640 dinars), Weekender Pass (Fri + Sat + Sun) 28.25 EUR (about 3300 dinars).

Organisers: Drugstore Productions, MAGLA, Para Beograd.","Počelo je šesnaestočasovnom nedeljom u Pari. Onda je **MAGLA** spojila dva kluba u 24 sata bez pauze. Sad ide korak dalje: ceo vikend tehna u Drugstoru i Para Klubu, 20 izvođača i velika sala Drugstora koju MAGLA otvara prvi put.

Raspored: petak i subota od 23.00 do 07.00 u Drugstoru, nedelja od 06.00 do 22.00 u Para Klubu. Bira se jedna noć ili ceo vikend. Drugstore Pass pokriva petak i subotu, Weekender Pass sva tri dana.

Ideja je jednostavna: bez jurnjave ka vrhuncu do tri ujutru i bez ranog paljenja svetla. Dugi setovi, dubok zvuk i podijum koji muzici daje vreme. Fotografisanje i snimanje su zabranjeni, kamere se lepe na ulazu.

Lajnap stiže naknadno. Blind ulaznice su za one koji veruju selekciji, i to je najniža cena koju će ovaj vikend imati.

Cena: Drugstore Pass (pet + sub) 22,6 evra (oko 2640 dinara), Weekender Pass (pet + sub + ned) 28,25 evra (oko 3300 dinara).

Organizatori: Drugstore Productions, MAGLA, Para Beograd.",23:00,2640,Drugstore,"Bulevar despota Stefana 115, 11000 Beograd","44.819103,20.489149",https://ra.co/events/2548665,ra.co,,"Drugstore Productions, MAGLA, Para Beograd",https://ra.co/events/2548665,,,,,,"техно, фестиваль, Drugstore, Para Klub, MAGLA","techno, festival, Drugstore, Para Klub, MAGLA","tehno, festival, Drugstore, Para Klub, MAGLA"
12/11/2026,12/11/2026,10/6/2026,2171,Person,Carl Craig,https://en.wikipedia.org/wiki/Carl_Craig,,MusicEvent,Carl Craig в клубе Kult: детройтское техно на дне рождения клуба,Kult presents Carl Craig: Detroit techno for the club's birthday weekend,Kult predstavlja Carla Craiga: detroitski tehno za rođendan kluba,https://raw.githubusercontent.com/newsgl/arsposters/main/2171-KultPredstavljaCarlaCraigaDetroitskiTehn.webp,,Concerts,"Первая ночь юбилейного уикенда Kult отдана Карлу Крейгу, одной из ключевых фигур второй волны детройтского техно и основателю лейбла Planet E. Всего 350 билетов. 11 декабря, 23:00, Чумичево сокаче 3. Вход до полуночи 20 евро (около 2340 динаров), далее 24, 28 и 30 евро.","Night one of Kult's birthday weekend goes to Carl Craig, a defining figure of Detroit techno's second wave and founder of Planet E. Capacity is capped at 350 tickets. 11 December, 23:00, Čumićevo sokače 3. Entry before midnight 20 EUR (about 2340 dinars), then 24, 28 and 30 EUR.","Prva noć rođendanskog vikenda Kulta pripada Karlu Krejgu, jednoj od ključnih figura drugog talasa detroitskog tehna i osnivaču etikete Planet E. Samo 350 ulaznica. 11. decembar, 23.00, Čumićevo sokače 3. Ulaz pre ponoći 20 evra (oko 2340 dinara), zatim 24, 28 i 30 evra.","Юбилейный уикенд **Kult** открывает **Carl Craig**. Одна из самых влиятельных фигур второй волны детройтского техно и основатель лейбла Planet E Communications, за три с лишним десятилетия он раздвигал границы электронной музыки во все стороны: от безжалостного «Throw» проекта Paperclip People до джазового «Bug in the Bassbin» его Innerzone Orchestra.

Его работы повлияли на несколько поколений продюсеров и танцующих, а диапазон тянется от андеграундных пластинок до оркестровых коллабораций и звуковых инсталляций. Сквозь всё это проходит связь ритма, эмоции и возможностей звука.

В Kult этот масштаб встречается с камерностью: ближе к пульту, глубже в музыку. Ждите детройтской глубины, физического притяжения хауса и техно и инстинкта селектора, который знает, как двигать зал.

Вместимость строго ограничена 350 билетами.

Цена: вход до полуночи 20 евро (около 2340 динаров), ранний билет 24 евро (около 2800 динаров), первый релиз 28 евро (около 3275 динаров), обычный 30 евро (около 3510 динаров).

Организатор: Kult.","**Kult**'s birthday weekend opens with **Carl Craig**. A defining figure of Detroit techno's second wave and the founder of Planet E Communications, he has spent more than three decades expanding the possibilities of electronic music: from Paperclip People's relentless Throw to the jazz-rooted Bug in the Bassbin by his Innerzone Orchestra.

His work has shaped generations of producers and dancers, and his range stretches from underground records to orchestral collaborations and immersive sound installations. Across all of it runs a distinctive connection between rhythm, emotion and the possibilities of sound.

At Kult that scale meets intimacy: close to the booth, deep in the music. Expect the depth of Detroit, the physical pull of house and techno, and the instinct of a selector who knows how to make a room move.

Capacity is strictly limited to 350 tickets.

Price: entry before midnight 20 EUR (about 2340 dinars), early bird 24 EUR (about 2800 dinars), first release 28 EUR (about 3275 dinars), general admission 30 EUR (about 3510 dinars).

Organiser: Kult.","Rođendanski vikend **Kulta** otvara **Carl Craig**. Jedna od najuticajnijih figura drugog talasa detroitskog tehna i osnivač etikete Planet E Communications, više od tri decenije pomera granice elektronske muzike na sve strane: od nemilosrdnog „Throw“ projekta Paperclip People do džezom prožetog „Bug in the Bassbin“ njegovog Innerzone Orchestra.

Njegov rad je oblikovao generacije producenata i plesača, a raspon ide od andergraund ploča do orkestarskih saradnji i zvučnih instalacija. Kroz sve to provlači se veza ritma, emocije i mogućnosti zvuka.

U Kultu se ta širina sreće sa intimnošću: bliže pultu, dublje u muziku. Očekujte detroitsku dubinu, fizičku privlačnost hausa i tehna i instinkt selektora koji zna kako da pokrene salu.

Kapacitet je strogo ograničen na 350 ulaznica.

Cena: ulaz pre ponoći 20 evra (oko 2340 dinara), early bird 24 evra (oko 2800 dinara), prvi talas 28 evra (oko 3275 dinara), regularna 30 evra (oko 3510 dinara).

Organizator: Kult.",23:00,2340,Kult,"Čumićevo sokače 3, 11000 Beograd","44.813900,20.461900",https://ra.co/events/2550259,ra.co,,Kult,https://en.wikipedia.org/wiki/Carl_Craig,,,,,,"вечеринка, техно, Carl Craig, Detroit, Kult","party, techno, Carl Craig, Detroit, Kult","žurka, tehno, Carl Craig, Detroit, Kult"
12/12/2026,12/12/2026,10/6/2026,2172,MusicGroup,Simfonija u mraku,https://repertoar.rs/koncerti/simfonija-u-mraku/,,MusicEvent,«Симфония в темноте»: концерт камерного оркестра с завязанными глазами в ЦК «Влада Дивлян»,Simfonija u mraku: a blindfolded chamber orchestra concert at the Vlada Divljan Cultural Centre,Simfonija u mraku: koncert kamernog orkestra sa povezom na očima u CZK Vlada Divljan,https://raw.githubusercontent.com/newsgl/arsposters/main/2172-SimfonijaUMrakuKoncertKamernogOrkestra.webp,,Concerts,"Концерт камерного оркестра, на котором все слушатели сидят в чёрных повязках на глазах: известные произведения классики и темы из кино без единого визуального отвлечения. 12 декабря, два сеанса, в 18:30 и 20:30, ЦК «Влада Дивлян». Билеты 3000, 3400 и 3900 динаров по категориям.","A chamber orchestra concert at which every listener wears a black blindfold: well-known classical works and film themes with no visual distraction at all. 12 December, two performances, at 18:30 and 20:30, Vlada Divljan Cultural Centre. Tickets 3000, 3400 and 3900 dinars by category.","Koncert kamernog orkestra na kojem svi slušaoci nose crni povez na očima: poznata dela klasične muzike i filmske teme bez ijedne vizuelne distrakcije. 12. decembar, dva termina, u 18.30 i 20.30, CZK Vlada Divljan. Karte 3000, 3400 i 3900 dinara po kategorijama.","На входе каждому выдают чёрную повязку на глаза, и на время концерта зал погружается в темноту: ходить по нему нельзя, смотреть не на что, остаётся только слушать. Так устроена **«Симфония в темноте»**, которую организаторы называют первым концертом такого формата в Сербии.

За этим стоит мировая мода на «глубокое слушание»: публику отрывают от экранов и переключают всё внимание на звук. В Германии и Великобритании похожий формат «In the Dark» существует давно: музыканты без усиления играют вокруг слушателей, а темнота становится пространством, в котором смысл такого исполнения и раскрывается.

Камерный оркестр исполнит известные произведения классической музыки и легендарные темы из кинофильмов. Когда визуальный мир выключен, привычные вещи слышатся иначе.

Из-за особенностей формата билеты разделены на три категории.

Место: Культурный центр «Влада Дивлян».

Цена: 3000, 3400 и 3900 динаров по категориям.","At the entrance everyone receives a black blindfold, and for the length of the concert the hall goes dark: there is no moving around and nothing to look at, only listening. That is the idea of **Simfonija u mraku** (Symphony in the Dark), which the organisers describe as the first concert of its kind in Serbia.

Behind it is the global trend of deep listening: the audience is cut off from screens and all attention goes to sound. In Germany and the United Kingdom the In the Dark format has existed for some time: musicians play unamplified around the listeners, and the darkness becomes the space in which the meaning of such a performance reveals itself.

A chamber orchestra performs well-known works of classical music and legendary film themes. With the visual world switched off, familiar pieces sound different.

Because of the format, tickets are divided into three categories.

Venue: Vlada Divljan Cultural Centre.

Price: 3000, 3400 and 3900 dinars by category.","Na ulazu svako dobija crni povez za oči i sala za vreme koncerta tone u mrak: kretanja nema, nema šta da se gleda, ostaje samo da se sluša. Tako je zamišljena **Simfonija u mraku**, koju organizatori najavljuju kao prvi koncert ovakvog formata u Srbiji.

Iza toga stoji globalni trend takozvanog dubokog slušanja: publika se odvaja od ekrana i sav fokus ide na zvuk. U Nemačkoj i Ujedinjenom Kraljevstvu format „In the Dark“ postoji već duže: muzičari potpuno neozvučeni sviraju oko publike, a mrak postaje prostor u kojem se otkriva smisao ovakvog izvođenja.

Kamerni orkestar izvodi poznata dela klasične muzike i legendarne teme iz filmova. Kad se vizuelni svet isključi, poznate stvari zvuče drugačije.

Zbog specifičnosti formata karte su podeljene u tri kategorije.

Mesto: Kulturni centar Vlada Divljan.

Cena: 3000, 3400 i 3900 dinara po kategorijama.",18:30,3000,Kulturni centar Vlada Divljan,"Mitropolita Petra 8, 11000 Beograd","44.816425,20.485499",https://repertoar.rs/koncerti/simfonija-u-mraku/,repertoar.rs,https://tickets.rs/event/symphony_in_the_dark_sound_experience_28765,Kulturni centar Vlada Divljan,https://repertoar.rs/koncerti/simfonija-u-mraku/,,,,,,"классическая музыка, камерный оркестр, киномузыка, концерт в темноте, Влада Дивлян","classical music, chamber orchestra, film music, concert in the dark, Vlada Divljan","klasična muzika, kamerni orkestar, filmska muzika, koncert u mraku, Vlada Divljan"
12/13/2026,12/13/2026,10/6/2026,2173,Person,Николай Кузнецов (Nikolai Kuznetsov),https://efinity.rs/event-details/nikolaj_koznjecov_32452,,MusicEvent,Николай Кузнецов: фортепианный речитал в Коларце,Nikolai Kuznetsov: piano recital at Kolarac,Nikolaj Kuznjecov: klavirski recital na Kolarcu,https://raw.githubusercontent.com/newsgl/arsposters/main/2173-NikolajKuznjecovKlavirskiRecitalNaKolarc.webp,,Concerts,"Московский пианист, обладатель Гран-при конкурса Monte Carlo Piano Masters 2021 года и ученик Сергея Доренского и Николая Луганского, даёт сольный концерт в Коларце. 13 декабря, 20:00. Билеты 2900 и 3500 динаров.","The Moscow-born pianist, Grand Prix winner of the 2021 Monte Carlo Piano Masters and a student of Sergei Dorensky and Nikolai Lugansky, gives a solo recital at Kolarac. 13 December, 20:00. Tickets 2900 and 3500 dinars.","Moskovski pijanista, dobitnik Gran prija takmičenja Monte Carlo Piano Masters 2021. i đak Sergeja Dorenskog i Nikolaja Luganskog, održava solistički koncert na Kolarcu. 13. decembar, 20.00. Ulaznice 2900 i 3500 dinara.","В июне 2021 года **Николай Кузнецов** получил Гран-при конкурса **Monte Carlo Piano Masters**, который собирает победителей крупнейших фортепианных состязаний мира; премию принца Ренье III ему вручал лично князь Альбер II в Опере Монте-Карло. За три года до этого он стал абсолютным победителем конкурса Ricardo Viñes в Испании, забрав первую и все специальные премии.

Кузнецов родился в Москве в семье музыкантов, с девяти лет учился в школе имени Гнесиных, с 2014 года в Московской консерватории у Сергея Доренского, а аспирантуру окончил в 2021-м у Николая Луганского и Андрея Писарева. В списке побед: конкурсы в Панаме, Тель-Авиве, Германии, Словении, Греции, Казахстане, Португалии и Канаде.

Он играл с Филармоническим оркестром Монте-Карло, Иерусалимским симфоническим, Госоркестром имени Светланова, оркестром Мариинского театра и оркестром Эрмитажа, гастролировал от Японии до Южной Америки. С 2018 года участвует в программе Московской филармонии «Звёзды XXI века». Отдельная линия в его работе: фортепианные аранжировки, его переложения Астора Пьяццоллы собрали больше девяти миллионов просмотров на YouTube.

Цена: 2900 и 3500 динаров.

Организатор: GrandConcert.","In June 2021 **Nikolai Kuznetsov** won the Grand Prix of the **Monte Carlo Piano Masters**, a competition that gathers the winners of the world's major piano contests; Prince Albert II presented him the Prince Rainier III award in person at the Opéra de Monte-Carlo. Three years earlier he had been the absolute winner of the Ricardo Viñes competition in Spain, taking first prize and every special award.

Born in Moscow into a family of musicians, Kuznetsov entered the Gnessin school at nine, studied at the Moscow Conservatory with Sergei Dorensky from 2014 and completed postgraduate studies in 2021 under Nikolai Lugansky and Andrei Pisarev. His wins include competitions in Panama, Tel Aviv, Germany, Slovenia, Greece, Kazakhstan, Portugal and Canada.

He has played with the Monte-Carlo Philharmonic, the Jerusalem Symphony, the Svetlanov State Symphony Orchestra, the Mariinsky Theatre Orchestra and the State Hermitage Orchestra, and has toured from Japan to South America. Since 2018 he has been part of the Moscow Philharmonic's Stars of the 21st Century programme. He also arranges for piano: his Astor Piazzolla transcriptions have passed nine million views on YouTube.

Price: 2900 and 3500 dinars.

Organiser: GrandConcert.","U junu 2021. **Nikolaj Kuznjecov** je osvojio Gran pri takmičenja **Monte Carlo Piano Masters**, koje okuplja pobednike najvećih pijanističkih takmičenja sveta; nagradu princa Renijea III lično mu je uručio princ Albert II u Operi Monte Karlo. Tri godine ranije bio je apsolutni pobednik takmičenja „Ricardo Viñes“ u Španiji, sa prvom i svim specijalnim nagradama.

Rođen u Moskvi u porodici muzičara, Kuznjecov je sa devet godina upisao školu „Gnjesin“, od 2014. studirao na Moskovskom konzervatorijumu kod Sergeja Dorenskog, a postdiplomske studije završio 2021. kod Nikolaja Luganskog i Andreja Pisareva. Među pobedama su takmičenja u Panami, Tel Avivu, Nemačkoj, Sloveniji, Grčkoj, Kazahstanu, Portugalu i Kanadi.

Svirao je sa Filharmonijom Monte Karla, Jerusalimskim simfonijskim, Državnim orkestrom „Svetlanov“, orkestrom Marijinskog teatra i orkestrom Ermitaža, a turneje su ga vodile od Japana do Južne Amerike. Od 2018. deo je programa Moskovske filharmonije „Zvezde XXI veka“. Posebna linija njegovog rada su klavirski aranžmani: obrade Astora Pjacole imaju više od devet miliona pregleda na YouTube-u.

Cena: 2900 i 3500 dinara.

Organizator: GrandConcert.",20:00,2900,Zadužbina Ilije M. Kolarca,"Studentski trg 5, Beograd","44.819094,20.456261",https://efinity.rs/event-details/nikolaj_koznjecov_32452,efinity.rs,https://efinity.rs/event-details/nikolaj_koznjecov_32452,GrandConcert,https://efinity.rs/event-details/nikolaj_koznjecov_32452,,,,,,"классика, фортепиано, речитал, Коларац, Николай Кузнецов","classical, piano, recital, Kolarac, Nikolai Kuznetsov","klasika, klavir, recital, Kolarac, Nikolaj Kuznjecov"
12/20/2026,12/20/2026,10/6/2026,2174,MusicGroup,Nazareth,https://en.wikipedia.org/wiki/Nazareth_(band),,MusicEvent,Nazareth в mts Dvorana: шотландские рок-ветераны с альбомом Surviving the Law,Nazareth at mts Dvorana: Scottish rock veterans tour Surviving the Law,Nazareth u mts Dvorani: škotski rok veterani sa albumom Surviving the Law,https://raw.githubusercontent.com/newsgl/arsposters/main/2174-NazarethUMtsDvoraniSkotskiRok.webp,,Concerts,"Группа, основанная в 1968 году, везёт мировой тур в поддержку 25-го студийного альбома «Surviving the Law» (2022) и хиты пяти десятилетий, включая «Love Hurts». 20 декабря, 20:00, mts Dvorana на Дечанской. Билеты от 4500 до 8000 динаров.","The band formed in 1968 brings its world tour for the 25th studio album Surviving the Law (2022) and five decades of hits, including Love Hurts. 20 December, 20:00, mts Dvorana on Dečanska. Tickets 4500 to 8000 dinars.","Bend osnovan 1968. dovodi u Beograd svetsku turneju uz 25. studijski album „Surviving the Law“ (2022) i hitove iz pet decenija, uključujući „Love Hurts“. 20. decembar, 20.00, mts Dvorana u Dečanskoj. Ulaznice od 4500 do 8000 dinara.","**Nazareth** играют с 1968 года, и басист Пит Эгнью стоит на сцене с первого дня. По его словам, новый альбом «гарантированно достаточно хорош, чтобы сбить вас с ног»: **«Surviving the Law»**, двадцать пятая студийная пластинка группы, вышла в 2022 году с двенадцатью авторскими песнями, и мировой тур в её поддержку идёт по Европе, Америке и дальше.

Золотой период группы пришёлся на середину 70-х: «Razamanaz» и «Loud 'n' Proud» (1973), «Rampant» (1974), «Hair of the Dog» (1975) и «Close Enough for Rock 'n' Roll» (1976) собрали больше 50 золотых и платиновых дисков. Баллада «Love Hurts» до сих пор не сходит с радиоэфира.

В Белграде обещают песни со всех 25 альбомов и главные хиты пятидесяти с лишним лет карьеры.

Состав: Пит Эгнью (бас, основатель), Ли Эгнью (ударные, с 1999), Джимми Мюррисон (гитара, с 1994), Джанни Понтилло (вокал, с 2025).

Цена: от 4500 до 8000 динаров.

Организатор: Art Akcenat.","**Nazareth** have been playing since 1968, and bassist Pete Agnew has been on stage from day one. In his words the new album is guaranteed to knock your socks off: **Surviving the Law**, the band's twenty-fifth studio record, came out in 2022 with twelve original songs, and the world tour behind it runs through Europe, the Americas and beyond.

The band's golden era fell in the mid-70s: Razamanaz and Loud 'n' Proud (1973), Rampant (1974), Hair of the Dog (1975) and Close Enough for Rock 'n' Roll (1976) earned more than 50 gold and platinum awards. The ballad Love Hurts remains a radio staple worldwide.

In Belgrade the band promises songs from all 25 albums and the biggest hits of more than five decades.

Lineup: Pete Agnew (bass, founding member), Lee Agnew (drums, since 1999), Jimmy Murrison (guitar, since 1994), Gianni Pontillo (vocals, since 2025).

Price: 4500 to 8000 dinars.

Organiser: Art Akcenat.","**Nazareth** sviraju od 1968, a basista Pit Egnju je na sceni od prvog dana. Po njegovim rečima, novi album je „garantovano dovoljno dobar da vas izbaci iz čarapa“: **„Surviving the Law“**, dvadeset peta studijska ploča benda, izašla je 2022. sa dvanaest autorskih pesama, a svetska turneja uz nju ide kroz Evropu, Ameriku i dalje.

Zlatni period benda pao je u sredinu sedamdesetih: „Razamanaz“ i „Loud 'n' Proud“ (1973), „Rampant“ (1974), „Hair of the Dog“ (1975) i „Close Enough for Rock 'n' Roll“ (1976) doneli su više od 50 zlatnih i platinastih priznanja. Balada „Love Hurts“ i danas se vrti na radiju širom sveta.

U Beogradu obećavaju pesme sa svih 25 albuma i najveće hitove više od pet decenija karijere.

Postava: Pit Egnju (bas, osnivač), Li Egnju (bubnjevi, od 1999), Džimi Marison (gitara, od 1994), Đani Pontilo (vokal, od 2025).

Cena: od 4500 do 8000 dinara.

Organizator: Art Akcenat.",20:00,4500,mts Dvorana,"Dečanska 14, 11000 Beograd","44.813220,20.462629",https://efinity.rs/event-details/nazareth_32440,efinity.rs,https://efinity.rs/event-details/nazareth_32440,Art Akcenat,https://en.wikipedia.org/wiki/Nazareth_(band),,,,,,"концерт, рок, Nazareth, mts Dvorana, классический рок","concert, rock, Nazareth, mts Dvorana, classic rock","koncert, rok, Nazareth, mts Dvorana, klasični rok"
2/26/2027,2/26/2027,10/6/2026,2175,Person,Marsh,https://www.marshmusician.com/,,MusicEvent,Marsh впервые в Белграде: прогрессив-хаус с Anjunadeep на Stage 3 Hangar,Marsh's Belgrade debut: Anjunadeep progressive house at Hangar Stage 3,Marsh prvi put u Beogradu: Anjunadeep progresiv haus na Stage 3 Hangara,https://raw.githubusercontent.com/newsgl/arsposters/main/2175-MarshPrviPutUBeograduAnjunadeep.webp,,Concerts,"Британский продюсер Том Маршалл, автор альбомов «Lailonie» и «Endless» на Anjunadeep, впервые играет в Белграде. 26 февраля, с 23:00, Stage 3 в Hangar, Luka Beograd. Билет 1790 динаров.","British producer Tom Marshall, the man behind the Anjunadeep albums Lailonie and Endless, plays Belgrade for the first time. 26 February, from 23:00, Stage 3 at Hangar, Luka Beograd. Ticket 1790 dinars.","Britanski producent Tom Maršal, autor albuma „Lailonie“ i „Endless“ za Anjunadeep, prvi put nastupa u Beogradu. 26. februar, od 23.00, Stage 3 u Hangaru, Luka Beograd. Ulaznica 1790 dinara.","**Marsh** это Том Маршалл, британец, выросший под Уортингом и обосновавшийся в Цинциннати. Он работает в прогрессив- и дип-хаусе и за десять с лишним лет прошёл путь от Silk Music до **Anjunadeep**, одного из главных лейблов мелодичной электроники.

Дебютный альбом «Life On The Shore» вышел на Silk Music, а «Lailonie» (2021), первая пластинка на Anjunadeep, собрала больше 20 миллионов прослушиваний и разошлась тиражом свыше полутора тысяч виниловых копий. На «Endless» (2023) с ним записались Leo Wood, Wassu, Mariel Beausejour, Simon Doty и Jodie Knight. Маршалл сотрудничал с Sasha и Ferry Corsten и делал ремиксы для Above & Beyond.

В Белград он приезжает впервые, сет на Stage 3 в Hangar начинается в 23:00.

Цена: 1790 динаров.

Организатор: UGS PRO Music Promoting.","**Marsh** is Tom Marshall, a Briton who grew up just outside Worthing and is now based in Cincinnati. He works in progressive and deep house and over more than a decade has moved from Silk Music to **Anjunadeep**, one of the leading labels in melodic electronic music.

His debut album Life On The Shore came out on Silk Music, while Lailonie (2021), his first for Anjunadeep, has passed 20 million streams and sold more than 1500 vinyl copies. Endless (2023) features Leo Wood, Wassu, Mariel Beausejour, Simon Doty and Jodie Knight. Marshall has collaborated with Sasha and Ferry Corsten and remixed Above & Beyond.

This is his first Belgrade appearance; the set on Stage 3 at Hangar starts at 23:00.

Price: 1790 dinars.

Organiser: UGS PRO Music Promoting.","**Marsh** je Tom Maršal, Britanac odrastao kraj Vortinga, danas sa adresom u Sinsinatiju. Radi u progresiv i dip hausu, a za više od deset godina prešao je put od Silk Musica do **Anjunadeepa**, jedne od vodećih etiketa melodične elektronike.

Debi album „Life On The Shore“ izašao je za Silk Music, a „Lailonie“ (2021), prva ploča za Anjunadeep, prešla je 20 miliona strimova i prodata u više od 1500 vinilnih primeraka. Na „Endless“ (2023) gostuju Leo Wood, Wassu, Mariel Beausejour, Simon Doty i Jodie Knight. Maršal je sarađivao sa Sashom i Ferryjem Corstenom i radio remikse za Above & Beyond.

U Beograd dolazi prvi put, set na Stage 3 u Hangaru počinje u 23.00.

Cena: 1790 dinara.

Organizator: UGS PRO Music Promoting.",23:00,1790,Hangar (Luka Beograd),"Žorža Klemansoa 37, 11158 Beograd","44.827200,20.469800",https://cooltix.rs/event/6abe2ec39a6296047a0fa340,cooltix.rs,https://cooltix.rs/event/6abe2ec39a6296047a0fa340,UGS PRO Music Promoting,https://www.marshmusician.com/,,,,,,"вечеринка, прогрессив-хаус, Anjunadeep, Hangar, Marsh","party, progressive house, Anjunadeep, Hangar, Marsh","žurka, progresiv haus, Anjunadeep, Hangar, Marsh"
3/4/2027,3/4/2027,10/6/2026,2176,MusicGroup,DE/VISION,https://en.wikipedia.org/wiki/De/Vision,,MusicEvent,DEVISION REDUX: электронная клубная версия хитов De/Vision на Zappa Barka,DEVISION REDUX: De/Vision's synth-pop hits in a club electronic format at Zappa Barka,DEVISION REDUX: hitovi grupe De/Vision u klupskom elektronskom ruhu na Zappa Barci,https://raw.githubusercontent.com/newsgl/arsposters/main/2176-DEVISIONREDUXHitoviGrupeDeVision.webp,,Concerts,"Стеффен Кет, вокалист немецкой синти-поп-группы De/Vision, и продюсер Даниэль Майер (Haujobb) играют главные песни группы в клубном, более минималистичном и полностью электронном варианте. 4 марта в 20:00, Zappa Barka. Билеты от 25 евро (около 2925 динаров).","Steffen Keth, singer of the German synth-pop band De/Vision, and producer Daniel Myer (Haujobb) perform the band's key songs in a clubbier, more minimal and purely electronic form. 4 March at 20:00, Zappa Barka. Tickets from 25 euros (about 2925 dinars).","Stefen Ket, pevač nemačkog sint-pop benda De/Vision, i producent Danijel Majer (Haujobb) izvode najvažnije pesme benda u klupskom, minimalističnijem i potpuno elektronskom izdanju. 4. mart u 20.00, Zappa Barka. Karte od 25 evra (oko 2925 dinara).","Имя **De/Vision** знает почти каждый поклонник синти-попа в Германии и за её пределами. Группа сложилась в 1988 году, прошла путь от молодёжных клубов до контракта с крупным лейблом в 90-е и оставила за собой длинный ряд хитов и концертов. С 2009 года Стеффен Кет и Томас Адам выпускают записи на собственном лейбле Popgefahr; среди альбомов этого периода Popgefahr (2010), Rockets and Swords (2012) и Citybeats (2018).

DEVISION REDUX это не конец группы, а её дополнительный формат, как объясняет сам вокалист **Стеффен Кет**. Главные песни De/Vision звучат здесь в клубном, более современном, местами минималистичном и полностью электронном обличье.

Партнёром для новых интерпретаций Кет выбрал **Даниэля Майера**, основателя Haujobb (с 1992 года), автора проектов Architect и DSTR и давнего участника концертов Covenant. Майер следил за историей De/Vision с самого начала и раньше уже делал для группы ремиксы и выходил с ней на сцену.

Место: Zappa Barka, набережная у башни Небойша.

Цена: от 25 евро (около 2925 динаров).

Организатор: Prof Concerts.","Almost every synth-pop fan in Germany and beyond knows the name **De/Vision**. The band formed in 1988, worked its way from youth clubs to a major record deal in the 90s and left behind a long line of hits and live shows. Since 2009 Steffen Keth and Thomas Adam have released their records on their own label Popgefahr; albums from that period include Popgefahr (2010), Rockets and Swords (2012) and Citybeats (2018).

DEVISION REDUX is not the end of the band but an additional format, as singer **Steffen Keth** puts it. The most important De/Vision tracks are presented here in a clubbier, more modern, partly more minimal and purely electronic guise.

For the new interpretations Keth chose **Daniel Myer**, founder of Haujobb (since 1992), the man behind Architect and DSTR and a long-standing live member of Covenant. Myer has followed De/Vision's history from the very beginning and has previously contributed remixes and guest appearances.

Venue: Zappa Barka, on the quay by the Nebojša Tower.

Price: from 25 euros (about 2925 dinars).

Organiser: Prof Concerts.","Ime **De/Vision** zna gotovo svaki ljubitelj sint-popa u Nemačkoj i šire. Bend je nastao 1988, od omladinskih klubova stigao do ugovora sa velikom izdavačkom kućom devedesetih i za sobom ostavio dug niz hitova i koncerata. Od 2009. Stefen Ket i Tomas Adam objavljuju za sopstvenu etiketu Popgefahr; među albumima iz tog perioda su Popgefahr (2010), Rockets and Swords (2012) i Citybeats (2018).

DEVISION REDUX nije kraj benda, već dodatni format, kako objašnjava sam pevač **Stefen Ket**. Najvažnije pesme De/Visiona ovde zvuče u klupskom, modernijem, mestimično minimalističnijem i potpuno elektronskom ruhu.

Za partnera u novim interpretacijama Ket je izabrao **Danijela Majera**, osnivača Haujobba (od 1992), autora projekata Architect i DSTR i dugogodišnjeg koncertnog člana Covenanta. Majer prati istoriju De/Visiona od samog početka i ranije je za bend već radio remikse i gostovao na sceni.

Mesto: Zappa Barka, kej kod Kule Nebojša.

Cena: od 25 evra (oko 2925 dinara).

Organizator: Prof Concerts.",20:00,2930,Zappa Barka,"Bulevar vojvode Bojovića, kej kod Kule Nebojša, 11000 Beograd","44.828226,20.446185",https://profconcerts.com/events/devision_redux,profconcerts.com,,Prof Concerts,https://profconcerts.com/,,,,,,"синти-поп, электроника, De/Vision, Zappa Barka, концерт","synth-pop, electronic, De/Vision, Zappa Barka, concert","sint-pop, elektronika, De/Vision, Zappa Barka, koncert"
3/25/2027,3/25/2027,10/6/2026,2177,PerformingGroup,Ladies Soprano,https://www.mtsdvorana.rs/dogadjaj/gala-operski-koncert-ladies-soprano,,MusicEvent,Ladies Soprano: гала-концерт итальянского бельканто в mts Dvorana,Ladies Soprano: Italian bel canto gala at mts Dvorana,Ladies Soprano: gala koncert italijanskog belkanta u mts Dvorani,https://raw.githubusercontent.com/newsgl/arsposters/main/2177-LadiesSopranoGalaKoncertItalijanskogBelk.webp,,Concerts,"Четыре итальянских сопрано с оркестром Le Muse под управлением Андреа Альбертини, ученика и ассистента Эннио Морриконе: оперные арии, неаполитанские песни и музыка Морриконе. Концерт перенесён с 27 сентября 2026 года. 25 марта, 20:00, mts Dvorana, зал 1. Билеты от 1800 динаров.","Four Italian sopranos with the Le Muse orchestra under Andrea Albertini, a student and assistant of Ennio Morricone: opera arias, Neapolitan songs and Morricone's film music. Rescheduled from 27 September 2026. 25 March, 20:00, mts Dvorana, Hall 1. Tickets from 1800 dinars.","Četiri italijanske sopranistkinje uz orkestar Le Muse pod upravom Andree Albertinija, Morikoneovog učenika i asistenta: operske arije, napolitanske pesme i filmska muzika Enija Morikonea. Koncert je pomeren sa 27. septembra 2026. 25. mart, 20.00, mts Dvorana, sala 1. Ulaznice od 1800 dinara.","Гала-концерт **«Ladies Soprano: Belcanto Italiano»** должен был пройти в сентябре 2026 года, но его перенесли на весну: сопрано Сара Тисба заболела, врачи предписали покой и бережное отношение к голосу, а замену организаторы даже не рассматривали. Все купленные билеты действительны на новую дату.

На сцене четыре итальянские примадонны, каждая со своей оперной карьерой, которые объединили голоса ради нового способа исполнять самые известные арии. Их сопровождает оркестр **Le Muse** под управлением маэстро Андреа Альбертини, ученика и ассистента Эннио Морриконе. В программе оперные арии, неаполитанские песни и киномузыка Морриконе.

Перед Белградом коллектив гастролирует по Италии и Бельгии; в марте 2026 года их концерт в Сербском народном театре в Нови-Саде прошёл с аншлагом.

Цена: от 1800 динаров.

Организатор: Freemental d.o.o.","The gala **Ladies Soprano: Belcanto Italiano** was due in September 2026 but has been moved to spring: soprano Sarah Tisba fell ill, doctors prescribed rest and care for her voice, and the organisers never considered a replacement. All tickets bought for the original date remain valid.

On stage are four Italian prima donnas, each with her own operatic career, who joined voices for a new way of performing the best-known arias. They are accompanied by the **Le Muse** orchestra under maestro Andrea Albertini, a student and assistant of Ennio Morricone. The programme covers opera arias, Neapolitan songs and Morricone's film music.

Before Belgrade the ensemble tours Italy and Belgium; their March 2026 concert at the Serbian National Theatre in Novi Sad sold out.

Price: from 1800 dinars.

Organiser: Freemental d.o.o.","Gala koncert **„Ladies Soprano: Belcanto Italiano“** trebalo je da se održi u septembru 2026, ali je pomeren za proleće: sopranistkinja Sara Tisba se razbolela, lekari su preporučili mirovanje i čuvanje glasa, a o zameni organizatori nisu ni razmišljali. Sve kupljene ulaznice važe za novi termin.

Na sceni su četiri italijanske primadone, svaka sa sopstvenom operskom karijerom, koje su udružile glasove radi novog načina izvođenja najpoznatijih arija. Prati ih orkestar **Le Muse** pod upravom maestra Andree Albertinija, Morikoneovog učenika i asistenta. Na programu su operske arije, napolitanske pesme i filmska muzika Enija Morikonea.

Pre Beograda ansambl je na turneji po Italiji i Belgiji; koncert u Srpskom narodnom pozorištu u Novom Sadu u martu 2026. bio je rasprodat.

Cena: od 1800 dinara.

Organizator: Freemental d.o.o.",20:00,1800,mts Dvorana,"Dečanska 14, 11000 Beograd","44.813220,20.462629",https://www.mtsdvorana.rs/dogadjaj/gala-operski-koncert-ladies-soprano,mtsdvorana.rs,https://www.mtsdvorana.rs/dogadjaji/koncerti/gala-operski-koncert-ladies-soprano/mts-dvorana/sala-1/2027-03-25-2000/71044,Freemental d.o.o.,https://www.mtsdvorana.rs/dogadjaj/gala-operski-koncert-ladies-soprano,,,,,,"опера, бельканто, гала-концерт, mts Dvorana, Морриконе","opera, bel canto, gala concert, mts Dvorana, Morricone","opera, belkanto, gala koncert, mts Dvorana, Morikone"
4/2/2027,4/2/2027,10/6/2026,2178,MusicGroup,Moonspell,https://www.moonspell.com/,,MusicEvent,"Moonspell с туром «God is a Vampire» на Zappa Barka, гости Iotunn и TodoMal","Moonspell's God is a Vampire tour at Zappa Barka, with Iotunn and TodoMal","Moonspell na Zappa Barci sa turnejom „God is a Vampire“, gosti Iotunn i TodoMal",https://raw.githubusercontent.com/newsgl/arsposters/main/2178-MoonspellNaZappaBarciSaTurnejom.webp,,Concerts,"Португальские классики готик-метала во главе с Фернандо Рибейру возвращаются в Белград хедлайнерами тура в поддержку альбома Far from God. Разогрев: датско-фарерские Iotunn и испанские думстеры TodoMal. 2 апреля в 20:00, Zappa Barka. Билеты 3700 динаров по ранней цене, 4100 в предпродаже, 4500 в день концерта.","The Portuguese gothic metal veterans led by Fernando Ribeiro return to Belgrade as headliners of the tour behind their album Far from God. Support from Danish-Faroese Iotunn and Spanish doom band TodoMal. 2 April at 20:00, Zappa Barka. Tickets 3700 dinars early bird, 4100 in presale, 4500 on the day.","Portugalski velikani gothic metala predvođeni Fernandom Ribeirom vraćaju se u Beograd kao headlineri turneje uz album Far from God. Predgrupe: dansko-farski Iotunn i španski doom sastav TodoMal. 2. april u 20.00, Zappa Barka. Karte 3700 dinara po early bird ceni, 4100 u pretprodaji, 4500 na dan koncerta.","**Moonspell** играют в Белграде не первый раз, и у сербской публики с ними давняя история: концерты группы здесь регулярно подтверждают, что у местных фанатов она на особом счету. На этот раз португальцы приезжают хедлайнерами тура **«God is a Vampire»** в поддержку четырнадцатого студийного альбома Far from God, вышедшего летом 2026 года на Napalm Records.

Группа возникла в 1989 году под Лиссабоном как Morbid God и с 1992 года носит нынешнее имя. За три с лишним десятилетия блэк-метал-корни срослись с готик-металом, думом и мрачной атмосферной электроникой, а в центре звука остался узнаваемый голос **Фернандо Рибейру**. Альбом Memorial (2006) сделал Moonspell первой португальской метал-группой с золотым диском.

Специальные гости: датско-фарерские **Iotunn**, которые соединяют прогрессивный и мелодичный метал с дэтом и атмосферными партиями и за последние годы заметно выросли в глазах метал-публики. Открывают вечер испанские TodoMal с тяжёлыми риффами и эклектичным взглядом на дум-метал.

Место: Zappa Barka, набережная у башни Небойша.

Цена: 3700 динаров по ранней цене, 4100 в предпродаже, 4500 в день концерта.

Организатор: Hangtime Agency.","**Moonspell** are no strangers to Belgrade, and Serbian audiences have a long history with them: their shows here regularly confirm that local fans hold the band in special regard. This time the Portuguese come as headliners of the **God is a Vampire** tour behind their fourteenth studio album Far from God, released in summer 2026 on Napalm Records.

The band started near Lisbon in 1989 as Morbid God and has carried its current name since 1992. Over more than three decades their black metal roots have merged with gothic metal, doom and darker atmospheric sounds, with the unmistakable voice of **Fernando Ribeiro** at the centre. The album Memorial (2006) made Moonspell the first Portuguese metal band with a gold record.

Special guests are the Danish-Faroese **Iotunn**, who blend progressive and melodic metal with death metal and atmospheric passages and have drawn growing attention from metal audiences in recent years. The evening opens with Spain's TodoMal, built on heavy riffs and an eclectic take on doom metal.

Venue: Zappa Barka, on the quay by the Nebojša Tower.

Price: 3700 dinars early bird, 4100 in presale, 4500 on the day.

Organiser: Hangtime Agency.","**Moonspell** u Beogradu nisu novajlije, a sa srpskom publikom imaju dugu istoriju: njihovi ovdašnji koncerti redovno potvrđuju da kod domaćih fanova imaju posebno mesto. Ovog puta Portugalci stižu kao headlineri turneje **„God is a Vampire“** uz četrnaesti studijski album Far from God, objavljen leta 2026. za Napalm Records.

Bend je nastao 1989. kod Lisabona kao Morbid God, a današnje ime nosi od 1992. Tokom više od tri decenije black metal koreni spojili su se sa gothic metalom, doomom i mračnijim atmosferičnim zvukom, a u centru svega ostao je prepoznatljivi vokal **Fernanda Ribeira**. Album Memorial (2006) učinio je Moonspell prvim portugalskim metal bendom sa zlatnim tiražem.

Specijalni gosti su dansko-farski **Iotunn**, koji spajaju progresivni i melodični metal sa death metalom i atmosferičnim elementima i oko kojih poslednjih godina raste interesovanje metal publike. Veče otvaraju španski TodoMal, oslonjeni na teške rifove i eklektičan pogled na doom metal.

Mesto: Zappa Barka, kej kod Kule Nebojša.

Cena: 3700 dinara early bird, 4100 u pretprodaji, 4500 na dan koncerta.

Organizator: Hangtime Agency.",20:00,3700,Zappa Barka,"Bulevar vojvode Bojovića, kej kod Kule Nebojša, 11000 Beograd","44.828226,20.446185",https://hangtimeagency.com/rs/event/moonspell-u-beogradu-god-is-a-vampire-turneja-iotunn-todomal/,hangtimeagency.com,https://tickets.hangtimeagency.com/event-detail-hr/6abfcaf7de115ed6cec9b0f9/?lang=hr,Hangtime Agency,https://hangtimeagency.com/,,,,,,"готик-метал, Moonspell, метал, Zappa Barka, концерт","gothic metal, Moonspell, metal, Zappa Barka, concert","gothic metal, Moonspell, metal, Zappa Barka, koncert"
7/16/2027,7/16/2027,10/6/2026,2179,MusicGroup,Slash featuring Myles Kennedy and The Conspirators,https://slashonline.com/,,MusicEvent,Slash с Майлзом Кеннеди и The Conspirators в Luka Beograd: тур Flying Blind,Slash featuring Myles Kennedy and The Conspirators at Luka Beograd: Flying Blind World Tour,Slash sa Mylesom Kennedyjem i The Conspirators u Luci Beograd: turneja Flying Blind,https://raw.githubusercontent.com/newsgl/arsposters/main/2179-SlashSaMylesomKennedyjemIThe.webp,,Concerts,"Гитарист Guns N' Roses возвращается в Сербию с группой Slash featuring Myles Kennedy and The Conspirators в рамках мирового тура Flying Blind 2027. 16 июля, 20:00, Luka Beograd. Предпродажа с 7 октября через slashonline.com, общая продажа с 9 октября; цены пока не объявлены.","The Guns N' Roses guitarist returns to Serbia with Slash featuring Myles Kennedy and The Conspirators on the Flying Blind World Tour 2027. 16 July, 20:00, Luka Beograd. Presale from 7 October via slashonline.com, general sale from 9 October; prices not yet announced.","Gitarista Guns N' Rosesa vraća se u Srbiju sa bendom Slash featuring Myles Kennedy and The Conspirators u okviru svetske turneje Flying Blind 2027. 16. jul, 20.00, Luka Beograd. Pretprodaja od 7. oktobra preko slashonline.com, redovna prodaja od 9. oktobra; cene još nisu objavljene.","Один из самых узнаваемых гитаристов в истории рока, **Slash**, снова едет в Сербию. На этот раз с собственной группой: **Slash featuring Myles Kennedy and The Conspirators**, где у микрофона Майлз Кеннеди, вокалист Alter Bridge. Белградский концерт в Luka Beograd входит в мировой тур **Flying Blind World Tour 2027**, который стартует в апреле и до конца июля проходит через Северную и Южную Америку, Великобританию и Европу. Тур объявлен вместе с новым альбомом группы «Flying Blind».

Концерт организует продюсерская компания Long Play, в активе которой концерты на той же площадке у Дуная. Предпродажа билетов открывается в среду, 7 октября, через официальные каналы группы на slashonline.com, общая продажа в пятницу, 9 октября. Цены и дополнительные подробности организатор обещает опубликовать позже.

Организатор: Long Play.","One of the most recognisable guitarists in rock history, **Slash**, is coming back to Serbia, this time with his own band: **Slash featuring Myles Kennedy and The Conspirators**, fronted by Alter Bridge singer Myles Kennedy. The Belgrade show at Luka Beograd is part of the **Flying Blind World Tour 2027**, which starts in April and runs through the end of July across North and South America, the UK and Europe. The tour was announced together with the band's new album Flying Blind.

The concert is promoted by Long Play, the company behind a string of shows at the same riverside venue. Presale opens on Wednesday 7 October through the band's official channels at slashonline.com, with general sale from Friday 9 October. Prices and further details are to be published by the organiser.

Organiser: Long Play.","Jedan od najprepoznatljivijih gitarista u istoriji roka, **Slash**, ponovo dolazi u Srbiju, ovog puta sa svojim bendom: **Slash featuring Myles Kennedy and The Conspirators**, gde je za mikrofonom Majls Kenedi, pevač Alter Bridgea. Beogradski koncert u Luci Beograd deo je svetske turneje **Flying Blind World Tour 2027**, koja kreće u aprilu i do kraja jula prolazi kroz Severnu i Južnu Ameriku, Veliku Britaniju i Evropu. Turneja je najavljena zajedno sa novim albumom benda „Flying Blind“.

Koncert organizuje producentska kuća Long Play, koja iza sebe ima niz koncerata na istom mestu uz Dunav. Pretprodaja ulaznica počinje u sredu, 7. oktobra, preko zvaničnih kanala benda na slashonline.com, a redovna prodaja u petak, 9. oktobra. Cene i ostale detalje organizator će objaviti naknadno.

Organizator: Long Play.",20:00,,Luka Beograd,"Žorža Klemansoa 37, 11158 Beograd","44.827063,20.473027",https://longplay.rs/dogadjaj/slash-ft-myles-kennedy-and-the-conspirators/,longplay.rs,,Long Play,https://longplay.rs/,,,,,,"концерт, рок, Slash, Luka Beograd, Myles Kennedy","concert, rock, Slash, Luka Beograd, Myles Kennedy","koncert, rok, Slash, Luka Beograd, Myles Kennedy"
