StartDate,EndDate,PubDate,UniqueID,PerformerType,PerformerName,SameAs,Language,EventType,EventNameRus,EventNameEng,EventNameSrb,CoverImage,SpotifyButton,Section,ShortDescriptionRus,ShortDescriptionEng,ShortDescriptionSrb,LongDescriptionRus,LongDescriptionEng,LongDescriptionSrb,Time,PriceDin,PlaceName,PlaceAddress,GoogleMap,EventPage,SourceName,TicketsLink,OrganizerName,OrganizerPageURL,OrganizerEmail,OrganizerPhone,AgeRestriction,EventCapacity,ImageGallery,TagsRus,TagsEng,TagsSrb
10/10/2026,10/10/2026,9/30/2026,1832,TheaterGroup,Teatar na Brdu,https://teatarnabrdu.rs/,,TheaterEvent,«Люди сверху»: комедия Сеска Гая о двух парах в Театре на Брду,Ljudi odozgo: Cesc Gay’s comedy about two couples at Teatar na Brdu,„Ljudi odozgo“: komedija Seska Gaja o dva para u Teatru na Brdu,https://raw.githubusercontent.com/newsgl/arsposters/main/1832-LjudiOdozgoKomedijaSeskaGajaO.webp,,Theatre,"Соседи сверху приходят на ужин и делают хозяевам неожиданное предложение. Комедия каталонского драматурга Сеска Гая в постановке Патрика Лазича, играют Сергей Трифунович, Александра Томич, Алексей Белогрлич и Ива Илинчич. Большая сцена, начало в 20:00, билеты 1500-2200 динаров.","The upstairs neighbours come to dinner and make their hosts an unexpected offer. Cesc Gay’s comedy directed by Patrik Lazić, with Sergej Trifunović, Aleksandra Tomić, Aleksej Bjelogrlić and Iva Ilinčić. Main stage, 20:00, tickets 1500-2200 dinars.","Komšije odozgo dolaze na večeru i domaćinima daju neobičnu ponudu. Komedija Seska Gaja u režiji Patrika Lazića, igraju Sergej Trifunović, Aleksandra Tomić, Aleksej Bjelogrlić i Iva Ilinčić. Velika scena, početak u 20 časova, karte od 1500 do 2200 dinara.","Пьеса каталонца **Сеска Гая** с барселонской премьеры 2016 года прошла по Испании, Латинской Америке, США, Португалии и Греции, а в 2020 году автор сам снял по ней фильм «Сентиментальное», номинированный на премию «Гойя». Театр на Брду получил эксклюзивные права и впервые поставил её на местном языке.

Сюжет простой: хозяева зовут на ужин соседей сверху, и те делают им предложение, после которого вечер идёт совсем не по плану. Дальше смешное постепенно уступает место неудобным вопросам. Хватает ли двоим друг друга, почему рутина пугает сильнее развода, как люди с такой свободой выбора оказались настолько одинокими.

Режиссёр **Патрик Лазич** сталкивает две пары и два взгляда на отношения. Одну пару играют Сергей Трифунович и Александра Томич, другую Алексей Белогрлич и Ива Илинчич. Сценография Весны Попович, костюмы Велимирки Дамьянович.

Цена: от 1500 (балкон и ложи) до 2200 динаров (партер).","Catalan playwright **Cesc Gay**’s play has travelled from its 2016 Barcelona premiere across Spain, Latin America, the US, Portugal and Greece. Gay also filmed it himself as Sentimental (2020), which earned several Goya nominations. Teatar na Brdu holds the exclusive rights and stages it here in the local language for the first time.

The setup is simple: a couple invites the upstairs neighbours to dinner, and the guests make an offer that takes the evening somewhere nobody planned. The laughs gradually give way to awkward questions about whether two people can be enough for each other, why routine feels scarier than divorce, and how so much freedom has left people so lonely.

Director **Patrik Lazić** sets two couples and two views of partnership against each other: Sergej Trifunović and Aleksandra Tomić on one side, Aleksej Bjelogrlić and Iva Ilinčić on the other. Set design by Vesna Popović, costumes by Velimirka Damjanović.

Price: 1500 dinars (balcony and boxes) to 2200 dinars (stalls).","Komad katalonskog pisca **Seska Gaja** od premijere u Barseloni 2016. obišao je Španiju, Latinsku Ameriku, SAD, Portugal i Grčku, a autor ga je 2020. i sam ekranizovao kao film „Sentimental“, nominovan za više nagrada Goja. Teatar na Brdu dobio je ekskluzivna prava i komad se prvi put igra na našem jeziku.

Domaćini pozivaju komšije odozgo na večeru, a gosti im daju ponudu posle koje veče kreće u neočekivanom pravcu. Smeh polako ustupa mesto neprijatnim pitanjima: da li je dvoje ljudi dovoljno jedno drugom, zašto je rutina strašnija od razvoda i kako nas je toliko sloboda dovelo do usamljenosti.

Reditelj **Patrik Lazić** suprotstavlja dva para i dve logike odnosa. Igraju tandemi Sergej Trifunović i Aleksandra Tomić, Aleksej Bjelogrlić i Iva Ilinčić. Scena Vesna Popović, kostim Velimirka Damjanović.

Cena: od 1500 (balkon i lože) do 2200 dinara (parter).",20:00,1500,Teatar na Brdu,"Turgenjevljeva 5, Beograd","44.783447,20.417221",https://repertoar.rs/predstave/ljudi-odozgo/,repertoar.rs,https://bilet.teatarnabrdu.rs/scena.php?prostorterminid=597,Teatar na Brdu,https://teatarnabrdu.rs/,,,,,,"театр, комедия, Театр на Брду, Сергей Трифунович, современная драматургия","theatre, comedy, Teatar na Brdu, Sergej Trifunović, contemporary drama","pozorište, komedija, Teatar na Brdu, Sergej Trifunović, savremena drama"
10/15/2026,10/15/2026,9/30/2026,1833,TheaterGroup,Teatar na Brdu,https://teatarnabrdu.rs/,,TheaterEvent,«Люди сверху»: комедия Сеска Гая о двух парах в Театре на Брду,Ljudi odozgo: Cesc Gay’s comedy about two couples at Teatar na Brdu,„Ljudi odozgo“: komedija Seska Gaja o dva para u Teatru na Brdu,https://raw.githubusercontent.com/newsgl/arsposters/main/1833-LjudiOdozgoKomedijaSeskaGajaO.webp,,Theatre,"Соседи сверху приходят на ужин и делают хозяевам неожиданное предложение. Комедия каталонского драматурга Сеска Гая в постановке Патрика Лазича, играют Сергей Трифунович, Александра Томич, Алексей Белогрлич и Ива Илинчич. Большая сцена, начало в 20:00, билеты 1500-2200 динаров.","The upstairs neighbours come to dinner and make their hosts an unexpected offer. Cesc Gay’s comedy directed by Patrik Lazić, with Sergej Trifunović, Aleksandra Tomić, Aleksej Bjelogrlić and Iva Ilinčić. Main stage, 20:00, tickets 1500-2200 dinars.","Komšije odozgo dolaze na večeru i domaćinima daju neobičnu ponudu. Komedija Seska Gaja u režiji Patrika Lazića, igraju Sergej Trifunović, Aleksandra Tomić, Aleksej Bjelogrlić i Iva Ilinčić. Velika scena, početak u 20 časova, karte od 1500 do 2200 dinara.","Пьеса каталонца **Сеска Гая** с барселонской премьеры 2016 года прошла по Испании, Латинской Америке, США, Португалии и Греции, а в 2020 году автор сам снял по ней фильм «Сентиментальное», номинированный на премию «Гойя». Театр на Брду получил эксклюзивные права и впервые поставил её на местном языке.

Сюжет простой: хозяева зовут на ужин соседей сверху, и те делают им предложение, после которого вечер идёт совсем не по плану. Дальше смешное постепенно уступает место неудобным вопросам. Хватает ли двоим друг друга, почему рутина пугает сильнее развода, как люди с такой свободой выбора оказались настолько одинокими.

Режиссёр **Патрик Лазич** сталкивает две пары и два взгляда на отношения. Одну пару играют Сергей Трифунович и Александра Томич, другую Алексей Белогрлич и Ива Илинчич. Сценография Весны Попович, костюмы Велимирки Дамьянович.

Цена: от 1500 (балкон и ложи) до 2200 динаров (партер).","Catalan playwright **Cesc Gay**’s play has travelled from its 2016 Barcelona premiere across Spain, Latin America, the US, Portugal and Greece. Gay also filmed it himself as Sentimental (2020), which earned several Goya nominations. Teatar na Brdu holds the exclusive rights and stages it here in the local language for the first time.

The setup is simple: a couple invites the upstairs neighbours to dinner, and the guests make an offer that takes the evening somewhere nobody planned. The laughs gradually give way to awkward questions about whether two people can be enough for each other, why routine feels scarier than divorce, and how so much freedom has left people so lonely.

Director **Patrik Lazić** sets two couples and two views of partnership against each other: Sergej Trifunović and Aleksandra Tomić on one side, Aleksej Bjelogrlić and Iva Ilinčić on the other. Set design by Vesna Popović, costumes by Velimirka Damjanović.

Price: 1500 dinars (balcony and boxes) to 2200 dinars (stalls).","Komad katalonskog pisca **Seska Gaja** od premijere u Barseloni 2016. obišao je Španiju, Latinsku Ameriku, SAD, Portugal i Grčku, a autor ga je 2020. i sam ekranizovao kao film „Sentimental“, nominovan za više nagrada Goja. Teatar na Brdu dobio je ekskluzivna prava i komad se prvi put igra na našem jeziku.

Domaćini pozivaju komšije odozgo na večeru, a gosti im daju ponudu posle koje veče kreće u neočekivanom pravcu. Smeh polako ustupa mesto neprijatnim pitanjima: da li je dvoje ljudi dovoljno jedno drugom, zašto je rutina strašnija od razvoda i kako nas je toliko sloboda dovelo do usamljenosti.

Reditelj **Patrik Lazić** suprotstavlja dva para i dve logike odnosa. Igraju tandemi Sergej Trifunović i Aleksandra Tomić, Aleksej Bjelogrlić i Iva Ilinčić. Scena Vesna Popović, kostim Velimirka Damjanović.

Cena: od 1500 (balkon i lože) do 2200 dinara (parter).",20:00,1500,Teatar na Brdu,"Turgenjevljeva 5, Beograd","44.783447,20.417221",https://repertoar.rs/predstave/ljudi-odozgo/,repertoar.rs,https://bilet.teatarnabrdu.rs/scena.php?prostorterminid=597,Teatar na Brdu,https://teatarnabrdu.rs/,,,,,,"театр, комедия, Театр на Брду, Сергей Трифунович, современная драматургия","theatre, comedy, Teatar na Brdu, Sergej Trifunović, contemporary drama","pozorište, komedija, Teatar na Brdu, Sergej Trifunović, savremena drama"
10/31/2026,10/31/2026,9/30/2026,1834,TheaterGroup,Teatar na Brdu,https://teatarnabrdu.rs/,,TheaterEvent,«Люди сверху»: комедия Сеска Гая о двух парах в Театре на Брду,Ljudi odozgo: Cesc Gay’s comedy about two couples at Teatar na Brdu,„Ljudi odozgo“: komedija Seska Gaja o dva para u Teatru na Brdu,https://raw.githubusercontent.com/newsgl/arsposters/main/1834-LjudiOdozgoKomedijaSeskaGajaO.webp,,Theatre,"Соседи сверху приходят на ужин и делают хозяевам неожиданное предложение. Комедия каталонского драматурга Сеска Гая в постановке Патрика Лазича, играют Сергей Трифунович, Александра Томич, Алексей Белогрлич и Ива Илинчич. Большая сцена, начало в 20:00, билеты 1500-2200 динаров.","The upstairs neighbours come to dinner and make their hosts an unexpected offer. Cesc Gay’s comedy directed by Patrik Lazić, with Sergej Trifunović, Aleksandra Tomić, Aleksej Bjelogrlić and Iva Ilinčić. Main stage, 20:00, tickets 1500-2200 dinars.","Komšije odozgo dolaze na večeru i domaćinima daju neobičnu ponudu. Komedija Seska Gaja u režiji Patrika Lazića, igraju Sergej Trifunović, Aleksandra Tomić, Aleksej Bjelogrlić i Iva Ilinčić. Velika scena, početak u 20 časova, karte od 1500 do 2200 dinara.","Пьеса каталонца **Сеска Гая** с барселонской премьеры 2016 года прошла по Испании, Латинской Америке, США, Португалии и Греции, а в 2020 году автор сам снял по ней фильм «Сентиментальное», номинированный на премию «Гойя». Театр на Брду получил эксклюзивные права и впервые поставил её на местном языке.

Сюжет простой: хозяева зовут на ужин соседей сверху, и те делают им предложение, после которого вечер идёт совсем не по плану. Дальше смешное постепенно уступает место неудобным вопросам. Хватает ли двоим друг друга, почему рутина пугает сильнее развода, как люди с такой свободой выбора оказались настолько одинокими.

Режиссёр **Патрик Лазич** сталкивает две пары и два взгляда на отношения. Одну пару играют Сергей Трифунович и Александра Томич, другую Алексей Белогрлич и Ива Илинчич. Сценография Весны Попович, костюмы Велимирки Дамьянович.

Цена: от 1500 (балкон и ложи) до 2200 динаров (партер).","Catalan playwright **Cesc Gay**’s play has travelled from its 2016 Barcelona premiere across Spain, Latin America, the US, Portugal and Greece. Gay also filmed it himself as Sentimental (2020), which earned several Goya nominations. Teatar na Brdu holds the exclusive rights and stages it here in the local language for the first time.

The setup is simple: a couple invites the upstairs neighbours to dinner, and the guests make an offer that takes the evening somewhere nobody planned. The laughs gradually give way to awkward questions about whether two people can be enough for each other, why routine feels scarier than divorce, and how so much freedom has left people so lonely.

Director **Patrik Lazić** sets two couples and two views of partnership against each other: Sergej Trifunović and Aleksandra Tomić on one side, Aleksej Bjelogrlić and Iva Ilinčić on the other. Set design by Vesna Popović, costumes by Velimirka Damjanović.

Price: 1500 dinars (balcony and boxes) to 2200 dinars (stalls).","Komad katalonskog pisca **Seska Gaja** od premijere u Barseloni 2016. obišao je Španiju, Latinsku Ameriku, SAD, Portugal i Grčku, a autor ga je 2020. i sam ekranizovao kao film „Sentimental“, nominovan za više nagrada Goja. Teatar na Brdu dobio je ekskluzivna prava i komad se prvi put igra na našem jeziku.

Domaćini pozivaju komšije odozgo na večeru, a gosti im daju ponudu posle koje veče kreće u neočekivanom pravcu. Smeh polako ustupa mesto neprijatnim pitanjima: da li je dvoje ljudi dovoljno jedno drugom, zašto je rutina strašnija od razvoda i kako nas je toliko sloboda dovelo do usamljenosti.

Reditelj **Patrik Lazić** suprotstavlja dva para i dve logike odnosa. Igraju tandemi Sergej Trifunović i Aleksandra Tomić, Aleksej Bjelogrlić i Iva Ilinčić. Scena Vesna Popović, kostim Velimirka Damjanović.

Cena: od 1500 (balkon i lože) do 2200 dinara (parter).",20:00,1500,Teatar na Brdu,"Turgenjevljeva 5, Beograd","44.783447,20.417221",https://repertoar.rs/predstave/ljudi-odozgo/,repertoar.rs,https://bilet.teatarnabrdu.rs/scena.php?prostorterminid=597,Teatar na Brdu,https://teatarnabrdu.rs/,,,,,,"театр, комедия, Театр на Брду, Сергей Трифунович, современная драматургия","theatre, comedy, Teatar na Brdu, Sergej Trifunović, contemporary drama","pozorište, komedija, Teatar na Brdu, Sergej Trifunović, savremena drama"
10/1/2026,10/1/2026,9/30/2026,1835,TheaterGroup,Pozorište na Terazijama,https://pozoristeterazije.com/,,TheaterEvent,«Зона Замфирова»: мюзикл Кокана Младеновича по Стевану Сремацу в театре на Теразиях,Zona Zamfirova: Kokan Mladenović’s musical after Stevan Sremac at Terazije Theatre,„Zona Zamfirova“: mjuzikl Kokana Mladenovića po Stevanu Sremcu u Pozorištu na Terazijama,https://raw.githubusercontent.com/newsgl/arsposters/main/1835-ZonaZamfirovaMjuziklKokanaMladenovicaPo.webp,,Theatre,"Любовь дочери богатого нишского торговца и небогатого золотых дел мастера Мане в музыкальной версии классики Стевана Сремаца. Режиссёр и автор текста Кокан Младенович, музыка Марко Грубича. Большая сцена, начало в 19:30, билеты 1800-2400 динаров.","The love story of a rich Niš merchant’s daughter and a modest goldsmith, Stevan Sremac’s classic turned into a musical. Written and directed by Kokan Mladenović, music by Marko Grubić. Main stage, 19:30, tickets 1800-2400 dinars.","Ljubav ćerke uglednog niškog trgovca i siromašnog zlatara Maneta, Sremčev klasik kao mjuzikl. Tekst i režija Kokan Mladenović, muzika Marko Grubić. Velika scena, početak u 19.30, karte od 1800 do 2400 dinara.","У Зоны Замфировой был реальный прототип. Историю Стевану Сремацу рассказал **Бранислав Нушич**, служивший консулом в Приштине и бывавший в доме настоящей Зоны. Чтобы не ставить знакомых в неловкое положение, Сремац перенёс всех героев в свой Ниш. Сама Зона дожила до постановки в Народном театре в 1952 году и сидела на премьере.

Театр на Теразиях выпустил мюзикл в 2012 году, это его 277-я премьера. Текст и песни написал режиссёр **Кокан Младенович**, музыку Марко Грубич, хореографию поставила Мойца Хорват. Дочь богатого торговца Хаджи Замфира и трудолюбивый, но небогатый ювелир Мане любят друг друга, а сословная разница, сплетни и интриги друзей мешают им до последнего. Много юмора и колорита старой нишской чаршии.

В ролях Иван Босильчич или Александар Вучкович (Мане), Ивана Попович или Милена Живанович (Зона), Милош Джорджевич и большой ансамбль театра с оркестром.

Длительность 2 часа 45 минут с антрактом.

Цена: 1800, 2300 и 2400 динаров.","Zona Zamfirova really existed. The story reached Stevan Sremac through **Branislav Nušić**, who served as consul in Priština and often visited her family. To spare his acquaintances, Sremac moved everyone to his own Niš. The real Zona lived to see the 1952 National Theatre production and attended its premiere.

Terazije Theatre opened its musical version in 2012 as its 277th premiere. Director **Kokan Mladenović** wrote the book and lyrics, Marko Grubić composed the music and Mojca Horvat did the choreography. Zona, daughter of the wealthy merchant Hadži Zamfir, and Mane, a hard-working goldsmith of modest means, are kept apart by class, gossip and friends’ scheming, with plenty of humour and old Niš bazaar colour along the way.

Cast: Ivan Bosiljčić or Aleksandar Vučković (Mane), Ivana Popović or Milena Živanović (Zona), Miloš Đorđević and the theatre’s full company with orchestra.

Running time: 2 hours 45 minutes with an interval.

Price: 1800, 2300 and 2400 dinars.","Zona Zamfirova je zaista postojala. Priču je Stevanu Sremcu preneo **Branislav Nušić**, koji je bio konzul u Prištini i čest gost u Zamfirovoj kući, a Sremac je likove preselio u svoj Niš da ne bi pravio nelagodu poznanicima. Prava Zona je doživela premijeru u Narodnom pozorištu 1952. i sedela u publici.

Pozorište na Terazijama postavilo je mjuzikl 2012. godine, kao svoju 277. premijeru. Tekst i songove napisao je reditelj **Kokan Mladenović**, muziku Marko Grubić, koreografiju Mojca Horvat. Ljubav Zone, ćerke bogatog Hadži Zamfira, i vrednog ali neimućnog zlatara Maneta sapliću staleške razlike, čaršijski jezici i spletke prijatelja, uz mnogo humora i duha starog Niša.

Igraju Ivan Bosiljčić/Aleksandar Vučković (Mane), Ivana Popović/Milena Živanović (Zona), Miloš Đorđević i veliki ansambl pozorišta sa orkestrom.

Trajanje: 2 sata i 45 minuta sa pauzom.

Cena: 1800, 2300 i 2400 dinara.",19:30,1800,Pozorište na Terazijama,"Trg Nikole Pašića 3, Beograd","44.812818,20.461566",https://repertoar.rs/predstave/zona-zamfirova/,repertoar.rs,https://bilet.pozoristeterazije.com/scena.php?prostorterminid=1252,Pozorište na Terazijama,https://pozoristeterazije.com/,,,,,,"мюзикл, театр на Теразиях, Стеван Сремац, сербская классика, Кокан Младенович","musical, Terazije Theatre, Stevan Sremac, Serbian classic, Kokan Mladenović","mjuzikl, Pozorište na Terazijama, Stevan Sremac, domaći klasik, Kokan Mladenović"
10/27/2026,10/27/2026,9/30/2026,1836,TheaterGroup,Pozorište na Terazijama,https://pozoristeterazije.com/,,TheaterEvent,«Зона Замфирова»: мюзикл Кокана Младеновича по Стевану Сремацу в театре на Теразиях,Zona Zamfirova: Kokan Mladenović’s musical after Stevan Sremac at Terazije Theatre,„Zona Zamfirova“: mjuzikl Kokana Mladenovića po Stevanu Sremcu u Pozorištu na Terazijama,https://raw.githubusercontent.com/newsgl/arsposters/main/1836-ZonaZamfirovaMjuziklKokanaMladenovicaPo.webp,,Theatre,"Любовь дочери богатого нишского торговца и небогатого золотых дел мастера Мане в музыкальной версии классики Стевана Сремаца. Режиссёр и автор текста Кокан Младенович, музыка Марко Грубича. Большая сцена, начало в 19:30, билеты 1800-2400 динаров.","The love story of a rich Niš merchant’s daughter and a modest goldsmith, Stevan Sremac’s classic turned into a musical. Written and directed by Kokan Mladenović, music by Marko Grubić. Main stage, 19:30, tickets 1800-2400 dinars.","Ljubav ćerke uglednog niškog trgovca i siromašnog zlatara Maneta, Sremčev klasik kao mjuzikl. Tekst i režija Kokan Mladenović, muzika Marko Grubić. Velika scena, početak u 19.30, karte od 1800 do 2400 dinara.","У Зоны Замфировой был реальный прототип. Историю Стевану Сремацу рассказал **Бранислав Нушич**, служивший консулом в Приштине и бывавший в доме настоящей Зоны. Чтобы не ставить знакомых в неловкое положение, Сремац перенёс всех героев в свой Ниш. Сама Зона дожила до постановки в Народном театре в 1952 году и сидела на премьере.

Театр на Теразиях выпустил мюзикл в 2012 году, это его 277-я премьера. Текст и песни написал режиссёр **Кокан Младенович**, музыку Марко Грубич, хореографию поставила Мойца Хорват. Дочь богатого торговца Хаджи Замфира и трудолюбивый, но небогатый ювелир Мане любят друг друга, а сословная разница, сплетни и интриги друзей мешают им до последнего. Много юмора и колорита старой нишской чаршии.

В ролях Иван Босильчич или Александар Вучкович (Мане), Ивана Попович или Милена Живанович (Зона), Милош Джорджевич и большой ансамбль театра с оркестром.

Длительность 2 часа 45 минут с антрактом.

Цена: 1800, 2300 и 2400 динаров.","Zona Zamfirova really existed. The story reached Stevan Sremac through **Branislav Nušić**, who served as consul in Priština and often visited her family. To spare his acquaintances, Sremac moved everyone to his own Niš. The real Zona lived to see the 1952 National Theatre production and attended its premiere.

Terazije Theatre opened its musical version in 2012 as its 277th premiere. Director **Kokan Mladenović** wrote the book and lyrics, Marko Grubić composed the music and Mojca Horvat did the choreography. Zona, daughter of the wealthy merchant Hadži Zamfir, and Mane, a hard-working goldsmith of modest means, are kept apart by class, gossip and friends’ scheming, with plenty of humour and old Niš bazaar colour along the way.

Cast: Ivan Bosiljčić or Aleksandar Vučković (Mane), Ivana Popović or Milena Živanović (Zona), Miloš Đorđević and the theatre’s full company with orchestra.

Running time: 2 hours 45 minutes with an interval.

Price: 1800, 2300 and 2400 dinars.","Zona Zamfirova je zaista postojala. Priču je Stevanu Sremcu preneo **Branislav Nušić**, koji je bio konzul u Prištini i čest gost u Zamfirovoj kući, a Sremac je likove preselio u svoj Niš da ne bi pravio nelagodu poznanicima. Prava Zona je doživela premijeru u Narodnom pozorištu 1952. i sedela u publici.

Pozorište na Terazijama postavilo je mjuzikl 2012. godine, kao svoju 277. premijeru. Tekst i songove napisao je reditelj **Kokan Mladenović**, muziku Marko Grubić, koreografiju Mojca Horvat. Ljubav Zone, ćerke bogatog Hadži Zamfira, i vrednog ali neimućnog zlatara Maneta sapliću staleške razlike, čaršijski jezici i spletke prijatelja, uz mnogo humora i duha starog Niša.

Igraju Ivan Bosiljčić/Aleksandar Vučković (Mane), Ivana Popović/Milena Živanović (Zona), Miloš Đorđević i veliki ansambl pozorišta sa orkestrom.

Trajanje: 2 sata i 45 minuta sa pauzom.

Cena: 1800, 2300 i 2400 dinara.",19:30,1800,Pozorište na Terazijama,"Trg Nikole Pašića 3, Beograd","44.812818,20.461566",https://repertoar.rs/predstave/zona-zamfirova/,repertoar.rs,https://bilet.pozoristeterazije.com/scena.php?prostorterminid=1252,Pozorište na Terazijama,https://pozoristeterazije.com/,,,,,,"мюзикл, театр на Теразиях, Стеван Сремац, сербская классика, Кокан Младенович","musical, Terazije Theatre, Stevan Sremac, Serbian classic, Kokan Mladenović","mjuzikl, Pozorište na Terazijama, Stevan Sremac, domaći klasik, Kokan Mladenović"
10/1/2026,10/6/2026,9/30/2026,1837,Person,Alejandro G. Iñárritu,https://en.wikipedia.org/wiki/Digger_(2026_film),,ScreeningEvent,«Диггер»: Том Круз в чёрной комедии Алехандро Гонсалеса Иньярриту в кинотеатрах Белграда,Digger: Tom Cruise in Alejandro G. Iñárritu’s black comedy in Belgrade cinemas,Diger: Tom Kruz u crnoj komediji Alehandra Injaritua u beogradskim bioskopima,https://raw.githubusercontent.com/newsgl/arsposters/main/1837-DigerTomKruzUCrnojKomediji.webp,,Movies,"Новый фильм четырёхкратного оскаровца Алехандро Гонсалеса Иньярриту: Том Круз играет миллиардера, чьё бурение в Гренландии запускает экологическую катастрофу. В прокате с 1 по 6 октября в восьми кинотеатрах Белграда, билеты от 450 динаров.","The new film by four-time Oscar winner Alejandro G. Iñárritu: Tom Cruise plays a billionaire whose drilling in Greenland sets off an ecological disaster. Showing 1 to 6 October in eight Belgrade cinemas, tickets from 450 dinars.","Novi film četvorostrukog oskarovca Alehandra Gonzalesa Injaritua: Tom Kruz igra milijardera čije bušenje na Grenlandu pokreće ekološku katastrofu. Na repertoaru od 1. do 6. oktobra u osam beogradskih bioskopa, karte od 450 dinara.","Тома Круза давно не видели в роли, где не нужно бегать по крышам. В «Диггере» он играет Диггера Роквелла, самого влиятельного человека на планете: его буровая операция в Гренландии оборачивается экологической катастрофой, и теперь ему нужно одновременно спасать мир и убеждать публику, что спаситель именно он.

Это чёрная комедия и сатира **Алехандро Гонсалеса Иньярриту** («Бёрдмэн», «Выживший»). Сценарий он написал вместе с Сабиной Берман, Александром Динеларисом и Николасом Джакобоне, оператор **Эммануэль Любецки**. Фильм целиком снят в формате VistaVision.

В ролях: Том Круз, Риз Ахмед, Сандра Хюллер, Джон Гудман, Джесси Племонс, Майкл Стулбарг. Производство США, Великобритании и Мексики, 2026 год, 129 минут. Прокатчик Warner Bros.

Где смотреть: Cineplexx BIG Beograd, Cineplexx 4D Delta City, Cineplexx BEO Shopping Center, Cineplexx Ušće, Cineplexx Galerija, Cine Grand BIG Rakovica, MTS dvorana, Roda Cineplex. Сеансы днём и вечером.

Цена: от 450 динаров.","Tom Cruise has not played a role without stunts in years. In Digger he is Digger Rockwell, the most powerful man in the world, whose drilling operation in Greenland triggers an ecological catastrophe. Now he races to stop the damage and to convince the public that he is the one who can save it.

The film is a black comedy and satire by **Alejandro G. Iñárritu** (Birdman, The Revenant), co-written with Sabina Berman, Alexander Dinelaris and Nicolás Giacobone. Cinematography is by **Emmanuel Lubezki**, and the whole film was shot in VistaVision.

Cast: Tom Cruise, Riz Ahmed, Sandra Hüller, John Goodman, Jesse Plemons, Michael Stuhlbarg. USA, UK and Mexico, 2026, 129 minutes. Distributed by Warner Bros.

Showing at: Cineplexx BIG Beograd, Cineplexx 4D Delta City, Cineplexx BEO Shopping Center, Cineplexx Ušće, Cineplexx Galerija, Cine Grand BIG Rakovica, MTS dvorana and Roda Cineplex, with afternoon and evening screenings.

Price: from 450 dinars.","Toma Kruza posle mnogo godina gledamo u ulozi koja nije akciona. U filmu Diger on je Diger Rokvel, najmoćniji čovek na svetu, čija operacija bušenja na Grenlandu izaziva ekološku katastrofu. Sada mora da spreči posledice i da ubedi javnost da je baš on taj koji može da spase svet.

Reč je o crnoj komediji i satiri **Alehandra Gonzalesa Injaritua** („Birdmen“, „Povratnik“). Scenario je pisao sa Sabinom Berman, Aleksandrom Dinelarisom i Nikolasom Điakoboneom, a direktor fotografije je **Emanuel Lubecki**. Film je u celosti snimljen u formatu VistaVision.

Igraju Tom Kruz, Riz Ahmed, Sandra Hiler, Džon Gudman, Džesi Plemons i Majkl Stulbarg. SAD, Velika Britanija i Meksiko, 2026, 129 minuta. Distributer Warner Bros.

Gde gledati: Cineplexx BIG Beograd, Cineplexx 4D Delta City, Cineplexx BEO Shopping Center, Cineplexx Ušće, Cineplexx Galerija, Cine Grand BIG Rakovica, MTS dvorana i Roda Cineplex, projekcije popodne i uveče.

Cena: od 450 dinara.",,450,Cineplexx Galerija,"Bulevar Vudroa Vilsona 12 (Galerija Beograd), 11000 Beograd","44.802610,20.445300",https://repertoar.rs/filmovi/diger/,repertoar.rs,https://www.cineplexx.rs/film/diger,Cineplexx Galerija,https://en.wikipedia.org/wiki/Digger_(2026_film),,,,,,"кино, чёрная комедия, Том Круз, Иньярриту, премьера","cinema, black comedy, Tom Cruise, Iñárritu, new release","bioskop, crna komedija, Tom Kruz, Injaritu, premijera"
10/3/2026,10/3/2026,9/30/2026,1838,Person,DumitrEscu,https://ra.co/events/2547770,,MusicEvent,DumitrEscu в клубе Kult: румынский хаус-диджей открывает пятый сезон,DumitrEscu at Kult: the Romanian house DJ back for the club’s fifth season,DumitrEscu u Kultu: rumunski house DJ otvara petu sezonu kluba,https://raw.githubusercontent.com/newsgl/arsposters/main/1838-DumitrEscuUKultuRumunskiHouseDJ.webp,,Concerts,"Румынский диджей и продюсер DumitrEscu, автор «Secrets» на лейбле Solid Grooves, снова играет в Kult. Суббота, 3 октября, с 23:00. Вход до полуночи 12 евро (1404 динара), общий билет 17 евро (1989 динаров).","Romanian DJ and producer DumitrEscu, the man behind “Secrets” on Solid Grooves, returns to Kult. Saturday 3 October from 23:00. Entry before midnight 12 EUR (1404 RSD), general admission 17 EUR (1989 RSD).","Rumunski DJ i producent DumitrEscu, autor numere „Secrets“ za Solid Grooves, ponovo u Kultu. Subota, 3. oktobar, od 23 h. Ulaz pre ponoći 12 evra (1404 dinara), redovna karta 17 evra (1989 dinara).","Летом на Ибице много крутили «Secrets», и теперь её автор снова едет в Белград. **DumitrEscu** уже играл в Kult, и клуб зовёт его обратно на старт своего пятого сезона.

Румынский диджей и продюсер прославился треком «Sitting In The Sun (Walking In The Rain)», а следующей работой, «Secrets», дебютировал на **Solid Grooves Records**. Трек выбрал PAWSA, его поддержали Michael Bibi и Craig Richards: гипнотический вокал, катящийся грув и кислотное напряжение.

В сезоне V Kult обещает переделанный зал. Кроме хедлайнера за пультом Dakman и Nemax.

Цена: вход до 00:00 12 евро (1404 динара), общий билет 17 евро (1989 динаров).
Организатор: Kult.","“Secrets” was all over Ibiza this summer, and its author is heading back to Belgrade. **DumitrEscu** has played Kult before, and the club is bringing him back to open its fifth season.

The Romanian DJ and producer broke through with “Sitting In The Sun (Walking In The Rain)” and followed it with “Secrets”, his debut on **Solid Grooves Records**. The track was picked by PAWSA and supported by Michael Bibi and Craig Richards: a hypnotic vocal, rolling groove and acid-tinged tension.

For Season V Kult promises a reworked space. Dakman and Nemax also play.

Price: entry before midnight 12 EUR (1404 RSD), general admission 17 EUR (1989 RSD).
Organizer: Kult.","Leto na Ibici prošlo je uz „Secrets“, a autor te numere ponovo dolazi u Beograd. **DumitrEscu** je već svirao u Kultu, i klub ga vraća za početak pete sezone.

Rumunski DJ i producent proslavio se numerom „Sitting In The Sun (Walking In The Rain)“, a sa „Secrets“ je debitovao za **Solid Grooves Records**. Numeru je izabrao PAWSA, podržali su je Michael Bibi i Craig Richards: hipnotični vokal, groove koji se kotrlja i acid tenzija.

Za sezonu V Kult najavljuje preuređen prostor. Pored hedlajnera sviraju Dakman i Nemax.

Cena: ulaz pre ponoći 12 evra (1404 dinara), redovna karta 17 evra (1989 dinara).
Organizator: Kult.",23:00,1400,Kult,"Čumićevo sokače 3, 11000 Beograd","44.813900,20.461900",https://ra.co/events/2547770,ra.co,,Kult,https://ra.co/events/2547770,,,,,,"хаус, клубная ночь, Kult, DumitrEscu, Solid Grooves","house, club night, Kult, DumitrEscu, Solid Grooves","house, žurka, Kult, DumitrEscu, Solid Grooves"
10/3/2026,10/3/2026,9/30/2026,1839,MusicGroup,Zora Collective,https://ra.co/events/2545032,,MusicEvent,"Zora Collective в Karmakoma: world house, афро и диско","Zora Collective at Karmakoma: world house, afro and disco","Zora Collective u Karmakomi: world house, afro i disko",https://raw.githubusercontent.com/newsgl/arsposters/main/1839-ZoraCollectiveUKarmakomiWorldHouse.webp,,Concerts,"Невена Еремич, Сергей Крстич и Little Lu втроём за пультом: world house, афро, диско и балеарик. Суббота, 3 октября, с 23:00. Предпродажа 800 динаров, на входе 1200.","Nevena Jeremić, Sergej Krstić and Little Lu play together as Zora Collective: world house, afro, disco and Balearic. Saturday 3 October from 23:00. Presale 800 RSD, 1200 RSD at the door.","Nevena Jeremić, Sergej Krstić i Little Lu zajedno kao Zora Collective: world house, afro, disko i balearik. Subota, 3. oktobar, od 23 h. Pretprodaja 800 dinara, na ulazu 1200.","Три белградских диджея, которые обычно играют по отдельности, собираются вместе под именем **Zora Collective**. Сами они называют этот формат «мегазордом».

**Невена Еремич, Сергей Крстич и Little Lu** возвращаются в Karmakoma с музыкой из разных эпох и континентов: world house, афро, диско и балеарик. Для танцпола, которому надоел прямой техно-бочонок, это хороший вариант на субботу.

Цена: предпродажа 800 динаров (Gigstix, Resident Advisor), на входе 1200 динаров.
Организатор: Karmakoma.","Three Belgrade DJs who usually play solo team up as **Zora Collective**, a formation they jokingly call their Megazord.

**Nevena Jeremić, Sergej Krstić and Little Lu** return to Karmakoma with music from every continent and era: world house, afro, disco and Balearic. A good Saturday option if you want a colourful dancefloor rather than straight techno.

Price: presale 800 RSD (Gigstix, Resident Advisor), 1200 RSD at the door.
Organizer: Karmakoma.","Troje beogradskih DJ-eva koji inače sviraju solo spajaju se u **Zora Collective**, formaciju koju sami zovu „Megazord“.

**Nevena Jeremić, Sergej Krstić i Little Lu** vraćaju se u Karmakomu sa muzikom sa svih kontinenata i iz svih vremena: world house, afro, disko i balearik. Dobar izbor za subotu ako vam treba šaren podijum, a ne ravan techno.

Cena: pretprodaja 800 dinara (Gigstix, Resident Advisor), na ulazu 1200 dinara.
Organizator: Karmakoma.",23:00,800,Karmakoma,"Poenkareova 32, 11000 Beograd","44.818977,20.488380",https://ra.co/events/2545032,ra.co,,Karmakoma,https://ra.co/events/2545032,,,,,,"хаус, диско, афро, Karmakoma, клубная ночь","house, disco, afro, Karmakoma, club night","house, disko, afro, Karmakoma, žurka"
10/3/2026,10/3/2026,9/30/2026,1840,Organization,Enjoy Language,https://www.meetup.com/meetup-group-yiyaluwf/,,SocialEvent,Языковой обмен Enjoy Language в кафе Time Café and More,Enjoy Language: language exchange at Time Café and More,Enjoy Language: jezička razmena u kafeu Time Café and More,https://raw.githubusercontent.com/newsgl/arsposters/main/1840-EnjoyLanguageJezickaRazmenaUKafeu.webp,,Games,"3 октября с 19:00 до 22:00 встреча языкового обмена: английский, итальянский, испанский и сербский. Кафе Time Café and More на Нушичевой, 6.","October 3, 19:00 to 22:00: a language exchange evening for English, Italian, Spanish and Serbian. Time Café and More, Nušićeva 6.","Subota, 3. oktobar, od 19 do 22 časa: veče jezičke razmene za engleski, italijanski, španski i srpski. Time Café and More, Nušićeva 6.","Хотите разговорить свой сербский или вспомнить испанский после долгого перерыва? Группа **Enjoy Language** собирает в центре Белграда тех, кто учит языки и готов практиковать их вживую.

На встрече говорят на четырёх языках: английском, итальянском, испанском и сербском. Формат простой: садитесь за стол, находите собеседника с нужным языком и меняетесь, полчаса на вашем, полчаса на его. Уровень значения не имеет.

Организаторы предупреждают, что площадка сменилась: встреча проходит в кафе Time Café and More на Нушичевой, 6. Встречу анонсируют на Meetup, там же можно отметиться.

Организатор: Enjoy Language.","Want to get your Serbian talking or brush up Spanish after a long break? The **Enjoy Language** group brings together people in central Belgrade who are learning languages and want to practise them face to face.

Four languages are on the table: English, Italian, Spanish and Serbian. The format is simple: find someone who speaks the language you are learning and swap, half the time in yours, half in theirs. Any level is welcome.

Note that the organisers have changed the location: the evening takes place at Time Café and More, Nušićeva 6. The event is listed on Meetup, where you can RSVP.

Organiser: Enjoy Language.","Želite da razradite srpski ili da se podsetite španskog posle duže pauze? Grupa **Enjoy Language** okuplja u centru Beograda one koji uče jezike i žele da ih vežbaju uživo.

Na rasporedu su četiri jezika: engleski, italijanski, španski i srpski. Format je jednostavan: nađete sagovornika koji govori jezik koji učite i razmenite se, pola vremena na vašem, pola na njegovom. Nivo znanja nije bitan.

Organizatori napominju da je lokacija promenjena: druženje je u kafeu Time Café and More, Nušićeva 6. Događaj je objavljen na Meetupu, gde možete da potvrdite dolazak.

Organizator: Enjoy Language.",19:00,,Time Café and More,"Nušićeva 6, Beograd","44.813757,20.461639",https://www.meetup.com/meetup-group-yiyaluwf/events/316734206/,meetup.com,https://www.meetup.com/meetup-group-yiyaluwf/events/316734206/,Enjoy Language,https://www.meetup.com/meetup-group-yiyaluwf/,,,,,,"языковой обмен, английский, сербский, испанский, митап","language exchange, English, Serbian, Spanish, meetup","jezička razmena, engleski, srpski, španski, meetup"
10/3/2026,10/3/2026,9/30/2026,1841,Organization,Belgrade Pub Crawl & Nightlife,https://www.meetup.com/belgrade-outdoor-indoor-pub-crawls-meetup-group/,,SocialEvent,"Паб-кроул по Белграду для путешественников, экспатов и местных: старт в Kaldrma Bar на Скадарлии","Belgrade Pub Crawl for travellers, expats and locals: meeting point Kaldrma Bar in Skadarlija","Pub crawl kroz Beograd za putnike, strance i domaće: okupljanje u Kaldrma Baru na Skadarliji",https://raw.githubusercontent.com/newsgl/arsposters/main/1841-PubCrawlKrozBeogradZaPutnike.webp,,Games,"3 октября в 21:00 сбор в Kaldrma Bar (Скадарска, 40б) и вечер по барам с финалом в ночном клубе. 10 евро (1170 динаров): три шота и вход в клуб. На английском языке.","October 3, 21:00: meet at Kaldrma Bar (Skadarska 40b) for a bar hop ending in a nightclub. 10 euros (1170 dinars) covers three shots and club entry. In English.","Subota, 3. oktobar, u 21 čas: okupljanje u Kaldrma Baru (Skadarska 40b) i obilazak barova sa završnicom u noćnom klubu. 10 evra (1170 dinara): tri šota i ulaz u klub. Na engleskom jeziku.","Если вы недавно в Белграде и пока не знаете, куда идти вечером в субботу, этот паб-кроул решает вопрос за вас. Группа собирается на Скадарлии и дальше идёт по барам вместе, а заканчивает ночь в клубе.

Обычно набирается **от 25 до 50 человек**: путешественники из хостелов, экспаты, участники с Meetup и других платформ, местные. Многие приходят в одиночку, весь формат построен так, чтобы знакомиться было легко. Всю ночь с группой ведущий.

Что входит в цену:
- несколько баров по маршруту;
- **три шота**;
- вход в финальный ночной клуб.

Напитки сверх трёх шотов оплачиваются отдельно. Общение на английском.

Цена: 10 евро (1170 динаров).

Организатор: Belgrade Pub Crawl & Nightlife.","New to Belgrade and not sure where to go on a Saturday night? This pub crawl answers that for you. The group meets in Skadarlija, moves through several bars together and ends the night in a club.

A typical group is **25 to 50 people**: travellers from hostels, expats, people from Meetup and other platforms, and locals. Many come alone, and the whole format is designed to make meeting people easy. A host stays with the group all night.

The price includes:
- several bars along the route;
- **three shots**;
- entry to the final nightclub.

Any drinks beyond the three shots are paid separately. The group speaks English.

Price: 10 euros (1170 dinars).

Organiser: Belgrade Pub Crawl & Nightlife.","Tek ste stigli u Beograd i ne znate gde ćete u subotu uveče? Ovaj pub crawl rešava to umesto vas. Ekipa se okuplja na Skadarliji, zajedno obilazi nekoliko barova i noć završava u klubu.

Obično se skupi **25 do 50 ljudi**: putnici iz hostela, stranci koji žive u Srbiji, ljudi sa Meetupa i drugih platformi i domaći. Mnogi dolaze sami, a ceo format je smišljen tako da se lako upoznaje. Domaćin je sa grupom cele noći.

U cenu ulazi:
- nekoliko barova na ruti;
- **tri šota**;
- ulaz u završni noćni klub.

Ostalo piće plaća se posebno. Druženje je na engleskom.

Cena: 10 evra (1170 dinara).

Organizator: Belgrade Pub Crawl & Nightlife.",21:00,1170,Kaldrma Bar,"Skadarska 40b, 11000 Beograd","44.818243,20.465221",https://www.meetup.com/belgrade-outdoor-indoor-pub-crawls-meetup-group/events/316042378/,meetup.com,https://www.meetup.com/belgrade-outdoor-indoor-pub-crawls-meetup-group/events/316042378/,Belgrade Pub Crawl & Nightlife,https://www.meetup.com/belgrade-outdoor-indoor-pub-crawls-meetup-group/,,,,,,"паб-кроул, ночная жизнь, Скадарлия, экспаты, знакомства","pub crawl, nightlife, Skadarlija, expats, meet people","pub crawl, noćni život, Skadarlija, stranci, druženje"
10/3/2026,10/3/2026,9/30/2026,1842,Organization,Pab kviz 8x8,https://pabkviz8x8.com/,,SocialEvent,Паб-квиз 8x8 «Общие знания на букву» в Caffe Limbo,"Pub Quiz 8x8 ""General Knowledge by Letter"" at Caffe Limbo",Pab kviz 8x8 „Opšte znanje na slovo“ u Caffe Limbo,https://raw.githubusercontent.com/newsgl/arsposters/main/1842-PabKviz8x8OpsteZnanjeNa.webp,,Games,"3 октября в 19:30 паб-квиз, где все ответы в раунде начинаются на одну букву. Команды до 7 человек, запись обязательна. 400 динаров с человека. На сербском языке.","October 3, 19:30: a pub quiz where every answer in a round starts with the same letter. Teams of up to 7, registration required. 400 dinars per person. In Serbian.","Subota, 3. oktobar, u 19.30: kviz u kom svi odgovori u oblasti počinju na isto slovo. Ekipe do 7 članova, prijava obavezna. Kotizacija 400 dinara. Na srpskom jeziku.","Вариант квиза 8x8 с усложнением: в каждом из восьми раундов все ответы начинаются на одну и ту же букву. Иногда буква подсказывает, иногда сбивает.

Темы раундов: география и история, искусство, спорт, «4 за 1», всякая всячина, «угадай песню», кино и сериалы, сюрприз. После каждого раунда команды сдают бланки, в середине короткий перерыв. Квиз идёт около **трёх часов**.

Команда до 7 человек. Регистрация обязательна через приложение play.pabkviz8x8.com. Смартфоны во время игры запрещены. Лучшие команды получают призы, остальные могут выиграть дополнительные на колесе удачи. С каждого взноса 10 динаров уходят на благотворительность.

Цена: 400 динаров с человека.

Язык: сербский.","A tougher version of the 8x8 quiz: in each of the eight rounds, every answer starts with the same letter. Sometimes the letter helps, sometimes it throws you off.

Rounds: geography and history, art, sport, “4 for 1”, miscellany, name that song, film and TV, and a surprise round. Teams hand in answers after each round, with a short break halfway. The quiz runs about **three hours**.

Teams of up to 7. Registration is required via the play.pabkviz8x8.com app. Smartphones are strictly banned during play. The best teams win prizes, and the rest can spin the wheel of fortune for extra ones. 10 dinars from every entry fee goes to charity.

Price: 400 dinars per person.

Language: Serbian.","Teža varijanta kviza 8x8: u svakoj od osam oblasti svi odgovori počinju na isto slovo. Nekad slovo pomaže, nekad zbunjuje.

Oblasti: geostorija, umetnost, sport, „4 za 1“, svaštara, pogodi pesmu, film i serija i iznenađenje. Odgovori se predaju posle svake oblasti, uz kratak predah na polovini. Kviz traje oko **tri sata**.

Ekipe do 7 članova. Prijava je obavezna preko aplikacije play.pabkviz8x8.com. Upotreba pametnih uređaja strogo je zabranjena. Najbolji dobijaju nagrade, a ostale ekipe mogu da osvoje dodatne na točku sreće. Od svake kotizacije 10 dinara ide u dobrotvorne svrhe.

Kotizacija: 400 dinara po osobi.

Jezik: srpski.",19:30,400,Caffe Limbo,"Braće Nedića 7, 11000 Beograd","44.805494,20.472815",https://pabkviz8x8.com/caffe-limbo-opste-znanje-na-slovo-4/,pabkviz8x8.com,https://play.pabkviz8x8.com/,Pab kviz 8x8,https://pabkviz8x8.com/,,,,,,"паб-квиз, квиз, командная игра, на сербском","pub quiz, trivia, team game, in Serbian","pab kviz, kviz, timska igra, na srpskom"
10/3/2026,10/3/2026,9/30/2026,1843,MusicGroup,Baba Roga,https://www.bandsintown.com/e/108962355-baba-roga-at-skart-vinyl-shop,,MusicEvent,Baba Roga в виниловом магазине Škart,Baba Roga live at Škart vinyl shop,Baba Roga uživo u vinil šopu Škart,https://raw.githubusercontent.com/newsgl/arsposters/main/1843-BabaRogaUzivoUVinilSopu.webp,,Concerts,"Живое выступление Baba Roga в белградском магазине пластинок Škart на Кнегиње Љубице. Суббота, 3 октября, в 19:00.","Baba Roga plays live at Škart, a record shop on Kneginje Ljubice in central Belgrade. Saturday 3 October, 19:00.","Baba Roga uživo u prodavnici ploča Škart u Kneginje Ljubice. Subota, 3. oktobar, u 19 h.","Концерт в магазине пластинок: маленький зал, публика стоит между стеллажами с винилом, музыканты в паре метров.

**Baba Roga** выступает в **Škart**, виниловом магазине на улице Кнегиње Љубице в центре города. Выступление анонсировано на Bandsintown; подробностей о программе организаторы пока не публиковали.","A gig in a record shop: a small room, the audience standing between racks of vinyl, the band a couple of metres away.

**Baba Roga** plays at **Škart**, a vinyl shop on Kneginje Ljubice street in central Belgrade. The show is listed on Bandsintown; no further programme details have been published so far.","Svirka u prodavnici ploča: mala prostorija, publika stoji između polica sa vinilima, bend na par metara.

**Baba Roga** nastupa u **Škartu**, vinil šopu u Kneginje Ljubice u centru grada. Nastup je najavljen na Bandsintownu; organizatori još nisu objavili više detalja o programu.",19:00,,Škart,"Kneginje Ljubice 26, 11000 Beograd","44.820547,20.462714",https://www.bandsintown.com/e/108962355-baba-roga-at-skart-vinyl-shop,bandsintown.com,,Škart,https://www.bandsintown.com/e/108962355-baba-roga-at-skart-vinyl-shop,,,,,,"концерт, винил, Škart, живая музыка","concert, vinyl, Škart, live music","koncert, vinil, Škart, svirka uživo"
10/3/2026,10/4/2026,9/30/2026,1844,Person,Vincent Paronnaud,https://fr.wikipedia.org/wiki/Angelo_dans_la_for%C3%AAt_myst%C3%A9rieuse,,ScreeningEvent,«Таинственный лес»: французский анимационный фильм для всей семьи в Cine Grand и MTS dvorana,Into the Mysterious Forest: French family animation at Cine Grand and MTS dvorana,Tajanstvena šuma: francuska porodična animacija u Cine Grandu i MTS dvorani,https://raw.githubusercontent.com/newsgl/arsposters/main/1844-TajanstvenaSumaFrancuskaPorodicnaAnimaci.webp,,Movies,"Анимационное приключение десятилетнего Анджело, которого родители забыли на заправке по дороге к бабушке. 3 и 4 октября, сеансы в 12:00 и 14:00 в Cine Grand BIG Rakovica и MTS dvorana.","An animated adventure about ten-year-old Angelo, left behind at a petrol station on the way to his grandmother’s. 3 and 4 October, screenings at 12:00 and 14:00 at Cine Grand BIG Rakovica and MTS dvorana.","Animirana avantura desetogodišnjeg Anđela, kog roditelji zaborave na benzinskoj pumpi na putu do bake. 3. i 4. oktobra, projekcije u 12 i 14 časova u Cine Grand BIG Rakovica i MTS dvorani.","Анджело десять лет, и он мечтает стать исследователем и зоологом. Семья срочно едет к заболевшей бабушке, ночью родители по ошибке оставляют сына на трассе у заправки, и мальчик решает не ждать, а добраться до бабушки сам, коротким путём через лес.

Лес оказывается чудесным, непредсказуемым и немного страшным. Анджело встречает странных существ и понимает, что здесь спрятано куда больше тайн, чем он думал. Чтобы дойти, ему понадобятся смелость, находчивость и готовность помогать другим.

Фильм сняли **Венсан Паронно** (сорежиссёр «Персеполиса») и **Алексис Дюкор** («Зомбилениум») по комиксу самого Паронно, который публикуется под псевдонимом Winshluss. Франция, анимация, семейное приключение.

Где смотреть: Cine Grand BIG Rakovica (зал 3) и MTS dvorana (зал 4), дневные сеансы.","Angelo is ten and dreams of becoming an explorer and a zoologist. On an urgent night drive to his sick grandmother, his parents accidentally leave him at a motorway rest stop, and instead of waiting he decides to reach her house on his own, taking a shortcut through the forest.

The forest turns out to be wondrous, unpredictable and a little frightening. Angelo meets strange creatures and finds that the woods hide far more secrets than he imagined. Getting through will take courage, resourcefulness and a readiness to help others.

The film is directed by **Vincent Paronnaud** (co-director of Persepolis) and **Alexis Ducord** (Zombillénium), based on Paronnaud’s own comic published under his pen name Winshluss. France, animation, family adventure.

Showing at: Cine Grand BIG Rakovica (screen 3) and MTS dvorana (screen 4), daytime screenings.","Anđelo ima deset godina i sanja da postane istraživač i zoolog. Dok porodica hitno putuje kod bolesne bake, roditelji ga greškom ostave na odmorištu pored autoputa, a on umesto da čeka odlučuje da sam stigne do bake, prečicom kroz šumu.

Šuma je čudesna, nepredvidiva i pomalo zastrašujuća. Anđelo sreće neobična stvorenja i otkriva da među drvećem ima mnogo više tajni nego što je mislio. Na putu će mu trebati hrabrost, snalažljivost i spremnost da pomogne drugima.

Film potpisuju **Vensan Parono** (korežiser „Persepolisa“) i **Aleksis Dikor** („Zombilenijum“), prema stripu samog Paronoa, koji objavljuje pod pseudonimom Winshluss. Francuska, animacija, porodična avantura.

Gde gledati: Cine Grand BIG Rakovica (sala 3) i MTS dvorana (sala 4), dnevne projekcije.",12:00,,Cine Grand BIG Rakovica,"Patrijarha Dimitrija 14 (BIG Fashion Rakovica), 11090 Beograd","44.739156,20.437913",https://repertoar.rs/filmovi/tajanstvena-suma/,repertoar.rs,https://cinegrand-mcf.rs/happenings/tajanstvena-suma-6938,Cine Grand BIG Rakovica,https://fr.wikipedia.org/wiki/Angelo_dans_la_for%C3%AAt_myst%C3%A9rieuse,,,,,,"кино, мультфильм, детям, семейное кино, анимация","cinema, animation, kids, family film, French cinema","bioskop, crtani film, deca, porodični film, animacija"
10/3/2026,10/4/2026,9/30/2026,1845,TheaterGroup,Pozorište na Terazijama,https://pozoristeterazije.com/,,TheaterEvent,«Призрак Оперы»: мюзикл Эндрю Ллойда Уэббера на сербском в театре на Теразиях,The Phantom of the Opera: Andrew Lloyd Webber’s musical in Serbian at Terazije Theatre,„Fantom iz Opere“: mjuzikl Endrjua Lojda Vebera u Pozorištu na Terazijama,https://raw.githubusercontent.com/newsgl/arsposters/main/1845-FantomIzOpereMjuziklEndrjuaLojda.webp,,Theatre,"Самый долгоиграющий мюзикл Бродвея в постановке Юга Радивоевича: театр на Теразиях первым на Балканах получил права и играет его на сербском, с живым оркестром и хором. Большая сцена, начало в 19:30, билеты 1800-2400 динаров.","Broadway’s longest-running musical, directed by Jug Radivojević. Terazije Theatre was the first in the Balkans to get the rights and performs it in Serbian with a live orchestra and choir. Main stage, 19:30, tickets 1800-2400 dinars.","Najdugovečniji brodvejski mjuzikl u režiji Juga Radivojevića: Pozorište na Terazijama prvo je na Balkanu dobilo prava i igra ga na srpskom, uz orkestar i hor. Velika scena, početak u 19.30, karte od 1800 do 2400 dinara.","Роман Гастона Леру 1910 года о таинственном гении, который живёт под Парижской оперой и одержим голосом юной сопрано Кристины, стал мировым хитом благодаря мюзиклу **Эндрю Ллойда Уэббера** 1986 года. В Лондоне его играют с премьеры, на Бродвее он прошёл больше 12 тысяч раз, а общая аудитория превысила 150 миллионов зрителей.

Театр на Теразиях первым на Балканах получил права на постановку и играет её на сербском языке. Режиссёр **Юг Радивоевич**, дирижёр Весна Шоуц, хореограф Константин Костюков, сценография Александра Денича, костюмы Татьяны Радишич. На сцене солисты, балет, хор и оркестр театра.

В ролях Невена Джокович или Мирьяна Неделькович (Кристина), Душан Свилар или Слободан Стефанович (Призрак), Славен Дошло (Рауль), Снежана Савичич Секулич (Карлотта), Ивана Попович (мадам Жири).

Длительность 2 часа 30 минут с антрактом.

Цена: 1800, 2300 и 2400 динаров.","Gaston Leroux’s 1910 novel about a mysterious genius living beneath the Paris Opera, obsessed with the voice of young soprano Christine, became a global phenomenon through **Andrew Lloyd Webber**’s 1986 musical. It has run in London since its premiere, played over 12,000 times on Broadway and been seen by more than 150 million people.

Terazije Theatre was the first in the Balkans to obtain the rights and performs it in Serbian. Direction by **Jug Radivojević**, conductor Vesna Šouc, choreography by Konstantin Kostjukov, sets by Aleksandar Denić, costumes by Tatjana Radišić, with the theatre’s soloists, ballet, choir and orchestra.

Cast: Nevena Đoković or Mirjana Nedeljković (Christine), Dušan Svilar or Slobodan Stefanović (the Phantom), Slaven Došlo (Raoul), Snežana Savičić Sekulić (Carlotta), Ivana Popović (Madame Giry).

Running time: 2 hours 30 minutes with an interval.

Price: 1800, 2300 and 2400 dinars.","Roman Gastona Lerua iz 1910. o misterioznom geniju koji živi ispod pariske Opere i opsednut je glasom mlade sopranistkinje Kristin postao je svetski fenomen zahvaljujući mjuziklu **Endrjua Lojda Vebera** iz 1986. U Londonu se igra od premijere, na Brodveju je izveden preko 12.000 puta, a videlo ga je više od 150 miliona gledalaca.

Pozorište na Terazijama prvo je na Balkanu dobilo prava za izvođenje i igra ga na srpskom jeziku. Režija **Jug Radivojević**, dirigent Vesna Šouc, koreograf Konstantin Kostjukov, scenograf Aleksandar Denić, kostimograf Tatjana Radišić, uz soliste, balet, hor i orkestar pozorišta.

Igraju Nevena Đoković/Mirjana Nedeljković (Kristin), Dušan Svilar/Slobodan Stefanović (Fantom), Slaven Došlo (Raul), Snežana Savičić Sekulić (Karlota), Ivana Popović (Madam Žiri).

Trajanje: 2 sata i 30 minuta sa pauzom.

Cena: 1800, 2300 i 2400 dinara.",19:30,1800,Pozorište na Terazijama,"Trg Nikole Pašića 3, Beograd","44.812818,20.461566",https://repertoar.rs/predstave/fantom-iz-opere/,repertoar.rs,https://bilet.pozoristeterazije.com/scena.php?prostorterminid=1254,Pozorište na Terazijama,https://pozoristeterazije.com/,,,,,,"мюзикл, театр на Теразиях, Эндрю Ллойд Уэббер, Призрак Оперы","musical, Terazije Theatre, Andrew Lloyd Webber, Phantom of the Opera","mjuzikl, Pozorište na Terazijama, Endrju Lojd Veber, Fantom iz Opere"
11/1/2026,11/1/2026,9/30/2026,1846,TheaterGroup,Pozorište na Terazijama,https://pozoristeterazije.com/,,TheaterEvent,«Призрак Оперы»: мюзикл Эндрю Ллойда Уэббера на сербском в театре на Теразиях,The Phantom of the Opera: Andrew Lloyd Webber’s musical in Serbian at Terazije Theatre,„Fantom iz Opere“: mjuzikl Endrjua Lojda Vebera u Pozorištu na Terazijama,https://raw.githubusercontent.com/newsgl/arsposters/main/1846-FantomIzOpereMjuziklEndrjuaLojda.webp,,Theatre,"Самый долгоиграющий мюзикл Бродвея в постановке Юга Радивоевича: театр на Теразиях первым на Балканах получил права и играет его на сербском, с живым оркестром и хором. Большая сцена, начало в 19:30, билеты 1800-2400 динаров.","Broadway’s longest-running musical, directed by Jug Radivojević. Terazije Theatre was the first in the Balkans to get the rights and performs it in Serbian with a live orchestra and choir. Main stage, 19:30, tickets 1800-2400 dinars.","Najdugovečniji brodvejski mjuzikl u režiji Juga Radivojevića: Pozorište na Terazijama prvo je na Balkanu dobilo prava i igra ga na srpskom, uz orkestar i hor. Velika scena, početak u 19.30, karte od 1800 do 2400 dinara.","Роман Гастона Леру 1910 года о таинственном гении, который живёт под Парижской оперой и одержим голосом юной сопрано Кристины, стал мировым хитом благодаря мюзиклу **Эндрю Ллойда Уэббера** 1986 года. В Лондоне его играют с премьеры, на Бродвее он прошёл больше 12 тысяч раз, а общая аудитория превысила 150 миллионов зрителей.

Театр на Теразиях первым на Балканах получил права на постановку и играет её на сербском языке. Режиссёр **Юг Радивоевич**, дирижёр Весна Шоуц, хореограф Константин Костюков, сценография Александра Денича, костюмы Татьяны Радишич. На сцене солисты, балет, хор и оркестр театра.

В ролях Невена Джокович или Мирьяна Неделькович (Кристина), Душан Свилар или Слободан Стефанович (Призрак), Славен Дошло (Рауль), Снежана Савичич Секулич (Карлотта), Ивана Попович (мадам Жири).

Длительность 2 часа 30 минут с антрактом.

Цена: 1800, 2300 и 2400 динаров.","Gaston Leroux’s 1910 novel about a mysterious genius living beneath the Paris Opera, obsessed with the voice of young soprano Christine, became a global phenomenon through **Andrew Lloyd Webber**’s 1986 musical. It has run in London since its premiere, played over 12,000 times on Broadway and been seen by more than 150 million people.

Terazije Theatre was the first in the Balkans to obtain the rights and performs it in Serbian. Direction by **Jug Radivojević**, conductor Vesna Šouc, choreography by Konstantin Kostjukov, sets by Aleksandar Denić, costumes by Tatjana Radišić, with the theatre’s soloists, ballet, choir and orchestra.

Cast: Nevena Đoković or Mirjana Nedeljković (Christine), Dušan Svilar or Slobodan Stefanović (the Phantom), Slaven Došlo (Raoul), Snežana Savičić Sekulić (Carlotta), Ivana Popović (Madame Giry).

Running time: 2 hours 30 minutes with an interval.

Price: 1800, 2300 and 2400 dinars.","Roman Gastona Lerua iz 1910. o misterioznom geniju koji živi ispod pariske Opere i opsednut je glasom mlade sopranistkinje Kristin postao je svetski fenomen zahvaljujući mjuziklu **Endrjua Lojda Vebera** iz 1986. U Londonu se igra od premijere, na Brodveju je izveden preko 12.000 puta, a videlo ga je više od 150 miliona gledalaca.

Pozorište na Terazijama prvo je na Balkanu dobilo prava za izvođenje i igra ga na srpskom jeziku. Režija **Jug Radivojević**, dirigent Vesna Šouc, koreograf Konstantin Kostjukov, scenograf Aleksandar Denić, kostimograf Tatjana Radišić, uz soliste, balet, hor i orkestar pozorišta.

Igraju Nevena Đoković/Mirjana Nedeljković (Kristin), Dušan Svilar/Slobodan Stefanović (Fantom), Slaven Došlo (Raul), Snežana Savičić Sekulić (Karlota), Ivana Popović (Madam Žiri).

Trajanje: 2 sata i 30 minuta sa pauzom.

Cena: 1800, 2300 i 2400 dinara.",19:30,1800,Pozorište na Terazijama,"Trg Nikole Pašića 3, Beograd","44.812818,20.461566",https://repertoar.rs/predstave/fantom-iz-opere/,repertoar.rs,https://bilet.pozoristeterazije.com/scena.php?prostorterminid=1254,Pozorište na Terazijama,https://pozoristeterazije.com/,,,,,,"мюзикл, театр на Теразиях, Эндрю Ллойд Уэббер, Призрак Оперы","musical, Terazije Theatre, Andrew Lloyd Webber, Phantom of the Opera","mjuzikl, Pozorište na Terazijama, Endrju Lojd Veber, Fantom iz Opere"
10/3/2026,10/3/2026,9/30/2026,1848,TheaterGroup,Zvezdara teatar,https://zvezdarateatar.rs/,,TheaterEvent,«Поезд»: Воя Брайович и Сергей Трифунович по Кормаку Маккарти в Звездара театре,Voz: Voja Brajović and Sergej Trifunović in a play after Cormac McCarthy at Zvezdara Theatre,„Voz“: Voja Brajović i Sergej Trifunović po Kormaku Makartiju u Zvezdara teatru,https://raw.githubusercontent.com/newsgl/arsposters/main/1848-VozVojaBrajovicISergejTrifunovic.webp,,Theatre,"Профессор и бывший заключённый случайно встречаются на станции и спорят о вере и смысле жизни. Спектакль Вои Брайовича по тексту Кормака Маккарти идёт с 2015 года. Новая сцена, начало в 20:00, билеты 1800-2200 динаров.","A professor and a former convict meet by chance at a railway station and argue about faith and the meaning of life. Voja Brajović’s staging of Cormac McCarthy’s text, running since 2015. New stage, 20:00, tickets 1800-2200 dinars.","Profesor i bivši zatvorenik slučajno se sreću na železničkoj stanici i razgovaraju o veri i smislu života. Predstava Voje Brajovića po tekstu Kormaka Makartija igra se od 2015. Nova scena, početak u 20 časova, karte od 1800 do 2200 dinara.","Двое мужчин, которых в спектакле зовут просто Белый и Чёрный, оказываются вместе на железнодорожной станции. Один профессор, другой бывший заключённый, и у каждого свои убеждения и спрятанные надежды. Весь спектакль держится на их диалоге.

Текст **Кормака Маккарти** в переводе Милицы и Бранислава Михайловичей адаптировал и поставил **Воя Брайович**. Он же играет Белого, Черного играет Сергей Трифунович. Премьера прошла в октябре 2015 года, в 2019 году спектакль сыграли в 150-й раз, а за первые четыре года его посмотрели больше 50 тысяч человек.

Награды: приз зрителей на Международном фестивале малых сцен в Риеке (2016), приз зрителей фестиваля МИТ в Цетине (2016), гран-при за лучший партнёрский дуэт в Никшиче (2016), лучший спектакль по голосованию публики в Аранджеловаце (2025). Брайович получил премию «Жан Маролт» за лучшую мужскую роль в Сараеве.

Длительность 115 минут.

Цена: 1800 и 2200 динаров.","Two men, called simply White and Black, end up together at a railway station. One is a professor, the other a former convict, each with his own beliefs and hidden hopes. The whole play rests on their conversation.

**Cormac McCarthy**’s text, translated by Milica and Branislav Mihajlović, was adapted and directed by **Voja Brajović**, who plays White opposite Sergej Trifunović as Black. It premiered in October 2015, reached its 150th performance in 2019 and drew over 50,000 viewers in its first four years.

Awards include the audience award at the International Festival of Small Stages in Rijeka (2016), the audience award at the MIT festival in Cetinje (2016), the grand prix for best on-stage partnership in Nikšić (2016) and best play by audience vote in Aranđelovac (2025). Brajović won the Jean Marolt award for best actor in Sarajevo.

Running time: 115 minutes.

Price: 1800 and 2200 dinars.","Dvojica muškaraca, u predstavi samo Beli i Crni, zateknu se zajedno na železničkoj stanici. Jedan je profesor, drugi bivši zatvorenik, svaki sa svojim verovanjima i skrivenim nadama, a cela predstava počiva na njihovom dijalogu.

Tekst **Kormaka Makartija** u prevodu Milice i Branislava Mihajlovića adaptirao je i režirao **Voja Brajović**, koji igra Belog, dok Crnog igra Sergej Trifunović. Premijera je bila u oktobru 2015, 150. izvođenje 2019, a za prve četiri godine predstavu je videlo preko 50.000 gledalaca.

Nagrade: nagrada publike na Međunarodnom festivalu malih scena u Rijeci (2016), nagrada publike na MIT festivalu na Cetinju (2016), gran pri za najbolji partnerski odnos u Nikšiću (2016) i najbolja predstava po glasovima publike u Aranđelovcu (2025). Brajović je dobio nagradu „Žan Marolt“ za najboljeg glumca u Sarajevu.

Trajanje: 115 minuta.

Cena: 1800 i 2200 dinara.",20:00,1800,Zvezdara teatar,"Milana Rakića 38, 11050 Beograd","44.797660,20.497652",https://repertoar.rs/predstave/voz/,repertoar.rs,https://bilet.zvezdarateatar.rs/scena.php?prostorterminid=2642,Zvezdara teatar,https://zvezdarateatar.rs/,,,,,,"театр, драма, Звездара театр, Воя Брайович, Кормак Маккарти","theatre, drama, Zvezdara Theatre, Voja Brajović, Cormac McCarthy","pozorište, drama, Zvezdara teatar, Voja Brajović, Kormak Makarti"
10/11/2026,10/11/2026,9/30/2026,1849,TheaterGroup,Zvezdara teatar,https://zvezdarateatar.rs/,,TheaterEvent,«Поезд»: Воя Брайович и Сергей Трифунович по Кормаку Маккарти в Звездара театре,Voz: Voja Brajović and Sergej Trifunović in a play after Cormac McCarthy at Zvezdara Theatre,„Voz“: Voja Brajović i Sergej Trifunović po Kormaku Makartiju u Zvezdara teatru,https://raw.githubusercontent.com/newsgl/arsposters/main/1849-VozVojaBrajovicISergejTrifunovic.webp,,Theatre,"Профессор и бывший заключённый случайно встречаются на станции и спорят о вере и смысле жизни. Спектакль Вои Брайовича по тексту Кормака Маккарти идёт с 2015 года. Новая сцена, начало в 20:00, билеты 1800-2200 динаров.","A professor and a former convict meet by chance at a railway station and argue about faith and the meaning of life. Voja Brajović’s staging of Cormac McCarthy’s text, running since 2015. New stage, 20:00, tickets 1800-2200 dinars.","Profesor i bivši zatvorenik slučajno se sreću na železničkoj stanici i razgovaraju o veri i smislu života. Predstava Voje Brajovića po tekstu Kormaka Makartija igra se od 2015. Nova scena, početak u 20 časova, karte od 1800 do 2200 dinara.","Двое мужчин, которых в спектакле зовут просто Белый и Чёрный, оказываются вместе на железнодорожной станции. Один профессор, другой бывший заключённый, и у каждого свои убеждения и спрятанные надежды. Весь спектакль держится на их диалоге.

Текст **Кормака Маккарти** в переводе Милицы и Бранислава Михайловичей адаптировал и поставил **Воя Брайович**. Он же играет Белого, Черного играет Сергей Трифунович. Премьера прошла в октябре 2015 года, в 2019 году спектакль сыграли в 150-й раз, а за первые четыре года его посмотрели больше 50 тысяч человек.

Награды: приз зрителей на Международном фестивале малых сцен в Риеке (2016), приз зрителей фестиваля МИТ в Цетине (2016), гран-при за лучший партнёрский дуэт в Никшиче (2016), лучший спектакль по голосованию публики в Аранджеловаце (2025). Брайович получил премию «Жан Маролт» за лучшую мужскую роль в Сараеве.

Длительность 115 минут.

Цена: 1800 и 2200 динаров.","Two men, called simply White and Black, end up together at a railway station. One is a professor, the other a former convict, each with his own beliefs and hidden hopes. The whole play rests on their conversation.

**Cormac McCarthy**’s text, translated by Milica and Branislav Mihajlović, was adapted and directed by **Voja Brajović**, who plays White opposite Sergej Trifunović as Black. It premiered in October 2015, reached its 150th performance in 2019 and drew over 50,000 viewers in its first four years.

Awards include the audience award at the International Festival of Small Stages in Rijeka (2016), the audience award at the MIT festival in Cetinje (2016), the grand prix for best on-stage partnership in Nikšić (2016) and best play by audience vote in Aranđelovac (2025). Brajović won the Jean Marolt award for best actor in Sarajevo.

Running time: 115 minutes.

Price: 1800 and 2200 dinars.","Dvojica muškaraca, u predstavi samo Beli i Crni, zateknu se zajedno na železničkoj stanici. Jedan je profesor, drugi bivši zatvorenik, svaki sa svojim verovanjima i skrivenim nadama, a cela predstava počiva na njihovom dijalogu.

Tekst **Kormaka Makartija** u prevodu Milice i Branislava Mihajlovića adaptirao je i režirao **Voja Brajović**, koji igra Belog, dok Crnog igra Sergej Trifunović. Premijera je bila u oktobru 2015, 150. izvođenje 2019, a za prve četiri godine predstavu je videlo preko 50.000 gledalaca.

Nagrade: nagrada publike na Međunarodnom festivalu malih scena u Rijeci (2016), nagrada publike na MIT festivalu na Cetinju (2016), gran pri za najbolji partnerski odnos u Nikšiću (2016) i najbolja predstava po glasovima publike u Aranđelovcu (2025). Brajović je dobio nagradu „Žan Marolt“ za najboljeg glumca u Sarajevu.

Trajanje: 115 minuta.

Cena: 1800 i 2200 dinara.",20:00,1800,Zvezdara teatar,"Milana Rakića 38, 11050 Beograd","44.797660,20.497652",https://repertoar.rs/predstave/voz/,repertoar.rs,https://bilet.zvezdarateatar.rs/scena.php?prostorterminid=2642,Zvezdara teatar,https://zvezdarateatar.rs/,,,,,,"театр, драма, Звездара театр, Воя Брайович, Кормак Маккарти","theatre, drama, Zvezdara Theatre, Voja Brajović, Cormac McCarthy","pozorište, drama, Zvezdara teatar, Voja Brajović, Kormak Makarti"
10/23/2026,10/23/2026,9/30/2026,1850,TheaterGroup,Zvezdara teatar,https://zvezdarateatar.rs/,,TheaterEvent,«Поезд»: Воя Брайович и Сергей Трифунович по Кормаку Маккарти в Звездара театре,Voz: Voja Brajović and Sergej Trifunović in a play after Cormac McCarthy at Zvezdara Theatre,„Voz“: Voja Brajović i Sergej Trifunović po Kormaku Makartiju u Zvezdara teatru,https://raw.githubusercontent.com/newsgl/arsposters/main/1850-VozVojaBrajovicISergejTrifunovic.webp,,Theatre,"Профессор и бывший заключённый случайно встречаются на станции и спорят о вере и смысле жизни. Спектакль Вои Брайовича по тексту Кормака Маккарти идёт с 2015 года. Новая сцена, начало в 20:00, билеты 1800-2200 динаров.","A professor and a former convict meet by chance at a railway station and argue about faith and the meaning of life. Voja Brajović’s staging of Cormac McCarthy’s text, running since 2015. New stage, 20:00, tickets 1800-2200 dinars.","Profesor i bivši zatvorenik slučajno se sreću na železničkoj stanici i razgovaraju o veri i smislu života. Predstava Voje Brajovića po tekstu Kormaka Makartija igra se od 2015. Nova scena, početak u 20 časova, karte od 1800 do 2200 dinara.","Двое мужчин, которых в спектакле зовут просто Белый и Чёрный, оказываются вместе на железнодорожной станции. Один профессор, другой бывший заключённый, и у каждого свои убеждения и спрятанные надежды. Весь спектакль держится на их диалоге.

Текст **Кормака Маккарти** в переводе Милицы и Бранислава Михайловичей адаптировал и поставил **Воя Брайович**. Он же играет Белого, Черного играет Сергей Трифунович. Премьера прошла в октябре 2015 года, в 2019 году спектакль сыграли в 150-й раз, а за первые четыре года его посмотрели больше 50 тысяч человек.

Награды: приз зрителей на Международном фестивале малых сцен в Риеке (2016), приз зрителей фестиваля МИТ в Цетине (2016), гран-при за лучший партнёрский дуэт в Никшиче (2016), лучший спектакль по голосованию публики в Аранджеловаце (2025). Брайович получил премию «Жан Маролт» за лучшую мужскую роль в Сараеве.

Длительность 115 минут.

Цена: 1800 и 2200 динаров.","Two men, called simply White and Black, end up together at a railway station. One is a professor, the other a former convict, each with his own beliefs and hidden hopes. The whole play rests on their conversation.

**Cormac McCarthy**’s text, translated by Milica and Branislav Mihajlović, was adapted and directed by **Voja Brajović**, who plays White opposite Sergej Trifunović as Black. It premiered in October 2015, reached its 150th performance in 2019 and drew over 50,000 viewers in its first four years.

Awards include the audience award at the International Festival of Small Stages in Rijeka (2016), the audience award at the MIT festival in Cetinje (2016), the grand prix for best on-stage partnership in Nikšić (2016) and best play by audience vote in Aranđelovac (2025). Brajović won the Jean Marolt award for best actor in Sarajevo.

Running time: 115 minutes.

Price: 1800 and 2200 dinars.","Dvojica muškaraca, u predstavi samo Beli i Crni, zateknu se zajedno na železničkoj stanici. Jedan je profesor, drugi bivši zatvorenik, svaki sa svojim verovanjima i skrivenim nadama, a cela predstava počiva na njihovom dijalogu.

Tekst **Kormaka Makartija** u prevodu Milice i Branislava Mihajlovića adaptirao je i režirao **Voja Brajović**, koji igra Belog, dok Crnog igra Sergej Trifunović. Premijera je bila u oktobru 2015, 150. izvođenje 2019, a za prve četiri godine predstavu je videlo preko 50.000 gledalaca.

Nagrade: nagrada publike na Međunarodnom festivalu malih scena u Rijeci (2016), nagrada publike na MIT festivalu na Cetinju (2016), gran pri za najbolji partnerski odnos u Nikšiću (2016) i najbolja predstava po glasovima publike u Aranđelovcu (2025). Brajović je dobio nagradu „Žan Marolt“ za najboljeg glumca u Sarajevu.

Trajanje: 115 minuta.

Cena: 1800 i 2200 dinara.",20:00,1800,Zvezdara teatar,"Milana Rakića 38, 11050 Beograd","44.797660,20.497652",https://repertoar.rs/predstave/voz/,repertoar.rs,https://bilet.zvezdarateatar.rs/scena.php?prostorterminid=2642,Zvezdara teatar,https://zvezdarateatar.rs/,,,,,,"театр, драма, Звездара театр, Воя Брайович, Кормак Маккарти","theatre, drama, Zvezdara Theatre, Voja Brajović, Cormac McCarthy","pozorište, drama, Zvezdara teatar, Voja Brajović, Kormak Makarti"
10/29/2026,10/29/2026,9/30/2026,1851,TheaterGroup,Zvezdara teatar,https://zvezdarateatar.rs/,,TheaterEvent,«Поезд»: Воя Брайович и Сергей Трифунович по Кормаку Маккарти в Звездара театре,Voz: Voja Brajović and Sergej Trifunović in a play after Cormac McCarthy at Zvezdara Theatre,„Voz“: Voja Brajović i Sergej Trifunović po Kormaku Makartiju u Zvezdara teatru,https://raw.githubusercontent.com/newsgl/arsposters/main/1851-VozVojaBrajovicISergejTrifunovic.webp,,Theatre,"Профессор и бывший заключённый случайно встречаются на станции и спорят о вере и смысле жизни. Спектакль Вои Брайовича по тексту Кормака Маккарти идёт с 2015 года. Новая сцена, начало в 20:00, билеты 1800-2200 динаров.","A professor and a former convict meet by chance at a railway station and argue about faith and the meaning of life. Voja Brajović’s staging of Cormac McCarthy’s text, running since 2015. New stage, 20:00, tickets 1800-2200 dinars.","Profesor i bivši zatvorenik slučajno se sreću na železničkoj stanici i razgovaraju o veri i smislu života. Predstava Voje Brajovića po tekstu Kormaka Makartija igra se od 2015. Nova scena, početak u 20 časova, karte od 1800 do 2200 dinara.","Двое мужчин, которых в спектакле зовут просто Белый и Чёрный, оказываются вместе на железнодорожной станции. Один профессор, другой бывший заключённый, и у каждого свои убеждения и спрятанные надежды. Весь спектакль держится на их диалоге.

Текст **Кормака Маккарти** в переводе Милицы и Бранислава Михайловичей адаптировал и поставил **Воя Брайович**. Он же играет Белого, Черного играет Сергей Трифунович. Премьера прошла в октябре 2015 года, в 2019 году спектакль сыграли в 150-й раз, а за первые четыре года его посмотрели больше 50 тысяч человек.

Награды: приз зрителей на Международном фестивале малых сцен в Риеке (2016), приз зрителей фестиваля МИТ в Цетине (2016), гран-при за лучший партнёрский дуэт в Никшиче (2016), лучший спектакль по голосованию публики в Аранджеловаце (2025). Брайович получил премию «Жан Маролт» за лучшую мужскую роль в Сараеве.

Длительность 115 минут.

Цена: 1800 и 2200 динаров.","Two men, called simply White and Black, end up together at a railway station. One is a professor, the other a former convict, each with his own beliefs and hidden hopes. The whole play rests on their conversation.

**Cormac McCarthy**’s text, translated by Milica and Branislav Mihajlović, was adapted and directed by **Voja Brajović**, who plays White opposite Sergej Trifunović as Black. It premiered in October 2015, reached its 150th performance in 2019 and drew over 50,000 viewers in its first four years.

Awards include the audience award at the International Festival of Small Stages in Rijeka (2016), the audience award at the MIT festival in Cetinje (2016), the grand prix for best on-stage partnership in Nikšić (2016) and best play by audience vote in Aranđelovac (2025). Brajović won the Jean Marolt award for best actor in Sarajevo.

Running time: 115 minutes.

Price: 1800 and 2200 dinars.","Dvojica muškaraca, u predstavi samo Beli i Crni, zateknu se zajedno na železničkoj stanici. Jedan je profesor, drugi bivši zatvorenik, svaki sa svojim verovanjima i skrivenim nadama, a cela predstava počiva na njihovom dijalogu.

Tekst **Kormaka Makartija** u prevodu Milice i Branislava Mihajlovića adaptirao je i režirao **Voja Brajović**, koji igra Belog, dok Crnog igra Sergej Trifunović. Premijera je bila u oktobru 2015, 150. izvođenje 2019, a za prve četiri godine predstavu je videlo preko 50.000 gledalaca.

Nagrade: nagrada publike na Međunarodnom festivalu malih scena u Rijeci (2016), nagrada publike na MIT festivalu na Cetinju (2016), gran pri za najbolji partnerski odnos u Nikšiću (2016) i najbolja predstava po glasovima publike u Aranđelovcu (2025). Brajović je dobio nagradu „Žan Marolt“ za najboljeg glumca u Sarajevu.

Trajanje: 115 minuta.

Cena: 1800 i 2200 dinara.",20:00,1800,Zvezdara teatar,"Milana Rakića 38, 11050 Beograd","44.797660,20.497652",https://repertoar.rs/predstave/voz/,repertoar.rs,https://bilet.zvezdarateatar.rs/scena.php?prostorterminid=2642,Zvezdara teatar,https://zvezdarateatar.rs/,,,,,,"театр, драма, Звездара театр, Воя Брайович, Кормак Маккарти","theatre, drama, Zvezdara Theatre, Voja Brajović, Cormac McCarthy","pozorište, drama, Zvezdara teatar, Voja Brajović, Kormak Makarti"
10/3/2026,10/3/2026,9/30/2026,1852,TheaterGroup,Pozorište lutaka Pinokio,https://pinokio.rs/,,ChildrensEvent,Кукольный спектакль «Каријус и Бактус» в театре «Пинокио»,Karijus i Baktus: a puppet show at the Pinokio theatre,Lutkarska predstava Karijus i Baktus u pozorištu Pinokio,https://raw.githubusercontent.com/newsgl/arsposters/main/1852-LutkarskaPredstavaKarijusIBaktusU.webp,,Kids,"Норвежская сказка Турбьёрна Эгнера о двух озорниках, которые живут в зубах у девочки, забывающей их чистить. 3 октября в 12:00, для детей от двух до восьми лет, билет 600 динаров.","Thorbjorn Egner's Norwegian tale about two little rascals living in the teeth of a girl who forgets to brush. 3 October at 12:00, for children aged two to eight, tickets 600 dinars.","Norveška bajka Turbjerna Egnera o dva mala nestaška koji žive u zubima devojčice koja zaboravlja da ih pere. 3. oktobra u 12.00, za decu od dve do osam godina, karta 600 dinara.","Где живут Кариус и Бактус? Во рту у детей, которые не чистят зубы. Там они роют туннели и строят дома с гостиными, спальнями, балконами и гаражами для машин из пряника.

Новый дом этой парочки во рту у девочки Еци. Конфеты и карамель их радуют, а зубная щётка и тем более бормашина у зубного врача приводят в отчаяние. В финале озорников выселяют, и больше всех рада сама Еца: у неё перестают болеть зубы. Сказку норвежца **Турбьёрна Эгнера** здесь играют как весёлую историю с понятной моралью про гигиену.

Режиссёр Стеван Бодрожа, адаптация Игора Бойовича, куклы и сценография Стефанки Киувлиевой, музыка Кристиана Хартмана и Владимира Петричевича. Играют Анита Бранкович и Ивана Тодорович. Спектакль сделан при поддержке посольства Норвегии.

Цена: 600 динаров.

Язык: сербский.

Возраст: от двух до восьми лет. Продолжительность сорок пять минут.

Организатор: Позориште лутака «Пинокио».","Where do Karius and Baktus live? In the mouths of children who do not brush their teeth. They dig tunnels there and build houses with living rooms, bedrooms, balconies and garages for their gingerbread cars.

Their latest home is the mouth of a girl called Jeca. Sweets and caramels make them happy, while a toothbrush, or worse, the dentist's drill, drives them to despair. In the end the pair are evicted and the happiest of all is Jeca, whose teeth stop hurting. **Thorbjorn Egner**'s Norwegian tale is played as a cheerful story with a clear lesson about brushing.

Directed by Stevan Bodroza, adapted by Igor Bojovic, puppets and set by Stefanka Kiuvlieva, music by Christian Hartmann and Vladimir Petricevic. Performed by Anita Brankovic and Ivana Todorovic. The production was made with the support of the Norwegian Embassy.

Price: 600 dinars.

Language: Serbian.

Age: two to eight. Running time forty five minutes.

Organiser: Pinokio puppet theatre.","Gde žive Karijus i Baktus? U ustima dece koja ne peru zube. Tamo buše tunele i prave kuće sa dnevnim i spavaćim sobama, balkonima i garažama za automobile od medenjaka.

Njihov najnoviji dom su usta devojčice Jece. Slatkiši i karamele ih raduju, a četkica za zube i još strašnija zubarska bušilica dovode ih do očaja. Na kraju ih izbacuju, a najsrećnija je Jeca kojoj zubi više ne bole. Modernu norvešku bajku **Turbjerna Egnera** Pinokio igra kao veselu priču sa jasnom porukom o pranju zuba.

Režija Stevan Bodroža, adaptacija Igor Bojović, scenografija i lutke Stefanka Kiuvlieva, muzika Christian Hartmann i Vladimir Petričević. Igraju Anita Branković i Ivana Todorović. Predstava je realizovana uz pomoć Ambasade Kraljevine Norveške.

Cena: 600 dinara.

Jezik: srpski.

Uzrast: od dve do osam godina. Trajanje četrdeset pet minuta.

Organizator: Pozorište lutaka Pinokio.",12:00,600,Pozorište lutaka Pinokio,"Bulevar maršala Tolbuhina 1, Novi Beograd","44.830127,20.411863",https://pinokio.rs/%D0%BA%D0%B0%D1%80%D0%B8%D1%98%D1%83%D1%81-%D0%B8-%D0%B1%D0%B0%D0%BA%D1%82%D1%83%D1%81/,pinokio.rs,https://tickets.rs/event/karijus_i_baktus_28587,Pozorište lutaka Pinokio,https://pinokio.rs/,,,2+,,,"кукольный театр, дети, сказка, Пинокио, Нови-Београд","puppet theatre, kids, fairy tale, Pinokio, Novi Beograd","lutkarsko pozorište, deca, bajka, Pinokio, Novi Beograd"
10/3/2026,10/3/2026,9/30/2026,1853,TheaterGroup,Pozorište lutaka Pinokio,https://pinokio.rs/,,ChildrensEvent,Кукольный спектакль «Шешир пун боја» в театре «Пинокио»,Šešir pun boja: a puppet show at the Pinokio theatre,Lutkarska predstava Šešir pun boja u pozorištu Pinokio,https://raw.githubusercontent.com/newsgl/arsposters/main/1853-LutkarskaPredstavaSesirPunBojaU.webp,,Kids,"Куклы, жонглирование, танец и анимация предметов в спектакле Иваны Кораксич о героях чёрно-белого мира, которые открывают цвета. 3 октября в 17:00, для детей от трёх до восьми лет, билет 600 динаров.","Puppetry, juggling, dance and object animation in Ivana Koraksic's show about characters from a black and white world who discover colour. 3 October at 17:00, for children aged three to eight, tickets 600 dinars.","Lutkarstvo, žongliranje, ples i animacija objekata u predstavi Ivane Koraksić o junacima crno-belog sveta koji otkrivaju boje. 3. oktobra u 17.00, za decu od tri do osam godina, karta 600 dinara.","Название переводится как «Шляпа, полная красок». Герои по имени Црни, Белина и Сивило, то есть Чёрный, Белизна и Серость, живут в скучном чёрно-белом мире. Каждый цвет из шляпы уводит их в короткое приключение, а собрав все цвета, они находят Радугу, королеву красок.

Это авторский проект режиссёра **Иваны Кораксич** для самых маленьких зрителей. Куклы, жонглирование, танец и анимация предметов сменяют друг друга в неожиданном порядке, а в центре всего игра с цветом и вещами. Детей приглашают самим додумывать, что значит каждый цвет.

Спектакль поставлен вместе с цирковой компанией Cirkusfera. Драматургия Марины Цеткович, кукла Филипа Евтича. Играют Ивана Тодорович, Воислав Шантич и Йован Попович.

Цена: 600 динаров.

Язык: сербский.

Возраст: от трёх до восьми лет. Продолжительность сорок пять минут.

Организатор: Позориште лутака «Пинокио».","The title means ""A hat full of colours"". Its heroes, Black, Whiteness and Greyness, live in a dull black and white world. Each colour pulled from the hat leads them into a short adventure, and once they have collected them all they meet the Rainbow, queen of colours.

This is an original project by director **Ivana Koraksic** for the youngest audience. Puppetry, juggling, dance and object animation follow one another in an unexpected order, and at the centre of it is play with colours and objects. Children are invited to imagine for themselves what each colour means.

A co-production with the circus company Cirkusfera. Dramaturgy by Marina Cetkovic, puppet by Filip Jevtic. Performed by Ivana Todorovic, Vojislav Santic and Jovan Popovic.

Price: 600 dinars.

Language: Serbian.

Age: three to eight. Running time forty five minutes.

Organiser: Pinokio puppet theatre.","Crni, Belina i Sivilo žive u dosadnom crno-belom svetu. Svaka boja iz šešira vodi ih u jednu kratku avanturu, a kad osvoje sve boje, otkrivaju Dugu, kraljicu boja.

Predstava je autorski projekat rediteljke **Ivane Koraksić** namenjen najmlađoj publici. Lutkarstvo, žongliranje, ples i animacija objekata smenjuju se neočekivanim redosledom, a u centru je igra sa bojama i predmetima. Deca su pozvana da sama domaštavaju značenja koja im boje donose.

Koprodukcija Pozorišta lutaka Pinokio i Cirkusfere. Dramaturgija Marina Ćetković, izrada lutke Filip Jevtić. Igraju Ivana Todorović, Vojislav Šantić i Jovan Popović.

Cena: 600 dinara.

Jezik: srpski.

Uzrast: od tri do osam godina. Trajanje četrdeset pet minuta.

Organizator: Pozorište lutaka Pinokio.",17:00,600,Pozorište lutaka Pinokio,"Bulevar maršala Tolbuhina 1, Novi Beograd","44.830127,20.411863",https://pinokio.rs/%D1%88%D0%B5%D1%88%D0%B8%D1%80-%D0%BF%D1%83%D0%BD-%D0%B1%D0%BE%D1%98%D0%B0/,pinokio.rs,https://tickets.rs/event/sesir_pun_boja_28588,Pozorište lutaka Pinokio,https://pinokio.rs/,,,3+,,,"кукольный театр, дети, цирк, Пинокио, Нови-Београд","puppet theatre, kids, circus, Pinokio, Novi Beograd","lutkarsko pozorište, deca, cirkus, Pinokio, Novi Beograd"
10/4/2026,10/4/2026,9/30/2026,1854,Organization,Manevarim,https://www.instagram.com/manevarim_/,,MusicEvent,Manevarim: воскресное утро в Para Klub,Manevarim Sunday morning session at Para Klub,Manevarim: nedeljno jutro u Para Klubu,https://raw.githubusercontent.com/newsgl/arsposters/main/1854-ManevarimNedeljnoJutroUParaKlubu.webp,,Concerts,"Воскресный афтепати-формат Manevarim: с 6 утра за пультом Wills, Umros, Vibrain, Zana, ShibiDorra и хорватский музыкант Vid. Воскресенье, 4 октября, с 06:00. Вход 1500 динаров на месте.","Manevarim’s Sunday morning fixture: Wills, Umros, Vibrain, Zana, ShibiDorra and Croatian musician Vid from 6 am. Sunday 4 October from 06:00. Entry 1500 RSD at the door.","Nedeljni jutarnji Manevarim: od 6 ujutru Wills, Umros, Vibrain, Zana, ShibiDorra i hrvatski muzičar Vid. Nedelja, 4. oktobar, od 6 h. Ulaz 1500 dinara na vratima.","Когда большинство клубов закрывается, **Manevarim** в Para Klub только начинает. Это воскресная утренняя серия для тех, кто не готов расходиться после субботней ночи.

Сет-лист выстроен как смена: утро открывает молодой **Wills**, за ним **Umros**, которого организаторы нашли на open decks. Vibrain ведёт переход во вторую смену, где играют **Zana и ShibiDorra**, а завершает хорватский музыкант Vid.

Фотографировать нельзя, на входе фейсконтроль. Выйти и вернуться можно бесплатно.

Цена: 1500 динаров на входе.
Организатор: Manevarim.","While most clubs are closing, **Manevarim** at Para Klub is just getting started. It is a Sunday morning series for those not ready to go home after Saturday night.

The line-up runs in shifts: young **Wills** opens the morning, followed by **Umros**, an open decks discovery. Vibrain hands over to the second shift with **Zana and ShibiDorra**, and Croatian musician Vid closes.

No photos, door policy applies. Re-entry is free.

Price: 1500 RSD at the door.
Organizer: Manevarim.","Dok se većina klubova zatvara, **Manevarim** u Para Klubu tek počinje. Nedeljna jutarnja serija za one koji posle subotnje noći nisu spremni da idu kući.

Lineup ide u smenama: jutro otvara mladi **Wills**, zatim **Umros**, otkriće sa open decks večeri. Vibrain vodi prelaz u drugu smenu, gde sviraju **Zana i ShibiDorra**, a završava hrvatski muzičar Vid.

Fotografisanje nije dozvoljeno, face kontrola na ulazu. Ponovni ulaz je besplatan.

Cena: 1500 dinara na ulazu.
Organizator: Manevarim.",06:00,1500,Para Klub,"Cetinjska 15, Beograd","44.818363,20.465855",https://ra.co/events/2545275,ra.co,,Manevarim,https://www.instagram.com/manevarim_/,,,,,,"афтепати, электроника, Para Klub, Manevarim, клубная ночь","afterparty, electronic, Para Klub, Manevarim, club night","afterparty, elektronika, Para Klub, Manevarim, žurka"
10/4/2026,10/4/2026,9/30/2026,1855,Person,Ognjen,https://ra.co/events/2549028,,MusicEvent,Диджей Ognjen в баре Lift,DJ Ognjen at Lift,DJ Ognjen u Liftu,https://raw.githubusercontent.com/newsgl/arsposters/main/1855-DJOgnjenULiftu.webp,,Concerts,"Белградский диджей Ognjen снова за пультом Lift на Цетиньской. Воскресенье, 4 октября, с 20:00.",Belgrade DJ Ognjen is back behind the booth at Lift on Cetinjska. Sunday 4 October from 20:00.,"Beogradski DJ Ognjen ponovo za pultom Lifta u Cetinjskoj. Nedelja, 4. oktobar, od 20 h.","Lift на Цетиньской регулярно зовёт белградских диджеев на вечерние сеты, и **Ognjen** возвращается сюда не в первый раз.

Анонс обещает вечер его подборок; конкретный жанр организаторы не уточняют. Начало ранним вечером, так что это вариант для тех, кто хочет музыку без клубной ночи до утра.

Организатор: Lift.","Lift on Cetinjska regularly invites Belgrade DJs for evening sets, and **Ognjen** is a returning name.

The announcement promises another night of his selections, without naming a genre. It starts early in the evening, an option if you want music without a full club night.

Organizer: Lift.","Lift u Cetinjskoj redovno zove beogradske DJ-eve na večernje setove, a **Ognjen** se vraća.

Najava obećava još jedno veče njegovih selekcija, bez preciziranog žanra. Počinje rano uveče, pa je dobar izbor ako vam treba muzika bez cele noći u klubu.

Organizator: Lift.",20:00,,Lift,"Cetinjska 15, 11000 Beograd","44.818014,20.465528",https://ra.co/events/2549028,ra.co,,Lift,https://ra.co/events/2549028,,,,,,"диджей, Lift, Цетиньска, вечер","DJ set, Lift, Cetinjska, evening","DJ set, Lift, Cetinjska, veče"
10/4/2026,10/4/2026,9/30/2026,1856,Organization,Pena Art Cafe,https://www.meetup.com/penaartcafe-events/,,SocialEvent,Slow Burn Sundays: воскресные посиделки в саду Pena Art Cafe,Slow Burn Sundays: a relaxed Sunday evening in the Pena Art Cafe garden,Slow Burn Sundays: opuštena nedelja u bašti Pena Art Cafea,https://raw.githubusercontent.com/newsgl/arsposters/main/1856-SlowBurnSundaysOpustenaNedeljaU.webp,,Games,"4 октября в 18:00 вечер знакомств и разговоров в саду Pena Art Cafe на Делиградской, 1. Без программы, для местных, экспатов и путешественников.","October 4, 18:00: an easy-going evening of conversation in the Pena Art Cafe garden, Deligradska 1. No agenda, for locals, expats and travellers.","Nedelja, 4. oktobar, u 18 časova: veče razgovora i upoznavanja u bašti Pena Art Cafea, Deligradska 1. Bez programa, za domaće, strance i putnike.","Не каждому воскресенью нужен план. **Slow Burn** в Pena Art Cafe задуман как спокойный вечер, где можно выпить, поговорить и познакомиться, не напрягаясь.

Собираются местные, путешественники, экспаты, художники, студенты и постоянные гости кафе. Кто-то приходит с друзьями, кто-то один. За столами обычно звучат английский, сербский, турецкий, русский и другие языки, но это не языковой обмен: никакой структуры и ролей, просто компания в саду.

В программе только напитки, спокойная музыка и разговоры. Встреча анонсирована на Meetup.

Организатор: Pena Art Cafe.","Not every Sunday needs a plan. **Slow Burn** at Pena Art Cafe is meant as an unhurried evening for drinks, conversation and meeting people without pressure.

The crowd mixes locals, travellers, expats, artists, students and regulars. Some come with friends, some alone. English, Serbian, Turkish, Russian and other languages are usually heard around the tables, but this is not a language exchange: no structure, no roles, just company in the garden.

The programme is drinks, chilled music and conversation. The event is listed on Meetup.

Organiser: Pena Art Cafe.","Ne mora svaka nedelja da ima plan. **Slow Burn** u Pena Art Cafeu zamišljen je kao opušteno veče uz piće, razgovor i nova poznanstva, bez ikakvog pritiska.

Dolaze domaći, putnici, stranci koji žive u Beogradu, umetnici, studenti i stalni gosti. Neki sa društvom, neki sami. Za stolovima se obično čuju engleski, srpski, turski, ruski i drugi jezici, ali ovo nije jezička razmena: nema strukture, samo društvo u bašti.

Na programu su piće, lagana muzika i razgovori. Događaj je objavljen na Meetupu.

Organizator: Pena Art Cafe.",18:00,,Pena Art Caffe,"Deligradska 1, Beograd","44.802076,20.465646",https://www.meetup.com/penaartcafe-events/events/316555491/,meetup.com,https://www.meetup.com/penaartcafe-events/events/316555491/,Pena Art Cafe,https://www.meetup.com/penaartcafe-events/,,,,,,"знакомства, экспаты, митап, Pena Art Cafe","social, expats, meetup, Pena Art Cafe","druženje, stranci, meetup, Pena Art Cafe"
10/4/2026,10/4/2026,9/30/2026,1857,Organization,Pab kviz 8x8,https://pabkviz8x8.com/,,SocialEvent,Паб-квиз 8x8 «Общие знания» в Nosati pub на Нушичевой,"Pub Quiz 8x8 ""General Knowledge"" at Nosati pub",Pab kviz 8x8 „Opšte znanje“ u Nosati pubu,https://raw.githubusercontent.com/newsgl/arsposters/main/1857-PabKviz8x8OpsteZnanjeU.webp,,Games,"4 октября в 19:45 квиз на общие знания: восемь раундов по восемь вопросов, команды до 7 человек, запись обязательна. 400 динаров с человека. На сербском языке.","October 4, 19:45: a general knowledge quiz, eight rounds of eight questions, teams of up to 7, registration required. 400 dinars per person. In Serbian.","Nedelja, 4. oktobar, u 19.45: kviz opšteg znanja, osam oblasti po osam pitanja, ekipe do 7 članova, prijava obavezna. Kotizacija 400 dinara. Na srpskom jeziku.","Классический формат 8x8: восемь тематических раундов по восемь баллов, ответы сдаются после каждого, в середине перерыв. Игра длится около **трёх часов**.

Призы здесь конкретные: первое место получает скидку 50% от счёта команды, второе 30%, третье получает по рюмке ракии на всю команду. Отдельный приз команде, выпившей больше всего пива. Остальные могут выиграть дополнительные призы на колесе удачи.

Команда до 7 человек. Регистрация обязательна через приложение play.pabkviz8x8.com. Смартфоны во время игры запрещены. С каждого взноса 10 динаров уходят на благотворительность.

Цена: 400 динаров с человека.

Язык: сербский.","The classic 8x8 format: eight themed rounds worth eight points each, answers handed in after every round, with a break halfway. The game runs about **three hours**.

The prizes are concrete: first place gets 50% off the team bill, second place 30%, and third a round of rakija for the whole team. There is also a prize for the team that drinks the most beer. Everyone else can try the wheel of fortune for extra prizes.

Teams of up to 7. Registration is required via the play.pabkviz8x8.com app. Smartphones are strictly banned during play. 10 dinars from every entry fee goes to charity.

Price: 400 dinars per person.

Language: Serbian.","Klasičan format 8x8: osam oblasti po osam poena, odgovori se predaju posle svake, uz kratak predah na polovini. Kviz traje oko **tri sata**.

Nagrade su konkretne: prvo mesto dobija 50% od računa, drugo 30%, a treće turu rakije za celu ekipu. Posebnu nagradu dobija ekipa sa najviše popijenih piva. Ostale ekipe mogu da osvoje dodatne nagrade na točku sreće.

Ekipe do 7 članova. Prijava je obavezna preko aplikacije play.pabkviz8x8.com. Upotreba pametnih uređaja strogo je zabranjena. Od svake kotizacije 10 dinara ide u dobrotvorne svrhe.

Kotizacija: 400 dinara po osobi.

Jezik: srpski.",19:45,400,Nosati pub,"Nušićeva 8, Beograd","44.813841,20.461875",https://pabkviz8x8.com/nosati-pub-opste-znanje-17/,pabkviz8x8.com,https://play.pabkviz8x8.com/,Pab kviz 8x8,https://pabkviz8x8.com/,,,,,,"паб-квиз, квиз, командная игра, на сербском","pub quiz, trivia, team game, in Serbian","pab kviz, kviz, timska igra, na srpskom"
10/4/2026,10/4/2026,9/30/2026,1858,TheaterGroup,Teatar Odeon,https://www.teatarodeon.rs/,,ChildrensEvent,«Золушка»: детский мюзикл по тексту Бранко Коцкицы в Театре Одеон,Pepeljuga: a children’s musical Cinderella by Branko Kockica at Teatar Odeon,„Pepeljuga“: dečji mjuzikl po tekstu Branka Kockice u Teatru Odeon,https://raw.githubusercontent.com/newsgl/arsposters/main/1858-PepeljugaDecjiMjuziklPoTekstuBranka.webp,,Kids,"Новая «Золушка» Бранко Коцкицы: злой мачехи нет, принцев двое, а мораль спета в финальной песне. Мюзикл для детей в постановке Марко Йовичича, 4 октября в 17:00, билеты от 600 до 1900 динаров.","Branko Kockica’s take on Cinderella: no wicked stepmother, two princes and a moral sung in the final number. A children’s musical directed by Marko Jovičić, 4 October at 17:00, tickets 600-1900 dinars.","Pepeljuga po Branku Kockici: bez zle maćehe, sa dva princa i poukom u završnoj pesmi. Dečji mjuzikl u režiji Marka Jovičića, 4. oktobra u 17 časova, karte od 600 do 1900 dinara.","Автор текста **Бранко Коцкица** признаётся, что сказку о Золушке в детстве ему читала мама и снились от неё кошмары. Поэтому в его версии нет ни злой мачехи, ни отрубленных пяток: мачеха с папой Золушки гуляют в Париже и шлют подарки. Сёстры не помыкают Золушкой, скорее она ими, а принцев в истории двое.

Режиссёр **Марко Йовичич** сделал из этого мюзикл с юмором и песнями. Принц здесь не ждёт судьбу, а ищет, поёт и немного паникует, потому что обязан влюбиться. Хрустальная туфелька отходит на второй план. Главная мысль сказки в припеве финальной песни: в мире идёт матч, и побеждает команда добрых.

В ролях Анастасия Кнежевич (Золушка), Ненад Станоевич или Стоян Джорджевич (принц Добривое), Саша Джурашевич, Милян Прлета, Димитрие Илич, Марко Маркович, Снежана Еремич Нешкович. Музыка Томы Бабовича, хореография Катарины Илияшевич, в спектакле участвует иллюзионист Деян Джурджевич.

Длительность 1 час 30 минут. На сербском языке.

Цена: от 600 до 1900 динаров.","Writer **Branko Kockica** admits that Cinderella gave him nightmares when his mother read it to him as a child. So his version has no wicked stepmother and no cut-off heels: she is off in Paris with Cinderella’s dad, sending presents home. The sisters don’t boss Cinderella around, if anything it’s the other way round, and there are two princes.

Director **Marko Jovičić** turned it into a musical full of humour and songs. The prince doesn’t wait for fate: he searches, sings and panics a little, because he has to fall in love. The glass slipper matters less than the message of the final song’s chorus: the world is playing a match, and the good team is winning.

Cast: Anastasija Knežević (Cinderella), Nenad Stanojević or Stojan Đorđević (Prince Dobrivoje), Saša Đurašević, Miljan Prljeta, Dimitrije Ilić, Marko Marković, Snežana Jeremić Nešković. Music by Toma Babović, choreography by Katarina Ilijašević, with illusionist Dejan Đurđević.

Running time: 1 hour 30 minutes. In Serbian.

Price: 600 to 1900 dinars.","**Branko Kockica** priznaje da mu je bajka o Pepeljugi, koju mu je mama čitala pred spavanje, donosila ružne snove. Zato u njegovoj verziji nema zle maćehe ni odsečenih peta: maćeha je sa Pepeljuginim tatom na provodu u Parizu i šalje poklone. Sestre ne muštraju Pepeljugu nego ona njih, a prinčeva su dvojica.

Reditelj **Marko Jovičić** od toga je napravio mjuzikl pun humora i pesama. Princ ne čeka sudbinu, već traga, peva i malo paniči jer mora da se zaljubi. Staklena cipelica nije presudna, važnija je pouka iz refrena završne pesme: svet igra utakmicu i dobri vode.

Igraju Anastasija Knežević (Pepeljuga), Nenad Stanojević/Stojan Đorđević (princ Dobrivoje), Saša Đurašević, Miljan Prljeta, Dimitrije Ilić, Marko Marković i Snežana Jeremić Nešković. Muzika Toma Babović, koreografija Katarina Ilijašević, uz mađioničara i iluzionistu Dejana Đurđevića.

Trajanje: sat i 30 minuta.

Cena: od 600 do 1900 dinara.",17:00,600,Teatar Odeon,"Kraljice Natalije 45, Beograd","44.808247,20.462028",https://efinity.rs/event-details/pepeljuga_32382,efinity.rs,https://bilet.teatarodeon.rs/scena.php?prostorterminid=124,Teatar Odeon,https://www.teatarodeon.rs/,,,,,,"детям, мюзикл, Театр Одеон, Золушка, сказка","kids, musical, Teatar Odeon, Cinderella, fairy tale","za decu, mjuzikl, Teatar Odeon, Pepeljuga, bajka"
10/4/2026,10/4/2026,9/30/2026,1859,TheaterGroup,Narodno pozorište u Beogradu,https://www.narodnopozoriste.rs/,,TheaterEvent,«Годы воронов»: Белград Первой мировой в драме Синиши Ковачевича в Народном театре,Godine vrana: Siniša Kovačević’s drama of First World War Belgrade at the National Theatre,Godine vrana: Beograd u Prvom svetskom ratu u drami Siniše Kovačevića u Narodnom pozorištu,https://raw.githubusercontent.com/newsgl/arsposters/main/1859-GodineVranaBeogradUPrvomSvetskom.webp,,Theatre,"Большой спектакль Синиши Ковачевича о Белграде последних лет Первой мировой: оккупация, лютая зима и запретная любовь. Большая сцена, начало в 19:30, билеты от 300 до 2800 динаров.","Siniša Kovačević’s large-scale production about Belgrade in the last years of the First World War: occupation, a brutal winter and a forbidden love. Main stage, 19:30, tickets 300 to 2800 dinars.","Velika predstava Siniše Kovačevića o Beogradu poslednjih godina Prvog svetskog rata: okupacija, ljuta zima i zabranjena ljubav. Velika scena, početak u 19.30, ulaznice od 300 do 2800 dinara.","Белград, 1917 и 1918 годы. Дунай замёрз, война тянется третий год, горожане топят печи паркетом и книгами, а над городом кружат тысячи ворон. В этом спектакле вороны почти полноправные жители Белграда и свидетели всего, что с ним происходит.

**Синиша Ковачевич**, автор «Великой драмы», сам написал текст и сам поставил его на Большой сцене Народного театра. История прошла путь от пьесы к роману-бестселлеру и только потом стала спектаклем. Это взгляд на войну глазами не солдат, а обычных горожан: спекулянты, тихие похороны, дуэли, военный суд и неожиданные дружбы.

В центре учительница Юлия Кавран, немка из Бечкерека, жена юриста при австро-венгерской власти. Её играет **Калина Ковачевич**. Рядом Александар Сречкович или Бранислав Томашевич, Петар Стругар, Лиляна Благоевич, Соня Колачарич, Миодраг Кривокапич, Владан Гаевич, Лепомир Ивкович. Среди персонажей есть и реальные люди, например воевода Петар Боевич и поэт Милан Ракич. На сцене одновременно выходит около шестидесяти исполнителей: актёры, артисты балета и студенты.

Спектакль идёт 3 часа 30 минут с одним антрактом.

Билеты от 300 до 2800 динаров.","Belgrade, 1917 and 1918. The Danube has frozen, the war drags on, people burn parquet and books to keep warm, and thousands of crows circle over the city. In this production the crows are almost citizens in their own right, witnesses to everything that happens.

**Siniša Kovačević**, author of Velika drama, wrote and directed the piece himself on the National Theatre’s main stage. The story went from play to bestselling novel before becoming this production. It looks at the war through the eyes of civilians rather than soldiers: profiteers, quiet funerals, duels, courts martial and unexpected friendships.

At its centre is Julija Kavran, a German teacher from Bečkerek married to a lawyer serving the Austro-Hungarian administration, played by **Kalina Kovačević**. The cast also includes Aleksandar Srećković or Branislav Tomašević, Petar Strugar, Ljiljana Blagojević, Sonja Kolačarić, Miodrag Krivokapić, Vladan Gajović and Lepomir Ivković. Real historical figures appear too, among them Vojvoda Petar Bojović and the poet Milan Rakić. Around sixty performers take the stage: actors, dancers and students.

Running time: 3 hours 30 minutes with one interval.

Tickets from 300 to 2800 dinars.","Beograd, 1917. i 1918. Dunav je zaleđen, rat traje, ljudi se greju na parket i knjige, a nad gradom kruže hiljade vrana. U ovoj predstavi vrane su gotovo ravnopravni građani Beograda i svedoci svega što se dešava.

**Siniša Kovačević**, autor Velike drame, sam je napisao tekst i režirao ga na Velikoj sceni Narodnog pozorišta. Priča je od drame postala roman i bestseler, pa tek onda predstava. Rat se ovde gleda očima običnih ljudi, ne vojnika: profiteri, tihe sahrane, dvoboji, preki sud i neočekivana prijateljstva.

U središtu je učiteljica Julija Kavran, Nemica iz Bečkereka i supruga pravnika pri austrougarskoj vlasti, a igra je **Kalina Kovačević**. Tu su i Aleksandar Srećković ili Branislav Tomašević, Petar Strugar, Ljiljana Blagojević, Sonja Kolačarić, Miodrag Krivokapić, Vladan Gajović i Lepomir Ivković. Među likovima su i stvarne ličnosti, vojvoda Petar Bojović i pesnik Milan Rakić. Na sceni je oko šezdeset izvođača: glumci, igrači i studenti.

Predstava traje 3 sata i 30 minuta, sa jednom pauzom.

Ulaznice od 300 do 2800 dinara.",19:30,300,Narodno pozorište u Beogradu,"Francuska 3, 11000 Beograd","44.817006,20.461005",https://repertoar.rs/predstave/godine-vrana/,repertoar.rs,https://www.narodnopozoriste.rs/lat/ulaznice/odabir-ulaznica?p=6400,Narodno pozorište u Beogradu,https://www.narodnopozoriste.rs/,,,,,,"театр, драма, Народный театр, Синиша Ковачевич, Первая мировая война","theatre, drama, National Theatre, Siniša Kovačević, First World War","pozorište, drama, Narodno pozorište, Siniša Kovačević, Prvi svetski rat"
11/2/2026,11/2/2026,9/30/2026,1860,TheaterGroup,Narodno pozorište u Beogradu,https://www.narodnopozoriste.rs/,,TheaterEvent,«Годы воронов»: Белград Первой мировой в драме Синиши Ковачевича в Народном театре,Godine vrana: Siniša Kovačević’s drama of First World War Belgrade at the National Theatre,Godine vrana: Beograd u Prvom svetskom ratu u drami Siniše Kovačevića u Narodnom pozorištu,https://raw.githubusercontent.com/newsgl/arsposters/main/1860-GodineVranaBeogradUPrvomSvetskom.webp,,Theatre,"Большой спектакль Синиши Ковачевича о Белграде последних лет Первой мировой: оккупация, лютая зима и запретная любовь. Большая сцена, начало в 19:30, билеты от 300 до 2800 динаров.","Siniša Kovačević’s large-scale production about Belgrade in the last years of the First World War: occupation, a brutal winter and a forbidden love. Main stage, 19:30, tickets 300 to 2800 dinars.","Velika predstava Siniše Kovačevića o Beogradu poslednjih godina Prvog svetskog rata: okupacija, ljuta zima i zabranjena ljubav. Velika scena, početak u 19.30, ulaznice od 300 do 2800 dinara.","Белград, 1917 и 1918 годы. Дунай замёрз, война тянется третий год, горожане топят печи паркетом и книгами, а над городом кружат тысячи ворон. В этом спектакле вороны почти полноправные жители Белграда и свидетели всего, что с ним происходит.

**Синиша Ковачевич**, автор «Великой драмы», сам написал текст и сам поставил его на Большой сцене Народного театра. История прошла путь от пьесы к роману-бестселлеру и только потом стала спектаклем. Это взгляд на войну глазами не солдат, а обычных горожан: спекулянты, тихие похороны, дуэли, военный суд и неожиданные дружбы.

В центре учительница Юлия Кавран, немка из Бечкерека, жена юриста при австро-венгерской власти. Её играет **Калина Ковачевич**. Рядом Александар Сречкович или Бранислав Томашевич, Петар Стругар, Лиляна Благоевич, Соня Колачарич, Миодраг Кривокапич, Владан Гаевич, Лепомир Ивкович. Среди персонажей есть и реальные люди, например воевода Петар Боевич и поэт Милан Ракич. На сцене одновременно выходит около шестидесяти исполнителей: актёры, артисты балета и студенты.

Спектакль идёт 3 часа 30 минут с одним антрактом.

Билеты от 300 до 2800 динаров.","Belgrade, 1917 and 1918. The Danube has frozen, the war drags on, people burn parquet and books to keep warm, and thousands of crows circle over the city. In this production the crows are almost citizens in their own right, witnesses to everything that happens.

**Siniša Kovačević**, author of Velika drama, wrote and directed the piece himself on the National Theatre’s main stage. The story went from play to bestselling novel before becoming this production. It looks at the war through the eyes of civilians rather than soldiers: profiteers, quiet funerals, duels, courts martial and unexpected friendships.

At its centre is Julija Kavran, a German teacher from Bečkerek married to a lawyer serving the Austro-Hungarian administration, played by **Kalina Kovačević**. The cast also includes Aleksandar Srećković or Branislav Tomašević, Petar Strugar, Ljiljana Blagojević, Sonja Kolačarić, Miodrag Krivokapić, Vladan Gajović and Lepomir Ivković. Real historical figures appear too, among them Vojvoda Petar Bojović and the poet Milan Rakić. Around sixty performers take the stage: actors, dancers and students.

Running time: 3 hours 30 minutes with one interval.

Tickets from 300 to 2800 dinars.","Beograd, 1917. i 1918. Dunav je zaleđen, rat traje, ljudi se greju na parket i knjige, a nad gradom kruže hiljade vrana. U ovoj predstavi vrane su gotovo ravnopravni građani Beograda i svedoci svega što se dešava.

**Siniša Kovačević**, autor Velike drame, sam je napisao tekst i režirao ga na Velikoj sceni Narodnog pozorišta. Priča je od drame postala roman i bestseler, pa tek onda predstava. Rat se ovde gleda očima običnih ljudi, ne vojnika: profiteri, tihe sahrane, dvoboji, preki sud i neočekivana prijateljstva.

U središtu je učiteljica Julija Kavran, Nemica iz Bečkereka i supruga pravnika pri austrougarskoj vlasti, a igra je **Kalina Kovačević**. Tu su i Aleksandar Srećković ili Branislav Tomašević, Petar Strugar, Ljiljana Blagojević, Sonja Kolačarić, Miodrag Krivokapić, Vladan Gajović i Lepomir Ivković. Među likovima su i stvarne ličnosti, vojvoda Petar Bojović i pesnik Milan Rakić. Na sceni je oko šezdeset izvođača: glumci, igrači i studenti.

Predstava traje 3 sata i 30 minuta, sa jednom pauzom.

Ulaznice od 300 do 2800 dinara.",19:30,300,Narodno pozorište u Beogradu,"Francuska 3, 11000 Beograd","44.817006,20.461005",https://repertoar.rs/predstave/godine-vrana/,repertoar.rs,https://www.narodnopozoriste.rs/lat/ulaznice/odabir-ulaznica?p=6400,Narodno pozorište u Beogradu,https://www.narodnopozoriste.rs/,,,,,,"театр, драма, Народный театр, Синиша Ковачевич, Первая мировая война","theatre, drama, National Theatre, Siniša Kovačević, First World War","pozorište, drama, Narodno pozorište, Siniša Kovačević, Prvi svetski rat"
10/4/2026,10/4/2026,9/30/2026,1861,TheaterGroup,Atelje 212,https://www.atelje212.rs/,,TheaterEvent,«Akademija smeha»: японская пьеса о цензоре и драматурге в Atelje 212,Akademija smeha: a Japanese play about a censor and a playwright at Atelje 212,Akademija smeha: japanski komad o cenzoru i piscu u Ateljeu 212,https://raw.githubusercontent.com/newsgl/arsposters/main/1861-AkademijaSmehaJapanskiKomadOCenzoru.webp,,Theatre,"Пьеса Коки Митани о театральном цензоре времён войны и драматурге, который переписывает комедию снова и снова. На малой сцене Petar Kralj, два часа, билет 2000 динаров.","Koki Mitani play about a wartime theatre censor and a playwright who rewrites his comedy over and over. On the small Petar Kralj stage, two hours, ticket 2000 dinars.","Komad Kokija Mitanija o pozorišnom cenzoru iz ratnog vremena i piscu koji iznova prepravlja komediju. Na maloj sceni Petar Kralj, dva sata, ulaznica 2000 dinara.","В Японии времён Второй мировой существовала должность театрального цензора: он читал пьесы и решал, какие из них попадут на сцену. Пьеса Коки Митани построена на этой исторической детали, и почти весь спектакль это разговор двух людей, цензора и драматурга.

Драматург приносит комедию, цензор требует правок, драматург переписывает и приносит снова. Из этой механики вырастает и смех, и то, что за ним стоит: контроль над мнением и свободой слова, которая не смела быть направлена против императора.

Спектакль идёт в Ателье 212 почти пятьдесят лет спустя после последней японской пьесы на сербской сцене; в декабре 2024 года прошло его юбилейное пятидесятое представление. Режиссура Милицы Кралj, малая сцена Petar Kralj.

Сеансы: 20 и 25 сентября.

Цена: 2000 динаров, одна категория.

Язык: сербский. Продолжительность два часа.","In wartime Japan there was an official post of theatre censor: he read plays and decided which ones reached the stage. Koki Mitani's play is built on that historical detail, and almost the whole piece is a conversation between two men, the censor and the playwright.

The playwright brings in a comedy, the censor demands changes, the playwright rewrites it and brings it back. Out of that mechanism comes both the laughter and what sits behind it: control over opinion and over a freedom of speech that was never allowed to point at the emperor.

The production has been running at Atelje 212 for years and reached its fiftieth performance in December 2024; it is the first Japanese play on a Serbian stage in almost fifty years. Directed by Milica Kralj, on the small Petar Kralj stage.

Performances: 20 and 25 September.

Price: 2000 dinars, single category.

Language: Serbian. Running time two hours.","U Japanu za vreme Drugog svetskog rata postojala je dužnost pozorišnog cenzora: on je čitao komade i odlučivao koji će stići na scenu. Komad Kokija Mitanija oslanja se na tu istorijsku činjenicu, a gotovo cela predstava je razgovor dvojice ljudi, cenzora i pisca.

Pisac donosi komediju, cenzor traži izmene, pisac prepravlja i vraća se. Iz te mehanike izlazi i smeh i ono što stoji iza njega: kontrola mišljenja i sloboda govora koja nije smela biti upućena protiv cara.

Predstava se u Ateljeu 212 igra godinama, a u decembru 2024. imala je jubilarno pedeseto izvođenje; posle skoro pedeset godina japanski komad ponovo je na srpskoj sceni. Režija Milica Kralj, mala scena Petar Kralj.

Termini: 20. i 25. septembar.

Cena: 2000 dinara, jedna kategorija.

Jezik: srpski. Trajanje dva sata.",20:30,2000,Atelje 212,"Svetogorska 21, Beograd","44.814352,20.468168",https://repertoar.rs/predstave/akademija-smeha/,repertoar.rs,https://bilet.atelje212.rs/scena.php?prostorterminid=4933,Atelje 212,https://www.atelje212.rs/,,,,,,"театр, драма, Atelje 212, японская пьеса, Коки Митани","theatre, drama, Atelje 212, Japanese play, Koki Mitani","pozorište, drama, Atelje 212, japanski komad, Koki Mitani"
10/14/2026,10/14/2026,9/30/2026,1862,TheaterGroup,Atelje 212,https://www.atelje212.rs/,,TheaterEvent,«Akademija smeha»: японская пьеса о цензоре и драматурге в Atelje 212,Akademija smeha: a Japanese play about a censor and a playwright at Atelje 212,Akademija smeha: japanski komad o cenzoru i piscu u Ateljeu 212,https://raw.githubusercontent.com/newsgl/arsposters/main/1862-AkademijaSmehaJapanskiKomadOCenzoru.webp,,Theatre,"Пьеса Коки Митани о театральном цензоре времён войны и драматурге, который переписывает комедию снова и снова. На малой сцене Petar Kralj, два часа, билет 2000 динаров.","Koki Mitani play about a wartime theatre censor and a playwright who rewrites his comedy over and over. On the small Petar Kralj stage, two hours, ticket 2000 dinars.","Komad Kokija Mitanija o pozorišnom cenzoru iz ratnog vremena i piscu koji iznova prepravlja komediju. Na maloj sceni Petar Kralj, dva sata, ulaznica 2000 dinara.","В Японии времён Второй мировой существовала должность театрального цензора: он читал пьесы и решал, какие из них попадут на сцену. Пьеса Коки Митани построена на этой исторической детали, и почти весь спектакль это разговор двух людей, цензора и драматурга.

Драматург приносит комедию, цензор требует правок, драматург переписывает и приносит снова. Из этой механики вырастает и смех, и то, что за ним стоит: контроль над мнением и свободой слова, которая не смела быть направлена против императора.

Спектакль идёт в Ателье 212 почти пятьдесят лет спустя после последней японской пьесы на сербской сцене; в декабре 2024 года прошло его юбилейное пятидесятое представление. Режиссура Милицы Кралj, малая сцена Petar Kralj.

Сеансы: 20 и 25 сентября.

Цена: 2000 динаров, одна категория.

Язык: сербский. Продолжительность два часа.","In wartime Japan there was an official post of theatre censor: he read plays and decided which ones reached the stage. Koki Mitani's play is built on that historical detail, and almost the whole piece is a conversation between two men, the censor and the playwright.

The playwright brings in a comedy, the censor demands changes, the playwright rewrites it and brings it back. Out of that mechanism comes both the laughter and what sits behind it: control over opinion and over a freedom of speech that was never allowed to point at the emperor.

The production has been running at Atelje 212 for years and reached its fiftieth performance in December 2024; it is the first Japanese play on a Serbian stage in almost fifty years. Directed by Milica Kralj, on the small Petar Kralj stage.

Performances: 20 and 25 September.

Price: 2000 dinars, single category.

Language: Serbian. Running time two hours.","U Japanu za vreme Drugog svetskog rata postojala je dužnost pozorišnog cenzora: on je čitao komade i odlučivao koji će stići na scenu. Komad Kokija Mitanija oslanja se na tu istorijsku činjenicu, a gotovo cela predstava je razgovor dvojice ljudi, cenzora i pisca.

Pisac donosi komediju, cenzor traži izmene, pisac prepravlja i vraća se. Iz te mehanike izlazi i smeh i ono što stoji iza njega: kontrola mišljenja i sloboda govora koja nije smela biti upućena protiv cara.

Predstava se u Ateljeu 212 igra godinama, a u decembru 2024. imala je jubilarno pedeseto izvođenje; posle skoro pedeset godina japanski komad ponovo je na srpskoj sceni. Režija Milica Kralj, mala scena Petar Kralj.

Termini: 20. i 25. septembar.

Cena: 2000 dinara, jedna kategorija.

Jezik: srpski. Trajanje dva sata.",20:30,2000,Atelje 212,"Svetogorska 21, Beograd","44.814352,20.468168",https://repertoar.rs/predstave/akademija-smeha/,repertoar.rs,https://bilet.atelje212.rs/scena.php?prostorterminid=4933,Atelje 212,https://www.atelje212.rs/,,,,,,"театр, драма, Atelje 212, японская пьеса, Коки Митани","theatre, drama, Atelje 212, Japanese play, Koki Mitani","pozorište, drama, Atelje 212, japanski komad, Koki Mitani"
10/31/2026,10/31/2026,9/30/2026,1863,TheaterGroup,Atelje 212,https://www.atelje212.rs/,,TheaterEvent,«Akademija smeha»: японская пьеса о цензоре и драматурге в Atelje 212,Akademija smeha: a Japanese play about a censor and a playwright at Atelje 212,Akademija smeha: japanski komad o cenzoru i piscu u Ateljeu 212,https://raw.githubusercontent.com/newsgl/arsposters/main/1863-AkademijaSmehaJapanskiKomadOCenzoru.webp,,Theatre,"Пьеса Коки Митани о театральном цензоре времён войны и драматурге, который переписывает комедию снова и снова. На малой сцене Petar Kralj, два часа, билет 2000 динаров.","Koki Mitani play about a wartime theatre censor and a playwright who rewrites his comedy over and over. On the small Petar Kralj stage, two hours, ticket 2000 dinars.","Komad Kokija Mitanija o pozorišnom cenzoru iz ratnog vremena i piscu koji iznova prepravlja komediju. Na maloj sceni Petar Kralj, dva sata, ulaznica 2000 dinara.","В Японии времён Второй мировой существовала должность театрального цензора: он читал пьесы и решал, какие из них попадут на сцену. Пьеса Коки Митани построена на этой исторической детали, и почти весь спектакль это разговор двух людей, цензора и драматурга.

Драматург приносит комедию, цензор требует правок, драматург переписывает и приносит снова. Из этой механики вырастает и смех, и то, что за ним стоит: контроль над мнением и свободой слова, которая не смела быть направлена против императора.

Спектакль идёт в Ателье 212 почти пятьдесят лет спустя после последней японской пьесы на сербской сцене; в декабре 2024 года прошло его юбилейное пятидесятое представление. Режиссура Милицы Кралj, малая сцена Petar Kralj.

Сеансы: 20 и 25 сентября.

Цена: 2000 динаров, одна категория.

Язык: сербский. Продолжительность два часа.","In wartime Japan there was an official post of theatre censor: he read plays and decided which ones reached the stage. Koki Mitani's play is built on that historical detail, and almost the whole piece is a conversation between two men, the censor and the playwright.

The playwright brings in a comedy, the censor demands changes, the playwright rewrites it and brings it back. Out of that mechanism comes both the laughter and what sits behind it: control over opinion and over a freedom of speech that was never allowed to point at the emperor.

The production has been running at Atelje 212 for years and reached its fiftieth performance in December 2024; it is the first Japanese play on a Serbian stage in almost fifty years. Directed by Milica Kralj, on the small Petar Kralj stage.

Performances: 20 and 25 September.

Price: 2000 dinars, single category.

Language: Serbian. Running time two hours.","U Japanu za vreme Drugog svetskog rata postojala je dužnost pozorišnog cenzora: on je čitao komade i odlučivao koji će stići na scenu. Komad Kokija Mitanija oslanja se na tu istorijsku činjenicu, a gotovo cela predstava je razgovor dvojice ljudi, cenzora i pisca.

Pisac donosi komediju, cenzor traži izmene, pisac prepravlja i vraća se. Iz te mehanike izlazi i smeh i ono što stoji iza njega: kontrola mišljenja i sloboda govora koja nije smela biti upućena protiv cara.

Predstava se u Ateljeu 212 igra godinama, a u decembru 2024. imala je jubilarno pedeseto izvođenje; posle skoro pedeset godina japanski komad ponovo je na srpskoj sceni. Režija Milica Kralj, mala scena Petar Kralj.

Termini: 20. i 25. septembar.

Cena: 2000 dinara, jedna kategorija.

Jezik: srpski. Trajanje dva sata.",20:30,2000,Atelje 212,"Svetogorska 21, Beograd","44.814352,20.468168",https://repertoar.rs/predstave/akademija-smeha/,repertoar.rs,https://bilet.atelje212.rs/scena.php?prostorterminid=4933,Atelje 212,https://www.atelje212.rs/,,,,,,"театр, драма, Atelje 212, японская пьеса, Коки Митани","theatre, drama, Atelje 212, Japanese play, Koki Mitani","pozorište, drama, Atelje 212, japanski komad, Koki Mitani"
10/4/2026,10/4/2026,9/30/2026,1864,TheaterGroup,Jugoslovensko dramsko pozorište,https://www.jdp.rs/,,TheaterEvent,«Барышня»: Наташа Нинкович в роли андричевской скупой героини в ЮДП,Gospođica: Nataša Ninković in Ivo Andrić’s The Woman from Sarajevo at the Yugoslav Drama Theatre,„Gospođica“: Nataša Ninković kao Andrićeva Rajka u JDP-u,https://raw.githubusercontent.com/newsgl/arsposters/main/1864-GospodjicaNatasaNinkovicKaoAndricevaRajk.webp,,Theatre,"Спектакль Горчина Стояновича по роману Иво Андрича о Райке Радакович, для которой деньги стали важнее людей. Главная роль у Наташи Нинкович, это самый долгоиграющий спектакль ЮДП. 4 октября в 20:00, сцена «Люба Тадич», билеты 600 и 1500 динаров.","Gorčin Stojanović’s staging of Ivo Andrić’s novel about Rajka Radaković, for whom money came to matter more than people. Nataša Ninković in the lead, the longest-running show in the JDP repertoire. 4 October at 20:00, Ljuba Tadić stage, tickets 600 and 1500 dinars.","Predstava Gorčina Stojanovića po Andrićevom romanu o Rajki Radaković, kojoj je novac postao važniji od ljudi. Naslovnu ulogu igra Nataša Ninković, a ovo je najdugovečnija predstava JDP-a. 4. oktobra u 20 časova, scena „Ljuba Tadić“, karte 600 i 1500 dinara.","Райка Радакович обещала умирающему отцу беречь каждую монету и сдержала слово слишком хорошо. Деньги становятся её единственной страстью, она отталкивает всех вокруг и живёт в ожидании любви, которая не приходит или приходит не в том виде. Роман **Иво Андрича** «Барышня» считается одним из самых трудных для сцены.

Инсценировку написал Марко Фотез ещё в 1962 году, когда Андрич возглавлял худсовет ЮДП. Режиссёр и сценограф спектакля **Горчин Стоянович**, премьера прошла 26 апреля 2013 года на сцене «Люба Тадич», и сейчас это самый долгоиграющий спектакль в репертуаре театра.

Заглавную роль играет **Наташа Нинкович**, за неё она получила годовую премию ЮДП. Вместе с ней Воя Брайович (отец Обрен), Срджан Тимаров, Ясмина Аврамович, Мария Вицкович, Милан Марич или Лазар Джукич, Марко Бачович или Александар Джурица.

Длительность 1 час 55 минут.

Цена: 600 и 1500 динаров.","Rajka Radaković promised her dying father to guard every coin, and kept that promise all too well. Money becomes her only passion; she pushes everyone away and waits for a love that never comes, or comes in the wrong shape. **Ivo Andrić**’s novel Gospođica (The Woman from Sarajevo) is considered one of his hardest to stage.

The adaptation was written by Marko Fotez back in 1962, when Andrić chaired the JDP artistic council. **Gorčin Stojanović** directed and designed the production, which premiered on 26 April 2013 on the Ljuba Tadić stage and is now the longest-running show in the theatre’s repertoire.

**Nataša Ninković** plays the title role, which won her the JDP annual award. With Voja Brajović (her father Obren), Srđan Timarov, Jasmina Avramović, Marija Vicković, Milan Marić or Lazar Đukić, Marko Baćović or Aleksandar Đurica.

Running time: 1 hour 55 minutes.

Price: 600 and 1500 dinars.","Rajka Radaković obećala je ocu na samrti da će čuvati svaki novčić i to obećanje ispunila je predobro. Novac postaje njena jedina strast, odbacuje sve oko sebe i čeka ljubav koja ne dolazi ili dolazi u pogrešnom obliku. Andrićeva **„Gospođica“** važi za jedan od najtežih romana za scenu.

Dramatizaciju je Marko Fotez napisao još 1962, dok je Andrić bio predsednik Umetničkog saveta JDP-a. Režiju i scenografiju potpisuje **Gorčin Stojanović**, premijera je bila 26. aprila 2013. na sceni „Ljuba Tadić“, a danas je to najdugovečnija predstava na repertoaru pozorišta.

Naslovnu ulogu igra **Nataša Ninković**, nagrađena za nju godišnjom nagradom JDP-a. Uz nju igraju Voja Brajović (otac Obren), Srđan Timarov, Jasmina Avramović, Marija Vicković, Milan Marić/Lazar Đukić i Marko Baćović/Aleksandar Đurica.

Trajanje: sat i 55 minuta.

Cena: 600 i 1500 dinara.",20:00,600,Jugoslovensko dramsko pozorište,"Kralja Milana 50, 11000 Beograd","44.805332,20.464847",https://repertoar.rs/predstave/gospodjica/,repertoar.rs,https://www.jdp.rs/,Jugoslovensko dramsko pozorište,https://www.jdp.rs/,,,,,,"театр, драма, ЮДП, Иво Андрич, Наташа Нинкович","theatre, drama, Yugoslav Drama Theatre, Ivo Andrić, Nataša Ninković","pozorište, drama, JDP, Ivo Andrić, Nataša Ninković"
10/4/2026,10/4/2026,9/30/2026,1865,TheaterGroup,Pozorište lutaka Pinokio,https://pinokio.rs/,,ChildrensEvent,Кукольный спектакль «Чудна шума» в театре «Пинокио»,Čudna šuma: a puppet show at the Pinokio theatre,Lutkarska predstava Čudna šuma u pozorištu Pinokio,https://raw.githubusercontent.com/newsgl/arsposters/main/1865-LutkarskaPredstavaCudnaSumaUPozoristu.webp,,Kids,"Два мальчика мусорят в лесу, и лесные гномы не выпускают их домой, пока те не выполнят задания. Кукольно-жонглёрский спектакль об отношении к природе. 4 октября в 12:00, от трёх лет, билет 600 динаров.","Two boys litter in the forest and the forest dwarfs will not let them go home until they complete a set of tasks. A puppetry and juggling show about caring for nature. 4 October at 12:00, from age three, tickets 600 dinars.","Dva dečaka bace smeće u šumu, a šumski patuljci ih ne puštaju kući dok ne reše zadatke. Lutkarsko-žonglerska predstava o odnosu prema prirodi. 4. oktobra u 12.00, od tri godine, karta 600 dinara.","Миша и Боле заигрались и заблудились в лесу. Проголодавшись, они съедают снеки и бросают обёртки прямо на траву. Лесным гномам Шумко, Коренко и Ясенко это совсем не нравится, и они не выпускают мальчиков из леса, пока те не справятся с их заданиями. Вернутся ли герои домой прежними, выясняется к финалу.

«Чудна шума», то есть «Странный лес», это кукольно-жонглёрский спектакль с сильной визуальной частью. Автор и режиссёр **Ивана Кораксич** соединяет в своих работах цирк, кукол, движение и драму.

Куклы и сценография Зораны Милошакович-Тасич, музыка Игора Андрича. Играют Воислав Шантич, Ренато Ивич, Ивана Тодорович, Йован Попович и Драгана Васич.

Цена: 600 динаров.

Язык: сербский.

Возраст: от трёх лет. Продолжительность сорок пять минут.

Организатор: Позориште лутака «Пинокио».","Misha and Bole get so absorbed in play that they lose their way in the forest. Hungry, they eat their snacks and toss the wrappers on the ground. The forest dwarfs Sumko, Korenko and Jasenko are not pleased and refuse to let the boys out until they solve their tasks. Whether the boys go home thinking a little differently about nature is revealed by the end.

The title means ""A strange forest"". It is a puppetry and juggling show with a strong visual side, written and directed by **Ivana Koraksic**, who mixes circus, puppets, movement and drama in her work.

Puppets and set by Zorana Milosakovic Tasic, music by Igor Andric. Performed by Vojislav Santic, Renato Ivic, Ivana Todorovic, Jovan Popovic and Dragana Vasic.

Price: 600 dinars.

Language: Serbian.

Age: three and up. Running time forty five minutes.

Organiser: Pinokio puppet theatre.","Miša i Bole su dva nestašna dečaka koji se zaneseni igrom izgube u šumi. Ogladne, pojedu grickalice i bace papiriće po šumi. Šumski patuljci Šumko, Korenko i Jasenko ne vole da im se baca đubre, pa dečake ne puštaju kući dok ne reše njihove zadatke. Da li će se vratiti isti ili će malo drugačije misliti o prirodi, videćemo na kraju.

Čudna šuma je lutkarsko-žonglerska predstava sa jakim pečatom vizuelnog pozorišta. Autorka i rediteljka **Ivana Koraksić** u svom radu spaja cirkus, lutkarstvo, pokret i dramsko pozorište.

Scenografija i lutke Zorana Milošaković-Tasić, muzika Igor Andrić. Igraju Vojislav Šantić, Renato Ivić, Ivana Todorović, Jovan Popović i Dragana Vasić.

Cena: 600 dinara.

Jezik: srpski.

Uzrast: od tri godine. Trajanje četrdeset pet minuta.

Organizator: Pozorište lutaka Pinokio.",12:00,600,Pozorište lutaka Pinokio,"Bulevar maršala Tolbuhina 1, Novi Beograd","44.830127,20.411863",https://pinokio.rs/%D1%87%D1%83%D0%B4%D0%BD%D0%B0-%D1%88%D1%83%D0%BC%D0%B0/,pinokio.rs,https://tickets.rs/event/cudna_suma_28589,Pozorište lutaka Pinokio,https://pinokio.rs/,,,3+,,,"кукольный театр, дети, экология, Пинокио, Нови-Београд","puppet theatre, kids, nature, Pinokio, Novi Beograd","lutkarsko pozorište, deca, priroda, Pinokio, Novi Beograd"
10/4/2026,10/4/2026,9/30/2026,1866,TheaterGroup,Pozorište lutaka Pinokio,https://pinokio.rs/,,ChildrensEvent,Кукольный спектакль «Аладинова чаробна лампа» в театре «Пинокио»,Aladinova čarobna lampa: a puppet show at the Pinokio theatre,Lutkarska predstava Aladinova čarobna lampa u pozorištu Pinokio,https://raw.githubusercontent.com/newsgl/arsposters/main/1866-LutkarskaPredstavaAladinovaCarobnaLampaU.webp,,Kids,"История Аладдина с куклами в стиле японской манги, спецэффектами и злым волшебником Изногудом из другой сказки. 4 октября в 17:00, для детей от двух до девяти лет, билет 600 динаров.","Aladdin's story with manga-style puppets, special effects and the villain Iznogoud borrowed from another tale. 4 October at 17:00, for children aged two to nine, tickets 600 dinars.","Priča o Aladinu sa lutkama u stilu japanske mange, specijalnim efektima i zlim čarobnjakom Iznogudom iz druge bajke. 4. oktobra u 17.00, za decu od dve do devet godina, karta 600 dinara.","Сказку о багдадском проказнике Аладдине знают все, но здесь у неё необычная версия. Любви Аладдина и дочери халифа Жасмин мешает злой волшебник Изногуд, позаимствованный специально для этого случая из совсем другой истории.

Куклы сделаны в стиле японских аниме, и мир «Тысячи и одной ночи» получается неожиданным. В спектакле много спецэффектов и поворотов сюжета. Помогают героям красная Душица и зелёный Душан, духи из волшебной лампы, а ещё волшебный шарф и ковёр-самолёт. Мысль простая: любовь и упорство побеждают даже самое сильное зло.

Автор пьесы Александар Новакович, режиссёр Никола Завишич, куклы и сценография Иваны Васич. Играют Йован Попович, Джордже Креча, Зорана Милошакович-Тасич и Горан Попович.

Цена: 600 динаров.

Язык: сербский.

Возраст: от двух до девяти лет. Продолжительность сорок пять минут.

Организатор: Позориште лутака «Пинокио».","Everyone knows the tale of Aladdin, the rascal from Baghdad, but this is an unusual version. His romance with the caliph's daughter Jasmine is threatened by the evil sorcerer Iznogoud, borrowed for the occasion from a completely different story.

The puppets are designed in the style of Japanese manga cartoons, which gives the world of the Thousand and One Nights an unexpected look. The show relies on special effects and plot twists. The heroes get help from red Dusica and green Dusan, the genies of the lamp, plus a magic scarf and a flying carpet. The message is simple: love and persistence can beat even the strongest evil.

Written by Aleksandar Novakovic, directed by Nikola Zavisic, puppets and set by Ivana Vasic. Performed by Jovan Popovic, Dorde Kreca, Zorana Milosakovic Tasic and Goran Popovic.

Price: 600 dinars.

Language: Serbian.

Age: two to nine. Running time forty five minutes.

Organiser: Pinokio puppet theatre.","Priču o mangupu iz Bagdada svi znaju, ali ovo je neuobičajena verzija. Ljubav Aladina i kalifove ćerke Jasmine pokušava da omete zli čarobnjak Iznogud, pozajmljen za ovu priliku iz jedne sasvim druge bajke.

Lutke su urađene u stilu japanskih manga crtaća i vode nas u neočekivan svet hiljadu i jedne noći. Predstava je puna specijalnih efekata i zanimljivih preokreta. Junacima pomažu crvena Dušica i zeleni Dušan, duhovi iz čarobne lampe, kao i magični šal i čarobni ćilimče. Poruka je jasna: ljubav i upornost pobeđuju i najjače zle sile.

Tekst Aleksandar Novaković, režija Nikola Zavišić, scenografija i dizajn lutaka Ivana Vasić. Igraju Jovan Popović, Đorđe Kreća, Zorana Milošaković Tasić i Goran Popović.

Cena: 600 dinara.

Jezik: srpski.

Uzrast: od dve do devet godina. Trajanje četrdeset pet minuta.

Organizator: Pozorište lutaka Pinokio.",17:00,600,Pozorište lutaka Pinokio,"Bulevar maršala Tolbuhina 1, Novi Beograd","44.830127,20.411863",https://pinokio.rs/%D0%B0%D0%BB%D0%B0%D0%B4%D0%B8%D0%BD%D0%BE%D0%B2%D0%B0-%D1%87%D0%B0%D1%80%D0%BE%D0%B1%D0%BD%D0%B0-%D0%BB%D0%B0%D0%BC%D0%BF%D0%B0/,pinokio.rs,https://tickets.rs/event/aladinova_carobna_lampa_28590,Pozorište lutaka Pinokio,https://pinokio.rs/,,,2+,,,"кукольный театр, дети, Аладдин, Пинокио, Нови-Београд","puppet theatre, kids, Aladdin, Pinokio, Novi Beograd","lutkarsko pozorište, deca, Aladin, Pinokio, Novi Beograd"
10/5/2026,10/5/2026,9/30/2026,1867,Person,Marija Vučković,https://domomladine.org/,,EducationEvent,«Танец на ветру»: музыкально-поэтический вечер Марии Вучкович в Доме молодёжи,Ples na vetru: a music and poetry evening by Marija Vučković at Dom omladine,„Ples na vetru“: muzičko-poetsko veče Marije Vučković u Domu omladine Beograda,https://raw.githubusercontent.com/newsgl/arsposters/main/1867-PlesNaVetruMuzickoPoetskoVece.webp,,Lectures,"5 октября в 19:00 поэтесса Мария Вучкович представляет сборник «Танец на ветру»: стихи читает актриса Тамара Томанович, за роялем Йована Пешич. DOB Klub. На сербском языке.","October 5, 19:00: poet Marija Vučković presents her collection Ples na vetru, with actress Tamara Tomanović reading and Jovana Pešić at the piano. DOB Klub. In Serbian.","Ponedeljak, 5. oktobar, u 19 časova: pesnikinja Marija Vučković predstavlja zbirku „Ples na vetru“, stihove govori glumica Tamara Tomanović, uz klavirsku pratnju Jovane Pešić. DOB Klub.","Вечер вырос из поэтического сборника **Марии Вучкович** «Танец на ветру» и носит его название. Автор сама ведёт программу и читает, стихи также исполняет **Тамара Томанович**, актриса Народного театра в Приштине, аккомпанирует на фортепиано Йована Пешич.

Программа собрана из восьми частей, связанных короткими интермедиями и обращениями поэтессы к залу. Путь начинается с внутренних метаний современного человека и поиска покоя, проходит через тему утраченной любви и попытку найти новый язык для того, что трудно описать. Дальше звучат стихи о сестринской любви и «Ода жизни», а завершается вечер стихотворением, посвящённым ребёнку.

Язык: сербский.","The evening grew out of **Marija Vučković**’s poetry collection Ples na vetru (Dance on the Wind) and shares its title. The author hosts and reads, joined by **Tamara Tomanović**, an actress of the National Theatre in Priština, with Jovana Pešić on piano.

The programme is built in eight parts linked by short interludes and the poet’s own words to the audience. It moves from the inner turmoil of a modern person and the search for peace, through lost love and the attempt to find a new language for what resists description, to poems about sisterly love and an “Ode to Life”. The evening closes with a poem dedicated to a child.

Language: Serbian.","Veče je nastalo iz zbirke poezije **Marije Vučković** „Ples na vetru“ i nosi njen naziv. Autorka vodi program i recituje, stihove govori i **Tamara Tomanović**, glumica Narodnog pozorišta u Prištini, a klavirsku pratnju daje Jovana Pešić.

Program čini osam celina povezanih međustihovima i obraćanjem pesnikinje publici. Kreće od unutrašnjeg previranja savremenog čoveka i potrage za mirom, preko izgubljene ljubavi i pokušaja da se izmisli novi govor za neopisivo, do stihova o sestrinskoj ljubavi i pesme „Oda životu“. Veče se završava pesmom posvećenom detetu.

Jezik: srpski.",19:00,,Dom omladine Beograda,"Makedonska 22, Beograd","44.815407,20.462793",https://domomladine.org/debate/muzicko-poetsko-vece-ples-na-vetru/,domomladine.org,https://efinity.rs/,Dom omladine Beograda,https://domomladine.org/,,,,,,"поэзия, поэтический вечер, фортепиано, Дом молодёжи","poetry, poetry reading, piano, Dom omladine","poezija, poetsko veče, klavir, Dom omladine"
10/5/2026,10/5/2026,9/30/2026,1868,Person,Veljko Mijušković,https://sr.wikipedia.org/sr-ec/Veljko_Miju%C5%A1kovi%C4%87,,EducationEvent,Презентация романа Велько Миюшковича «Демонические деликатесы» в Библиотеке города Белграда,Book launch: Veljko Mijušković’s novel Demonske delicije at the Belgrade City Library,Predstavljanje romana „Demonske delicije“ Veljka Mijuškovića u Biblioteci grada Beograda,https://raw.githubusercontent.com/newsgl/arsposters/main/1868-PredstavljanjeRomanaDemonskeDelicijeVelj.webp,,Lectures,"5 октября в 19:00 экономист и писатель Велько Миюшкович представляет новый роман, с ним Милена Мичич Главонич. Отдел искусства БГБ, вход свободный. На сербском языке.","October 5, 19:00: economist and novelist Veljko Mijušković presents his new novel with Milena Mićić Glavonjić. Art Department of the City Library, free entry. In Serbian.","Ponedeljak, 5. oktobar, u 19 časova: Veljko Mijušković predstavlja novi roman, uz Milenu Mićić Glavonjić. Odeljenje umetnosti BGB, ulaz slobodan.","**Велько Миюшкович** в основном известен как экономист: он профессор Экономического факультета Белградского университета и бизнес-консультант. Параллельно он пишет прозу и публицистику и слывёт знатоком гастрономии.

«Демонические деликатесы» (Demonske delicije) вышли в 2026 году в белградском издательстве «Чигоя штампа», это его третий роман после «Пре него ђаво дође по своје» (2022) и триллера «Семе ти се затрло» (2024).

О книге вместе с автором говорит Милена Мичич Главонич, которая уже представляла с ним предыдущий роман.

Вход свободный.

Язык: сербский.","**Veljko Mijušković** is best known as an economist: a professor at the University of Belgrade Faculty of Economics and a business consultant. He also writes fiction and essays and is known as a food expert.

Demonske delicije (Demonic Delicacies) was published in 2026 by Čigoja štampa in Belgrade. It is his third novel, after Pre nego đavo dođe po svoje (2022) and the thriller Seme ti se zatrlo (2024).

The author is joined by Milena Mićić Glavonjić, who also presented his previous novel with him.

Free entry.

Language: Serbian.","**Veljko Mijušković** je pre svega poznat kao ekonomista: profesor Ekonomskog fakulteta Univerziteta u Beogradu i poslovni konsultant. Uporedo piše prozu i publicistiku i važi za gastro znalca.

Roman „Demonske delicije“ objavila je 2026. beogradska „Čigoja štampa“. To mu je treći roman, posle knjiga „Pre nego đavo dođe po svoje“ (2022) i trilera „Seme ti se zatrlo“ (2024).

O knjizi sa autorom govori Milena Mićić Glavonjić, koja je sa njim predstavljala i prethodni roman.

Ulaz slobodan.",19:00,0,Biblioteka grada Beograda,"Knez Mihailova 56, Beograd","44.820020,20.453450",https://bgb.rs/dogadjaji/#event_7443,bgb.rs,,Biblioteka grada Beograda,https://bgb.rs/dogadjaji/,,,,,,"презентация книги, роман, сербская литература, БГБ","book launch, novel, Serbian literature, City Library","promocija knjige, roman, domaća književnost, BGB"
10/5/2026,10/5/2026,9/30/2026,1870,TheaterGroup,Zvezdara teatar,https://zvezdarateatar.rs/,,TheaterEvent,«Тре сореле»: драма Стевана Копривицы о трёх сёстрах в Звездара театре,Tre sorele: Stevan Koprivica’s drama about three sisters at Zvezdara Theatre,„Tre sorele“: drama Stevana Koprivice o tri sestre u Zvezdara teatru,https://raw.githubusercontent.com/newsgl/arsposters/main/1870-TreSoreleDramaStevanaKopriviceO.webp,,Theatre,"Три сестры в маленьком забытом городке живут по правилам строгого брата, пока не появляется загадочный мужчина. Пьеса Стевана Копривицы в постановке Милана Караджича, играют Наташа Нинкович, Ана Франич и Слобода Мичалович. 5 октября в 19:30, сцена «Бата Стойкович», билеты 1500-2200 динаров.","Three sisters in a small forgotten town live by their strict brother’s rules until a mysterious man appears. Stevan Koprivica’s play directed by Milan Karadžić, with Nataša Ninković, Ana Franić and Sloboda Mićalović. 5 October at 19:30, Bata Stojković stage, tickets 1500-2200 dinars.","Tri sestre u malom zaboravljenom mestu žive po strogim pravilima brata, dok se ne pojavi misteriozni muškarac. Komad Stevana Koprivice u režiji Milana Karadžića, igraju Nataša Ninković, Ana Franić i Sloboda Mićalović. 5. oktobra u 19.30, scena „Bata Stojković“, karte od 1500 do 2200 dinara.","В маленьком городке на краю света три сестры, Нера, Бьянка и Роза, живут под строгим надзором брата. Желания и мечты давно задавлены, но в городе появляется загадочный мужчина, и сёстры впервые решаются побороться за свою мечту.

Пьеса **Стевана Копривицы** шла в Звездара театре с 2004 по 2011 год: 125 показов и 24 тысячи зрителей. В 2020 году режиссёр **Милан Караджич** вернул её на сцену и, по его словам, сознательно оставил героинь прежними, но добавил им груз прожитых лет. Теперь это история о праве найти свой кусок счастья, когда бы это ни случилось.

Играют Наташа Нинкович (Нера), Ана Франич (Бьянка), Слобода Мичалович (Роза), Александар Радоичич или Йован Йованович (Дамьян), Александар Джурица (Йойо) и Милутин Мима Караджич (Марко). Музыка Зорана Эрича, драматург Ивана Димич.

Длительность 100 минут.

Цена: 1500, 1800 и 2200 динаров.","In a small town at the end of the world, three sisters, Nera, Bianca and Rosa, live under their brother’s strict control. Their wishes and dreams have long been stifled, until a mysterious man arrives and the sisters dare, for the first time, to fight for what they want.

**Stevan Koprivica**’s play ran at Zvezdara Theatre from 2004 to 2011, with 125 performances and 24,000 viewers. In 2020 director **Milan Karadžić** brought it back, deliberately keeping the heroines as they were but adding the weight of the years. It is now a story about the right to grab a piece of happiness whenever it comes.

Cast: Nataša Ninković (Nera), Ana Franić (Bianca), Sloboda Mićalović (Rosa), Aleksandar Radojičić or Jovan Jovanović (Damjan), Aleksandar Đurica (Jojo) and Milutin Mima Karadžić (Marko). Music by Zoran Erić, dramaturgy by Ivana Dimić.

Running time: 100 minutes.

Price: 1500, 1800 and 2200 dinars.","U malom mestu na kraju sveta tri sestre, Nera, Bjanka i Roza, žive pod strogom rukom brata. Želje i snovi su im odavno ugušeni, sve dok se u gradu ne pojavi misteriozni muškarac, a sestre prvi put ne odluče da se izbore za svoj san.

Komad **Stevana Koprivice** igrao se u Zvezdara teatru od 2004. do 2011: 125 izvođenja i 24.000 gledalaca. Reditelj **Milan Karadžić** vratio ga je na scenu 2020. i, kako kaže, junakinje namerno ostavio istim, ali im dodao breme godina. Sada je to priča o pravu da se pronađe komad sreće, bez obzira kada.

Igraju Nataša Ninković (Nera), Ana Franić (Bjanka), Sloboda Mićalović (Roza), Aleksandar Radojičić/Jovan Jovanović (Damjan), Aleksandar Đurica (Jojo) i Milutin Mima Karadžić (Marko). Muzika Zoran Erić, dramaturg Ivana Dimić.

Trajanje: 100 minuta.

Cena: 1500, 1800 i 2200 dinara.",19:30,1500,Zvezdara teatar,"Milana Rakića 38, 11050 Beograd","44.797660,20.497652",https://repertoar.rs/predstave/tre-sorele/,repertoar.rs,https://bilet.zvezdarateatar.rs/scena.php?prostorterminid=2621,Zvezdara teatar,https://zvezdarateatar.rs/,,,,,,"театр, драма, Звездара театр, Стеван Копривица, Наташа Нинкович","theatre, drama, Zvezdara Theatre, Stevan Koprivica, Nataša Ninković","pozorište, drama, Zvezdara teatar, Stevan Koprivica, Nataša Ninković"
10/5/2026,10/5/2026,9/30/2026,1871,TheaterGroup,Narodno pozorište u Beogradu,https://www.narodnopozoriste.rs/,,TheaterEvent,«Мнимый больной»: Мольер за кулисами своего последнего спектакля в Народном театре,Uobraženi bolesnik: Molière behind the scenes of his last performance at the National Theatre,Uobraženi bolesnik: Molijer iza kulisa svoje poslednje predstave u Narodnom pozorištu,https://raw.githubusercontent.com/newsgl/arsposters/main/1871-UobrazeniBolesnikMolijerIzaKulisaSvoje.webp,,Theatre,"Комедия-балет Мольера в постановке Николы Завишича: действие перенесено за кулисы спектакля 17 февраля 1673 года, после которого Мольер умер. Аргана играет Иван Босильчич. 5 октября, 20:30, сцена «Раша Плаович», билеты от 300 до 2200 динаров.","Nikola Zavišić stages Molière’s comedy-ballet behind the scenes of the 17 February 1673 performance, after which Molière died. Ivan Bosiljčić plays Argan. 5 October, 20:30, Raša Plaović stage, tickets 300 to 2200 dinars.","Molijerova komedija-balet u režiji Nikole Zavišića, smeštena iza kulisa izvođenja od 17. februara 1673, posle kog je Molijer umro. Argana igra Ivan Bosiljčić. 5. oktobar, 20.30, scena „Raša Plaović“, ulaznice od 300 do 2200 dinara.","17 февраля 1673 года Мольер в четвёртый раз сыграл Аргана в «Мнимом больном». Ему стало плохо прямо на сцене, и в ту же ночь он умер. Режиссёр **Никола Завишич** переносит зрителя именно в этот вечер.

В спектакле сохранено то, что обычно вырезают: вступительная эклога, пастораль в честь Людовика XIV и интермедии с музыкой и танцем. Мольер сам придумал жанр комедии-балета, где диалог, музыка и пляс работают вместе. В паузах между актами зритель заглядывает за кулисы: труппа готовится к следующему действию, а её глава понимает, что для него эта комедия уже вопрос жизни и смерти. Поэтому смешной спектакль местами становится почти трагическим.

Аргана играет **Иван Босильчич**. Также заняты Соня Колачарич, Анастасия Мандич, Данило Лончаревич, Зоран Чосич, Сава Милутинович, Ива Миланович, Вучич Перович, Никола Вуйович. Перевод Богдана Поповича, музыка Йована Стаматовича-Карича. Премьера состоялась в декабре 2024 года.

Спектакль идёт 1 час 45 минут.

Билеты от 300 (стоячие) до 2200 динаров.","On 17 February 1673 Molière played Argan in The Imaginary Invalid for the fourth time. He collapsed on stage and died that same night. Director **Nikola Zavišić** takes the audience to exactly that evening.

The production keeps what is usually cut: the opening eclogue, the pastoral in honour of Louis XIV and the interludes with music and dance. Molière invented the comedy-ballet, a form where dialogue, music and dance work as one. Between the acts we look backstage, where the company prepares for the next scene and its leader realises the comedy has become a matter of life and death for him. That is why a very funny show turns fragile, almost tragic, at moments.

**Ivan Bosiljčić** plays Argan, with Sonja Kolačarić, Anastasia Mandić, Danilo Lončarević, Zoran Ćosić, Sava Milutinović, Iva Milanović, Vučić Perović and Nikola Vujović. Translation by Bogdan Popović, music by Jovan Stamatović-Karić. The production premiered in December 2024.

Running time: 1 hour 45 minutes.

Tickets from 300 (standing) to 2200 dinars.","Molijer je 17. februara 1673. četvrti put igrao Argana u Uobraženom bolesniku. Na sceni mu je pozlilo i te iste noći je umro. Reditelj **Nikola Zavišić** vodi publiku upravo u to veče.

U predstavi je ostalo ono što se obično izbacuje: uvodna ekloga, pastirska igra u čast Luja XIV i intermeca sa muzikom i plesom. Molijer je smislio komediju-balet, žanr u kom dijalog, muzika i ples idu zajedno. U predasima između činova gledamo iza zavese: trupa se sprema za naredni čin, a njen vođa shvata da mu je ova komedija postala pitanje života i smrti. Zato je zaigrana komedija mestimično krhka, gotovo tragična.

Argana igra **Ivan Bosiljčić**, a tu su i Sonja Kolačarić, Anastasia Mandić, Danilo Lončarević, Zoran Ćosić, Sava Milutinović, Iva Milanović, Vučić Perović i Nikola Vujović. Prevod Bogdana Popovića, muzika Jovana Stamatovića-Karića. Premijera je bila u decembru 2024.

Predstava traje 1 sat i 45 minuta.

Ulaznice od 300 (stajanje) do 2200 dinara.",20:30,300,Narodno pozorište u Beogradu,"Francuska 3, 11000 Beograd","44.817006,20.461005",https://repertoar.rs/predstave/predstava-uobrazeni-bolesnik/,repertoar.rs,https://www.narodnopozoriste.rs/lat/ulaznice/odabir-ulaznica?p=6416,Narodno pozorište u Beogradu,https://www.narodnopozoriste.rs/,,,,,,"театр, комедия, Мольер, Народный театр, Иван Босильчич","theatre, comedy, Molière, National Theatre, Ivan Bosiljčić","pozorište, komedija, Molijer, Narodno pozorište, Ivan Bosiljčić"
10/6/2026,10/6/2026,9/30/2026,1872,Person,Vladimir Đurđević,http://www.kolarac.rs/,,EducationEvent,«Климат и экстремумы»: лекция метеоролога Владимира Джурджевича в Коларце,Climate and Extremes: a lecture by meteorologist Vladimir Đurđević at Kolarac,„Klima i ekstremi“: predavanje meteorologa Vladimira Đurđevića na Kolarcu,https://raw.githubusercontent.com/newsgl/arsposters/main/1872-KlimaIEkstremiPredavanjeMeteorologaVladi.webp,,Lectures,"6 октября в 18:00 профессор Физического факультета Белградского университета Владимир Джурджевич о том, как глобальное потепление связано с жарой, засухами и наводнениями в Сербии. Малый зал Коларца. На сербском языке.","October 6, 18:00: Vladimir Đurđević, professor at the University of Belgrade Faculty of Physics, on how global warming links to heatwaves, droughts and floods in Serbia. Kolarac Small Hall. In Serbian.","Utorak, 6. oktobar, u 18 časova: prof. Vladimir Đurđević sa Fizičkog fakulteta u Beogradu o tome kako je globalno zagrevanje povezano sa toplotnim talasima, sušama i poplavama u Srbiji. Mala sala Kolarca.","Откуда учёные знают, что климат меняется, и почему это касается не только экологов? Об этом рассказывает **Владимир Джурджевич**, профессор Института метеорологии Физического факультета Белградского университета.

Тепловые волны, засухи, наводнения, пожары и сильные грозы в Сербии случаются всё чаще. От них зависят здоровье людей, урожай, запасы воды, инфраструктура и экосистемы, поэтому климат становится вопросом безопасности и устойчивости общества.

В лекции:
- как наука фиксирует изменение климата;
- какие физические механизмы стоят за глобальным потеплением;
- как эти процессы связаны с экстремальной погодой в Сербии.

Язык: сербский.

Организатор: Задужбина Илии М. Коларца.","How do scientists know the climate is changing, and why is this no longer just an environmental issue? The speaker is **Vladimir Đurđević**, full professor at the Institute of Meteorology, Faculty of Physics, University of Belgrade.

Heatwaves, droughts, floods, wildfires and severe storms are becoming more frequent in Serbia. They affect public health, farming, water resources, infrastructure and ecosystems, which turns climate into a question of safety and social resilience.

The lecture covers:
- how science detects climate change;
- the physical mechanisms driving global warming;
- how these processes connect to weather extremes in Serbia.

Language: Serbian.

Organiser: Kolarac Endowment.","Kako nauka zna da se klima menja i zašto to više nije samo pitanje zaštite životne sredine? O tome govori **Vladimir Đurđević**, redovni profesor Instituta za meteorologiju Fizičkog fakulteta Univerziteta u Beogradu.

Toplotni talasi, suše, poplave, požari i nevremena u Srbiji su sve češći. Od njih zavise javno zdravlje, poljoprivreda, vodni resursi, infrastruktura i ekosistemi, pa klima postaje pitanje sigurnosti i otpornosti društva.

Na predavanju:
- kako nauka beleži promenu klime;
- koji fizički mehanizmi pokreću globalno zagrevanje;
- kako su ti procesi povezani sa ekstremima kod nas.

Organizator: Zadužbina Ilije M. Kolarca.",18:00,,Zadužbina Ilije M. Kolarca,"Studentski trg 5, Beograd","44.819094,20.456261",http://www.kolarac.rs/predavanja/klima-i-ekstremi-6-10-2026-u-18-mala-sala/,kolarac.rs,,Zadužbina Ilije M. Kolarca,http://www.kolarac.rs/,,,,,,"лекция, климат, метеорология, наука, Коларац","lecture, climate, meteorology, science, Kolarac","predavanje, klima, meteorologija, nauka, Kolarac"
10/6/2026,10/6/2026,9/30/2026,1873,PerformingGroup,"Arina Verevkina, Maksim Miloslavski, Mihail Filimoncev",https://bgb.rs/dogadjaji/,,MusicEvent,«Молодые таланты России»: камерный концерт в Библиотеке города Белграда,Young Talents of Russia: classical chamber concert at the Belgrade City Library,„Mladi talenti Rusije“: koncert klasične muzike u Biblioteci grada Beograda,https://raw.githubusercontent.com/newsgl/arsposters/main/1873-MladiTalentiRusijeKoncertKlasicneMuzike.webp,,Concerts,"6 октября в 19:00 сопрано Арина Веревкина, пианист Максим Милославский и кларнетист Михаил Филимонцев. Отдел искусства БГБ, вход свободный.","October 6, 19:00: soprano Arina Verevkina, pianist Maksim Miloslavsky and clarinettist Mikhail Filimontsev. Art Department of the City Library, free entry.","Utorak, 6. oktobar, u 19 časova: sopran Arina Verevkina, pijanista Maksim Miloslavski i klarinetista Mihail Filimoncev. Odeljenje umetnosti BGB, ulaz slobodan.","Библиотека города Белграда вместе с посольством России приглашает на вечер классической музыки в исполнении молодых российских музыкантов.

Выступают трое: **Арина Веревкина** (сопрано), **Максим Милославский** (фортепиано) и **Михаил Филимонцев** (кларнет). Такой состав позволяет сочетать вокальные номера с камерной инструментальной музыкой, но программа концерта заранее не опубликована.

Концерт проходит в Отделе искусства библиотеки на Кнез Михайловой.

Вход свободный.

Организатор: Библиотека города Белграда совместно с посольством России в Белграде.","The Belgrade City Library and the Russian Embassy host an evening of classical music performed by young Russian musicians.

Three performers take part: **Arina Verevkina** (soprano), **Maksim Miloslavsky** (piano) and **Mikhail Filimontsev** (clarinet). The line-up allows for both vocal pieces and chamber instrumental music, though the programme has not been published in advance.

The concert takes place in the library’s Art Department on Knez Mihailova.

Free entry.

Organiser: Belgrade City Library in cooperation with the Embassy of Russia in Belgrade.","Biblioteka grada Beograda u saradnji sa Ambasadom Rusije poziva na veče klasične muzike u izvođenju mladih ruskih muzičara.

Nastupaju **Arina Verevkina** (sopran), **Maksim Miloslavski** (klavir) i **Mihail Filimoncev** (klarinet). Takav sastav omogućava i vokalne numere i kamernu instrumentalnu muziku, ali program koncerta nije unapred objavljen.

Koncert je u Odeljenju umetnosti Biblioteke u Knez Mihailovoj.

Ulaz slobodan.

Organizator: Biblioteka grada Beograda u saradnji sa Ambasadom Rusije u Beogradu.",19:00,0,Biblioteka grada Beograda,"Knez Mihailova 56, Beograd","44.820020,20.453450",https://bgb.rs/dogadjaji/#event_7445,bgb.rs,,Biblioteka grada Beograda,https://bgb.rs/dogadjaji/,,,,,,"классическая музыка, камерный концерт, сопрано, кларнет, БГБ","classical music, chamber concert, soprano, clarinet, City Library","klasična muzika, kamerni koncert, sopran, klarinet, BGB"
10/6/2026,10/6/2026,9/30/2026,1875,TheaterGroup,Narodno pozorište u Beogradu,https://www.narodnopozoriste.rs/,,TheaterEvent,«Великая драма»: сага Синиши Ковачевича о послевоенной Воеводине в Народном театре,Velika drama: Siniša Kovačević’s post-war saga at the National Theatre,Velika drama: posleratna saga Siniše Kovačevića u Narodnom pozorištu,https://raw.githubusercontent.com/newsgl/arsposters/main/1875-VelikaDramaPosleratnaSagaSiniseKovacevic.webp,,Theatre,"Четырёхчасовая сага Синиши Ковачевича о черногорской семье Вучич, переселённой в Воеводину после Второй мировой. Спектакль идёт с 2002 года. 6 октября, 19:30, Большая сцена, билеты от 300 до 2800 динаров.","Siniša Kovačević’s four-hour saga of the Montenegrin Vučić family, resettled in Vojvodina after the Second World War. On stage since 2002. 6 October, 19:30, main stage, tickets 300 to 2800 dinars.","Četvoročasovna saga Siniše Kovačevića o crnogorskoj porodici Vučić, kolonizovanoj u Vojvodinu posle Drugog svetskog rata. Na repertoaru od 2002. 6. oktobar, 19.30, Velika scena, ulaznice od 300 do 2800 dinara.","Над этим текстом **Синиша Ковачевич** работал тринадцать лет, а премьера на Большой сцене Народного театра прошла в феврале 2002 года. С тех пор «Великая драма» остаётся в репертуаре и считается одной из самых амбициозных пьес автора. Ковачевич же её и поставил.

Черногорская семья Вучич в 1945-1948 годах участвует в колонизации Воеводины. Глава семьи Милорад искренне верит в новый коммунистический порядок и ради него жертвует тем, что проще всего: жизнью с любимой женщиной, в любимом месте, за любимым делом. Его выбор отзывается на детях и внуках, а пролог и эпилог происходят через полвека после основных событий. Автор показывает, как похожие исторические развилки повторяются здесь снова и снова.

Играют **Вук Костич**, Лиляна Благоевич, Лепомир Ивкович, Калина Ковачевич, Хаджи Ненад Маричич, Бранислав Томашевич, Соня Колачарич и другие. Критика отмечала резкие, порой смешные реплики, на которых держится напряжение.

Спектакль идёт 4 часа с одним антрактом.

Билеты от 300 до 2800 динаров.","**Siniša Kovačević** spent thirteen years on this text, and it premiered on the National Theatre’s main stage in February 2002. Velika drama has stayed in the repertoire ever since and is regarded as one of his most ambitious plays. Kovačević directed it himself.

Between 1945 and 1948 the Montenegrin Vučić family takes part in the colonisation of Vojvodina. Its head, Milorad, sincerely believes in the new communist order and sacrifices the simplest things for it: life with the woman he loves, in the place he loves, doing the work he loves. His choice echoes through his children and grandchildren; the prologue and epilogue take place half a century later. The play shows how similar historical crossroads keep returning in this part of the world.

The cast includes **Vuk Kostić**, Ljiljana Blagojević, Lepomir Ivković, Kalina Kovačević, Hadži Nenad Maričić, Branislav Tomašević and Sonja Kolačarić. Critics singled out the sharp, often funny dialogue that carries the tension.

Running time: 4 hours with one interval.

Tickets from 300 to 2800 dinars.","Na ovom tekstu **Siniša Kovačević** radio je punih trinaest godina, a premijera na Velikoj sceni Narodnog pozorišta bila je u februaru 2002. Velika drama je od tada na repertoaru i smatra se jednim od autorovih najambicioznijih komada. Režirao ju je sam Kovačević.

Crnogorska porodica Vučić od 1945. do 1948. učestvuje u kolonizaciji Vojvodine. Glava porodice, Milorad, iskreno veruje u novi komunistički poredak i zbog njega žrtvuje najjednostavnije stvari: život sa ženom koju voli, u mestu koje voli, uz posao koji voli. Taj izbor se oseća i kod dece i unuka, a prolog i epilog dešavaju se pola veka kasnije. Pisac pokazuje kako se slične istorijske raskrsnice ovde stalno vraćaju.

Igraju **Vuk Kostić**, Ljiljana Blagojević, Lepomir Ivković, Kalina Kovačević, Hadži Nenad Maričić, Branislav Tomašević, Sonja Kolačarić i drugi. Kritika je isticala britku, često duhovitu repliku koja nosi napetost.

Predstava traje 4 sata, sa jednom pauzom.

Ulaznice od 300 do 2800 dinara.",19:30,300,Narodno pozorište u Beogradu,"Francuska 3, 11000 Beograd","44.817006,20.461005",https://repertoar.rs/predstave/velika-drama/,repertoar.rs,https://www.narodnopozoriste.rs/lat/ulaznice/odabir-ulaznica?p=6401,Narodno pozorište u Beogradu,https://www.narodnopozoriste.rs/,,,,,,"театр, драма, Народный театр, Синиша Ковачевич, Вук Костич","theatre, drama, National Theatre, Siniša Kovačević, Vuk Kostić","pozorište, drama, Narodno pozorište, Siniša Kovačević, Vuk Kostić"
10/6/2026,10/6/2026,9/30/2026,1876,TheaterGroup,Zvezdara teatar,https://zvezdarateatar.rs/,,TheaterEvent,«Осама. Касаба в Нью-Йорке»: трагикомедия по роману Владимира Кецмановича в Звездара театре,"Osama: Kasaba in New York, a tragicomedy after Vladimir Kecmanović’s novel at Zvezdara Theatre",„Osama: Kasaba u Njujorku“: tragikomedija po romanu Vladimira Kecmanovića u Zvezdara teatru,https://raw.githubusercontent.com/newsgl/arsposters/main/1876-OsamaKasabaUNjujorkuTragikomedijaPo.webp,,Theatre,"Нью-йоркская кафана, где собираются эмигранты из бывшей Югославии, выдающие себя за француженку, русского журналиста, мексиканского полицейского и венесуэльскую модель. Спектакль Дарко Баича по роману Владимира Кецмановича. Сцена «Бата Стойкович», начало в 19:30, билеты 1500-2200 динаров.","A New York bar where emigrants from the former Yugoslavia pass themselves off as a French artist, a Russian journalist, a Mexican cop and a Venezuelan model. Darko Bajić’s staging of Vladimir Kecmanović’s novel. Bata Stojković stage, 19:30, tickets 1500-2200 dinars.","Njujorška kafana u kojoj se ljudi sa ovih prostora predstavljaju kao Francuskinja, ruski novinar, meksički policajac i venecuelanska manekenka. Predstava Darka Bajića po romanu Vladimira Kecmanovića. Scena „Bata Stojković“, početak u 19.30, karte od 1500 do 2200 dinara.","Французская художница, русский журналист, мексиканский полицейский, венесуэльская модель и странный «японец» сидят в одной нью-йоркской кафане. На деле все они выросли в Югославии и уехали, когда началась война. Спектакль прослеживает их жизнь от юности до зрелых лет: дружба, семья, любовь и ностальгия по времени, которого больше нет.

Инсценировку романа **Владимира Кецмановича** «Осама» написали Коста Пешевски и Дарко Баич, поставил **Дарко Баич**. Для него это история его поколения, которое из беззаботного детства в Югославии попало прямо в войну: кого-то она убила, кого-то отправила в эмиграцию. Кецманович сравнивает своего героя Байо, вообразившего себя Усамой бен Ладеном, с андричевским героем «Проклятого двора».

Играют Радован Вуйович (рассказчик), Йован Йованович, Ива Илинчич, Бранко Янкович, Исидора Симийонович и Амар Чорович. Премьера прошла в апреле 2018 года.

Длительность 120 минут.

Цена: 1500, 1800 и 2200 динаров.","A French artist, a Russian journalist, a Mexican policeman, a Venezuelan model and an odd “Japanese” share a New York bar. In fact they all grew up in Yugoslavia and left when the war started. The play follows them from youth to middle age through friendship, family, love and nostalgia for a time that is gone.

The stage version of **Vladimir Kecmanović**’s novel Osama was written by Kosta Peševski and Darko Bajić and directed by **Darko Bajić**, who sees it as the story of his own generation, taken straight from a carefree Yugoslav childhood into war: some were killed, some emigrated. Kecmanović compares his hero Bajo, who imagines himself as Osama bin Laden, to the doomed protagonist of Andrić’s The Damned Yard.

Cast: Radovan Vujović (narrator), Jovan Jovanović, Iva Ilinčić, Branko Janković, Isidora Simijonović and Amar Ćorović. Premiered in April 2018.

Running time: 120 minutes.

Price: 1500, 1800 and 2200 dinars.","Francuska umetnica, ruski novinar, meksički policajac, venecuelanska manekenka i neobični „Japanac“ sede u istoj njujorškoj kafani. Zapravo su svi odrasli u Jugoslaviji i otišli kad je počeo rat. Predstava ih prati od mladosti do zrelih godina, kroz prijateljstva, porodicu, ljubav i nostalgiju za vremenom kojeg više nema.

Dramatizaciju romana **Vladimira Kecmanovića** „Osama“ napisali su Kosta Peševski i Darko Bajić, a režirao je **Darko Bajić**, kome je to priča o njegovoj generaciji: iz bezbrižnog odrastanja u Jugoslaviji ušla je pravo u rat, neke je poslala u smrt, neke u emigraciju. Kecmanović svog junaka Baja, koji umišlja da je Osama bin Laden, poredi sa Andrićevim junakom iz „Proklete avlije“.

Igraju Radovan Vujović (pripovedač), Jovan Jovanović, Iva Ilinčić, Branko Janković, Isidora Simijonović i Amar Ćorović. Premijera je bila u aprilu 2018.

Trajanje: 120 minuta.

Cena: 1500, 1800 i 2200 dinara.",19:30,1500,Zvezdara teatar,"Milana Rakića 38, 11050 Beograd","44.797660,20.497652",https://repertoar.rs/predstave/osama-kasaba-u-njujorku/,repertoar.rs,https://bilet.zvezdarateatar.rs/scena.php?prostorterminid=2622,Zvezdara teatar,https://zvezdarateatar.rs/,,,,,,"театр, трагикомедия, Звездара театр, Владимир Кецманович, эмиграция","theatre, tragicomedy, Zvezdara Theatre, Vladimir Kecmanović, emigration","pozorište, tragikomedija, Zvezdara teatar, Vladimir Kecmanović, emigracija"
10/18/2026,10/18/2026,9/30/2026,1877,TheaterGroup,Zvezdara teatar,https://zvezdarateatar.rs/,,TheaterEvent,«Осама. Касаба в Нью-Йорке»: трагикомедия по роману Владимира Кецмановича в Звездара театре,"Osama: Kasaba in New York, a tragicomedy after Vladimir Kecmanović’s novel at Zvezdara Theatre",„Osama: Kasaba u Njujorku“: tragikomedija po romanu Vladimira Kecmanovića u Zvezdara teatru,https://raw.githubusercontent.com/newsgl/arsposters/main/1877-OsamaKasabaUNjujorkuTragikomedijaPo.webp,,Theatre,"Нью-йоркская кафана, где собираются эмигранты из бывшей Югославии, выдающие себя за француженку, русского журналиста, мексиканского полицейского и венесуэльскую модель. Спектакль Дарко Баича по роману Владимира Кецмановича. Сцена «Бата Стойкович», начало в 19:30, билеты 1500-2200 динаров.","A New York bar where emigrants from the former Yugoslavia pass themselves off as a French artist, a Russian journalist, a Mexican cop and a Venezuelan model. Darko Bajić’s staging of Vladimir Kecmanović’s novel. Bata Stojković stage, 19:30, tickets 1500-2200 dinars.","Njujorška kafana u kojoj se ljudi sa ovih prostora predstavljaju kao Francuskinja, ruski novinar, meksički policajac i venecuelanska manekenka. Predstava Darka Bajića po romanu Vladimira Kecmanovića. Scena „Bata Stojković“, početak u 19.30, karte od 1500 do 2200 dinara.","Французская художница, русский журналист, мексиканский полицейский, венесуэльская модель и странный «японец» сидят в одной нью-йоркской кафане. На деле все они выросли в Югославии и уехали, когда началась война. Спектакль прослеживает их жизнь от юности до зрелых лет: дружба, семья, любовь и ностальгия по времени, которого больше нет.

Инсценировку романа **Владимира Кецмановича** «Осама» написали Коста Пешевски и Дарко Баич, поставил **Дарко Баич**. Для него это история его поколения, которое из беззаботного детства в Югославии попало прямо в войну: кого-то она убила, кого-то отправила в эмиграцию. Кецманович сравнивает своего героя Байо, вообразившего себя Усамой бен Ладеном, с андричевским героем «Проклятого двора».

Играют Радован Вуйович (рассказчик), Йован Йованович, Ива Илинчич, Бранко Янкович, Исидора Симийонович и Амар Чорович. Премьера прошла в апреле 2018 года.

Длительность 120 минут.

Цена: 1500, 1800 и 2200 динаров.","A French artist, a Russian journalist, a Mexican policeman, a Venezuelan model and an odd “Japanese” share a New York bar. In fact they all grew up in Yugoslavia and left when the war started. The play follows them from youth to middle age through friendship, family, love and nostalgia for a time that is gone.

The stage version of **Vladimir Kecmanović**’s novel Osama was written by Kosta Peševski and Darko Bajić and directed by **Darko Bajić**, who sees it as the story of his own generation, taken straight from a carefree Yugoslav childhood into war: some were killed, some emigrated. Kecmanović compares his hero Bajo, who imagines himself as Osama bin Laden, to the doomed protagonist of Andrić’s The Damned Yard.

Cast: Radovan Vujović (narrator), Jovan Jovanović, Iva Ilinčić, Branko Janković, Isidora Simijonović and Amar Ćorović. Premiered in April 2018.

Running time: 120 minutes.

Price: 1500, 1800 and 2200 dinars.","Francuska umetnica, ruski novinar, meksički policajac, venecuelanska manekenka i neobični „Japanac“ sede u istoj njujorškoj kafani. Zapravo su svi odrasli u Jugoslaviji i otišli kad je počeo rat. Predstava ih prati od mladosti do zrelih godina, kroz prijateljstva, porodicu, ljubav i nostalgiju za vremenom kojeg više nema.

Dramatizaciju romana **Vladimira Kecmanovića** „Osama“ napisali su Kosta Peševski i Darko Bajić, a režirao je **Darko Bajić**, kome je to priča o njegovoj generaciji: iz bezbrižnog odrastanja u Jugoslaviji ušla je pravo u rat, neke je poslala u smrt, neke u emigraciju. Kecmanović svog junaka Baja, koji umišlja da je Osama bin Laden, poredi sa Andrićevim junakom iz „Proklete avlije“.

Igraju Radovan Vujović (pripovedač), Jovan Jovanović, Iva Ilinčić, Branko Janković, Isidora Simijonović i Amar Ćorović. Premijera je bila u aprilu 2018.

Trajanje: 120 minuta.

Cena: 1500, 1800 i 2200 dinara.",19:30,1500,Zvezdara teatar,"Milana Rakića 38, 11050 Beograd","44.797660,20.497652",https://repertoar.rs/predstave/osama-kasaba-u-njujorku/,repertoar.rs,https://bilet.zvezdarateatar.rs/scena.php?prostorterminid=2622,Zvezdara teatar,https://zvezdarateatar.rs/,,,,,,"театр, трагикомедия, Звездара театр, Владимир Кецманович, эмиграция","theatre, tragicomedy, Zvezdara Theatre, Vladimir Kecmanović, emigration","pozorište, tragikomedija, Zvezdara teatar, Vladimir Kecmanović, emigracija"
10/6/2026,10/6/2026,9/30/2026,1878,TheaterGroup,Jugoslovensko dramsko pozorište,https://www.jdp.rs/,,TheaterEvent,«Костюмер»: Мики Манойлович и Воя Брайович в пьесе Рональда Харвуда в ЮДП,The Dresser: Miki Manojlović and Voja Brajović in Ronald Harwood’s play at the Yugoslav Drama Theatre,„Garderober“: Miki Manojlović i Voja Brajović u komadu Ronalda Harvuda u JDP-u,https://raw.githubusercontent.com/newsgl/arsposters/main/1878-GarderoberMikiManojlovicIVojaBrajovic.webp,,Theatre,"Театральная труппа продолжает играть посреди войны, а стареющий премьер держится только благодаря своему костюмеру. Пьеса Рональда Харвуда в постановке Паоло Маджелли. Сцена «Люба Тадич», начало в 20:00, билеты 700 и 2200 динаров.","A touring company keeps playing through the war, and an ageing leading man holds on only thanks to his dresser. Ronald Harwood’s play directed by Paolo Magelli. Ljuba Tadić stage, 20:00, tickets 700 and 2200 dinars.","Pozorišna trupa igra usred rata, a ostareli prvak drži se samo zahvaljujući svom garderoberu. Komad Ronalda Harvuda u režiji Paola Mađelija. Scena „Ljuba Tadić“, početak u 20 časova, karte 700 i 2200 dinara.","Идёт война, но труппа продолжает играть каждый вечер: для этих людей театр стал убежищем и единственным, что держит их в здравом уме. В центре пьесы **Рональда Харвуда** отношения стареющего актёра, которого все зовут Сэр, и его эксцентричного костюмера, без которого тот уже не выйдет на сцену.

Спектакль поставил итальянский режиссёр **Паоло Маджелли**. Сэра играет **Мики Манойлович**, костюмера Воя Брайович, в спектакле также Бранка Петрич, Никола Ракочевич, Милош Самолов, Марта Богосавлевич, Симо Джукич, Раде Стоилькович, Неманя Ачимович и Слобода Мичалович. Драматург Желька Удовичич Плештина, сценограф Дарко Неделькович, костюмы Ланы Цвиянович.

Цена: 700 (балкон) и 2200 динаров (партер).","War is raging, yet the company goes on stage every night: for these people the theatre has become a shelter and the only thing keeping them sane. At the heart of **Ronald Harwood**’s play is the bond between an ageing actor everyone calls Sir and his eccentric dresser, without whom he can no longer face the stage.

The production is directed by Italian director **Paolo Magelli**. **Miki Manojlović** plays Sir and Voja Brajović the dresser, with Branka Petrić, Nikola Rakočević, Miloš Samolov, Marta Bogosavljević, Simo Đukić, Rade Stojiljković, Nemanja Aćimović and Sloboda Mićalović. Dramaturgy by Željka Udovičić Pleština, sets by Darko Nedeljković, costumes by Lana Cvijanović.

Price: 700 dinars (balcony) and 2200 dinars (stalls).","Rat bukti, a trupa svako veče izlazi na scenu: pozorište je tim ljudima postalo utočište i jedino što ih drži pri zdravom razumu. U središtu komada **Ronalda Harvuda** je odnos ostarelog glumca kog svi zovu Ser i njegovog ekscentričnog garderobera, bez kojeg on više ne može na scenu.

Predstavu je režirao **Paolo Mađeli**. Sera igra **Miki Manojlović**, garderobera Voja Brajović, a igraju i Branka Petrić, Nikola Rakočević, Miloš Samolov, Marta Bogosavljević, Simo Đukić, Rade Stojiljković, Nemanja Aćimović i Sloboda Mićalović. Dramaturg Željka Udovičić Pleština, scenograf Darko Nedeljković, kostimograf Lana Cvijanović.

Cena: 700 (balkon) i 2200 dinara (parter).",20:00,700,Jugoslovensko dramsko pozorište,"Kralja Milana 50, 11000 Beograd","44.805332,20.464847",https://repertoar.rs/predstave/garderober/,repertoar.rs,https://www.jdp.rs/,Jugoslovensko dramsko pozorište,https://www.jdp.rs/,,,,,,"театр, драма, ЮДП, Мики Манойлович, Рональд Харвуд","theatre, drama, Yugoslav Drama Theatre, Miki Manojlović, Ronald Harwood","pozorište, drama, JDP, Miki Manojlović, Ronald Harvud"
10/10/2026,10/10/2026,9/30/2026,1879,TheaterGroup,Jugoslovensko dramsko pozorište,https://www.jdp.rs/,,TheaterEvent,«Костюмер»: Мики Манойлович и Воя Брайович в пьесе Рональда Харвуда в ЮДП,The Dresser: Miki Manojlović and Voja Brajović in Ronald Harwood’s play at the Yugoslav Drama Theatre,„Garderober“: Miki Manojlović i Voja Brajović u komadu Ronalda Harvuda u JDP-u,https://raw.githubusercontent.com/newsgl/arsposters/main/1879-GarderoberMikiManojlovicIVojaBrajovic.webp,,Theatre,"Театральная труппа продолжает играть посреди войны, а стареющий премьер держится только благодаря своему костюмеру. Пьеса Рональда Харвуда в постановке Паоло Маджелли. Сцена «Люба Тадич», начало в 20:00, билеты 700 и 2200 динаров.","A touring company keeps playing through the war, and an ageing leading man holds on only thanks to his dresser. Ronald Harwood’s play directed by Paolo Magelli. Ljuba Tadić stage, 20:00, tickets 700 and 2200 dinars.","Pozorišna trupa igra usred rata, a ostareli prvak drži se samo zahvaljujući svom garderoberu. Komad Ronalda Harvuda u režiji Paola Mađelija. Scena „Ljuba Tadić“, početak u 20 časova, karte 700 i 2200 dinara.","Идёт война, но труппа продолжает играть каждый вечер: для этих людей театр стал убежищем и единственным, что держит их в здравом уме. В центре пьесы **Рональда Харвуда** отношения стареющего актёра, которого все зовут Сэр, и его эксцентричного костюмера, без которого тот уже не выйдет на сцену.

Спектакль поставил итальянский режиссёр **Паоло Маджелли**. Сэра играет **Мики Манойлович**, костюмера Воя Брайович, в спектакле также Бранка Петрич, Никола Ракочевич, Милош Самолов, Марта Богосавлевич, Симо Джукич, Раде Стоилькович, Неманя Ачимович и Слобода Мичалович. Драматург Желька Удовичич Плештина, сценограф Дарко Неделькович, костюмы Ланы Цвиянович.

Цена: 700 (балкон) и 2200 динаров (партер).","War is raging, yet the company goes on stage every night: for these people the theatre has become a shelter and the only thing keeping them sane. At the heart of **Ronald Harwood**’s play is the bond between an ageing actor everyone calls Sir and his eccentric dresser, without whom he can no longer face the stage.

The production is directed by Italian director **Paolo Magelli**. **Miki Manojlović** plays Sir and Voja Brajović the dresser, with Branka Petrić, Nikola Rakočević, Miloš Samolov, Marta Bogosavljević, Simo Đukić, Rade Stojiljković, Nemanja Aćimović and Sloboda Mićalović. Dramaturgy by Željka Udovičić Pleština, sets by Darko Nedeljković, costumes by Lana Cvijanović.

Price: 700 dinars (balcony) and 2200 dinars (stalls).","Rat bukti, a trupa svako veče izlazi na scenu: pozorište je tim ljudima postalo utočište i jedino što ih drži pri zdravom razumu. U središtu komada **Ronalda Harvuda** je odnos ostarelog glumca kog svi zovu Ser i njegovog ekscentričnog garderobera, bez kojeg on više ne može na scenu.

Predstavu je režirao **Paolo Mađeli**. Sera igra **Miki Manojlović**, garderobera Voja Brajović, a igraju i Branka Petrić, Nikola Rakočević, Miloš Samolov, Marta Bogosavljević, Simo Đukić, Rade Stojiljković, Nemanja Aćimović i Sloboda Mićalović. Dramaturg Željka Udovičić Pleština, scenograf Darko Nedeljković, kostimograf Lana Cvijanović.

Cena: 700 (balkon) i 2200 dinara (parter).",20:00,700,Jugoslovensko dramsko pozorište,"Kralja Milana 50, 11000 Beograd","44.805332,20.464847",https://repertoar.rs/predstave/garderober/,repertoar.rs,https://www.jdp.rs/,Jugoslovensko dramsko pozorište,https://www.jdp.rs/,,,,,,"театр, драма, ЮДП, Мики Манойлович, Рональд Харвуд","theatre, drama, Yugoslav Drama Theatre, Miki Manojlović, Ronald Harwood","pozorište, drama, JDP, Miki Manojlović, Ronald Harvud"
10/16/2026,10/16/2026,9/30/2026,1880,TheaterGroup,Jugoslovensko dramsko pozorište,https://www.jdp.rs/,,TheaterEvent,«Костюмер»: Мики Манойлович и Воя Брайович в пьесе Рональда Харвуда в ЮДП,The Dresser: Miki Manojlović and Voja Brajović in Ronald Harwood’s play at the Yugoslav Drama Theatre,„Garderober“: Miki Manojlović i Voja Brajović u komadu Ronalda Harvuda u JDP-u,https://raw.githubusercontent.com/newsgl/arsposters/main/1880-GarderoberMikiManojlovicIVojaBrajovic.webp,,Theatre,"Театральная труппа продолжает играть посреди войны, а стареющий премьер держится только благодаря своему костюмеру. Пьеса Рональда Харвуда в постановке Паоло Маджелли. Сцена «Люба Тадич», начало в 20:00, билеты 700 и 2200 динаров.","A touring company keeps playing through the war, and an ageing leading man holds on only thanks to his dresser. Ronald Harwood’s play directed by Paolo Magelli. Ljuba Tadić stage, 20:00, tickets 700 and 2200 dinars.","Pozorišna trupa igra usred rata, a ostareli prvak drži se samo zahvaljujući svom garderoberu. Komad Ronalda Harvuda u režiji Paola Mađelija. Scena „Ljuba Tadić“, početak u 20 časova, karte 700 i 2200 dinara.","Идёт война, но труппа продолжает играть каждый вечер: для этих людей театр стал убежищем и единственным, что держит их в здравом уме. В центре пьесы **Рональда Харвуда** отношения стареющего актёра, которого все зовут Сэр, и его эксцентричного костюмера, без которого тот уже не выйдет на сцену.

Спектакль поставил итальянский режиссёр **Паоло Маджелли**. Сэра играет **Мики Манойлович**, костюмера Воя Брайович, в спектакле также Бранка Петрич, Никола Ракочевич, Милош Самолов, Марта Богосавлевич, Симо Джукич, Раде Стоилькович, Неманя Ачимович и Слобода Мичалович. Драматург Желька Удовичич Плештина, сценограф Дарко Неделькович, костюмы Ланы Цвиянович.

Цена: 700 (балкон) и 2200 динаров (партер).","War is raging, yet the company goes on stage every night: for these people the theatre has become a shelter and the only thing keeping them sane. At the heart of **Ronald Harwood**’s play is the bond between an ageing actor everyone calls Sir and his eccentric dresser, without whom he can no longer face the stage.

The production is directed by Italian director **Paolo Magelli**. **Miki Manojlović** plays Sir and Voja Brajović the dresser, with Branka Petrić, Nikola Rakočević, Miloš Samolov, Marta Bogosavljević, Simo Đukić, Rade Stojiljković, Nemanja Aćimović and Sloboda Mićalović. Dramaturgy by Željka Udovičić Pleština, sets by Darko Nedeljković, costumes by Lana Cvijanović.

Price: 700 dinars (balcony) and 2200 dinars (stalls).","Rat bukti, a trupa svako veče izlazi na scenu: pozorište je tim ljudima postalo utočište i jedino što ih drži pri zdravom razumu. U središtu komada **Ronalda Harvuda** je odnos ostarelog glumca kog svi zovu Ser i njegovog ekscentričnog garderobera, bez kojeg on više ne može na scenu.

Predstavu je režirao **Paolo Mađeli**. Sera igra **Miki Manojlović**, garderobera Voja Brajović, a igraju i Branka Petrić, Nikola Rakočević, Miloš Samolov, Marta Bogosavljević, Simo Đukić, Rade Stojiljković, Nemanja Aćimović i Sloboda Mićalović. Dramaturg Željka Udovičić Pleština, scenograf Darko Nedeljković, kostimograf Lana Cvijanović.

Cena: 700 (balkon) i 2200 dinara (parter).",20:00,700,Jugoslovensko dramsko pozorište,"Kralja Milana 50, 11000 Beograd","44.805332,20.464847",https://repertoar.rs/predstave/garderober/,repertoar.rs,https://www.jdp.rs/,Jugoslovensko dramsko pozorište,https://www.jdp.rs/,,,,,,"театр, драма, ЮДП, Мики Манойлович, Рональд Харвуд","theatre, drama, Yugoslav Drama Theatre, Miki Manojlović, Ronald Harwood","pozorište, drama, JDP, Miki Manojlović, Ronald Harvud"
10/6/2026,10/6/2026,9/30/2026,1881,TheaterGroup,Narodno pozorište u Beogradu,https://www.narodnopozoriste.rs/,,TheaterEvent,"«Колыбельная для Алексии Райчич»: драма о женщине, которую учили молчать, в Народном театре",Uspavanka za Aleksiju Rajčić: a drama about a woman taught to stay silent at the National Theatre,Uspavanka za Aleksiju Rajčić: drama o ženi naučenoj da ćuti u Narodnom pozorištu,https://raw.githubusercontent.com/newsgl/arsposters/main/1881-UspavankaZaAleksijuRajcicDramaO.webp,,Theatre,"Пьеса Джордже Косича о заключённой Пожаревацкой тюрьмы конца XIX века, в главной роли Ваня Эйдус. 6 октября, 20:30, сцена «Раша Плаович», билеты от 300 до 2200 динаров.","Đorđe Kosić’s play about a woman prisoner in the Požarevac penitentiary at the end of the 19th century, with Vanja Ejdus in the lead. 6 October, 20:30, Raša Plaović stage, tickets 300 to 2200 dinars.","Komad Đorđa Kosića o osuđenici Požarevačkog kaznenog zavoda s kraja 19. veka, u glavnoj ulozi Vanja Ejdus. 6. oktobar, 20.30, scena „Raša Plaović“, ulaznice od 300 do 2200 dinara.","В 1898 году Милутин Попович издал книгу «Заключённые. Альбом женского отделения Пожаревацкой тюрьмы», где осуждённые женщины впервые рассказали свои истории сами. Эта книга стала отправной точкой для пьесы **Джордже Косича**.

Алексию Райчич учили молчать и терпеть. Её жизнь с самого начала устроена вокруг насилия и отсутствия выбора, и выход из этого круга она парадоксальным образом находит в тюрьме. Все остальные персонажи собраны в мужской и женский хор, поэтому Алексия на сцене одна против обезличенного общества. Текст играет с языком и стилизацией под народную речь, но создатели спектакля прямо говорят, что такие судьбы встречаются и сегодня.

Алексию играет **Ваня Эйдус**, хором руководят Ива Миланович и Новак Радулович. Музыка Невены Глушицы, в работе участвовал этномузыколог. Спектакль поставлен в 2022 году в копродукции со Стериевым позорјем и фондом «Нови-Сад, культурная столица Европы».

Спектакль идёт 1 час 15 минут без антракта.

Билеты от 300 (стоячие) до 2200 динаров.","In 1898 Milutin Popović published Zatvorenice, an album of the women’s wing of the Požarevac penitentiary, in which convicted women told their own stories for the first time. That book became the starting point for **Đorđe Kosić**’s play.

Aleksija Rajčić was taught to keep quiet and endure. Her life is built around violence and a lack of choice from the very start, and paradoxically she finds a way out only in prison. All the other characters are merged into a male and a female chorus, so Aleksija stands alone against a faceless society. The text plays with folk speech and stylisation, yet the creators say plainly that such lives are not a thing of the past.

**Vanja Ejdus** plays Aleksija, with Iva Milanović and Novak Radulović leading the chorus. Music by Nevena Glušica, with an ethnomusicologist on the team. The production premiered in 2022 as a co-production with Sterijino pozorje and the Novi Sad European Capital of Culture foundation.

Running time: 1 hour 15 minutes, no interval.

Tickets from 300 (standing) to 2200 dinars.","Milutin Popović je 1898. objavio knjigu „Zatvorenice: Album ženskog odeljenja Požarevačkog kaznenog zavoda“, u kojoj su osuđene žene prvi put same ispričale svoje priče. Ta knjiga je bila polazište za komad **Đorđa Kosića**.

Aleksija Rajčić je naučena da ćuti i trpi. Njen život je od početka satkan od nasilja i nemogućnosti izbora, a izlaz iz tog kruga, paradoksalno, pronalazi u zatvoru. Svi ostali likovi spojeni su u muški i ženski hor, pa Aleksija na sceni stoji sama naspram bezličnog društva. Tekst se poigrava jezikom i stilizacijom, ali autori jasno kažu da ovakvim sudbinama svedočimo i danas.

Aleksiju igra **Vanja Ejdus**, horovođe su Iva Milanović i Novak Radulović. Muziku potpisuje Nevena Glušica, a na predstavi je sarađivao i etnomuzikolog. Premijera je bila 2022, u koprodukciji sa Sterijinim pozorjem i fondacijom „Novi Sad: Evropska prestonica kulture“.

Predstava traje 1 sat i 15 minuta, bez pauze.

Ulaznice od 300 (stajanje) do 2200 dinara.",20:30,300,Narodno pozorište u Beogradu,"Francuska 3, 11000 Beograd","44.817006,20.461005",https://repertoar.rs/predstave/uspavanka-za-aleksiju-rajcic/,repertoar.rs,https://www.narodnopozoriste.rs/lat/ulaznice/odabir-ulaznica?p=6417,Narodno pozorište u Beogradu,https://www.narodnopozoriste.rs/,,,,,,"театр, драма, Народный театр, Ваня Эйдус, Джордже Косич","theatre, drama, National Theatre, Vanja Ejdus, Đorđe Kosić","pozorište, drama, Narodno pozorište, Vanja Ejdus, Đorđe Kosić"
10/7/2026,10/7/2026,9/30/2026,1882,Person,Zoran Knežević,https://sr.wikipedia.org/wiki/%D0%97%D0%BE%D1%80%D0%B0%D0%BD_%D0%9A%D0%BD%D0%B5%D0%B6%D0%B5%D0%B2%D0%B8%D1%9B_(%D0%B0%D1%81%D1%82%D1%80%D0%BE%D0%BD%D0%BE%D0%BC),,EducationEvent,Как эволюционируют астероиды: лекция президента САНУ Зорана Кнежевича в Коларце,The Dynamical and Collisional Evolution of Asteroids: a lecture by SANU President Zoran Knežević at Kolarac,„Dinamička i sudarna evolucija asteroida“: predavanje akademika Zorana Kneževića na Kolarcu,https://raw.githubusercontent.com/newsgl/arsposters/main/1882-DinamickaISudarnaEvolucijaAsteroidaPreda.webp,,Lectures,"7 октября в 18:00 астроном, академик и президент САНУ Зоран Кнежевич о движении, столкновениях и эволюции астероидов. Малый зал Коларца, вход свободный. На сербском языке.","October 7, 18:00: astronomer Zoran Knežević, academician and President of the Serbian Academy of Sciences and Arts, on the motion, collisions and evolution of asteroids. Kolarac Small Hall, free entry. In Serbian.","Sreda, 7. oktobar, u 18 časova: akademik Zoran Knežević, predsednik SANU, o kretanju, sudarima i evoluciji asteroida. Mala sala Kolarca, ulaz slobodan.","Астероиды могут быть полезными и опасными одновременно, и поэтому их изучают всерьёз. О них рассказывает **Зоран Кнежевич**, астроном, академик и президент Сербской академии наук и искусств (САНУ).

Речь пойдёт о динамических и физических свойствах этих малых тел Солнечной системы и об их эволюции, которую можно проследить от формирования планетной системы около 4,5 миллиарда лет назад до наших дней.

Отдельно лектор расскажет о задачах, которыми занимался сам:
- аналитическая и синтетическая теория движения астероидов;
- **собственные элементы орбит**, по которым астероиды делят на семейства;
- положение вековых резонансов и хаотическое движение.

Вход свободный.

Язык: сербский.

Организатор: Задужбина Илии М. Коларца.","Asteroids can be both useful and dangerous, which is why they are studied seriously. The speaker is **Zoran Knežević**, astronomer, academician and President of the Serbian Academy of Sciences and Arts (SANU).

The lecture covers the dynamical and physical properties of these small bodies of the Solar System and their evolution, traceable from the formation of the planetary system about 4.5 billion years ago to the present day.

Knežević will also talk about problems from his own research:
- analytical and synthetic theories of asteroid motion;
- **proper orbital elements**, used to classify asteroids into families;
- the location of secular resonances and chaotic motion.

Free entry.

Language: Serbian.

Organiser: Kolarac Endowment.","Asteroidi mogu biti i korisni i opasni, zato se ozbiljno proučavaju. O njima govori **Zoran Knežević**, astronom, akademik i predsednik Srpske akademije nauka i umetnosti.

Biće reči o dinamičkim i fizičkim osobinama ovih malih tela Sunčevog sistema i o njihovoj evoluciji, koju možemo da pratimo od nastanka planetskog sistema, pre oko 4,5 milijardi godina, do danas.

Posebnu pažnju predavač posvećuje problemima na kojima je sam radio:
- analitička i sintetička teorija kretanja asteroida;
- **sopstveni elementi kretanja**, po kojima se asteroidi svrstavaju u familije;
- položaj sekularnih rezonanci i haotično kretanje.

Ulaz slobodan.

Organizator: Zadužbina Ilije M. Kolarca.",18:00,0,Zadužbina Ilije M. Kolarca,"Studentski trg 5, Beograd","44.819094,20.456261",http://www.kolarac.rs/predavanja/predavanje7-10-2026-u-18mala-sala/,kolarac.rs,,Zadužbina Ilije M. Kolarca,http://www.kolarac.rs/,,,,,,"лекция, астрономия, астероиды, САНУ, Коларац","lecture, astronomy, asteroids, SANU, Kolarac","predavanje, astronomija, asteroidi, SANU, Kolarac"
10/7/2026,10/7/2026,9/30/2026,1883,Organization,Institut za filozofiju i društvenu teoriju (EduLab),https://ifdt.bg.ac.rs/,,EducationEvent,"Международная конференция «Зачем ещё образование?»: образование, сообщество, сопротивление в IFDT","International conference ""What Is Education Still For?"": Education, Community, Resistance at IFDT","Peta međunarodna konferencija „Čemu još obrazovanje?“: obrazovanje, zajednica, otpor na IFDT-u",https://raw.githubusercontent.com/newsgl/arsposters/main/1883-PetaMedjunarodnaKonferencijaCemuJosObraz.webp,,Lectures,"С 7 по 9 октября Институт философии и социальной теории проводит пятую научную конференцию об образовании. Открытие 7 октября в 9:00, участие бесплатное.","From October 7 to 9, the Institute for Philosophy and Social Theory hosts its fifth scholarly conference on education. Opens October 7 at 9:00, free to attend.","Od 7. do 9. oktobra Institut za filozofiju i društvenu teoriju održava petu međunarodnu naučnu konferenciju o obrazovanju. Početak 7. oktobra u 9 časova, učešće besplatno.","Школы и университеты воспроизводят существующий порядок или могут быть местом критического мышления и альтернатив? Этот вопрос в центре пятой конференции «Зачем ещё образование?», которую проводит **Лаборатория образовательных теорий (EduLab)** Института философии и социальной теории.

Тема этого года: образование, сообщество, сопротивление. Три дня панелей и дискуссий для исследователей, учителей и студентов гуманитарных и социальных наук, где академические доклады соседствуют с опытом практикующих педагогов.

Пленарные лекции читают **Хелен Хейст** (Университет Бата), Михалинос Зембилас (Открытый университет Кипра) и Александр Бауцал (Белградский университет). Вместе с Борисом Йокичем (Институт социальных исследований, Загреб) они проведут публичную панельную дискуссию, открытую для всех.

Участие бесплатное.

Организатор: Институт философии и социальной теории (IFDT).","Are schools and universities mainly tools for reproducing the existing order, or can they be spaces for critical thinking and alternatives? That question drives the fifth “What Is Education Still For?” conference, organised by the **Laboratory for Educational Theories (EduLab)** at the Institute for Philosophy and Social Theory.

This year’s theme is education, community and resistance. Three days of panels and discussions bring together researchers, teachers and students in the humanities and social sciences, pairing academic papers with the experience of practising teachers.

Plenary lectures are given by **Helen Haste** (University of Bath), Michalinos Zembylas (Open University of Cyprus) and Aleksandar Baucal (University of Belgrade). Together with Boris Jokić (Institute for Social Research, Zagreb) they take part in a public panel discussion open to everyone.

Free to attend.

Organiser: Institute for Philosophy and Social Theory (IFDT).","Jesu li škole i univerziteti pre svega instrumenti reprodukcije postojećeg poretka ili mogu biti prostori kritičkog mišljenja i alternativa? To je pitanje pete konferencije „Čemu još obrazovanje?“, koju organizuje **Laboratorija obrazovnih teorija (EduLab)** Instituta za filozofiju i društvenu teoriju.

Ovogodišnja tema je obrazovanje, zajednica i otpor. Trodnevni program paneli i diskusija okuplja istraživače, nastavnike i studente društveno-humanističkih nauka, spajajući naučne priloge sa iskustvom nastavnika iz prakse.

Plenarna predavanja drže **Helen Haste** (Univerzitet u Batu), Michalinos Zembylas (Otvoreni univerzitet Kipra) i Aleksandar Baucal (Univerzitet u Beogradu). Sa dr Borisom Jokićem (Institut za društvena istraživanja u Zagrebu) učestvuju i u javnoj panel diskusiji otvorenoj za sve.

Učešće je besplatno.

Organizator: Institut za filozofiju i društvenu teoriju (IFDT).",09:00,,Institut za filozofiju i društvenu teoriju,"Kraljice Natalije 45, Beograd","44.808120,20.462218",https://ifdt.bg.ac.rs/events/peta-medunarodna-konferencija-cemu-jos-obrazovanje-obrazovanje-zajednica-otpor/,ifdt.bg.ac.rs,,Institut za filozofiju i društvenu teoriju,https://ifdt.bg.ac.rs/,,,,,,"конференция, образование, философия, педагогика, IFDT","conference, education, philosophy, pedagogy, IFDT","konferencija, obrazovanje, filozofija, pedagogija, IFDT"
10/7/2026,10/7/2026,9/30/2026,1884,Person,Strahinja Stojković,https://bgb.rs/dogadjaji/,,EducationEvent,Презентация дебютного романа Страхини Стойковича «Подаништавание» в Библиотеке города Белграда,Book launch: Strahinja Stojković’s debut novel Podaništavanje at the Belgrade City Library,Predstavljanje romana „Podaništavanje“ Strahinje Stojkovića u Biblioteci grada Beograda,https://raw.githubusercontent.com/newsgl/arsposters/main/1884-PredstavljanjeRomanaPodanistavanjeStrahi.webp,,Lectures,"7 октября в 19:00 дебютный роман Страхини Стойковича обсуждают писатель Петар Арбутина, Милица Мустур и редактор Зорица Стаблович Булаич, отрывки читает актёр Любомир Булаич. Римский зал БГБ, вход свободный. На сербском языке.","October 7, 19:00: Strahinja Stojković’s debut novel is discussed by writer Petar Arbutina, Milica Mustur and editor Zorica Stablović Bulajić, with readings by actor Ljubomir Bulajić. Roman Hall of the City Library, free entry. In Serbian.","Sreda, 7. oktobar, u 19 časova: o prvom romanu Strahinje Stojkovića govore Petar Arbutina, Milica Mustur i urednica Zorica Stablović Bulajić, odlomke čita glumac Ljubomir Bulajić. Rimska dvorana BGB, ulaz slobodan.","«Подаништавание» (Podaništavanje) вышло летом 2026 года в издательстве «Хера еду» и стало литературным дебютом **Страхини Стойковича**. Это история человека, который пытается найти себя среди глубокого одиночества, социальных ограничений и внутренних конфликтов, сталкиваясь с травмой, чувством чужеродности и навязанными нормами.

Редактор книги **Зорица Стаблович Булаич** сравнивает атмосферу романа с Кафкой, а его экзистенциальные темы с прозой Камю. Писатель Петар Арбутина называет его историей человека, потерянного в толпе.

На презентации с автором говорят Петар Арбутина, Милица Мустур и Зорица Стаблович Булаич, отрывки читает актёр Любомир Булаич. Вечер проходит в Римском зале библиотеки.

Вход свободный.

Язык: сербский.","Podaništavanje, published in summer 2026 by Hera edu, is the literary debut of **Strahinja Stojković**. It follows a man trying to find himself amid deep loneliness, social constraints and inner conflict, facing trauma, a sense of not belonging and imposed social norms.

The book’s editor **Zorica Stablović Bulajić** compares its atmosphere to Kafka and its existential themes to Camus. Writer Petar Arbutina describes it as the story of an individual lost in the crowd.

The author is joined by Petar Arbutina, Milica Mustur and Zorica Stablović Bulajić, while actor Ljubomir Bulajić reads excerpts. The launch takes place in the library’s Roman Hall.

Free entry.

Language: Serbian.","Roman „Podaništavanje“, koji je leta 2026. objavila izdavačka kuća „Hera edu“, književni je prvenac **Strahinje Stojkovića**. To je priča o čoveku koji pokušava da pronađe sebe u svetu duboke usamljenosti, društvenih stega i unutrašnjih sukoba, suočen sa traumom, osećajem nepripadanja i nametnutim normama.

Urednica **Zorica Stablović Bulajić** atmosferu romana poredi sa Kafkom, a egzistencijalne teme sa prozom Kamija. Pisac Petar Arbutina vidi u njemu priču o pojedincu izgubljenom u masi.

Sa autorom govore Petar Arbutina, Milica Mustur i Zorica Stablović Bulajić, a odlomke čita glumac Ljubomir Bulajić. Promocija je u Rimskoj dvorani Biblioteke.

Ulaz slobodan.",19:00,0,Biblioteka grada Beograda,"Knez Mihailova 56, Beograd","44.820020,20.453450",https://bgb.rs/dogadjaji/#event_7448,bgb.rs,,Biblioteka grada Beograda,https://bgb.rs/dogadjaji/,,,,,,"презентация книги, роман, дебют, сербская литература, БГБ","book launch, novel, debut, Serbian literature, City Library","promocija knjige, roman, prvenac, domaća književnost, BGB"
10/7/2026,10/7/2026,9/30/2026,1885,MusicGroup,Simfonijski orkestar RTS,https://sr.wikipedia.org/wiki/Simfonijski_orkestar_RTS,,MusicEvent,Симфонический оркестр RTS: музыка Светислава Божича в цикле «Мир сербской музыки» на Коларце,RTS Symphony Orchestra: music by Svetislav Božić in the World of Serbian Music series at Kolarac,Simfonijski orkestar RTS: dela Svetislava Božića u ciklusu „Svet srpske muzike“ na Kolarcu,https://raw.githubusercontent.com/newsgl/arsposters/main/1885-SimfonijskiOrkestarRTSDelaSvetislavaBozi.webp,,Concerts,"7 октября в 20:00 три сочинения Светислава Божича, солист кларнетист Александар Тасич, дирижёр Александар Коич. Коларчева задужбина, билеты 800, 1000 и 1200 динаров.","October 7, 20:00: three works by Svetislav Božić, with clarinettist Aleksandar Tasić as soloist and Aleksandar Kojić conducting. Kolarac, tickets 800, 1000 and 1200 dinars.","Sreda, 7. oktobar, u 20 časova: tri dela Svetislava Božića, solista klarinetista Aleksandar Tasić, diriguje Aleksandar Kojić. Kolarčeva zadužbina, ulaznice 800, 1000 i 1200 dinara.","Новый концерт цикла «Мир сербской музыки» Симфонический оркестр RTS посвящает одному автору: **Светиславу Божичу**, одному из заметных современных сербских композиторов.

В программе три его сочинения:
- «Утреня в Баньской» (Jutrenje u Banjskoj);
- **Концерт для кларнета с оркестром**, солирует Александар Тасич;
- «Исход» (Ishod).

Дирижирует Александар Коич.

Оркестр основан в 1937 году при Радио Белград и считается одним из ведущих симфонических коллективов Сербии. За восемь с лишним десятилетий он выступал с отечественными и мировыми солистами на фестивалях и концертах по всему миру, в репертуаре сербская и мировая музыка.

Цена: 800, 1000 и 1200 динаров.

Организатор: Симфонический оркестр RTS.","The latest concert in the RTS Symphony Orchestra’s World of Serbian Music series is devoted to a single composer: **Svetislav Božić**, one of the prominent contemporary Serbian composers.

The programme features three of his works:
- Jutrenje u Banjskoj (Matins at Banjska);
- **Concerto for Clarinet and Orchestra**, with soloist Aleksandar Tasić;
- Ishod (Exodus).

Aleksandar Kojić conducts.

Founded in 1937 within Radio Belgrade, the orchestra is one of the leading symphonic ensembles in Serbia. Over more than eight decades it has performed with Serbian and international artists at festivals and concerts around the world, with a repertoire spanning Serbian and world music.

Price: 800, 1000 and 1200 dinars.

Organiser: RTS Symphony Orchestra.","Novi koncert ciklusa „Svet srpske muzike“ Simfonijski orkestar RTS posvećuje stvaralaštvu **Svetislava Božića**, jednog od istaknutih savremenih srpskih kompozitora.

Na programu su tri dela iz njegovog opusa:
- „Jutrenje u Banjskoj“;
- **Koncert za klarinet i orkestar**, solista Aleksandar Tasić;
- „Ishod“.

Diriguje Aleksandar Kojić.

Orkestar je osnovan 1937. u okviru Radio Beograda i jedan je od najznačajnijih orkestarskih ansambala u Srbiji. Za više od osam decenija nastupao je sa brojnim domaćim i svetskim umetnicima na festivalima i koncertima širom sveta, a neguje širok repertoar domaće i svetske muzike.

Cene ulaznica: 800, 1000 i 1200 dinara.

Organizator: Simfonijski orkestar RTS.",20:00,800,Zadužbina Ilije M. Kolarca,"Studentski trg 5, Beograd","44.819094,20.456261",https://repertoar.rs/koncerti/simfonijski-orkestar-rts/,repertoar.rs,https://ticketing.kolarac.rs/?041ca823-ef54-463a-8987-e4483573cf86=fea36fda-9020-4de0-937e-c2ab5104e1d6,Simfonijski orkestar RTS,https://sr.wikipedia.org/wiki/Simfonijski_orkestar_RTS,,,,,,"классическая музыка, симфонический оркестр, сербские композиторы, Коларац","classical music, symphony orchestra, Serbian composers, Kolarac","klasična muzika, simfonijski orkestar, srpski kompozitori, Kolarac"
10/7/2026,10/7/2026,9/30/2026,1886,TheaterGroup,Jugoslovensko dramsko pozorište,https://www.jdp.rs/,,TheaterEvent,«Народный депутат»: первая комедия Нушича в постановке Вито Тауфера в ЮДП,Narodni poslanik: Nušić’s first comedy directed by Vito Taufer at the Yugoslav Drama Theatre,„Narodni poslanik“: prva Nušićeva komedija u režiji Vita Taufera u JDP-u,https://raw.githubusercontent.com/newsgl/arsposters/main/1886-NarodniPoslanikPrvaNusicevaKomedijaU.webp,,Theatre,"Лавочник Еврем Прокич рвётся в депутаты любой ценой. Первая комедия Бранислава Нушича в постановке словенца Вито Тауфера, играют Драган Мичанович, Слобода Мичалович и Наташа Нинкович. Сцена «Люба Тадич», начало в 20:00, билеты 700 и 2200 динаров.","Shopkeeper Jevrem Prokić wants a seat in parliament at any price. Branislav Nušić’s first comedy directed by Slovenia’s Vito Taufer, with Dragan Mićanović, Sloboda Mićalović and Nataša Ninković. Ljuba Tadić stage, 20:00, tickets 700 and 2200 dinars.","Jevrem Prokić hoće u poslanike po svaku cenu. Prva Nušićeva komedija u režiji slovenačkog reditelja Vita Taufera, igraju Dragan Mićanović, Sloboda Mićalović i Nataša Ninković. Scena „Ljuba Tadić“, početak u 20 časova, karte 700 i 2200 dinara.","«Народный депутат» **Бранислав Нушич** написал в конце XIX века, это его первая комедия. Еврем Прокич и его жена Павка без образования, воспитания и угрызений совести лезут во власть и готовы ради этого предать самых близких.

Словенский режиссёр **Вито Тауфер** считает пьесу злободневной: по его словам, её писал очень дерзкий молодой человек, который бил в болевые точки и общества, и отдельного человека, и сейчас, когда на глазах разваливаются социальное государство и демократия, трудно не смеяться, если это написал Нушич.

Играют Драган Мичанович, Слобода Мичалович, Срджан Тимаров, Миодраг Драгичевич, Наташа Нинкович, Александар Джурица, Марта Богосавлевич, Горан Шушлик, Зоран Цвиянович, Лазар Джукич, Бранко Видакович и Лазар Николич.

Цена: 700 (балкон) и 2200 динаров (партер).","**Branislav Nušić** wrote Narodni poslanik (The Member of Parliament) at the end of the 19th century as his first comedy. Jevrem Prokić and his wife Pavka, with no education, manners or scruples, push their way towards power and are ready to betray those closest to them to get it.

Slovenian director **Vito Taufer** finds the play painfully current. In his words, it was written by a very cheeky young man who hit the sore spots of society and of the individual, and at a time when the welfare state and democracy are visibly crumbling, it is hard not to laugh when Nušić wrote it.

Cast: Dragan Mićanović, Sloboda Mićalović, Srđan Timarov, Miodrag Dragičević, Nataša Ninković, Aleksandar Đurica, Marta Bogosavljević, Goran Šušljik, Zoran Cvijanović, Lazar Đukić, Branko Vidaković and Lazar Nikolić.

Price: 700 dinars (balcony) and 2200 dinars (stalls).","„Narodnog poslanika“ **Branislav Nušić** napisao je krajem 19. veka i to je njegova prva komedija. Jevrem Prokić i žena mu Pavka, bez obrazovanja, vaspitanja i skrupula, probijaju se ka vlasti i spremni su da zbog nje izdaju najbliže.

Slovenački reditelj **Vito Taufer** kaže da je Nušić i te kako aktuelan danas, kada gledamo kako propadaju socijalna država i demokratija. Komad je, po njegovim rečima, pisao jako bezobrazan mlad čovek koji je zadirao u neuralgične tačke i društva i pojedinca, pa je teško da ne bude smešno.

Igraju Dragan Mićanović, Sloboda Mićalović, Srđan Timarov, Miodrag Dragičević, Nataša Ninković, Aleksandar Đurica, Marta Bogosavljević, Goran Šušljik, Zoran Cvijanović, Lazar Đukić, Branko Vidaković i Lazar Nikolić.

Cena: 700 (balkon) i 2200 dinara (parter).",20:00,700,Jugoslovensko dramsko pozorište,"Kralja Milana 50, 11000 Beograd","44.805332,20.464847",https://repertoar.rs/predstave/narodni-poslanik-jdp/,repertoar.rs,https://www.jdp.rs/,Jugoslovensko dramsko pozorište,https://www.jdp.rs/,,,,,,"театр, комедия, ЮДП, Бранислав Нушич, сербская классика","theatre, comedy, Yugoslav Drama Theatre, Branislav Nušić, Serbian classic","pozorište, komedija, JDP, Branislav Nušić, domaći klasik"
10/11/2026,10/11/2026,9/30/2026,1887,TheaterGroup,Jugoslovensko dramsko pozorište,https://www.jdp.rs/,,TheaterEvent,«Народный депутат»: первая комедия Нушича в постановке Вито Тауфера в ЮДП,Narodni poslanik: Nušić’s first comedy directed by Vito Taufer at the Yugoslav Drama Theatre,„Narodni poslanik“: prva Nušićeva komedija u režiji Vita Taufera u JDP-u,https://raw.githubusercontent.com/newsgl/arsposters/main/1887-NarodniPoslanikPrvaNusicevaKomedijaU.webp,,Theatre,"Лавочник Еврем Прокич рвётся в депутаты любой ценой. Первая комедия Бранислава Нушича в постановке словенца Вито Тауфера, играют Драган Мичанович, Слобода Мичалович и Наташа Нинкович. Сцена «Люба Тадич», начало в 20:00, билеты 700 и 2200 динаров.","Shopkeeper Jevrem Prokić wants a seat in parliament at any price. Branislav Nušić’s first comedy directed by Slovenia’s Vito Taufer, with Dragan Mićanović, Sloboda Mićalović and Nataša Ninković. Ljuba Tadić stage, 20:00, tickets 700 and 2200 dinars.","Jevrem Prokić hoće u poslanike po svaku cenu. Prva Nušićeva komedija u režiji slovenačkog reditelja Vita Taufera, igraju Dragan Mićanović, Sloboda Mićalović i Nataša Ninković. Scena „Ljuba Tadić“, početak u 20 časova, karte 700 i 2200 dinara.","«Народный депутат» **Бранислав Нушич** написал в конце XIX века, это его первая комедия. Еврем Прокич и его жена Павка без образования, воспитания и угрызений совести лезут во власть и готовы ради этого предать самых близких.

Словенский режиссёр **Вито Тауфер** считает пьесу злободневной: по его словам, её писал очень дерзкий молодой человек, который бил в болевые точки и общества, и отдельного человека, и сейчас, когда на глазах разваливаются социальное государство и демократия, трудно не смеяться, если это написал Нушич.

Играют Драган Мичанович, Слобода Мичалович, Срджан Тимаров, Миодраг Драгичевич, Наташа Нинкович, Александар Джурица, Марта Богосавлевич, Горан Шушлик, Зоран Цвиянович, Лазар Джукич, Бранко Видакович и Лазар Николич.

Цена: 700 (балкон) и 2200 динаров (партер).","**Branislav Nušić** wrote Narodni poslanik (The Member of Parliament) at the end of the 19th century as his first comedy. Jevrem Prokić and his wife Pavka, with no education, manners or scruples, push their way towards power and are ready to betray those closest to them to get it.

Slovenian director **Vito Taufer** finds the play painfully current. In his words, it was written by a very cheeky young man who hit the sore spots of society and of the individual, and at a time when the welfare state and democracy are visibly crumbling, it is hard not to laugh when Nušić wrote it.

Cast: Dragan Mićanović, Sloboda Mićalović, Srđan Timarov, Miodrag Dragičević, Nataša Ninković, Aleksandar Đurica, Marta Bogosavljević, Goran Šušljik, Zoran Cvijanović, Lazar Đukić, Branko Vidaković and Lazar Nikolić.

Price: 700 dinars (balcony) and 2200 dinars (stalls).","„Narodnog poslanika“ **Branislav Nušić** napisao je krajem 19. veka i to je njegova prva komedija. Jevrem Prokić i žena mu Pavka, bez obrazovanja, vaspitanja i skrupula, probijaju se ka vlasti i spremni su da zbog nje izdaju najbliže.

Slovenački reditelj **Vito Taufer** kaže da je Nušić i te kako aktuelan danas, kada gledamo kako propadaju socijalna država i demokratija. Komad je, po njegovim rečima, pisao jako bezobrazan mlad čovek koji je zadirao u neuralgične tačke i društva i pojedinca, pa je teško da ne bude smešno.

Igraju Dragan Mićanović, Sloboda Mićalović, Srđan Timarov, Miodrag Dragičević, Nataša Ninković, Aleksandar Đurica, Marta Bogosavljević, Goran Šušljik, Zoran Cvijanović, Lazar Đukić, Branko Vidaković i Lazar Nikolić.

Cena: 700 (balkon) i 2200 dinara (parter).",20:00,700,Jugoslovensko dramsko pozorište,"Kralja Milana 50, 11000 Beograd","44.805332,20.464847",https://repertoar.rs/predstave/narodni-poslanik-jdp/,repertoar.rs,https://www.jdp.rs/,Jugoslovensko dramsko pozorište,https://www.jdp.rs/,,,,,,"театр, комедия, ЮДП, Бранислав Нушич, сербская классика","theatre, comedy, Yugoslav Drama Theatre, Branislav Nušić, Serbian classic","pozorište, komedija, JDP, Branislav Nušić, domaći klasik"
10/7/2026,10/7/2026,9/30/2026,1888,TheaterGroup,Narodno pozorište u Beogradu,https://www.narodnopozoriste.rs/,,TheaterEvent,«Кьоджинские перепалки»: Гольдони в постановке Аны Томович в Народном театре,Ribarske svađe: Goldoni’s fishermen’s comedy staged by Ana Tomović at the National Theatre,Ribarske svađe: Goldonijeva komedija u režiji Ane Tomović u Narodnom pozorištu,https://raw.githubusercontent.com/newsgl/arsposters/main/1888-RibarskeSvadjeGoldonijevaKomedijaUReziji.webp,,Theatre,"Комедия Карло Гольдони о ссоре двух бедных рыбацких семей, прочитанная Аной Томович на фоне экологической катастрофы на море. 7 октября, 20:30, сцена «Раша Плаович», билеты от 300 до 2200 динаров.","Carlo Goldoni’s comedy about a feud between two poor fishing families, read by Ana Tomović against the backdrop of an ecological disaster at sea. 7 October, 20:30, Raša Plaović stage, tickets 300 to 2200 dinars.","Goldonijeva komedija o svađi dve siromašne ribarske porodice, u čitanju Ane Tomović na fonu ekološke katastrofe na moru. 7. oktobar, 20.30, scena „Raša Plaović“, ulaznice od 300 do 2200 dinara.","Гольдони написал эту комедию для венецианского карнавала 1762 года. У нас она известна как «Кьоджинские перепалки», по-сербски называется «Рыбацкие ссоры». Две бедные семьи живут стена к стене в маленьком рыбацком городке, в обеих есть девушки на выданье, и пустяковая ссора под южным ветром вырастает до невероятных размеров.

Режиссёр **Ана Томович** переносит историю в наши дни: берег завален пластиком, крупные компании вытеснили мелких рыбаков, и романтической картинки больше нет. Главным героем становится чиновник, который не наказывает поссорившихся, а пытается понять, в чём их настоящая беда. Смешное и тёплое при этом остаётся на месте, ставка сделана на точные характеры.

Играют Бранислав Томашевич, Ивана Шчепанович, **Тамара Шустич**, Вучич Перович, Йован Йованович, Хаджи Ненад Маричич, Златия Иванович, Ива Миланович, Теодора Драгичевич, Драган Секулич и Недим Незирович. Перевод Иво Тиярдовича, адаптация Аны Томович и Джордже Косича, музыка Ирены Попович. Премьера прошла в июле 2023 года.

Спектакль идёт 1 час 30 минут без антракта.

Билеты от 300 (стоячие) до 2200 динаров.","Goldoni wrote this comedy for the Venice carnival of 1762; it is known in English as The Squabbles of Chioggia. Two poor families live wall to wall in a small fishing town, both have daughters to marry off, and a trivial quarrel fanned by the south wind grows out of all proportion.

Director **Ana Tomović** brings the story into the present: the shore is covered in plastic, big companies have pushed out the small fishermen, and the romantic postcard is gone. The key figure becomes a clerk who does not punish the quarrelling neighbours but tries to understand what is really wrong. The warmth and the laughs stay, built on precise character work.

The cast: Branislav Tomašević, Ivana Šćepanović, **Tamara Šustić**, Vučić Perović, Jovan Jovanović, Hadži Nenad Maričić, Zlatija Ivanović, Iva Milanović, Teodora Dragićević, Dragan Sekulić and Nedim Nezirović. Translation by Ivo Tijardović, adaptation by Ana Tomović and Đorđe Kosić, music by Irena Popović. Premiered in July 2023.

Running time: 1 hour 30 minutes, no interval.

Tickets from 300 (standing) to 2200 dinars.","Goldoni je ovu komediju napisao za venecijanski karneval 1762. Dve siromašne porodice žive zid do zida u malom ribarskom mestu, obe imaju devojke za udaju, i svađa oko sitnice pod jugom koji duva s mora naraste do neslućenih razmera.

Rediteljka **Ana Tomović** priču seli u današnje vreme: obala je zatrpana plastikom, velike kompanije su istisnule male ribare, a romantične razglednice više nema. U prvi plan izlazi činovnik koji posvađane ne kažnjava, već pokušava da shvati u čemu je njihova prava muka. Toplina i smeh ostaju, uz vrlo preciznu karakterizaciju likova.

Igraju Branislav Tomašević, Ivana Šćepanović, **Tamara Šustić**, Vučić Perović, Jovan Jovanović, Hadži Nenad Maričić, Zlatija Ivanović, Iva Milanović, Teodora Dragićević, Dragan Sekulić i Nedim Nezirović. Prevod Iva Tijardovića, adaptacija Ane Tomović i Đorđa Kosića, muzika Irene Popović. Premijera je bila u julu 2023.

Predstava traje 1 sat i 30 minuta, bez pauze.

Ulaznice od 300 (stajanje) do 2200 dinara.",20:30,300,Narodno pozorište u Beogradu,"Francuska 3, 11000 Beograd","44.817006,20.461005",https://repertoar.rs/predstave/ribarske-svadje/,repertoar.rs,https://www.narodnopozoriste.rs/lat/ulaznice/odabir-ulaznica?p=6418,Narodno pozorište u Beogradu,https://www.narodnopozoriste.rs/,,,,,,"театр, комедия, Гольдони, Народный театр, Ана Томович","theatre, comedy, Goldoni, National Theatre, Ana Tomović","pozorište, komedija, Goldoni, Narodno pozorište, Ana Tomović"
10/8/2026,10/8/2026,9/30/2026,1889,Organization,Biblijski kulturni centar,https://domomladine.org/,,EducationEvent,Раннехристианский Сингидунум: трибуна о древнем Белграде в Доме молодёжи,"Singidunum: the Early Christian heritage of ancient Belgrade, a talk at Dom omladine",Tribina „Singidunum: ranohrišćansko nasleđe drevnog Beograda“ u Domu omladine Beograda,https://raw.githubusercontent.com/newsgl/arsposters/main/1889-TribinaSingidunumRanohriscanskoNasledjeD.webp,,Lectures,8 октября в 19:00 теологи и археологи Велибор Мартинович и Йован Благоевич о следах раннего христианства в римском Сингидунуме и саркофаге Ионы. DOB Klub. На сербском языке.,"October 8, 19:00: theologians Velibor Martinović and Jovan Blagojević on traces of early Christianity in Roman Singidunum and the Jonah sarcophagus. DOB Klub. In Serbian.","Četvrtak, 8. oktobar, u 19 časova: Velibor Martinović i Jovan Blagojević o tragovima ranog hrišćanstva u antičkom Singidunumu i Joninom sarkofagu. DOB Klub.","Самый древний христианский артефакт, найденный в Белграде, хранится в бывшем митреуме, святилище соперничавшего с христианством культа Митры. Это **саркофаг Ионы** в лапидарии Белградской крепости, и ему посвящена эта трибуна.

Античный Сингидунум был важным городом и крепостью на римском лимесе. С 86 года здесь стоял легион **IV Flavia Felix**, и присутствие армии сделало город религиозно пёстрым: солдаты часто исповедовали митраизм, и в Сингидунуме известны остатки как минимум двух митреумов, один из них в природной пещере.

Говорят теолог и археолог Велибор Мартинович и теолог Йован Благоевич из Библейского культурного центра, модератор Сергей Беук. Трибуна входит в цикл «Религия, общество, искусство».

Язык: сербский.

Организаторы: Библейский культурный центр и Дом молодёжи Белграда.","The oldest Christian artefact found in Belgrade is kept in a former mithraeum, a shrine of the cult of Mithras that rivalled early Christianity. It is the **Jonah sarcophagus** in the Belgrade Fortress lapidarium, and it is the focus of this talk.

Ancient Singidunum was an important town and fortress on the Roman limes. From 86 AD the **Legio IV Flavia Felix** was stationed here, and the army’s presence made the town religiously diverse: soldiers often followed Mithraism, and remains of at least two mithraea are known in Singidunum, one of them in a natural cave.

Speakers are theologian and archaeologist Velibor Martinović and theologian Jovan Blagojević of the Biblical Cultural Centre, moderated by Sergej Beuk. The talk is part of the series Religion, Society, Art.

Language: Serbian.

Organisers: Biblical Cultural Centre and Dom omladine Beograda.","Najstariji hrišćanski artefakt pronađen u Beogradu čuva se u nekadašnjem mitreumu, svetilištu kulta Mitre koji je bio glavni konkurent ranom hrišćanstvu. To je **Jonin sarkofag** u lapidarijumu Beogradske tvrđave, i njemu je posvećena ova tribina.

Antički Singidunum bio je značajan grad i utvrđenje na rimskom limesu. Od 86. godine ovde je bila stacionirana **Legio IV Flavia Felix**, a prisustvo vojske donelo je i versku raznolikost: vojnici su često bili pripadnici mitraističkog kulta, a u Singidunumu su poznati ostaci najmanje dva mitreuma, od kojih je jedan bio u prirodnoj pećini.

Govore teolog i arheolog Velibor Martinović i teolog Jovan Blagojević iz Biblijskog kulturnog centra, moderator je Sergej Beuk. Tribina je deo ciklusa „Religija, društvo, umetnost“.

Organizatori: Biblijski kulturni centar i Dom omladine Beograda.",19:00,,Dom omladine Beograda,"Makedonska 22, Beograd","44.815407,20.462793",https://domomladine.org/debate/tribina-singidunum-ranohriscansko-naslede-drevnog-beograda/,domomladine.org,https://efinity.rs/,Dom omladine Beograda,https://domomladine.org/,,,,,,"лекция, история Белграда, Сингидунум, раннее христианство, археология","talk, Belgrade history, Singidunum, early Christianity, archaeology","tribina, istorija Beograda, Singidunum, rano hrišćanstvo, arheologija"
10/8/2026,10/8/2026,9/30/2026,1890,TheaterGroup,Teatar Vidik,https://cooltix.rs/event/6ab6abc87638c213f43102a1,,TheaterEvent,«Публике не обязательно знать»: комедия о закулисье в La Variété,Publika to ne mora da zna: a backstage comedy at La Variété,„Publika to ne mora da zna“: komedija o onome iza kulisa u La Variété,https://raw.githubusercontent.com/newsgl/arsposters/main/1890-PublikaToNeMoraDaZna.webp,,Theatre,"Комедия театра Vidik о труппе молодых актёров и режиссёре, одержимом собственным «концептом». Четверг, 8 октября, в 21:00, 70 минут. Билет 1200 динаров. На сербском языке.","Teatar Vidik’s comedy about a group of young actors and a director obsessed with his own “concept”. Thursday 8 October, 21:00, 70 minutes. Ticket 1200 RSD. In Serbian.","Komedija Teatra Vidik o grupi mladih glumaca i reditelju opsednutom sopstvenim „konceptom“. Četvrtak, 8. oktobar, u 21 h, 70 minuta. Karta 1200 dinara.","Что происходит за кулисами, пока публика ждёт, когда поднимут занавес? Комедия «Публике не обязательно знать» возвращается на сцену La Variété в рамках программы «Молодая сцена».

Группа молодых актёров, режиссёр, помешанный на своём «концепте», невозможные условия работы и одно неожиданное происшествие: постановка спектакля превращается в цепочку всё более абсурдных и гротескных ситуаций.

Автор текста **Катарина А. Симович**, режиссёр **Лазар Дубовац**. Играют Никола Тодорович, Яна Рокич, Теодора Алексич, Никола Драгашевич, Никола Сибинович и Илия Благоевич. Спектакль театра Vidik идёт 70 минут.

После покупки билета нужно связаться с La Variété, чтобы забронировать место за столом.

Цена: 1200 динаров.
Язык: сербский.","What happens backstage before the curtain goes up? The comedy Publika to ne mora da zna (The Audience Doesn’t Need to Know) returns to La Variété as part of its Young Stage programme.

A group of young actors, a director obsessed with his own “concept”, impossible working conditions and one unexpected incident turn the making of a play into a string of increasingly absurd and grotesque situations.

Written by **Katarina A. Simović**, directed by **Lazar Dubovac**. Cast: Nikola Todorović, Jana Rokić, Teodora Aleksić, Nikola Dragašević, Nikola Sibinović and Ilija Blagojević. A Teatar Vidik production, 70 minutes.

After buying a ticket, contact La Variété to reserve seating.

Price: 1200 RSD.
Language: Serbian.","Šta se zapravo dešava iza kulisa pre nego što se zavesa podigne? Komedija „Publika to ne mora da zna“ vraća se u La Variété u okviru programa Mlada scena.

Grupa mladih glumaca, reditelj opsednut sopstvenim „konceptom“, nemogući uslovi za rad i jedan neočekivani događaj pretvaraju pravljenje predstave u niz sve apsurdnijih i grotesknijih situacija.

Tekst: **Katarina A. Simović**, režija: **Lazar Dubovac**. Igraju Nikola Todorović, Jana Rokić, Teodora Aleksić, Nikola Dragašević, Nikola Sibinović i Ilija Blagojević. Predstava Teatra Vidik traje 70 minuta.

Posle kupovine karte javite se La Variété radi rezervacije mesta.

Cena: 1200 dinara.",21:00,1200,La Variété,"Francuska 6, 11000 Beograd","44.817685,20.462877",https://cooltix.rs/event/6ab6abc87638c213f43102a1,cooltix.rs,https://cooltix.rs/event/6ab6abc87638c213f43102a1,La Variété,https://cooltix.rs/event/6ab6abc87638c213f43102a1,,,,,,"театр, комедия, La Variété, молодая сцена, Teatar Vidik","theatre, comedy, La Variété, young stage, Teatar Vidik","pozorište, komedija, La Variété, Mlada scena, Teatar Vidik"
10/8/2026,10/8/2026,9/30/2026,1891,Person,Dragan Gaga Popović,https://bgb.rs/dogadjaji/,,EducationEvent,Презентация романа «Горки» Драгана Гаги Поповича в Библиотеке города Белграда,Gorki: presentation of Dragan Gaga Popović’s novel at the Belgrade City Library,Predstavljanje romana „Gorki“ Dragana Gage Popovića u Biblioteci grada Beograda,https://raw.githubusercontent.com/newsgl/arsposters/main/1891-PredstavljanjeRomanaGorkiDraganaGagePopo.webp,,Lectures,"Вечер нового романа Драгана Гаги Поповича с участием критиков, чтением отрывков драматическими актёрами и музыкальной частью. 8 октября в 19:00, Отдел искусства, вход свободный. На сербском языке.","An evening for Dragan Gaga Popović’s new novel with guest speakers, readings by actors and a short music programme. 8 October at 19:00, Art Department, free entry. In Serbian.","Veče posvećeno romanu Dragana Gage Popovića, uz razgovor, čitanje odlomaka i muzički deo. 8. oktobra u 19.00, Odeljenje umetnosti, ulaz slobodan.","Библиотека города Белграда представляет роман **«Горки»** Драгана Гаги Поповича. Вечер пройдёт в Отделе искусства на Кнез Михайловой.

О книге будут говорить Драгица Ужарева, Славица Гароня и Педжа Кресоевич вместе с автором. Фрагменты романа прочитают драматические актёры Нела Михаилович, Зоран Чосич и Борис Пингович, музыкальную часть ведёт Яна Вулинович.

Формат классический для библиотечных презентаций: разговор о тексте, чтение вслух и возможность задать вопросы автору.

На сербском языке.

Вход свободный.

Организатор: Библиотека города Белграда.","The Belgrade City Library presents **Gorki**, a novel by Dragan Gaga Popović, in its Art Department on Knez Mihailova.

Dragica Užareva, Slavica Garonja and Peđa Kresojević will discuss the book together with the author. Actors Nela Mihailović, Zoran Ćosić and Boris Pingović will read excerpts, and Jana Vulinović takes care of the music.

The format is the usual one for library book launches: a conversation about the text, readings and a chance to put questions to the author.

In Serbian.

Free entry.

Organiser: Belgrade City Library.","Biblioteka grada Beograda predstavlja roman **„Gorki“** Dragana Gage Popovića, u Odeljenju umetnosti u Knez Mihailovoj.

O knjizi će uz autora govoriti Dragica Užareva, Slavica Garonja i Peđa Kresojević. Odlomke čitaju dramski umetnici Nela Mihailović, Zoran Ćosić i Boris Pingović, a u muzičkom delu nastupa Jana Vulinović.

Razgovor o knjizi, čitanje i prilika da se autoru postave pitanja.

Ulaz slobodan.

Organizator: Biblioteka grada Beograda.",19:00,0,Biblioteka grada Beograda,"Knez Mihailova 56, Beograd","44.820020,20.453450",https://bgb.rs/dogadjaji/#event_7451,bgb.rs,,Biblioteka grada Beograda,https://bgb.rs/dogadjaji/,,,,,,"книги, презентация книги, литература, Библиотека города Белграда","books, book launch, literature, Belgrade City Library","knjige, promocija knjige, književnost, Biblioteka grada Beograda"
10/8/2026,10/8/2026,9/30/2026,1892,TheaterGroup,Teatar Odeon,https://www.teatarodeon.rs/,,TheaterEvent,«Король цыган»: мюзикл по песням Шабана Байрамовича в Театре Одеон,Kralj cigana: a musical built on Šaban Bajramović’s songs at Teatar Odeon,„Kralj cigana“: mjuzikl po pesmama Šabana Bajramovića u Teatru Odeon,https://raw.githubusercontent.com/newsgl/arsposters/main/1892-KraljCiganaMjuziklPoPesmamaSabana.webp,,Theatre,"Жизнь Шабана Байрамовича, короля ромской музыки, от нищего детства в Нише до Голи-Отока и мировой славы, в песнях и живой музыке. Режиссёр Владимир Лазич, Шабана играют Марко Шабанович и Жарко Димоски. Начало в 19:30, билеты от 800 до 2500 динаров.","The life of Šaban Bajramović, king of Roma music, from a poor childhood to Goli Otok and world fame, told through his songs with a live band. Directed by Vladimir Lazić, with Marko Šabanović and Žarko Dimoski as Šaban. 19:30, tickets 800-2500 dinars.","Život Šabana Bajramovića, kralja romske muzike, od siromaštva i Golog otoka do svetske slave, kroz njegove pesme i živu muziku. Režija Vladimir Lazić, Šabana igraju Marko Šabanović i Žarko Dimoski. Početak u 19.30, karte od 800 do 2500 dinara.","«Пусть рот твой будет открыт не для стона, а только для песни»: так начинается рассказ Шабана Байрамовича о себе в этом мюзикле. **Шабан Байрамович** (1936-2008), певец из Ниша, прошёл через бедность и заключение на Голи-Отоке и стал одним из самых известных исполнителей ромской музыки в мире.

Театр Одеон выпустил мюзикл в декабре 2024 года. Текст написали Елена Милюш и Иван Егорович, режиссёр **Владимир Лазич**, сорежиссёр Сретен Йованович, аранжировки Саши Коваца, хореография Катарины Илияшевич. Песни Шабана звучат вживую: на сцене гитарист Марко Ристич, скрипач Звонко Митрович и барабанщик Элмир Велиев.

Взрослого Шабана играют **Марко Шабанович** или Жарко Димоски, маленького Ибрахим Велиев, отца Ненад Чирич или Димитрие Мита Илич, мать Елена Милюш.

Длительность 1 час 30 минут. На сербском языке.

Цена: от 800 до 2500 динаров.","“Let your mouth be open not for a cry, but only for a song”: that is how Šaban introduces himself in this musical. **Šaban Bajramović** (1936-2008), a singer from Niš, went through poverty and imprisonment on Goli Otok and became one of the best-known voices of Roma music worldwide.

Teatar Odeon premiered the musical in December 2024. Written by Jelena Miljuš and Ivan Jegorović, directed by **Vladimir Lazić** with co-director Sreten Jovanović, arrangements by Saša Kovač and choreography by Katarina Ilijašević. Šaban’s songs are played live by guitarist Marko Ristić, violinist Zvonko Mitrović and drummer Elmir Veliev.

**Marko Šabanović** or Žarko Dimoski play the adult Šaban, Ibrahim Veliev plays him as a boy, Nenad Ćirić or Dimitrije Mita Ilić his father and Jelena Miljuš his mother.

Running time: 1 hour 30 minutes. In Serbian.

Price: 800 to 2500 dinars.","„Neka ti usta budu otvorena ne za jauk, već samo za pesmu“: tako se Šaban predstavlja u ovom mjuziklu. **Šaban Bajramović** (1936-2008), pevač iz Niša, prošao je siromaštvo i Goli otok i postao jedan od najpoznatijih glasova romske muzike u svetu.

Teatar Odeon premijerno je izveo mjuzikl u decembru 2024. Tekst potpisuju Jelena Miljuš i Ivan Jegorović, režiju **Vladimir Lazić**, koreditelj je Sreten Jovanović, aranžmane radi Saša Kovač, koreografiju Katarina Ilijašević. Šabanove pesme sviraju se uživo: na sceni su gitarista Marko Ristić, violinista Zvonko Mitrović i bubnjar Elmir Veliev.

Odraslog Šabana igraju **Marko Šabanović**/Žarko Dimoski, malog Ibrahim Veliev, oca Nenad Ćirić/Dimitrije Mita Ilić, a majku Jelena Miljuš.

Trajanje: sat i 30 minuta.

Cena: od 800 do 2500 dinara.",19:30,800,Teatar Odeon,"Kraljice Natalije 45, Beograd","44.808247,20.462028",https://efinity.rs/event-details/kralj_cigana_32385,efinity.rs,https://bilet.teatarodeon.rs/repertoar.php,Teatar Odeon,https://www.teatarodeon.rs/,,,,,,"мюзикл, Театр Одеон, Шабан Байрамович, ромская музыка, живая музыка","musical, Teatar Odeon, Šaban Bajramović, Roma music, live music","mjuzikl, Teatar Odeon, Šaban Bajramović, romska muzika, muzika uživo"
10/21/2026,10/21/2026,9/30/2026,1893,TheaterGroup,Teatar Odeon,https://www.teatarodeon.rs/,,TheaterEvent,«Король цыган»: мюзикл по песням Шабана Байрамовича в Театре Одеон,Kralj cigana: a musical built on Šaban Bajramović’s songs at Teatar Odeon,„Kralj cigana“: mjuzikl po pesmama Šabana Bajramovića u Teatru Odeon,https://raw.githubusercontent.com/newsgl/arsposters/main/1893-KraljCiganaMjuziklPoPesmamaSabana.webp,,Theatre,"Жизнь Шабана Байрамовича, короля ромской музыки, от нищего детства в Нише до Голи-Отока и мировой славы, в песнях и живой музыке. Режиссёр Владимир Лазич, Шабана играют Марко Шабанович и Жарко Димоски. Начало в 19:30, билеты от 800 до 2500 динаров.","The life of Šaban Bajramović, king of Roma music, from a poor childhood to Goli Otok and world fame, told through his songs with a live band. Directed by Vladimir Lazić, with Marko Šabanović and Žarko Dimoski as Šaban. 19:30, tickets 800-2500 dinars.","Život Šabana Bajramovića, kralja romske muzike, od siromaštva i Golog otoka do svetske slave, kroz njegove pesme i živu muziku. Režija Vladimir Lazić, Šabana igraju Marko Šabanović i Žarko Dimoski. Početak u 19.30, karte od 800 do 2500 dinara.","«Пусть рот твой будет открыт не для стона, а только для песни»: так начинается рассказ Шабана Байрамовича о себе в этом мюзикле. **Шабан Байрамович** (1936-2008), певец из Ниша, прошёл через бедность и заключение на Голи-Отоке и стал одним из самых известных исполнителей ромской музыки в мире.

Театр Одеон выпустил мюзикл в декабре 2024 года. Текст написали Елена Милюш и Иван Егорович, режиссёр **Владимир Лазич**, сорежиссёр Сретен Йованович, аранжировки Саши Коваца, хореография Катарины Илияшевич. Песни Шабана звучат вживую: на сцене гитарист Марко Ристич, скрипач Звонко Митрович и барабанщик Элмир Велиев.

Взрослого Шабана играют **Марко Шабанович** или Жарко Димоски, маленького Ибрахим Велиев, отца Ненад Чирич или Димитрие Мита Илич, мать Елена Милюш.

Длительность 1 час 30 минут. На сербском языке.

Цена: от 800 до 2500 динаров.","“Let your mouth be open not for a cry, but only for a song”: that is how Šaban introduces himself in this musical. **Šaban Bajramović** (1936-2008), a singer from Niš, went through poverty and imprisonment on Goli Otok and became one of the best-known voices of Roma music worldwide.

Teatar Odeon premiered the musical in December 2024. Written by Jelena Miljuš and Ivan Jegorović, directed by **Vladimir Lazić** with co-director Sreten Jovanović, arrangements by Saša Kovač and choreography by Katarina Ilijašević. Šaban’s songs are played live by guitarist Marko Ristić, violinist Zvonko Mitrović and drummer Elmir Veliev.

**Marko Šabanović** or Žarko Dimoski play the adult Šaban, Ibrahim Veliev plays him as a boy, Nenad Ćirić or Dimitrije Mita Ilić his father and Jelena Miljuš his mother.

Running time: 1 hour 30 minutes. In Serbian.

Price: 800 to 2500 dinars.","„Neka ti usta budu otvorena ne za jauk, već samo za pesmu“: tako se Šaban predstavlja u ovom mjuziklu. **Šaban Bajramović** (1936-2008), pevač iz Niša, prošao je siromaštvo i Goli otok i postao jedan od najpoznatijih glasova romske muzike u svetu.

Teatar Odeon premijerno je izveo mjuzikl u decembru 2024. Tekst potpisuju Jelena Miljuš i Ivan Jegorović, režiju **Vladimir Lazić**, koreditelj je Sreten Jovanović, aranžmane radi Saša Kovač, koreografiju Katarina Ilijašević. Šabanove pesme sviraju se uživo: na sceni su gitarista Marko Ristić, violinista Zvonko Mitrović i bubnjar Elmir Veliev.

Odraslog Šabana igraju **Marko Šabanović**/Žarko Dimoski, malog Ibrahim Veliev, oca Nenad Ćirić/Dimitrije Mita Ilić, a majku Jelena Miljuš.

Trajanje: sat i 30 minuta.

Cena: od 800 do 2500 dinara.",19:30,800,Teatar Odeon,"Kraljice Natalije 45, Beograd","44.808247,20.462028",https://efinity.rs/event-details/kralj_cigana_32385,efinity.rs,https://bilet.teatarodeon.rs/repertoar.php,Teatar Odeon,https://www.teatarodeon.rs/,,,,,,"мюзикл, Театр Одеон, Шабан Байрамович, ромская музыка, живая музыка","musical, Teatar Odeon, Šaban Bajramović, Roma music, live music","mjuzikl, Teatar Odeon, Šaban Bajramović, romska muzika, muzika uživo"
10/8/2026,10/8/2026,9/30/2026,1894,TheaterGroup,Zvezdara teatar,https://zvezdarateatar.rs/,,TheaterEvent,«Уна»: Никола Ристановски в спектакле по роману Момо Капора в Звездара театре,Una: Nikola Ristanovski in a play after Momo Kapor’s novel at Zvezdara Theatre,„Una“: Nikola Ristanovski u predstavi po romanu Mome Kapora u Zvezdara teatru,https://raw.githubusercontent.com/newsgl/arsposters/main/1894-UnaNikolaRistanovskiUPredstaviPo.webp,,Theatre,"Роман студентки Уны и профессора Мишела Бабича по книге Момо Капора, в инсценировке Стевана Копривицы и постановке Деяна Пройковского. Премьера сезона 2025/26, играют Никола Ристановски и Магдалена Миятович. Сцена «Бата Стойкович», начало в 19:30, билеты 1500-2200 динаров, 16+.","The affair between student Una and professor Mišel Babić from Momo Kapor’s novel, adapted by Stevan Koprivica and directed by Dejan Projkovski. Premiered in October 2025, with Nikola Ristanovski and Magdalena Mijatović. Bata Stojković stage, 19:30, tickets 1500-2200 dinars, 16+.","Ljubav studentkinje Une i profesora Mišela Babića po romanu Mome Kapora, u dramatizaciji Stevana Koprivice i režiji Dejana Projkovskog. Premijera oktobra 2025, igraju Nikola Ristanovski i Magdalena Mijatović. Scena „Bata Stojković“, početak u 19.30, karte od 1500 do 2200 dinara, 16+.","«Когда я увидел её впервые, у меня остановились часы». Эта фраза из романа **Момо Капора** «Уна» знакома в Сербии почти каждому, кто читал книги о любви. История студентки Уны Воеводич и профессора социологии медиа Мишела Бабича кончается не слишком счастливо, а за любовной линией стоит тема свободы.

Инсценировку написал Стеван Копривица, поставил македонский режиссёр **Деян Пройковски**. Премьера в Звездара театре прошла 12 октября 2025 года. Режиссёр говорит, что во время, когда технологии и перемены вытесняют искренние отношения, такая камерная драма напоминает о подлинности и памяти.

В ролях **Никола Ристановски** (Мишел Бабич), Магдалена Миятович (Уна), Сена Джорович (Ольга, жена Мишела) и Марко Гверо (проректор Дукич). Музыка Горана Трайкоски.

Длительность 120 минут. Спектакль не рекомендован зрителям младше 16 лет.

Цена: 1500, 1800 и 2200 динаров.","“When I first saw her, my watch stopped.” That line from **Momo Kapor**’s novel Una is known to almost every Serbian reader of love stories. The affair between student Una Vojvodić and media sociology professor Mišel Babić does not end well, and beneath the romance lies a story about the human need for freedom.

The stage adaptation is by Stevan Koprivica, directed by Macedonian director **Dejan Projkovski**. It premiered at Zvezdara Theatre on 12 October 2025. Projkovski describes it as an intimate drama about memory and authenticity at a time when technology and constant change crowd out honest relationships.

Cast: **Nikola Ristanovski** (Mišel Babić), Magdalena Mijatović (Una), Sena Đorović (Olga, Mišel’s wife) and Marko Gvero (vice-rector Dukić). Music by Goran Trajkoski.

Running time: 120 minutes. Not suitable for under-16s.

Price: 1500, 1800 and 2200 dinars.","„Kad sam je prvi put video, sat mi je stao.“ Ovu rečenicu iz romana **Mome Kapora** „Una“ zna gotovo svako ko je čitao ljubavne romane. Priča o studentkinji Uni Vojvodić i profesoru sociologije medija Mišelu Babiću nema srećan kraj, a iza ljubavne linije stoji priča o ljudskoj potrebi za slobodom.

Dramatizaciju je napisao Stevan Koprivica, a režirao makedonski reditelj **Dejan Projkovski**. Premijera u Zvezdara teatru bila je 12. oktobra 2025. Reditelj kaže da u vremenu kada tehnologija i promene potiskuju iskrene odnose, ovakva intimna drama podseća koliko je važno sačuvati autentičnost i sećanje.

Igraju **Nikola Ristanovski** (Mišel Babić), Magdalena Mijatović (Una), Sena Đorović (Olga, Mišelova žena) i Marko Gvero (prorektor Dukić). Muzika Goran Trajkoski.

Trajanje: 120 minuta. Predstava nije prikladna za mlađe od 16 godina.

Cena: 1500, 1800 i 2200 dinara.",19:30,1500,Zvezdara teatar,"Milana Rakića 38, 11050 Beograd","44.797660,20.497652",https://repertoar.rs/predstave/predstava-una/,repertoar.rs,https://bilet.zvezdarateatar.rs/scena.php?prostorterminid=2624,Zvezdara teatar,https://zvezdarateatar.rs/,,,16+,,,"театр, драма, Звездара театр, Момо Капор, Никола Ристановски","theatre, drama, Zvezdara Theatre, Momo Kapor, Nikola Ristanovski","pozorište, drama, Zvezdara teatar, Momo Kapor, Nikola Ristanovski"
10/12/2026,10/12/2026,9/30/2026,1895,TheaterGroup,Zvezdara teatar,https://zvezdarateatar.rs/,,TheaterEvent,«Уна»: Никола Ристановски в спектакле по роману Момо Капора в Звездара театре,Una: Nikola Ristanovski in a play after Momo Kapor’s novel at Zvezdara Theatre,„Una“: Nikola Ristanovski u predstavi po romanu Mome Kapora u Zvezdara teatru,https://raw.githubusercontent.com/newsgl/arsposters/main/1895-UnaNikolaRistanovskiUPredstaviPo.webp,,Theatre,"Роман студентки Уны и профессора Мишела Бабича по книге Момо Капора, в инсценировке Стевана Копривицы и постановке Деяна Пройковского. Премьера сезона 2025/26, играют Никола Ристановски и Магдалена Миятович. Сцена «Бата Стойкович», начало в 19:30, билеты 1500-2200 динаров, 16+.","The affair between student Una and professor Mišel Babić from Momo Kapor’s novel, adapted by Stevan Koprivica and directed by Dejan Projkovski. Premiered in October 2025, with Nikola Ristanovski and Magdalena Mijatović. Bata Stojković stage, 19:30, tickets 1500-2200 dinars, 16+.","Ljubav studentkinje Une i profesora Mišela Babića po romanu Mome Kapora, u dramatizaciji Stevana Koprivice i režiji Dejana Projkovskog. Premijera oktobra 2025, igraju Nikola Ristanovski i Magdalena Mijatović. Scena „Bata Stojković“, početak u 19.30, karte od 1500 do 2200 dinara, 16+.","«Когда я увидел её впервые, у меня остановились часы». Эта фраза из романа **Момо Капора** «Уна» знакома в Сербии почти каждому, кто читал книги о любви. История студентки Уны Воеводич и профессора социологии медиа Мишела Бабича кончается не слишком счастливо, а за любовной линией стоит тема свободы.

Инсценировку написал Стеван Копривица, поставил македонский режиссёр **Деян Пройковски**. Премьера в Звездара театре прошла 12 октября 2025 года. Режиссёр говорит, что во время, когда технологии и перемены вытесняют искренние отношения, такая камерная драма напоминает о подлинности и памяти.

В ролях **Никола Ристановски** (Мишел Бабич), Магдалена Миятович (Уна), Сена Джорович (Ольга, жена Мишела) и Марко Гверо (проректор Дукич). Музыка Горана Трайкоски.

Длительность 120 минут. Спектакль не рекомендован зрителям младше 16 лет.

Цена: 1500, 1800 и 2200 динаров.","“When I first saw her, my watch stopped.” That line from **Momo Kapor**’s novel Una is known to almost every Serbian reader of love stories. The affair between student Una Vojvodić and media sociology professor Mišel Babić does not end well, and beneath the romance lies a story about the human need for freedom.

The stage adaptation is by Stevan Koprivica, directed by Macedonian director **Dejan Projkovski**. It premiered at Zvezdara Theatre on 12 October 2025. Projkovski describes it as an intimate drama about memory and authenticity at a time when technology and constant change crowd out honest relationships.

Cast: **Nikola Ristanovski** (Mišel Babić), Magdalena Mijatović (Una), Sena Đorović (Olga, Mišel’s wife) and Marko Gvero (vice-rector Dukić). Music by Goran Trajkoski.

Running time: 120 minutes. Not suitable for under-16s.

Price: 1500, 1800 and 2200 dinars.","„Kad sam je prvi put video, sat mi je stao.“ Ovu rečenicu iz romana **Mome Kapora** „Una“ zna gotovo svako ko je čitao ljubavne romane. Priča o studentkinji Uni Vojvodić i profesoru sociologije medija Mišelu Babiću nema srećan kraj, a iza ljubavne linije stoji priča o ljudskoj potrebi za slobodom.

Dramatizaciju je napisao Stevan Koprivica, a režirao makedonski reditelj **Dejan Projkovski**. Premijera u Zvezdara teatru bila je 12. oktobra 2025. Reditelj kaže da u vremenu kada tehnologija i promene potiskuju iskrene odnose, ovakva intimna drama podseća koliko je važno sačuvati autentičnost i sećanje.

Igraju **Nikola Ristanovski** (Mišel Babić), Magdalena Mijatović (Una), Sena Đorović (Olga, Mišelova žena) i Marko Gvero (prorektor Dukić). Muzika Goran Trajkoski.

Trajanje: 120 minuta. Predstava nije prikladna za mlađe od 16 godina.

Cena: 1500, 1800 i 2200 dinara.",19:30,1500,Zvezdara teatar,"Milana Rakića 38, 11050 Beograd","44.797660,20.497652",https://repertoar.rs/predstave/predstava-una/,repertoar.rs,https://bilet.zvezdarateatar.rs/scena.php?prostorterminid=2624,Zvezdara teatar,https://zvezdarateatar.rs/,,,16+,,,"театр, драма, Звездара театр, Момо Капор, Никола Ристановски","theatre, drama, Zvezdara Theatre, Momo Kapor, Nikola Ristanovski","pozorište, drama, Zvezdara teatar, Momo Kapor, Nikola Ristanovski"
10/22/2026,10/22/2026,9/30/2026,1896,TheaterGroup,Zvezdara teatar,https://zvezdarateatar.rs/,,TheaterEvent,«Уна»: Никола Ристановски в спектакле по роману Момо Капора в Звездара театре,Una: Nikola Ristanovski in a play after Momo Kapor’s novel at Zvezdara Theatre,„Una“: Nikola Ristanovski u predstavi po romanu Mome Kapora u Zvezdara teatru,https://raw.githubusercontent.com/newsgl/arsposters/main/1896-UnaNikolaRistanovskiUPredstaviPo.webp,,Theatre,"Роман студентки Уны и профессора Мишела Бабича по книге Момо Капора, в инсценировке Стевана Копривицы и постановке Деяна Пройковского. Премьера сезона 2025/26, играют Никола Ристановски и Магдалена Миятович. Сцена «Бата Стойкович», начало в 19:30, билеты 1500-2200 динаров, 16+.","The affair between student Una and professor Mišel Babić from Momo Kapor’s novel, adapted by Stevan Koprivica and directed by Dejan Projkovski. Premiered in October 2025, with Nikola Ristanovski and Magdalena Mijatović. Bata Stojković stage, 19:30, tickets 1500-2200 dinars, 16+.","Ljubav studentkinje Une i profesora Mišela Babića po romanu Mome Kapora, u dramatizaciji Stevana Koprivice i režiji Dejana Projkovskog. Premijera oktobra 2025, igraju Nikola Ristanovski i Magdalena Mijatović. Scena „Bata Stojković“, početak u 19.30, karte od 1500 do 2200 dinara, 16+.","«Когда я увидел её впервые, у меня остановились часы». Эта фраза из романа **Момо Капора** «Уна» знакома в Сербии почти каждому, кто читал книги о любви. История студентки Уны Воеводич и профессора социологии медиа Мишела Бабича кончается не слишком счастливо, а за любовной линией стоит тема свободы.

Инсценировку написал Стеван Копривица, поставил македонский режиссёр **Деян Пройковски**. Премьера в Звездара театре прошла 12 октября 2025 года. Режиссёр говорит, что во время, когда технологии и перемены вытесняют искренние отношения, такая камерная драма напоминает о подлинности и памяти.

В ролях **Никола Ристановски** (Мишел Бабич), Магдалена Миятович (Уна), Сена Джорович (Ольга, жена Мишела) и Марко Гверо (проректор Дукич). Музыка Горана Трайкоски.

Длительность 120 минут. Спектакль не рекомендован зрителям младше 16 лет.

Цена: 1500, 1800 и 2200 динаров.","“When I first saw her, my watch stopped.” That line from **Momo Kapor**’s novel Una is known to almost every Serbian reader of love stories. The affair between student Una Vojvodić and media sociology professor Mišel Babić does not end well, and beneath the romance lies a story about the human need for freedom.

The stage adaptation is by Stevan Koprivica, directed by Macedonian director **Dejan Projkovski**. It premiered at Zvezdara Theatre on 12 October 2025. Projkovski describes it as an intimate drama about memory and authenticity at a time when technology and constant change crowd out honest relationships.

Cast: **Nikola Ristanovski** (Mišel Babić), Magdalena Mijatović (Una), Sena Đorović (Olga, Mišel’s wife) and Marko Gvero (vice-rector Dukić). Music by Goran Trajkoski.

Running time: 120 minutes. Not suitable for under-16s.

Price: 1500, 1800 and 2200 dinars.","„Kad sam je prvi put video, sat mi je stao.“ Ovu rečenicu iz romana **Mome Kapora** „Una“ zna gotovo svako ko je čitao ljubavne romane. Priča o studentkinji Uni Vojvodić i profesoru sociologije medija Mišelu Babiću nema srećan kraj, a iza ljubavne linije stoji priča o ljudskoj potrebi za slobodom.

Dramatizaciju je napisao Stevan Koprivica, a režirao makedonski reditelj **Dejan Projkovski**. Premijera u Zvezdara teatru bila je 12. oktobra 2025. Reditelj kaže da u vremenu kada tehnologija i promene potiskuju iskrene odnose, ovakva intimna drama podseća koliko je važno sačuvati autentičnost i sećanje.

Igraju **Nikola Ristanovski** (Mišel Babić), Magdalena Mijatović (Una), Sena Đorović (Olga, Mišelova žena) i Marko Gvero (prorektor Dukić). Muzika Goran Trajkoski.

Trajanje: 120 minuta. Predstava nije prikladna za mlađe od 16 godina.

Cena: 1500, 1800 i 2200 dinara.",19:30,1500,Zvezdara teatar,"Milana Rakića 38, 11050 Beograd","44.797660,20.497652",https://repertoar.rs/predstave/predstava-una/,repertoar.rs,https://bilet.zvezdarateatar.rs/scena.php?prostorterminid=2624,Zvezdara teatar,https://zvezdarateatar.rs/,,,16+,,,"театр, драма, Звездара театр, Момо Капор, Никола Ристановски","theatre, drama, Zvezdara Theatre, Momo Kapor, Nikola Ristanovski","pozorište, drama, Zvezdara teatar, Momo Kapor, Nikola Ristanovski"
10/8/2026,10/8/2026,9/30/2026,1897,TheaterGroup,Narodno pozorište u Beogradu,https://www.narodnopozoriste.rs/,,TheaterEvent,«Нора. Кукольный дом»: Ибсен с Надой Шаргин в Народном театре,Nora (A Doll’s House): Ibsen with Nada Šargin at the National Theatre,Nora: Lutkina kuća: Ibzen sa Nadom Šargin u Narodnom pozorištu,https://raw.githubusercontent.com/newsgl/arsposters/main/1897-NoraLutkinaKucaIbzenSaNadom.webp,,Theatre,"Драма Генрика Ибсена в постановке Татьяны Мандич Ригонат, Нору играет Нада Шаргин. 8 октября, 19:30, Большая сцена, билеты от 300 до 2800 динаров.","Henrik Ibsen’s drama directed by Tatjana Mandić Rigonat, with Nada Šargin as Nora. 8 October, 19:30, main stage, tickets 300 to 2800 dinars.","Drama Henrika Ibzena u režiji Tatjane Mandić Rigonat, Noru igra Nada Šargin. 8. oktobar, 19.30, Velika scena, ulaznice od 300 do 2800 dinara.","В 1898 году Ибсен выступал перед Норвежским обществом за права женщин и неожиданно отказался от звания борца за эти права: по его словам, его занимал вопрос человека вообще. Эту мысль театр ставит эпиграфом к своей «Норе».

Нора Хельмер живёт в уютном доме адвоката Торвальда, растит детей и хранит тайну: когда-то она тайком заняла деньги, чтобы спасти мужа. Когда тайна выходит наружу, Нора видит, что всё это время была куклой в чужом доме, и принимает решение, которое в XIX веке казалось скандальным. Спектакль говорит о свободе личности не меньше, чем о положении женщины.

Персонажи и исполнители: Нора: **Нада Шаргин**, Торвальд: Ненад Стойменович, доктор Ранк: Хаджи Ненад Маричич, Кристина Линде: Катарина Маркович, Крогстад: Горан Евтич, служанка Хелена: Елена Благоевич. Режиссёр и автор адаптации **Татьяна Мандич Ригонат**, перевод Любиши Раича, музыка Ирены Попович Драгович. Премьера прошла в декабре 2021 года.

Спектакль идёт 2 часа без антракта.

Билеты от 300 до 2800 динаров.","In 1898 Ibsen addressed the Norwegian Women’s Rights League and, to everyone’s surprise, declined the title of champion of women’s rights: what interested him, he said, was the problem of the human being in general. The National Theatre uses that idea as a key to its Nora.

Nora Helmer lives in the comfortable home of her husband Torvald, a lawyer, raises their children and keeps a secret: years ago she secretly borrowed money to save his life. When the secret comes out, she realises she has been a doll in someone else’s house all along and makes a decision that scandalised 19th-century audiences. The production is as much about personal freedom as about the position of women.

Cast: **Nada Šargin** as Nora, Nenad Stojmenović as Torvald, Hadži Nenad Maričić as Dr Rank, Katarina Marković as Kristine Linde, Goran Jevtić as Krogstad and Jelena Blagojević as the maid Helene. Directed and adapted by **Tatjana Mandić Rigonat**, translation by Ljubiša Rajić, music by Irena Popović Dragović. Premiered in December 2021.

Running time: 2 hours, no interval.

Tickets from 300 to 2800 dinars.","Ibzen je 1898. govorio pred Norveškim društvom za ženska prava i, na opšte iznenađenje, odrekao se časti borca za ženska prava: njega je, kako je rekao, zanimao problem čoveka uopšte. Tu misao Narodno pozorište uzima kao ključ za svoju Noru.

Nora Helmer živi u udobnom domu advokata Torvalda, podiže decu i čuva tajnu: nekada je potajno pozajmila novac da bi spasla muža. Kada tajna izađe na videlo, shvata da je sve vreme bila lutka u tuđoj kući i donosi odluku koja je u 19. veku bila skandal. Predstava govori o slobodi ličnosti koliko i o položaju žene.

Igraju: **Nada Šargin** (Nora), Nenad Stojmenović (Torvald), Hadži Nenad Maričić (doktor Rank), Katarina Marković (Kristina Linde), Goran Jevtić (Krogstad) i Jelena Blagojević (služavka Helena). Režija i adaptacija **Tatjana Mandić Rigonat**, prevod Ljubiše Rajića, muzika Irene Popović Dragović. Premijera je bila u decembru 2021.

Predstava traje 2 sata, bez pauze.

Ulaznice od 300 do 2800 dinara.",19:30,300,Narodno pozorište u Beogradu,"Francuska 3, 11000 Beograd","44.817006,20.461005",https://repertoar.rs/predstave/nora-lutkina-kuca/,repertoar.rs,https://www.narodnopozoriste.rs/lat/ulaznice/odabir-ulaznica?p=6402,Narodno pozorište u Beogradu,https://www.narodnopozoriste.rs/,,,,,,"театр, драма, Ибсен, Народный театр, Нада Шаргин","theatre, drama, Ibsen, National Theatre, Nada Šargin","pozorište, drama, Ibzen, Narodno pozorište, Nada Šargin"
10/8/2026,10/8/2026,9/30/2026,1898,Person,Vjera Mujović,https://en.wikipedia.org/wiki/Vjera_Mujovi%C4%87,,TheaterEvent,«Маленькое чёрное платье»: камерный спектакль о Коко Шанель в Доме Еврема Груича,Mala crna haljina: an intimate play about Coco Chanel at Jevrem Grujić House,„Mala crna haljina“: kamerna predstava o Koko Šanel u Domu Jevrema Grujića,https://raw.githubusercontent.com/newsgl/arsposters/main/1898-MalaCrnaHaljinaKamernaPredstavaO.webp,,Theatre,"Спектакль о Коко Шанель для 35 зрителей в исторической гостиной дома Груича, после показа бокал шампанского с актрисами. Играют Вера Муйович и Сташа Милованович. 8 октября в 20:00, билет 2400 динаров.","A play about Coco Chanel for just 35 spectators in the historic salon of the Grujić house, followed by a glass of champagne with the actresses. With Vjera Mujović and Staša Milovanović. 8 October at 20:00, tickets 2400 dinars.","Predstava o Koko Šanel za samo 35 gledalaca u istorijskom salonu kuće Grujića, a posle izvođenja čaša šampanjca sa glumicama. Igraju Vjera Mujović i Staša Milovanović. 8. oktobra u 20 časova, karta 2400 dinara.","Действие происходит в номере парижского отеля «Ритц», где Коко Шанель прожила много лет и где умерла. Роль номера играет гостиная **Дома Еврема Груича** на Светогорской, городской особняк конца XIX века, ставший музеем. Зрителей пускают не больше 35 человек, чтобы сохранить салонную атмосферу.

Героиня спектакля прошла путь от швеи до одного из самых влиятельных модельеров XX века и почти 70 лет оставалась на вершине парижской моды. Маленькое чёрное платье, давшее название пьесе, тоже её изобретение.

Текст написала **Вера Муйович**, она же играет в спектакле вместе с молодой актрисой Сташей Милованович. Режиссёр Наташа Радулович. После спектакля гости поднимают бокал шампанского вместе с актрисами.

Цена: 2400 динаров.","The play is set in a room at the Ritz in Paris, where Coco Chanel lived for many years and died. The room is played by the salon of **Jevrem Grujić House** on Svetogorska Street, a late 19th-century townhouse now run as a museum. Audience numbers are capped at 35 to keep the salon atmosphere.

Its heroine rose from seamstress to one of the most influential designers of the 20th century and stayed at the top of Paris fashion for almost 70 years. The little black dress that gives the play its title was her invention too.

The text is by **Vjera Mujović**, who performs it alongside young actress Staša Milovanović, directed by Nataša Radulović. After the show, guests share a glass of champagne with the actresses.

Price: 2400 dinars.","Radnja se dešava u sobi pariskog hotela Ric, u kom je Koko Šanel živela godinama i u kom je umrla. Tu sobu igra salon **Doma Jevrema Grujića** u Svetogorskoj, gradske kuće s kraja 19. veka koja je danas muzej. Broj gledalaca ograničen je na 35, zbog ušuškane salonske atmosfere.

Junakinja je od krojačice postala jedna od najuticajnijih kreatorki 20. veka i skoro 70 godina bila na vrhu pariske mode. Mala crna haljina po kojoj se predstava zove takođe je njeno delo.

Tekst potpisuje **Vjera Mujović**, koja igra zajedno sa mladom glumicom Stašom Milovanović, a režiju Nataša Radulović. Posle predstave gosti nazdravljaju sa glumicama uz čašu šampanjca.

Cena: 2400 dinara.",20:00,2400,Dom Jevrema Grujića,"Svetogorska 17, 11000 Beograd","44.814255,20.467766",https://repertoar.rs/predstave/mala-crna-haljina/,repertoar.rs,https://tickets.rs/event/mala_crna_haljina_28673,Dom Jevrema Grujića,https://en.wikipedia.org/wiki/Vjera_Mujovi%C4%87,,,,,,"театр, камерный спектакль, Дом Еврема Груича, Коко Шанель, мода","theatre, chamber play, Jevrem Grujić House, Coco Chanel, fashion","pozorište, kamerna predstava, Dom Jevrema Grujića, Koko Šanel, moda"
10/9/2026,10/9/2026,9/30/2026,1899,Person,Chris Liebing,https://en.wikipedia.org/wiki/Chris_Liebing,,MusicEvent,Крис Либинг в клубе Kran: немецкий техно-ветеран в Бетон-хале,Chris Liebing at Kran: German techno veteran in Beton Hala,Chris Liebing u Kranu: nemački techno veteran u Beton hali,https://raw.githubusercontent.com/newsgl/arsposters/main/1899-ChrisLiebingUKranuNemackiTechno.webp,,Concerts,"Немецкий техно-диджей Крис Либинг, основатель лейбла CLR, играет в белградском Kran. Пятница, 9 октября, с 23:00. Ранний билет 21,45 евро (2510 динаров).","German techno DJ Chris Liebing, founder of the CLR label, plays Kran in Belgrade. Friday 9 October from 23:00. Early bird 21.45 EUR (2510 RSD).","Nemački techno DJ Chris Liebing, osnivač izdavačke kuće CLR, svira u Kranu. Petak, 9. oktobar, od 23 h. Early bird karta 21,45 evra (2510 dinara).","Техно-сцену Германии 1990-х и 2000-х трудно представить без **Криса Либинга**. Уроженец Гиссена начинал в начале девяностых, в 1999 году основал лейбл **CLR**, играл в Berghain, Fabric, на Ибице в Amnesia и Space.

С 2009 по 2015 год выходил его еженедельный CLR Podcast (315 выпусков), потом появилось шоу AM/FM. В 2018 году он выпустил на Mute альбом **«Burn Slow»**, где спели Гэри Ньюман и Полли Скаттергуд, и показал, что умеет не только жёсткий клубный звук.

В Kran вместе с ним играют Dažbog, Balša, .Paragon и Luka Jukić.

Цена: ранний билет 21,45 евро (2510 динаров).
Организатор: Kran.","It is hard to picture German techno of the 1990s and 2000s without **Chris Liebing**. Born in Giessen, he started in the early nineties, founded the **CLR** label in 1999 and has played Berghain, Fabric, and Amnesia and Space in Ibiza.

His weekly CLR Podcast ran from 2009 to 2015 (315 episodes), followed by the AM/FM show. In 2018 he released the album **Burn Slow** on Mute, featuring Gary Numan and Polly Scattergood, showing a side beyond hard club techno.

At Kran he is joined by Dažbog, Balša, .Paragon and Luka Jukić.

Price: early bird 21.45 EUR (2510 RSD).
Organizer: Kran.","Nemački techno devedesetih i dvehiljaditih teško je zamisliti bez **Chrisa Liebinga**. Rođen u Gisenu, počeo je početkom devedesetih, 1999. osnovao izdavačku kuću **CLR** i svirao u Berghainu, Fabricu, u Amnesiji i Spaceu na Ibici.

Njegov nedeljni CLR Podcast izlazio je od 2009. do 2015. (315 epizoda), a zatim je pokrenuo emisiju AM/FM. Godine 2018. objavio je za Mute album **Burn Slow**, na kojem pevaju Gary Numan i Polly Scattergood.

U Kranu uz njega sviraju Dažbog, Balša, .Paragon i Luka Jukić.

Cena: early bird 21,45 evra (2510 dinara).
Organizator: Kran.",23:00,2510,Kran,"Karađorđeva 2-4 (Beton hala), Beograd","44.819865,20.448431",https://ra.co/events/2548905,ra.co,,Kran,https://en.wikipedia.org/wiki/Chris_Liebing,,,,,,"техно, Kran, Крис Либинг, CLR, клубная ночь","techno, Kran, Chris Liebing, CLR, club night","techno, Kran, Chris Liebing, CLR, žurka"
10/9/2026,10/9/2026,9/30/2026,1900,Person,Sergej Krstić,https://ra.co/events/2549031,,MusicEvent,"Сергей Крстич в Lift: соул, диско и брейкбит","Sergej Krstić at Lift: soul, disco and breakbeat","Sergej Krstić u Liftu: soul, disko i breakbeat",https://raw.githubusercontent.com/newsgl/arsposters/main/1900-SergejKrsticULiftuSoulDisko.webp,,Concerts,"Белградский диджей Сергей Крстич играет соул, диско, хаус, брейкбит и клубную музыку 90-х. Пятница, 9 октября, с 20:00.","Belgrade DJ Sergej Krstić plays soul, disco, house, breakbeat and 90s club sounds. Friday 9 October from 20:00.","Beogradski DJ Sergej Krstić pušta soul, disko, house, breakbeat i klupski zvuk devedesetih. Petak, 9. oktobar, od 20 h.","**Сергей Крстич** играет на белградской сцене с 2019 года и известен эклектичными сетами.

В Lift он возвращается со смесью соула, диско, хауса, брейкбита и клубного звука девяностых. Начало в восемь вечера, так что это скорее разогрев пятницы, чем ночь до утра. Крстич также входит в трио Zora Collective, которое играет в Karmakoma.

Организатор: Lift.","**Sergej Krstić** has been active on the Belgrade DJ scene since 2019 and is known for eclectic sets.

He returns to Lift with a mix of soul, disco, house, breakbeat and 90s club sounds. It starts at 8 pm, more of a Friday warm-up than an all-nighter. Krstić is also one third of Zora Collective, which plays Karmakoma.

Organizer: Lift.","**Sergej Krstić** je na beogradskoj DJ sceni od 2019. i poznat je po eklektičnim setovima.

U Lift se vraća sa miksom soula, diska, housea, breakbeata i klupskog zvuka devedesetih. Počinje u 20 h, pa je to pre zagrevanje za petak nego žurka do jutra. Krstić je i deo trija Zora Collective, koji svira u Karmakomi.

Organizator: Lift.",20:00,,Lift,"Cetinjska 15, 11000 Beograd","44.818014,20.465528",https://ra.co/events/2549031,ra.co,,Lift,https://ra.co/events/2549031,,,,,,"диджей, соул, диско, Lift, брейкбит","DJ set, soul, disco, Lift, breakbeat","DJ set, soul, disko, Lift, breakbeat"
10/9/2026,10/9/2026,9/30/2026,1901,Organization,Biblioteka grada Beograda,https://bgb.rs/,,EducationEvent,«Доситеево перо»: вручение премии детской критики в Библиотеке города Белграда,Dositejevo pero: children’s critics award ceremony at the Belgrade City Library,Svečana dodela nagrada dečje kritike „Dositejevo pero“ u Biblioteci grada Beograda,https://raw.githubusercontent.com/newsgl/arsposters/main/1901-SvecanaDodelaNagradaDecjeKritikeDositeje.webp,,Lectures,"Литературную премию, лауреатов которой выбирает жюри из белградских школьников, вручают писателям в присутствии самих читателей. 9 октября в 11:00, Отдел искусства, вход свободный. На сербском языке.","A literary prize whose winners are chosen by a jury of Belgrade primary school pupils, handed to the authors in front of their young readers. 9 October at 11:00, Art Department, free entry. In Serbian.","Nagrada čije dobitnike biraju učenici beogradskih osnovnih škola uručuje se piscima pred njihovim čitaocima. 9. oktobra u 11.00, Odeljenje umetnosti, ulaz slobodan.","У премии **«Доситеево перо»** необычное жюри: сотни учеников белградских начальных школ. С января по июнь они читают детские книги сербских авторов и сами решают, какие из них лучшие. Премия существует с 1997 года и вручается в двух категориях: для младшего и для старшего школьного возраста.

В этом году дети прочитали 57 книг 13 издательств, вышедших в 2025 году. Среди награждённых сборник рассказов Божидара Пешева «Дневник лесной белки» (первое место в младшей категории) и дебютный подростковый роман-триллер Йованы Сарич «Черная монетка» (второе место в старшей).

На церемонии будут лауреаты и ученики начальных школ, то есть сами члены жюри.

На сербском языке.

Вход свободный.

Организатор: Библиотека города Белграда.","The **Dositejevo pero** award has an unusual jury: hundreds of pupils from Belgrade primary schools. From January to June they read children’s books by Serbian authors and decide for themselves which are the best. The prize dates back to 1997 and has two categories, for younger and older readers.

This year the children read 57 titles from 13 publishers released in 2025. The winners include Božidar Pešev’s illustrated story collection Dnevnik šumske veverice (first place, younger category) and Jovana Sarić’s debut teenage thriller Crni novčić (second place, older category).

The ceremony brings together the award-winning writers and the schoolchildren who voted for them.

In Serbian.

Free entry.

Organiser: Belgrade City Library.","Nagrada **„Dositejevo pero“** ima neobičan žiri: stotine učenika beogradskih osnovnih škola. Od januara do juna oni čitaju knjige domaćih pisaca za decu i sami biraju najbolje. Nagrada se dodeljuje od 1997. godine, u kategorijama za mlađi i stariji uzrast.

Ove godine deca su pročitala 57 naslova 13 izdavača objavljenih tokom 2025. Među nagrađenima su zbirka priča Božidara Peševa „Dnevnik šumske veverice“ (prva nagrada za mlađi uzrast) i debitantski tinejdžerski triler Jovane Sarić „Crni novčić“ (druga nagrada za stariji uzrast).

Na svečanosti su nagrađeni pisci i učenici, članovi dečjeg žirija.

Ulaz slobodan.

Organizator: Biblioteka grada Beograda.",11:00,0,Biblioteka grada Beograda,"Knez Mihailova 56, Beograd","44.820020,20.453450",https://bgb.rs/dogadjaji/#event_7454,bgb.rs,,Biblioteka grada Beograda,https://bgb.rs/dogadjaji/,,,,,,"детская литература, литературная премия, книги, Библиотека города Белграда","children’s literature, literary award, books, Belgrade City Library","književnost za decu, književna nagrada, knjige, Biblioteka grada Beograda"
10/9/2026,10/9/2026,9/30/2026,1902,Person,Jonathan Sklar,https://jonathansklar.uk/,,EducationEvent,«Призраки прошлого возвращаются»: лекция британского психоаналитика Джонатана Склара в Библиотеке города Белграда,The ghosts of the past return to haunt us: a lecture by British psychoanalyst Jonathan Sklar at the Belgrade City Library,„Duhovi prošlosti vraćaju se da nas progone“: predavanje britanskog psihoanalitičara Džonatana Sklara u Biblioteci grada Beograda,https://raw.githubusercontent.com/newsgl/arsposters/main/1902-DuhoviProslostiVracajuSeDaNas.webp,,Lectures,"Лекция о разрушительности и жестокости в рамках цикла трибун Психоаналитического общества Сербии. 9 октября в 19:00, Отдел искусства, вход свободный. На английском языке с переводом на сербский.","A lecture on destruction and cruelty in the talk series of the Psychoanalytic Society of Serbia. 9 October at 19:00, Art Department, free entry. In English with Serbian interpretation.","Predavanje o razaranju i okrutnosti u okviru ciklusa tribina Psihoanalitičkog društva Srbije. 9. oktobra u 19.00, Odeljenje umetnosti, ulaz slobodan. Na engleskom jeziku sa prevodom na srpski.","Почему старые травмы общества снова выходят на поверхность через поколения? Об этом будет говорить **Джонатан Склар**, британский психоаналитик и обучающий аналитик Британского психоаналитического общества.

Склар больше тридцати лет ведёт частную практику в Лондоне, а до этого руководил отделением психотерапии в больницах Кембриджа. Он автор книг «Landscapes of the Dark» и «Dark Times», в которых психоанализ встречается с историей и политикой. С Сербией его связывают годы преподавания: в 2012 году Сербское медицинское общество присвоило ему почётную степень по психотерапии, а с 2016 года он почётный член Психоаналитического общества Сербии.

Тема лекции: разрушительность и жестокость и то, как непроработанное прошлое возвращается.

Лекция на английском языке с переводом на сербский.

Вход свободный.

Организатор: Психоаналитическое общество Сербии, Библиотека города Белграда.","Why do a society’s old traumas resurface generations later? This is the question **Jonathan Sklar**, a British psychoanalyst and training analyst of the British Psychoanalytical Society, brings to Belgrade.

Sklar has been in private practice in London for over thirty years, after heading the psychotherapy department at Cambridge hospitals. He is the author of Landscapes of the Dark and Dark Times, books that bring psychoanalysis together with history and politics. He has taught in Serbia for years: the Serbian Medical Society awarded him an honorary degree in psychotherapy in 2012, and he has been an honorary member of the Psychoanalytic Society of Serbia since 2016.

The lecture deals with destruction and cruelty, and with how an unprocessed past comes back.

In English with Serbian interpretation.

Free entry.

Organisers: Psychoanalytic Society of Serbia, Belgrade City Library.","Zašto se stare traume jednog društva vraćaju posle više generacija? O tome će govoriti **Džonatan Sklar**, britanski psihoanalitičar i analitičar-edukator Britanskog psihoanalitičkog društva.

Sklar više od trideset godina ima privatnu praksu u Londonu, a pre toga je vodio odeljenje psihoterapije u bolnicama u Kembridžu. Autor je knjiga „Landscapes of the Dark“ i „Dark Times“, u kojima se psihoanaliza susreće sa istorijom i politikom. Sa Srbijom je povezan godinama predavanja: Srpsko lekarsko društvo dodelilo mu je 2012. počasnu diplomu iz psihoterapije, a od 2016. je počasni član Psihoanalitičkog društva Srbije.

Tema predavanja su razaranje i okrutnost i način na koji se neprerađena prošlost vraća.

Predavanje je na engleskom jeziku sa prevodom na srpski.

Ulaz slobodan.

Organizator: Psihoanalitičko društvo Srbije, Biblioteka grada Beograda.",19:00,0,Biblioteka grada Beograda,"Knez Mihailova 56, Beograd","44.820020,20.453450",https://bgb.rs/dogadjaji/#event_7457,bgb.rs,,Psihoanalitičko društvo Srbije,https://jonathansklar.uk/,,,,,,"лекция, психоанализ, психология, история, Библиотека города Белграда","lecture, psychoanalysis, psychology, history, Belgrade City Library","predavanje, psihoanaliza, psihologija, istorija, Biblioteka grada Beograda"
10/9/2026,10/9/2026,9/30/2026,1903,TheaterGroup,Teatar Odeon,https://www.teatarodeon.rs/,,TheaterEvent,«Шећерна водица»: мюзикл по культовому фильму 1983 года в Театре «Одеон»,Šećerna vodica: a musical after the cult 1983 film at Teatar Odeon,Šećerna vodica: mjuzikl po kultnom filmu iz 1983. u Teatru Odeon,https://raw.githubusercontent.com/newsgl/arsposters/main/1903-SecernaVodicaMjuziklPoKultnomFilmu.webp,,Theatre,"Мюзикл Бояна Стойчетовича по мотивам югославского фильма «Сахарная водичка»: девушка, которую все зовут Джура, копит на операцию носа и прячется за выдумками. Музыка Новака Ашковича. Начало в 19:30, билеты от 800 до 2500 динаров.","Bojan Stojčetović’s musical after the Yugoslav film Šećerna vodica: a girl everyone calls Đura saves up for a nose job and hides behind invented stories. Music by Novak Ašković. Starts at 19:30, tickets 800 to 2500 dinars.","Mjuzikl Bojana Stojčetovića po motivima kultnog filma: devojka koju svi zovu Đura skuplja novac za operaciju nosa i skriva se iza izmišljotina. Muzika Novak Ašković. Početak u 19.30, ulaznice od 800 do 2500 dinara.","В 1983 году Светислав Прелич снял комедию «Шећерна водица», и Соня Савич получила за главную роль «Золотую арену» в Пуле. Теперь **Театр «Одеон»** превратил эту историю в большой мюзикл и перенёс действие из восьмидесятых в наши дни.

Бранку все зовут Джурой. Она стесняется своего большого носа, растёт без матери, а отец, полковник Родолюб, опекает её как маленькую. От неуверенности она врёт и сочиняет себе жизнь поинтереснее. Деньги на школьную экскурсию Джура тратит на пластическую операцию, пока отец поднимает на поиски чуть ли не армию, а влюблённый в неё Неша ищет её своими путями.

Постановка и адаптация **Бояна Стойчетовича**, пьеса Леона Ковке, музыка Новака Ашковича, хореография Катарины Илияшевич. Песни в спектакле передают внутреннее состояние героини, а танцоры своим движением показывают характеры персонажей. Джура: Анастасия Кнежевич, Неша: Ненад Станоевич, Родолюб: Саша Джурашевич, доктор Дайч: Жарко Димоски.

Цена: от 800 до 2500 динаров.","In 1983 Svetislav Prelić made the comedy Šećerna vodica, and Sonja Savić won the Golden Arena in Pula for the lead role. **Teatar Odeon** has now turned the story into a full-scale musical and moved it from the eighties to the present day.

Branka, known to everyone as Đura, is ashamed of her big nose. She grows up without a mother, and her father, Colonel Rodoljub, treats her like a small child. Insecure, she lies and invents a more interesting life for herself. She spends the money meant for a school trip on a nose job, while her father launches a near-military search and Neša, who loves her as she is, looks for her in his own way.

Directed and adapted by **Bojan Stojčetović**, text by Leon Kovke, music by Novak Ašković, choreography by Katarina Ilijašević. The songs project Đura’s inner state, and the dancers give physical shape to the characters. Cast: Anastasija Knežević (Đura), Nenad Stanojević (Neša), Saša Đurašević (Rodoljub), Žarko Dimoski (Dr Dajč).

Price: 800 to 2500 dinars.","Svetislav Prelić snimio je „Šećernu vodicu“ 1983, a Sonja Savić je za glavnu ulogu dobila Zlatnu arenu u Puli. **Teatar Odeon** je od te priče napravio veliki mjuzikl i radnju preselio iz osamdesetih u današnje vreme.

Branka, koju svi zovu Đura, pati zbog velikog nosa. Odrasla je bez majke, a otac, pukovnik Rodoljub, i dalje je tretira kao malo dete. Iz nesigurnosti laže i izmišlja zanimljiviji život. Novac za ekskurziju troši na operaciju nosa, dok otac pokreće pravu vojnu potragu, a Neša, koji je voli baš takvu, traži je svojim kanalima.

Režija i adaptacija **Bojan Stojčetović**, tekst Leon Kovke, muzika Novak Ašković, koreografija Katarina Ilijašević. Songovi prate Đurino unutrašnje stanje, a plesači pokretom oblikuju likove. Igraju Anastasija Knežević (Đura), Nenad Stanojević (Neša), Saša Đurašević (Rodoljub) i Žarko Dimoski (dr Dajč).

Cena: od 800 do 2500 dinara.",19:30,800,Teatar Odeon,"Kraljice Natalije 45, Beograd","44.808247,20.462028",https://efinity.rs/event-details/secerna_vodica_32386,efinity.rs,https://www.teatarodeon.rs/predstave/secerna-vodica/,Teatar Odeon,https://www.teatarodeon.rs/,,,,,,"мюзикл, Театр Одеон, Шећерна водица, Боян Стойчетович, театр","musical, Teatar Odeon, Šećerna vodica, Bojan Stojčetović, theatre","mjuzikl, Teatar Odeon, Šećerna vodica, Bojan Stojčetović, pozorište"
10/14/2026,10/14/2026,9/30/2026,1904,TheaterGroup,Teatar Odeon,https://www.teatarodeon.rs/,,TheaterEvent,«Шећерна водица»: мюзикл по культовому фильму 1983 года в Театре «Одеон»,Šećerna vodica: a musical after the cult 1983 film at Teatar Odeon,Šećerna vodica: mjuzikl po kultnom filmu iz 1983. u Teatru Odeon,https://raw.githubusercontent.com/newsgl/arsposters/main/1904-SecernaVodicaMjuziklPoKultnomFilmu.webp,,Theatre,"Мюзикл Бояна Стойчетовича по мотивам югославского фильма «Сахарная водичка»: девушка, которую все зовут Джура, копит на операцию носа и прячется за выдумками. Музыка Новака Ашковича. Начало в 19:30, билеты от 800 до 2500 динаров.","Bojan Stojčetović’s musical after the Yugoslav film Šećerna vodica: a girl everyone calls Đura saves up for a nose job and hides behind invented stories. Music by Novak Ašković. Starts at 19:30, tickets 800 to 2500 dinars.","Mjuzikl Bojana Stojčetovića po motivima kultnog filma: devojka koju svi zovu Đura skuplja novac za operaciju nosa i skriva se iza izmišljotina. Muzika Novak Ašković. Početak u 19.30, ulaznice od 800 do 2500 dinara.","В 1983 году Светислав Прелич снял комедию «Шећерна водица», и Соня Савич получила за главную роль «Золотую арену» в Пуле. Теперь **Театр «Одеон»** превратил эту историю в большой мюзикл и перенёс действие из восьмидесятых в наши дни.

Бранку все зовут Джурой. Она стесняется своего большого носа, растёт без матери, а отец, полковник Родолюб, опекает её как маленькую. От неуверенности она врёт и сочиняет себе жизнь поинтереснее. Деньги на школьную экскурсию Джура тратит на пластическую операцию, пока отец поднимает на поиски чуть ли не армию, а влюблённый в неё Неша ищет её своими путями.

Постановка и адаптация **Бояна Стойчетовича**, пьеса Леона Ковке, музыка Новака Ашковича, хореография Катарины Илияшевич. Песни в спектакле передают внутреннее состояние героини, а танцоры своим движением показывают характеры персонажей. Джура: Анастасия Кнежевич, Неша: Ненад Станоевич, Родолюб: Саша Джурашевич, доктор Дайч: Жарко Димоски.

Цена: от 800 до 2500 динаров.","In 1983 Svetislav Prelić made the comedy Šećerna vodica, and Sonja Savić won the Golden Arena in Pula for the lead role. **Teatar Odeon** has now turned the story into a full-scale musical and moved it from the eighties to the present day.

Branka, known to everyone as Đura, is ashamed of her big nose. She grows up without a mother, and her father, Colonel Rodoljub, treats her like a small child. Insecure, she lies and invents a more interesting life for herself. She spends the money meant for a school trip on a nose job, while her father launches a near-military search and Neša, who loves her as she is, looks for her in his own way.

Directed and adapted by **Bojan Stojčetović**, text by Leon Kovke, music by Novak Ašković, choreography by Katarina Ilijašević. The songs project Đura’s inner state, and the dancers give physical shape to the characters. Cast: Anastasija Knežević (Đura), Nenad Stanojević (Neša), Saša Đurašević (Rodoljub), Žarko Dimoski (Dr Dajč).

Price: 800 to 2500 dinars.","Svetislav Prelić snimio je „Šećernu vodicu“ 1983, a Sonja Savić je za glavnu ulogu dobila Zlatnu arenu u Puli. **Teatar Odeon** je od te priče napravio veliki mjuzikl i radnju preselio iz osamdesetih u današnje vreme.

Branka, koju svi zovu Đura, pati zbog velikog nosa. Odrasla je bez majke, a otac, pukovnik Rodoljub, i dalje je tretira kao malo dete. Iz nesigurnosti laže i izmišlja zanimljiviji život. Novac za ekskurziju troši na operaciju nosa, dok otac pokreće pravu vojnu potragu, a Neša, koji je voli baš takvu, traži je svojim kanalima.

Režija i adaptacija **Bojan Stojčetović**, tekst Leon Kovke, muzika Novak Ašković, koreografija Katarina Ilijašević. Songovi prate Đurino unutrašnje stanje, a plesači pokretom oblikuju likove. Igraju Anastasija Knežević (Đura), Nenad Stanojević (Neša), Saša Đurašević (Rodoljub) i Žarko Dimoski (dr Dajč).

Cena: od 800 do 2500 dinara.",19:30,800,Teatar Odeon,"Kraljice Natalije 45, Beograd","44.808247,20.462028",https://efinity.rs/event-details/secerna_vodica_32386,efinity.rs,https://www.teatarodeon.rs/predstave/secerna-vodica/,Teatar Odeon,https://www.teatarodeon.rs/,,,,,,"мюзикл, Театр Одеон, Шећерна водица, Боян Стойчетович, театр","musical, Teatar Odeon, Šećerna vodica, Bojan Stojčetović, theatre","mjuzikl, Teatar Odeon, Šećerna vodica, Bojan Stojčetović, pozorište"
10/30/2026,10/30/2026,9/30/2026,1905,TheaterGroup,Teatar Odeon,https://www.teatarodeon.rs/,,TheaterEvent,«Шећерна водица»: мюзикл по культовому фильму 1983 года в Театре «Одеон»,Šećerna vodica: a musical after the cult 1983 film at Teatar Odeon,Šećerna vodica: mjuzikl po kultnom filmu iz 1983. u Teatru Odeon,https://raw.githubusercontent.com/newsgl/arsposters/main/1905-SecernaVodicaMjuziklPoKultnomFilmu.webp,,Theatre,"Мюзикл Бояна Стойчетовича по мотивам югославского фильма «Сахарная водичка»: девушка, которую все зовут Джура, копит на операцию носа и прячется за выдумками. Музыка Новака Ашковича. Начало в 19:30, билеты от 800 до 2500 динаров.","Bojan Stojčetović’s musical after the Yugoslav film Šećerna vodica: a girl everyone calls Đura saves up for a nose job and hides behind invented stories. Music by Novak Ašković. Starts at 19:30, tickets 800 to 2500 dinars.","Mjuzikl Bojana Stojčetovića po motivima kultnog filma: devojka koju svi zovu Đura skuplja novac za operaciju nosa i skriva se iza izmišljotina. Muzika Novak Ašković. Početak u 19.30, ulaznice od 800 do 2500 dinara.","В 1983 году Светислав Прелич снял комедию «Шећерна водица», и Соня Савич получила за главную роль «Золотую арену» в Пуле. Теперь **Театр «Одеон»** превратил эту историю в большой мюзикл и перенёс действие из восьмидесятых в наши дни.

Бранку все зовут Джурой. Она стесняется своего большого носа, растёт без матери, а отец, полковник Родолюб, опекает её как маленькую. От неуверенности она врёт и сочиняет себе жизнь поинтереснее. Деньги на школьную экскурсию Джура тратит на пластическую операцию, пока отец поднимает на поиски чуть ли не армию, а влюблённый в неё Неша ищет её своими путями.

Постановка и адаптация **Бояна Стойчетовича**, пьеса Леона Ковке, музыка Новака Ашковича, хореография Катарины Илияшевич. Песни в спектакле передают внутреннее состояние героини, а танцоры своим движением показывают характеры персонажей. Джура: Анастасия Кнежевич, Неша: Ненад Станоевич, Родолюб: Саша Джурашевич, доктор Дайч: Жарко Димоски.

Цена: от 800 до 2500 динаров.","In 1983 Svetislav Prelić made the comedy Šećerna vodica, and Sonja Savić won the Golden Arena in Pula for the lead role. **Teatar Odeon** has now turned the story into a full-scale musical and moved it from the eighties to the present day.

Branka, known to everyone as Đura, is ashamed of her big nose. She grows up without a mother, and her father, Colonel Rodoljub, treats her like a small child. Insecure, she lies and invents a more interesting life for herself. She spends the money meant for a school trip on a nose job, while her father launches a near-military search and Neša, who loves her as she is, looks for her in his own way.

Directed and adapted by **Bojan Stojčetović**, text by Leon Kovke, music by Novak Ašković, choreography by Katarina Ilijašević. The songs project Đura’s inner state, and the dancers give physical shape to the characters. Cast: Anastasija Knežević (Đura), Nenad Stanojević (Neša), Saša Đurašević (Rodoljub), Žarko Dimoski (Dr Dajč).

Price: 800 to 2500 dinars.","Svetislav Prelić snimio je „Šećernu vodicu“ 1983, a Sonja Savić je za glavnu ulogu dobila Zlatnu arenu u Puli. **Teatar Odeon** je od te priče napravio veliki mjuzikl i radnju preselio iz osamdesetih u današnje vreme.

Branka, koju svi zovu Đura, pati zbog velikog nosa. Odrasla je bez majke, a otac, pukovnik Rodoljub, i dalje je tretira kao malo dete. Iz nesigurnosti laže i izmišlja zanimljiviji život. Novac za ekskurziju troši na operaciju nosa, dok otac pokreće pravu vojnu potragu, a Neša, koji je voli baš takvu, traži je svojim kanalima.

Režija i adaptacija **Bojan Stojčetović**, tekst Leon Kovke, muzika Novak Ašković, koreografija Katarina Ilijašević. Songovi prate Đurino unutrašnje stanje, a plesači pokretom oblikuju likove. Igraju Anastasija Knežević (Đura), Nenad Stanojević (Neša), Saša Đurašević (Rodoljub) i Žarko Dimoski (dr Dajč).

Cena: od 800 do 2500 dinara.",19:30,800,Teatar Odeon,"Kraljice Natalije 45, Beograd","44.808247,20.462028",https://efinity.rs/event-details/secerna_vodica_32386,efinity.rs,https://www.teatarodeon.rs/predstave/secerna-vodica/,Teatar Odeon,https://www.teatarodeon.rs/,,,,,,"мюзикл, Театр Одеон, Шећерна водица, Боян Стойчетович, театр","musical, Teatar Odeon, Šećerna vodica, Bojan Stojčetović, theatre","mjuzikl, Teatar Odeon, Šećerna vodica, Bojan Stojčetović, pozorište"
10/9/2026,10/9/2026,9/30/2026,1906,TheaterGroup,Pinecone Teatar,https://efinity.rs/event-details/tesla_svetlost_senke_32151,,TheaterEvent,«Тесла: свет тени»: иммерсивный спектакль о Николе Тесле в Pinecone,"Tesla: Light of the Shadow, an immersive play about Nikola Tesla at Pinecone","Tesla: Svetlost senke, imerzivna predstava o Nikoli Tesli u Pinecone teatru",https://raw.githubusercontent.com/newsgl/arsposters/main/1906-TeslaSvetlostSenkeImerzivnaPredstavaO.webp,,Theatre,"9 октября в 19:00 иммерсивный спектакль Pinecone Teatra по тексту Зорицы Томич: зрители ходят по пространству вместе с актёрами. Билет с двумя напитками 3960 динаров, «золотой» с коктейлем и книгой 4369 динаров.","October 9 at 19:00: Pinecone Theatre’s immersive play based on a text by Zorica Tomić, where the audience moves through the space with the actors. Ticket with two drinks 3960 dinars, gold ticket with a cocktail and the book 4369 dinars.","9. oktobra u 19.00 imerzivna predstava Pinecone teatra po tekstu Zorice Tomić, u kojoj publika prolazi kroz prostor zajedno sa glumcima. Ulaznica sa dva pića 3960 dinara, zlatna sa koktelom i knjigom 4369 dinara.","Здесь нет зрительного зала: публика входит в пространство спектакля, перемещается по нему и оказывается рядом с героями. Мест на каждом показе мало, на премьере в апреле 2026 года их было около двадцати пяти.

«Тесла: свет тени» не пересказывает биографию по датам и открытиям. Текст профессора **Зорицы Томич** ведёт по внутреннему миру изобретателя: его одиночеству, дисциплине, видениям и сомнениям. Режиссёр, сценограф и художник по костюмам **Джурджина Самарджич**, автор проекта и продюсер Йована Радованович.

Играют Любомир Булаич, Милена Дракулич, Андреа Ржаничанин, Иван Заблачански, Милица Майкич, Ивана Еленкович и Бард Крсто Племич.

Цена: обычный билет с двумя напитками 3960 динаров; «золотой» (два напитка, коктейль в баре и книга Зорицы Томич) 4369 динаров; пакет на двоих 7999 динаров.

Организатор: Immersive world production.","There is no auditorium here: the audience enters the space of the performance, moves through it and ends up next to the characters. Each show has very few places; at the April 2026 premiere there were about twenty-five.

Tesla: Light of the Shadow does not retell his life as a list of dates and inventions. The text by Professor **Zorica Tomić** leads through the inventor’s inner world: his solitude, discipline, visions and doubts. Direction, set and costumes by **Đurđina Samardžić**; project author and producer Jovana Radovanović.

Cast: Ljubomir Bulajić, Milena Drakulić, Andrea Ržaničanin, Ivan Zablaćanski, Milica Majkić, Ivana Jelenković and Bard Krsto Plemić.

Price: standard ticket with two drinks 3960 dinars; gold ticket (two drinks, a bar cocktail and Zorica Tomić’s book) 4369 dinars; package for two 7999 dinars.

Organizer: Immersive world production.","Ovde nema gledališta: publika ulazi u prostor predstave, kreće se kroz njega i nađe se tik uz likove. Broj mesta je strogo ograničen, na premijeri u aprilu 2026. bilo ih je oko dvadeset pet po izvođenju.

„Tesla: Svetlost senke“ ne prepričava život kroz datume i otkrića. Tekst prof. dr **Zorice Tomić** vodi kroz unutrašnji svet pronalazača: samoću, disciplinu, vizije i dileme. Režija, scenografija i kostim **Đurđina Samardžić**, autorka projekta i producentkinja Jovana Radovanović.

Igraju Ljubomir Bulajić, Milena Drakulić, Andrea Ržaničanin, Ivan Zablaćanski, Milica Majkić, Ivana Jelenković i Bard Krsto Plemić.

Cena: regularna ulaznica sa dva pića 3960 dinara; zlatna (dva pića, koktel u baru i knjiga Zorice Tomić) 4369 dinara; paket za dve osobe 7999 dinara.

Organizator: Immersive world production.",19:00,3960,Pinecone Bar & Theater,"Vladete Jerotića 5, Beograd","44.815007,20.471727",https://efinity.rs/event-details/tesla_svetlost_senke_32151,efinity.rs,https://efinity.rs/event-details/tesla_svetlost_senke_32151,Immersive world production,https://efinity.rs/event-details/tesla_svetlost_senke_32151,,,,,,"иммерсивный театр, Никола Тесла, Pinecone, Зорица Томич, театр","immersive theatre, Nikola Tesla, Pinecone, Zorica Tomić, theatre","imerzivno pozorište, Nikola Tesla, Pinecone, Zorica Tomić, pozorište"
10/9/2026,10/9/2026,9/30/2026,1907,TheaterGroup,Jugoslovensko dramsko pozorište,https://www.jdp.rs/,,TheaterEvent,«Эльдорадо»: Мариус фон Майенбург в постановке Велько Мичуновича в ЮДП,Eldorado: Marius von Mayenburg staged by Veljko Mićunović at the Yugoslav Drama Theatre,Eldorado: Marijus fon Majenburg u režiji Veljka Mićunovića u JDP-u,https://raw.githubusercontent.com/newsgl/arsposters/main/1907-EldoradoMarijusFonMajenburgUReziji.webp,,Theatre,"9 октября в 20:00 на Большой сцене «Люба Тадич» Югославского драматического театра: пьеса немецкого драматурга о бизнесе, для которого всё измеряется прибылью. Билеты 500 и 1200 динаров.",October 9 at 20:00 on the Ljuba Tadić main stage of the Yugoslav Drama Theatre: a German play about a business that measures everything in profit. Tickets 500 and 1200 dinars.,9. oktobra u 20.00 na Velikoj sceni „Ljuba Tadić“ JDP-a: drama nemačkog pisca o biznisu koji sve meri profitom. Ulaznice 500 i 1200 dinara.,"**Мариус фон Майенбург**, драматург берлинского театра «Шаубюне» и постоянный соавтор Томаса Остермайера, до «Эльдорадо» в Сербии не ставился. Премьера в ЮДП прошла в марте 2025 года.

По словам режиссёра **Велько Мичуновича**, пьеса показывает «отшлифованный капитализм», где пространство меряют построенными квадратными метрами, а бизнес не может остановиться. На этом фоне разворачивается частная история одной семьи и нескольких людей вокруг неё. Герои сначала выглядят отрицательными, но постепенно каждый узнаёт свою долю ответственности.

Для Мичуновича это первая работа на Большой сцене ЮДП, театра, где он в 2007 году защищал дипломный спектакль. Антона играет Никола Ракочевич, с ним Наташа Нинкович, Горан Шушлик, Миодраг Драгичевич, Ивана Вукович и Марта Богосавлевич. Перевод Елены Костич Томович, драматург Слободан Обрадович.

Цена: 500 и 1200 динаров.","**Marius von Mayenburg**, dramaturg of Berlin’s Schaubühne and a long-time collaborator of Thomas Ostermeier, had never been staged in Serbia before Eldorado. The Yugoslav Drama Theatre premiered it in March 2025.

Director **Veljko Mićunović** describes the play as a picture of polished capitalism, where space is measured in square metres built and business cannot afford to stop. Against that backdrop runs the private story of one family and a few people around it. The characters first come across as villains, then each recognises a share of responsibility.

It is Mićunović’s first production on the JDP main stage, in the house where he staged his graduation play in 2007. Nikola Rakočević plays Anton, alongside Nataša Ninković, Goran Šušljik, Miodrag Dragičević, Ivana Vuković and Marta Bogosavljević. Translation by Jelena Kostić Tomović, dramaturgy by Slobodan Obradović.

Price: 500 and 1200 dinars.","**Marijus fon Majenburg**, dramaturg berlinske Šaubine i dugogodišnji saradnik Tomasa Ostermajera, pre „Eldorada“ nije igran na našim scenama. Premijera u JDP-u bila je u martu 2025.

Reditelj **Veljko Mićunović** kaže da komad nudi sliku brušenog kapitalizma, u kome se prostor meri izgrađenim kvadratima, a biznis ne sme da stane. U tom okviru odvija se intimna priča jedne porodice i nekolicine ljudi oko nje. Junaci na početku deluju kao negativci, a onda svako prepoznaje sopstvenu odgovornost.

Ovo je Mićunovićeva prva režija na Velikoj sceni JDP-a, kuće u kojoj je 2007. diplomirao. Antona igra Nikola Rakočević, a tu su i Nataša Ninković, Goran Šušljik, Miodrag Dragičević, Ivana Vuković i Marta Bogosavljević. Prevod Jelena Kostić Tomović, dramaturg Slobodan Obradović.

Cena: 500 i 1200 dinara.",20:00,500,Jugoslovensko dramsko pozorište,"Kralja Milana 50, 11000 Beograd","44.805332,20.464847",https://repertoar.rs/predstave/eldorado/,repertoar.rs,https://www.jdp.rs/,Jugoslovensko dramsko pozorište,https://www.jdp.rs/,,,,,,"театр, ЮДП, Майенбург, Велько Мичунович, драма","theatre, JDP, Mayenburg, Veljko Mićunović, drama","pozorište, JDP, Majenburg, Veljko Mićunović, drama"
10/10/2026,10/10/2026,9/30/2026,1908,Person,Timbe,https://ra.co/events/2549034,,MusicEvent,"Timbe в Lift: хип-хоп, R&B, фанк и соул","Timbe at Lift: hip-hop, R&B, funk and soul","Timbe u Liftu: hip-hop, R&B, fank i soul",https://raw.githubusercontent.com/newsgl/arsposters/main/1908-TimbeULiftuHipHopR.webp,,Concerts,"Диджей Timbe возвращается за пульт Lift с подборкой хип-хопа, R&B, фанка и соула. Суббота, 10 октября, с 20:00.","DJ Timbe returns to the Lift booth with a selection of hip-hop, R&B, funk and soul. Saturday 10 October from 20:00.","DJ Timbe se vraća za pult Lifta sa selekcijom hip-hopa, R&B-ja, fanka i soula. Subota, 10. oktobar, od 20 h.","Субботний вечер в Lift на Цетиньской отдан грувовой музыке без электронного прямого ритма.

**Timbe** уже играл здесь и возвращается с сетом, который проходит через хип-хоп, R&B, фанк и соул. Начало в восемь вечера.

Организатор: Lift.","Saturday evening at Lift on Cetinjska belongs to groove-based music rather than four-to-the-floor electronics.

**Timbe** has played here before and returns with a set moving through hip-hop, R&B, funk and soul. Starts at 8 pm.

Organizer: Lift.","Subotnje veče u Liftu u Cetinjskoj pripada groove muzici, a ne ravnom elektronskom ritmu.

**Timbe** je već svirao ovde i vraća se sa setom koji ide kroz hip-hop, R&B, fank i soul. Početak u 20 h.

Organizator: Lift.",20:00,,Lift,"Cetinjska 15, 11000 Beograd","44.818014,20.465528",https://ra.co/events/2549034,ra.co,,Lift,https://ra.co/events/2549034,,,,,,"хип-хоп, R&B, фанк, соул, Lift","hip-hop, R&B, funk, soul, Lift","hip-hop, R&B, fank, soul, Lift"
10/10/2026,10/10/2026,9/30/2026,1909,Person,Isidora Vlček,https://cooltix.rs/event/6ab6ac692d8ef42d53a1f206,,TheaterEvent,«Только сырое»: автобиографический моноспектакль Исидоры Влчек в La Variété,Samo sirovo: Isidora Vlček’s autobiographical one-woman show at La Variété,„Samo sirovo“: autobiografski one woman show Isidore Vlček u La Variété,https://raw.githubusercontent.com/newsgl/arsposters/main/1909-SamoSirovoAutobiografskiOneWomanShow.webp,,Theatre,"Актриса Исидора Влчек о тридцати годах, мужчинах, браке, Тиндере и жизни в женском теле: стендап, исповедь и песни. Суббота, 10 октября, в 21:00. Билет 1500 динаров. На сербском языке.","Actress Isidora Vlček on turning thirty, men, marriage, Tinder and life in a woman’s body: stand-up, confession and songs. Saturday 10 October, 21:00. Ticket 1500 RSD. In Serbian.","Glumica Isidora Vlček o ulasku u tridesete, muškarcima, braku, Tinderu i životu u ženskom telu: stand-up, ispovest i pesme. Subota, 10. oktobar, u 21 h. Karta 1500 dinara.","О чём женщины думают, но редко говорят вслух? **Исидора Влчек** вынесла это на сцену в автобиографическом моноспектакле «Только сырое».

Тридцатилетие, мужчины, брак, дети, килограммы, Тиндер и чужие ожидания. Влчек соединяет ритм стендапа, личную исповедь и песни, а за смехом остаются вопросы, знакомые многим: что мы выбираем сами и почему при разных жизнях у нас одни и те же страхи.

Исидора Влчек окончила Академию искусств в Нови-Саде по актёрскому мастерству, играет в театрах Воеводины, снимается в кино и сериалах. Текст она написала сама при участии Славицы Люич, музыку с Неманей Трайковичем; тексты песен «Imam vremena» и «Će vidimo» написала Мария Кукич.

После покупки билета нужно связаться с La Variété, чтобы забронировать место.

Цена: 1500 динаров, комплект 2000 динаров.
Язык: сербский.","What do women think about but rarely say out loud? **Isidora Vlček** put it on stage in her autobiographical one-woman show Samo sirovo (Just Raw).

Turning thirty, men, marriage, children, weight, Tinder and other people’s expectations. Vlček blends stand-up rhythm, personal confession and songs, and behind the laughs are questions many will recognise: how much we really choose, and why different lives share the same fears.

Vlček graduated in acting from the Academy of Arts in Novi Sad, performs in theatres across Vojvodina and works in film and TV. She wrote the text with Slavica Ljujić and the music with Nemanja Trajković; lyrics for “Imam vremena” and “Će vidimo” are by Marija Kukić.

After buying a ticket, contact La Variété to reserve seating.

Price: 1500 RSD, bundle 2000 RSD.
Language: Serbian.","O čemu žene misle, a retko govore naglas? **Isidora Vlček** je to iznela na scenu u autobiografskom one woman showu „Samo sirovo“.

Ulazak u tridesete, muškarci, brak, deca, kilogrami, Tinder i tuđa očekivanja. Vlček spaja ritam stand-upa, ličnu ispovest i muziku, a iza smeha ostaju pitanja poznata mnogima: koliko toga zaista biramo i zašto nas, uprkos različitim životima, muče iste stvari.

Isidora Vlček je diplomirala glumu na Akademiji umetnosti u Novom Sadu, igra u pozorištima širom Vojvodine i snima filmove i serije. Tekst je pisala uz asistenciju Slavice Ljujić, muziku sa Nemanjom Trajkovićem, a tekstove songova „Imam vremena“ i „Će vidimo“ potpisuje Marija Kukić.

Posle kupovine karte javite se La Variété radi rezervacije mesta.

Cena: 1500 dinara, bundle 2000 dinara.",21:00,1500,La Variété,"Francuska 6, 11000 Beograd","44.817685,20.462877",https://cooltix.rs/event/6ab6ac692d8ef42d53a1f206,cooltix.rs,https://cooltix.rs/event/6ab6ac692d8ef42d53a1f206,La Variété,https://cooltix.rs/event/6ab6ac692d8ef42d53a1f206,,,,,,"моноспектакль, стендап, La Variété, Исидора Влчек, театр","one-woman show, stand-up, La Variété, Isidora Vlček, theatre","one woman show, stand-up, La Variété, Isidora Vlček, pozorište"
10/10/2026,10/10/2026,9/30/2026,1910,Organization,Isha Foundation,https://isha.sadhguru.org/,,EducationEvent,Йога для психического здоровья: бесплатное занятие Isha Foundation в посольстве Индии,Yoga for Mental Health: free Isha Foundation session at the Embassy of India,Joga za mentalno zdravlje: besplatna sesija Isha Foundation u Ambasadi Indije,https://raw.githubusercontent.com/newsgl/arsposters/main/1910-JogaZaMentalnoZdravljeBesplatnaSesija.webp,,Master classes,"Часовое занятие ко Всемирному дню психического здоровья: простые практики под руководством инструктора и 7-минутная медитация, опыт не нужен. 10 октября в 13:00, бесплатно по предварительной регистрации. На английском языке.","A one-hour session for World Mental Health Day: simple guided practices and a 7-minute meditation, no experience needed. 10 October at 13:00, free with prior registration. In English.","Jednočasovna sesija povodom Svetskog dana mentalnog zdravlja: jednostavne vođene prakse i meditacija od 7 minuta, bez prethodnog iskustva. 10. oktobra u 13.00, besplatno uz prijavu. Na engleskom jeziku.","10 октября отмечают Всемирный день психического здоровья, и в посольстве Индии в Белграде к нему проводят бесплатное занятие йогой.

Ведёт его **Isha Foundation**, некоммерческая организация, основанная йогином Садхгуру. Программа рассчитана примерно на час: несколько простых практик под руководством инструктора и 7-минутная медитация. Предыдущий опыт йоги или медитации не требуется, приходить можно одному или с друзьями.

Участие только по регистрации: после неё приходит подтверждение с QR-кодом для входа. Двери открываются в 12:30.

На английском языке.

Возраст: от 12 лет.

Вход свободный.

Организатор: Isha Foundation.","10 October is World Mental Health Day, and the Embassy of India in Belgrade marks it with a free yoga session.

It is run by **Isha Foundation**, the non-profit founded by yogi Sadhguru. The session lasts about an hour: a few simple guided practices and a 7-minute meditation. No prior yoga or meditation experience is needed, and you can come alone or with friends.

Registration is required: you receive a confirmation with a QR code for check-in. Doors open at 12:30.

In English.

Age: 12+.

Free entry.

Organiser: Isha Foundation.","Svetski dan mentalnog zdravlja obeležava se 10. oktobra, a Ambasada Indije u Beogradu tim povodom ugošćuje besplatnu sesiju joge.

Vodi je **Isha Foundation**, neprofitna organizacija koju je osnovao jogi Sadguru. Sesija traje oko sat vremena: nekoliko jednostavnih vođenih praksi i meditacija od 7 minuta. Prethodno iskustvo nije potrebno, a možete doći sami ili sa prijateljima.

Učešće je uz obaveznu prijavu, posle koje stiže potvrda sa QR kodom za ulaz. Vrata se otvaraju u 12.30.

Na engleskom jeziku.

Uzrast: od 12 godina.

Ulaz slobodan.

Organizator: Isha Foundation.",13:00,,Ambasada Indije,"Bulevar kneza Aleksandra Karađorđevića 41, 11040 Beograd","44.774620,20.459920",https://www.eventbrite.co.uk/e/yoga-for-mental-health-free-session-in-belgrade-tickets-2002409521783,eventbrite.com,https://www.eventbrite.co.uk/e/yoga-for-mental-health-free-session-in-belgrade-tickets-2002409521783,Isha Foundation,https://www.eventbrite.co.uk/o/isha-foundation-14004606792,,,12+,,,"йога, медитация, психическое здоровье, бесплатно, на английском","yoga, meditation, mental health, free, in English","joga, meditacija, mentalno zdravlje, besplatno, na engleskom"
10/10/2026,10/10/2026,9/30/2026,1911,MusicGroup,Antillectual,https://antillectual.com/,,MusicEvent,Antillectual в Drugstore: нидерландский мелодичный панк впервые на Балканах,Antillectual at Drugstore: Dutch melodic punk on its first Balkan tour,Antillectual u Drugstoreu: holandski melodični pank prvi put na Balkanu,https://raw.githubusercontent.com/newsgl/arsposters/main/1911-AntillectualUDrugstoreuHolandskiMelodicn.webp,,Concerts,"Нидерландское панк-трио Antillectual отмечает 25 лет первым туром по Балканам. На разогреве Tea Break и Swear Box. Суббота, 10 октября, в 20:00.","Dutch punk trio Antillectual marks 25 years with its first Balkan tour. Support from Tea Break and Swear Box. Saturday 10 October, 20:00.","Holandski pank trio Antillectual slavi 25 godina prvom turnejom po Balkanu. Predgrupe Tea Break i Swear Box. Subota, 10. oktobar, u 20 h.","За 25 лет **Antillectual** объездили много стран, но на Балканах ещё не играли. Юбилейный тур по семи странам с 8 по 17 октября проходит и через Белград.

Трио из Неймегена основано в 2000 году: Виллем (гитара, вокал), Бен (бас, вокал) и Рикус (барабаны, вокал). Играют **мелодичный панк и хардкор** с политическими текстами на английском. В дискографии альбомы «Silencing Civilization», «Testimony», «Engage!» и «Together» (2023); последний релиз, сингл «Hall Of Mirrors».

Вечер в Drugstore откроют **Tea Break и Swear Box**.","In 25 years **Antillectual** have toured widely, but never in the Balkans. Their anniversary run through seven countries, 8 to 17 October, stops in Belgrade.

The trio from Nijmegen was founded in 2000: Willem (guitar, vocals), Ben (bass, vocals) and Riekus (drums, vocals). They play **melodic punk and hardcore** with politically driven English lyrics. Albums include Silencing Civilization, Testimony, Engage! and Together (2023); the latest release is the single Hall Of Mirrors.

**Tea Break and Swear Box** open the night at Drugstore.","Za 25 godina **Antillectual** su obišli mnogo zemalja, ali na Balkanu nikad nisu svirali. Jubilarna turneja kroz sedam zemalja, od 8. do 17. oktobra, prolazi i kroz Beograd.

Trio iz Nijmegena osnovan je 2000: Willem (gitara, vokal), Ben (bas, vokal) i Riekus (bubanj, vokal). Sviraju **melodični pank i hardkor** sa politički angažovanim tekstovima na engleskom. Iza njih su albumi Silencing Civilization, Testimony, Engage! i Together (2023), a najnovije izdanje je singl Hall Of Mirrors.

Veče u Drugstoreu otvaraju **Tea Break i Swear Box**.",20:00,,Drugstore,"Bulevar despota Stefana 115, 11000 Beograd","44.819103,20.489149",https://www.bandsintown.com/e/108907361-antillectual-at-drugstore-belgrade,bandsintown.com,,Drugstore,https://antillectual.com/,,,,,,"панк, хардкор, Drugstore, Antillectual, концерт","punk, hardcore, Drugstore, Antillectual, concert","pank, hardkor, Drugstore, Antillectual, koncert"
10/10/2026,10/10/2026,9/30/2026,1912,TheaterGroup,Zvezdara teatar,https://zvezdarateatar.rs/,,TheaterEvent,«Сказка о театре»: сатира Владимира Джурджевича в Звездара театре,Bajka o pozorištu: Vladimir Đurđević’s satire at Zvezdara Teatar,Bajka o pozorištu: satira Vladimira Đurđevića u Zvezdara teatru,https://raw.githubusercontent.com/newsgl/arsposters/main/1912-BajkaOPozoristuSatiraVladimiraDjurdjevic.webp,,Theatre,"Комедия о том, как политики смотрят на культуру: директор театра, министр и их дети в одной истории. Сцена «Бата Стойкович», начало в 19:30, билеты 1500, 1800 и 2200 динаров.","A comedy about how politicians see culture: a theatre director, a minister and their children in one story. Bata Stojković stage, 19:30, tickets 1500, 1800 and 2200 dinars.","Komedija o tome kako politika gleda na kulturu: direktor pozorišta, ministar i njihova deca u jednoj priči. Scena „Bata Stojković“, početak u 19.30, ulaznice 1500, 1800 i 2200 dinara.","«Помнишь спектакль, на котором мы познакомились?» Вокруг этого вопроса выстроена комедия, которая идёт в **Звездара театре** с декабря 2014 года.

Даниел Гули, драматург и директор театра, собирается породниться с министром Хаджи Петаром Протичем: сын Даниела Денис помолвлен с его дочерью Анджелой. Автор пьесы **Владимир Джурджевич** говорит, что при названии «сказка» она гораздо ближе к реальности: речь о положении культуры и о том, как её воспринимает политическая элита.

Постановка Марко Мисирачи, спектакль идёт 90 минут. Играют Тихомир Станич, Бранислав Зеремски, Миодраг Крстович, Весна Станкович, Стефан Радонич, Искра Брайович и Снежана Савич.

Цена: 1500, 1800 и 2200 динаров.","“Do you remember the play where we met?” The comedy, on the **Zvezdara Teatar** repertoire since December 2014, is built around that question.

Daniel Guli, a dramaturg and theatre director, is about to become related to minister Hadži Petar Protić: Daniel’s son Denis is engaged to the minister’s daughter Anđela. Playwright **Vladimir Đurđević** says that despite the word “fairy tale” in the title, the play is much closer to reality: it deals with the position of culture and with how the political elite treats it.

Directed by Marko Misirača, running time 90 minutes. Cast: Tihomir Stanić, Branislav Zeremski, Miodrag Krstović, Vesna Stanković, Stefan Radonjić, Iskra Brajović and Snežana Savić.

Price: 1500, 1800 and 2200 dinars.","„Sećaš li se predstave na kojoj smo se upoznali?“ Oko tog pitanja građena je komedija koja je na repertoaru **Zvezdara teatra** od decembra 2014.

Daniel Guli, dramaturg i direktor pozorišta, treba da se orodi sa ministrom Hadži Petrom Protićem: Danielov sin Denis veren je s ministrovom ćerkom Anđelom. Pisac **Vladimir Đurđević** kaže da ova „bajka“ mnogo više liči na stvarnost nego na bajke koje znamo: bavi se položajem kulture i time kako je doživljava politička elita.

Režija Marko Misirača, trajanje 90 minuta. Igraju Tihomir Stanić, Branislav Zeremski, Miodrag Krstović, Vesna Stanković, Stefan Radonjić, Iskra Brajović i Snežana Savić.

Cena: 1500, 1800 i 2200 dinara.",19:30,1500,Zvezdara teatar,"Milana Rakića 38, 11050 Beograd","44.797660,20.497652",https://repertoar.rs/predstave/bajka-o-pozoristu/,repertoar.rs,https://bilet.zvezdarateatar.rs/scena.php?prostorterminid=2625,Zvezdara teatar,https://zvezdarateatar.rs/,,,,,,"театр, Звездара театр, комедия, сатира, Владимир Джурджевич","theatre, Zvezdara Teatar, comedy, satire, Vladimir Đurđević","pozorište, Zvezdara teatar, komedija, satira, Vladimir Đurđević"
10/31/2026,10/31/2026,9/30/2026,1913,TheaterGroup,Zvezdara teatar,https://zvezdarateatar.rs/,,TheaterEvent,«Сказка о театре»: сатира Владимира Джурджевича в Звездара театре,Bajka o pozorištu: Vladimir Đurđević’s satire at Zvezdara Teatar,Bajka o pozorištu: satira Vladimira Đurđevića u Zvezdara teatru,https://raw.githubusercontent.com/newsgl/arsposters/main/1913-BajkaOPozoristuSatiraVladimiraDjurdjevic.webp,,Theatre,"Комедия о том, как политики смотрят на культуру: директор театра, министр и их дети в одной истории. Сцена «Бата Стойкович», начало в 19:30, билеты 1500, 1800 и 2200 динаров.","A comedy about how politicians see culture: a theatre director, a minister and their children in one story. Bata Stojković stage, 19:30, tickets 1500, 1800 and 2200 dinars.","Komedija o tome kako politika gleda na kulturu: direktor pozorišta, ministar i njihova deca u jednoj priči. Scena „Bata Stojković“, početak u 19.30, ulaznice 1500, 1800 i 2200 dinara.","«Помнишь спектакль, на котором мы познакомились?» Вокруг этого вопроса выстроена комедия, которая идёт в **Звездара театре** с декабря 2014 года.

Даниел Гули, драматург и директор театра, собирается породниться с министром Хаджи Петаром Протичем: сын Даниела Денис помолвлен с его дочерью Анджелой. Автор пьесы **Владимир Джурджевич** говорит, что при названии «сказка» она гораздо ближе к реальности: речь о положении культуры и о том, как её воспринимает политическая элита.

Постановка Марко Мисирачи, спектакль идёт 90 минут. Играют Тихомир Станич, Бранислав Зеремски, Миодраг Крстович, Весна Станкович, Стефан Радонич, Искра Брайович и Снежана Савич.

Цена: 1500, 1800 и 2200 динаров.","“Do you remember the play where we met?” The comedy, on the **Zvezdara Teatar** repertoire since December 2014, is built around that question.

Daniel Guli, a dramaturg and theatre director, is about to become related to minister Hadži Petar Protić: Daniel’s son Denis is engaged to the minister’s daughter Anđela. Playwright **Vladimir Đurđević** says that despite the word “fairy tale” in the title, the play is much closer to reality: it deals with the position of culture and with how the political elite treats it.

Directed by Marko Misirača, running time 90 minutes. Cast: Tihomir Stanić, Branislav Zeremski, Miodrag Krstović, Vesna Stanković, Stefan Radonjić, Iskra Brajović and Snežana Savić.

Price: 1500, 1800 and 2200 dinars.","„Sećaš li se predstave na kojoj smo se upoznali?“ Oko tog pitanja građena je komedija koja je na repertoaru **Zvezdara teatra** od decembra 2014.

Daniel Guli, dramaturg i direktor pozorišta, treba da se orodi sa ministrom Hadži Petrom Protićem: Danielov sin Denis veren je s ministrovom ćerkom Anđelom. Pisac **Vladimir Đurđević** kaže da ova „bajka“ mnogo više liči na stvarnost nego na bajke koje znamo: bavi se položajem kulture i time kako je doživljava politička elita.

Režija Marko Misirača, trajanje 90 minuta. Igraju Tihomir Stanić, Branislav Zeremski, Miodrag Krstović, Vesna Stanković, Stefan Radonjić, Iskra Brajović i Snežana Savić.

Cena: 1500, 1800 i 2200 dinara.",19:30,1500,Zvezdara teatar,"Milana Rakića 38, 11050 Beograd","44.797660,20.497652",https://repertoar.rs/predstave/bajka-o-pozoristu/,repertoar.rs,https://bilet.zvezdarateatar.rs/scena.php?prostorterminid=2625,Zvezdara teatar,https://zvezdarateatar.rs/,,,,,,"театр, Звездара театр, комедия, сатира, Владимир Джурджевич","theatre, Zvezdara Teatar, comedy, satire, Vladimir Đurđević","pozorište, Zvezdara teatar, komedija, satira, Vladimir Đurđević"
10/10/2026,10/10/2026,9/30/2026,1914,PerformingGroup,Srđan Dinčić i Nebojša Potkrajac,https://repertoar.rs/stand-up/standup-srdjan-dincic-i-nebojsa-potkrajac-mnogo-je-problema/,,ComedyEvent,«Много проблем»: стендап-дуэт Срджана Динчича и Небойши Поткрайца в Bitef Art Café,Mnogo je problema: stand-up duo show by Srđan Dinčić and Nebojša Potkrajac at Bitef Art Café,„Mnogo je problema“: stand-up duo šou Srđana Dinčića i Nebojše Potkrajca u BitefArtCafe-u,https://raw.githubusercontent.com/newsgl/arsposters/main/1914-MnogoJeProblemaStandUpDuo.webp,,Stand Up,"Два сербских комика делят сцену пополам и жалуются на жизнь с профессиональным пессимизмом. 10 октября в 20:00, билет 1200 динаров. На сербском языке.","Two Serbian comedians split the stage and complain about life with professional pessimism. 10 October at 20:00, tickets 1200 dinars. In Serbian.","Dva komičara dele scenu i sa dobrim starim pesimizmom pričaju o problemima svih vrsta. 10. oktobra u 20.00, ulaznica 1200 dinara.","О чём шоу под названием «Много проблем»? Авторы отвечают честно: обо всём. Ткните пальцем в любую сферу жизни, добавьте немного таланта и старого доброго пессимизма, и название подойдёт. Когда организаторы попросили у них смешное описание, получили примерно это и ответ, что лучше не выйдет, проблем много.

**Срджан Динчич** выступает больше 14 лет, он из первого состава Standup.rs, за плечами тысячи концертов и шесть спешлов. **Небойша «Чупа» Поткрайац** известен как ведущий стендап-вечеров и много раз разогревал зал перед Динчичем по всей Сербии.

Дуэтное шоу вышло в 2024 году на StandUpFest в Белграде и с тех пор ездит по стране. У каждого своя часть программы.

На сербском языке.

Цена: 1200 динаров.","What is a show called Mnogo je problema (Lots of Problems) about? The authors are honest: anything at all. Point at any part of life, add a bit of talent and good old pessimism, and the title fits. When asked for a funny description, they sent roughly this and said it would not get any better, there are too many problems.

**Srđan Dinčić** has been doing stand-up for over 14 years; he belongs to the first line-up of Standup.rs and has thousands of gigs and six specials behind him. **Nebojša „Čupa“ Potkrajac** is known as a stand-up host and has often opened for Dinčić across Serbia.

The duo show premiered at StandUpFest in Belgrade in 2024 and has toured the country since. Each comedian does his own set.

In Serbian.

Price: 1200 dinars.","Naslov „Mnogo je problema“ nedvosmisleno kaže o čemu se govori: o bilo čemu. U koji god segment života da uperite prst, uz malo talenta i dobrog starog pesimizma, naslov će se uklopiti. Kad su ih zamolili za duhovit opis, dobili su otprilike ovo, uz napomenu da bolje ne može, mnogo je problema.

**Srđan Dinčić** je u stand-upu više od 14 godina, iz prve postave Standup.rs, sa hiljadama nastupa i šest specijala. **Nebojša Čupa Potkrajac** poznat je kao voditelj stand-up večeri i često je otvarao Srđanove nastupe širom Srbije.

Duo šou premijerno je izveden 2024. na StandUpFest-u u Beogradu i od tada gostuje po Srbiji. Svaki komičar ima svoj deo programa.

Cena: 1200 dinara.",20:00,1200,Bitefartcafe,"Mitropolita Petra 8, Beograd","44.816624,20.486023",https://repertoar.rs/stand-up/standup-srdjan-dincic-i-nebojsa-potkrajac-mnogo-je-problema/,repertoar.rs,https://bilet.rs/events/498/stand-up-duo-show-mnogo-je-problema-sr-an-dincic-i-nebojsa-potkrajac,Bitefartcafe,https://repertoar.rs/stand-up/standup-srdjan-dincic-i-nebojsa-potkrajac-mnogo-je-problema/,,,,,,"стендап, юмор, комедия, Bitef Art Café, на сербском","stand-up, comedy, humour, Bitef Art Café, in Serbian","stand-up, komedija, humor, BitefArtCafe"
10/10/2026,10/10/2026,9/30/2026,1915,TheaterGroup,Pozorište lutaka Pinokio,https://pinokio.rs/,,ChildrensEvent,Кукольный спектакль «Књига о џунгли» в театре «Пинокио»,Knjiga o džungli: a puppet show at the Pinokio theatre,Lutkarska predstava Knjiga o džungli u pozorištu Pinokio,https://raw.githubusercontent.com/newsgl/arsposters/main/1915-LutkarskaPredstavaKnjigaODzungliU.webp,,Kids,"«Книга джунглей» Редьярда Киплинга в осовремененной и смешной адаптации, с музыкой из диснеевского мультфильма. 10 октября в 12:00, от четырёх лет, час, билет 600 динаров.","Rudyard Kipling's The Jungle Book in a modernised, humorous adaptation set to music from the Disney cartoon. 10 October at 12:00, from age four, one hour, tickets 600 dinars.","Knjiga o džungli Radjarda Kiplinga u osavremenjenoj i duhovitoj adaptaciji, uz muziku iz Diznijevog crtaća. 10. oktobra u 12.00, od četiri godine, sat vremena, karta 600 dinara.","**Редьярд Киплинг** работал журналистом в Индии и хорошо знал её животный мир, а в «Книгу джунглей» перенёс много деталей собственной биографии. Детство он частично провёл без родителей, как и его Маугли.

Книга состоит из семи историй, и «Пинокио» собрал их в одну. Текст сильно переработан для сцены: он осовременен и добавлено много юмора. Основа постановки: яркие костюмы, пёстрая сценография и адаптированная музыка из диснеевского мультфильма 1967 года. Получается история о человеческих характерах, спрятанных в животном царстве, рассчитанная на дошкольников и младших школьников.

Режиссёр и хореограф Марко Йовичич, драматизация Нины Чосич, тотальный дизайн Ирины Сомборац, композитор Воислав Савич. Играют Йован Попович, Джордже Креча, Зорана Милошакович-Тасич, Любомир Ристич, Горан Попович и Ивана Тодорович.

Цена: 600 динаров.

Язык: сербский.

Возраст: от четырёх лет. Продолжительность шестьдесят минут.

Организатор: Позориште лутака «Пинокио».","**Rudyard Kipling** worked as a journalist in India and knew its wildlife well, and he put plenty of his own life into The Jungle Book. Part of his childhood was spent away from his parents, much like Mowgli's.

The book is made of seven stories, and Pinokio has joined them into one. The text has been reworked for the stage, modernised and given a lot of humour. The production rests on bright costumes, colourful sets and adapted music from the 1967 Disney cartoon. The result is a story about human characters placed in the animal kingdom, pitched at preschool and early school age.

Directed and choreographed by Marko Jovicic, dramatised by Nina Cosic, total design by Irina Somborac, music by Vojislav Savic. Performed by Jovan Popovic, Dorde Kreca, Zorana Milosakovic Tasic, Ljubomir Ristic, Goran Popovic and Ivana Todorovic.

Price: 600 dinars.

Language: Serbian.

Age: four and up. Running time sixty minutes.

Organiser: Pinokio puppet theatre.","Engleski nobelovac **Radjard Kipling** bio je novinar u Indiji i dobro je upoznao životinjski svet Indijskog potkontinenta. U Knjigu o džungli preneo je dosta autobiografskih detalja, a i sam je deo detinjstva proveo bez roditelja.

Knjiga se sastoji od sedam priča, a Pinokio ih je spojio u jednu celinu. Tekst je prilagođen pozorišnom ambijentu, osavremenjen i pun duhovitih elemenata. Osnova predstave su živopisni kostimi, kolorit scenografije i adaptirana muzika iz Diznijevog crtaća iz 1967. godine. Dobija se priča o ljudskim karakterima smeštenim u životinjsko carstvo, prilagođena uzrastu koji će činiti publiku.

Režija i koreografija Marko Jovičić, dramatizacija Nina Ćosić, total dizajn Irina Somborac, kompozitor Vojislav Savić. Igraju Jovan Popović, Đorđe Kreća, Zorana Milošaković Tasić, Ljubomir Ristić, Goran Popović i Ivana Todorović.

Cena: 600 dinara.

Jezik: srpski.

Uzrast: od četiri godine. Trajanje šezdeset minuta.

Organizator: Pozorište lutaka Pinokio.",12:00,600,Pozorište lutaka Pinokio,"Bulevar maršala Tolbuhina 1, Novi Beograd","44.830127,20.411863",https://pinokio.rs/%D0%BA%D1%9A%D0%B8%D0%B3%D0%B0-%D0%BE-%D1%9F%D1%83%D0%BD%D0%B3%D0%BB%D0%B8/,pinokio.rs,https://tickets.rs/event/kniga_o_dzungli_28591,Pozorište lutaka Pinokio,https://pinokio.rs/,,,4+,,,"кукольный театр, дети, Киплинг, Пинокио, Нови-Београд","puppet theatre, kids, Kipling, Pinokio, Novi Beograd","lutkarsko pozorište, deca, Kipling, Pinokio, Novi Beograd"
10/10/2026,10/10/2026,9/30/2026,1916,TheaterGroup,Pozorište lutaka Pinokio,https://pinokio.rs/,,ChildrensEvent,Кукольный спектакль «Вини Пу» в театре «Пинокио»,Vini Pu: a puppet show at the Pinokio theatre,Lutkarska predstava Vini Pu u pozorištu Pinokio,https://raw.githubusercontent.com/newsgl/arsposters/main/1916-LutkarskaPredstavaViniPuUPozoristu.webp,,Kids,"Винни-Пух как история о том, что кукла живёт, пока в неё верят. Граница между залом и сценой в этом спектакле исчезает, лес прорастает прямо между зрителями. От двух лет.",Winnie the Pooh as a story about a puppet that lives only while someone believes in it. The line between stage and audience disappears and the forest grows out among the seats. From age two.,"Vini Pu kao priča o lutki koja živi dok verujemo u nju. Granica između publike i scene nestaje, a šuma raste među gledaocima. Od dve godine.","Мальчик открывает дверь в лес, и лес на глазах превращается в отдельный мир. Здесь игра становится настоящей, и просыпается Винни-Пух, кукла, которая существует ровно до тех пор, пока в неё верят.

Граница между залом и сценой в спектакле постепенно исчезает. Лес расходится между зрителями, и все оказываются участниками одного живого сна, где правила реальности не работают.

В ролях: Винни-Пух играет Лако Николич, Кристофера Робина Петар Кокинович, Сову Жельяка Мандич, Кенгурёнка Мария Пантин, Пятачка Зорана Милошакович-Тасич, Иа Горан Попович. Драматизация Браниславы Илич, режиссура Предрага Стойменовича, музыка Николы Лекича.

По словам режиссёра, это история о дружбе и о том, что мир детства стоит сохранить, пока он не исчез со взрослением.

Цена: 600 динаров.

Язык: сербский.

Возраст: от двух лет. Продолжительность сорок пять минут.","A boy opens a door into a forest, and the forest turns into a world of its own in front of him. It is not merely scenery: here play becomes real, and Winnie the Pooh wakes up, a puppet that exists exactly as long as somebody believes in it.

The line between the auditorium and the stage gradually disappears. The forest spreads out among the audience and everyone ends up inside a single waking dream where the rules of reality stop applying.

The cast: Lako Nikolic as Winnie the Pooh, Petar Kokinovic as Christopher Robin, Zeljka Mandic as Owl, Marija Pantin as Roo, Zorana Milosakovic Tasic as Piglet and Goran Popovic as Eeyore. Dramatisation by Branislava Ilic, directed by Predrag Stojmenovic, music by Nikola Lekic.

The director calls it a story about friendship and about keeping hold of a world that vanishes as we grow up.

Price: 600 dinars.

Language: Serbian.

Age: two and up. Running time forty five minutes.","Dečak otvara vrata šume, a šuma se pred njegovim očima pretvara u nov, čudesan svet. To nije samo dekor: ovde igra postaje stvarna i budi se Vini Pu, lutka koja postoji samo dok verujemo u nju.

Granica između publike i scene polako nestaje. Šuma se širi među nama i svi postajemo učesnici jednog živog sna u kome pravila stvarnosti prestaju da važe.

Igraju: Lako Nikolić kao Vini Pu, Petar Kokinović kao Kristofer Robin, Željka Mandić kao Sova, Marija Pantin kao Ru, Zorana Milošaković Tasić kao Praslin i Goran Popović kao Iar. Dramatizacija Branislava Ilić, režija Predrag Stojmenović, muzika Nikola Lekić.

Rediteljeva poruka je jednostavna: ovo je priča o prijateljstvu i o potrebi da sačuvamo svet koji nestaje kad odrastemo.

Cena: 600 dinara.

Jezik: srpski.

Uzrast: od dve godine. Trajanje četrdeset pet minuta.",17:00,600,Pozorište lutaka Pinokio,"Bulevar maršala Tolbuhina 1, Novi Beograd","44.830127,20.411863",https://pinokio.rs/%D0%B2%D0%B8%D0%BD%D0%B8-%D0%BF%D1%83/,pinokio.rs,https://tickets.rs/event/vini_pu__28592,Pozorište lutaka Pinokio,https://pinokio.rs/,,,2+,,,"кукольный театр, дети, Винни-Пух, Пинокио, Нови-Београд","puppet theatre, kids, Winnie the Pooh, Pinokio, Novi Beograd","lutkarsko pozorište, deca, Vini Pu, Pinokio, Novi Beograd"
10/31/2026,10/31/2026,9/30/2026,1917,TheaterGroup,Pozorište lutaka Pinokio,https://pinokio.rs/,,ChildrensEvent,Кукольный спектакль «Вини Пу» в театре «Пинокио»,Vini Pu: a puppet show at the Pinokio theatre,Lutkarska predstava Vini Pu u pozorištu Pinokio,https://raw.githubusercontent.com/newsgl/arsposters/main/1917-LutkarskaPredstavaViniPuUPozoristu.webp,,Kids,"Винни-Пух как история о том, что кукла живёт, пока в неё верят. Граница между залом и сценой в этом спектакле исчезает, лес прорастает прямо между зрителями. От двух лет.",Winnie the Pooh as a story about a puppet that lives only while someone believes in it. The line between stage and audience disappears and the forest grows out among the seats. From age two.,"Vini Pu kao priča o lutki koja živi dok verujemo u nju. Granica između publike i scene nestaje, a šuma raste među gledaocima. Od dve godine.","Мальчик открывает дверь в лес, и лес на глазах превращается в отдельный мир. Здесь игра становится настоящей, и просыпается Винни-Пух, кукла, которая существует ровно до тех пор, пока в неё верят.

Граница между залом и сценой в спектакле постепенно исчезает. Лес расходится между зрителями, и все оказываются участниками одного живого сна, где правила реальности не работают.

В ролях: Винни-Пух играет Лако Николич, Кристофера Робина Петар Кокинович, Сову Жельяка Мандич, Кенгурёнка Мария Пантин, Пятачка Зорана Милошакович-Тасич, Иа Горан Попович. Драматизация Браниславы Илич, режиссура Предрага Стойменовича, музыка Николы Лекича.

По словам режиссёра, это история о дружбе и о том, что мир детства стоит сохранить, пока он не исчез со взрослением.

Цена: 600 динаров.

Язык: сербский.

Возраст: от двух лет. Продолжительность сорок пять минут.","A boy opens a door into a forest, and the forest turns into a world of its own in front of him. It is not merely scenery: here play becomes real, and Winnie the Pooh wakes up, a puppet that exists exactly as long as somebody believes in it.

The line between the auditorium and the stage gradually disappears. The forest spreads out among the audience and everyone ends up inside a single waking dream where the rules of reality stop applying.

The cast: Lako Nikolic as Winnie the Pooh, Petar Kokinovic as Christopher Robin, Zeljka Mandic as Owl, Marija Pantin as Roo, Zorana Milosakovic Tasic as Piglet and Goran Popovic as Eeyore. Dramatisation by Branislava Ilic, directed by Predrag Stojmenovic, music by Nikola Lekic.

The director calls it a story about friendship and about keeping hold of a world that vanishes as we grow up.

Price: 600 dinars.

Language: Serbian.

Age: two and up. Running time forty five minutes.","Dečak otvara vrata šume, a šuma se pred njegovim očima pretvara u nov, čudesan svet. To nije samo dekor: ovde igra postaje stvarna i budi se Vini Pu, lutka koja postoji samo dok verujemo u nju.

Granica između publike i scene polako nestaje. Šuma se širi među nama i svi postajemo učesnici jednog živog sna u kome pravila stvarnosti prestaju da važe.

Igraju: Lako Nikolić kao Vini Pu, Petar Kokinović kao Kristofer Robin, Željka Mandić kao Sova, Marija Pantin kao Ru, Zorana Milošaković Tasić kao Praslin i Goran Popović kao Iar. Dramatizacija Branislava Ilić, režija Predrag Stojmenović, muzika Nikola Lekić.

Rediteljeva poruka je jednostavna: ovo je priča o prijateljstvu i o potrebi da sačuvamo svet koji nestaje kad odrastemo.

Cena: 600 dinara.

Jezik: srpski.

Uzrast: od dve godine. Trajanje četrdeset pet minuta.",17:00,600,Pozorište lutaka Pinokio,"Bulevar maršala Tolbuhina 1, Novi Beograd","44.830127,20.411863",https://pinokio.rs/%D0%B2%D0%B8%D0%BD%D0%B8-%D0%BF%D1%83/,pinokio.rs,https://tickets.rs/event/vini_pu_28604,Pozorište lutaka Pinokio,https://pinokio.rs/,,,2+,,,"кукольный театр, дети, Винни-Пух, Пинокио, Нови-Београд","puppet theatre, kids, Winnie the Pooh, Pinokio, Novi Beograd","lutkarsko pozorište, deca, Vini Pu, Pinokio, Novi Beograd"
10/11/2026,10/11/2026,9/30/2026,1918,TheaterGroup,Teatar Odeon,https://www.teatarodeon.rs/,,ChildrensEvent,«Ивица и Марица»: семейный мюзикл Бранко Коцкицы в Teatar Odeon,Ivica i Marica: Branko Kockica's family musical at Teatar Odeon,Ivica i Marica: porodični mjuzikl Branka Kockice u Teatru Odeon,https://raw.githubusercontent.com/newsgl/arsposters/main/1918-IvicaIMaricaPorodicniMjuziklBranka.webp,,Kids,"Бранко Коцкица честно предупреждает: ведьмы в этой «Ивице и Марице» нет, зато есть бизнесвумен и парень, упавший с Марса. Мюзикл для детей и взрослых, 11 октября в 12:00, билеты от 600 до 1900 динаров.","Branko Kockica warns you upfront: there is no witch in this Ivica i Marica, but there is a businesswoman and a guy who fell from Mars. A musical for children and adults, 11 October at 12:00, tickets from 600 to 1900 dinars.","Branko Kockica pošteno upozorava: veštice u ovoj Ivici i Marici nema, ali ima biznis-vumen i tipa koji je pao s Marsa. Mjuzikl za decu i odrasle, 11. oktobra u 12.00, karte od 600 do 1900 dinara.","«Название этого спектакля обман», пишет автор **Бранко Миличевич Коцкица** в обращении к зрителям. Вместо ведьмы, которая готовит Ивицу себе на ужин, здесь бизнесвумен Врача, заманивающая детей шоколадом, от которого невозможно оторваться. В неё влюбляется парень, свалившийся с Марса. Все ужасы оригинальной сказки братьев Гримм автор, по его словам, скомкал и выбросил.

Постановка **Марко Йовичича** появилась после успеха «Пепельжуги», предыдущего мюзикла Teatar Odeon для детей и взрослых. Смешной и местами ироничный сюжет касается серьёзных тем: брошенных детей, жадности, одиночества, одержимости деньгами и вреда зависимостей. На сцене животные, не самая типичная ведьма и родители со своими слабостями, а в оформлении платформы и две видеостены.

В ролях Младен Милькович (Ивица), Дика Бабич (Марица), Весна Паштрович (Врача), Анастасия Кнежевич (принцесса Кмеза). Музыка Хрвое Ивовича, Марко Марковича, Зорана Обреновича, Томы Бабовича и Марио Паича. Продолжительность полтора часа.

Билеты от 600 до 1900 динаров, в зависимости от категории.

Организатор: Teatar Odeon.","""The title of this play is a fraud,"" author **Branko Milicevic Kockica** tells his audience. Instead of a witch planning to cook Ivica for dinner, there is a businesswoman named Vraca who lures children with a chocolate they cannot stop eating. A man who fell from Mars falls in love with her. All the horrors of the Brothers Grimm original, he says, have been crumpled up and thrown away.

Director **Marko Jovicic** staged it after the success of Pepeljuga (Cinderella), Teatar Odeon's previous musical for children and adults. The plot is funny and at times ironic, yet it deals with serious themes: abandonment, greed, loneliness, obsession with money and the harm done by addiction. The characters include animals, a not quite typical witch and parents with weaknesses of their own, and the staging uses platforms and two video walls.

Cast: Mladen Miljkovic (Ivica), Dika Babic (Marica), Vesna Pastrovic (Vraca), Anastasija Knezevic (Princess Kmeza). Music by Hrvoje Ivovic, Marko Markovic, Zoran Obrenovic, Toma Babovic and Marijo Pajic. Running time one and a half hours. Performed in Serbian.

Tickets from 600 to 1900 dinars depending on the category.

Organiser: Teatar Odeon.","„Naslov ove predstave je PREVARA“, piše **Branko Milićević Kockica** u reči pisca. Umesto veštice koja Ivicu sprema sebi za večeru, tu je biznis-vumen Vrača koja decu mami čokoladom od koje se ne može odvojiti. U nju se zaljubljuje tip koji je pao s Marsa. Sve groze iz originalne bajke braće Grim, kaže pisac, zgužvao je i izbacio.

Predstavu je režirao **Marko Jovičić**, posle velikog uspeha Pepeljuge, prethodnog mjuzikla Teatra Odeon za decu i odrasle. Svet predstave je šaren, zabavan i ponekad ironičan, ali se bavi ozbiljnim temama: napuštanjem, pohlepom, usamljenošću, opsednutošću novcem i štetnim uticajem narkotika. Tu su simpatične životinje, ne baš tipična veštica i roditelji koji se bore sa sopstvenim slabostima, a scenu čine platforme i dva video zida.

Igraju Mladen Miljković (Ivica), Dika Babić (Marica), Vesna Paštrović (Vrača), Anastasija Knežević (Princeza Kmeza). Muzika Hrvoje Ivović, Marko Marković, Zoran Obrenović, Toma Babović i Marijo Pajić. Trajanje sat i po.

Karte od 600 do 1900 dinara, u zavisnosti od kategorije.

Organizator: Teatar Odeon.",12:00,600,Teatar Odeon,"Kraljice Natalije 45, Beograd","44.808247,20.462028",https://efinity.rs/event-details/ivica_i_marica_32387,efinity.rs,https://efinity.rs/event-details/ivica_i_marica_32387,Teatar Odeon,https://www.teatarodeon.rs/,,,,,,"мюзикл, дети, Бранко Коцкица, Одеон, семейный спектакль","musical, kids, Branko Kockica, Odeon, family show","mjuzikl, deca, Branko Kockica, Odeon, porodična predstava"
10/11/2026,10/11/2026,9/30/2026,1919,TheaterGroup,Narodno pozorište u Beogradu,https://www.narodnopozoriste.rs/,,TheaterEvent,"«Отцы и праотцы»: роман Слободана Селенича, лучший спектакль Стериева позорја, в Народном театре","Očevi i oci: Slobodan Selenić’s novel, best production at Sterijino pozorje, at the National Theatre","Očevi i oci: Selenićev roman, najbolja predstava Sterijinog pozorja, u Narodnom pozorištu",https://raw.githubusercontent.com/newsgl/arsposters/main/1919-OceviIOciSelenicevRomanNajbolja.webp,,Theatre,"Инсценировка романа Слободана Селенича о белградской семье Медакович: сербе и его жене-англичанке. Семь наград Стериева позорја. Большая сцена, начало в 19:30, билеты от 300 до 2800 динаров.","A stage adaptation of Slobodan Selenić’s novel about the Belgrade Medaković family, a Serb and his English wife. Seven awards at Sterijino pozorje. Main stage, 19:30, tickets 300 to 2800 dinars.","Dramatizacija Selenićevog romana o beogradskoj porodici Medaković, Srbinu i njegovoj ženi Engleskinji. Sedam Sterijinih nagrada. Velika scena, početak u 19.30, ulaznice od 300 do 2800 dinara.","На Стериевом позорје 2024 года спектакль получил семь наград, включая главную: лучший спектакль фестиваля. Отдельно наградили режиссуру **Велько Мичуновича**, инсценировку Каты Джармати, музыку Невены Глушицы и две актёрские работы. Зрители тоже поставили его на первое место.

Роман Слободана Селенича вышел в 1985 году. Это история белградской интеллигентной семьи от конца XIX века до начала Второй мировой войны. Стеван Медакович учился в Англии и привёз оттуда жену Элизабет, и их брак становится столкновением двух культур и двух темпераментов: непонимание, нетерпимость, чувство чужого дома. Стеван вспоминает прошлое, и отцы с праотцами смотрят на потомков из этих воспоминаний.

Играют Никола Ракочевич (Стеван), Милош Джорджевич, **Ваня Эйдус** (Элизабета), Александар Вучкович, Ваня Милачич, Сена Джорович, Ива Миланович и Никола Ристановски. Премьера прошла в апреле 2023 года.

Спектакль идёт 2 часа без антракта.

Билеты от 300 до 2800 динаров.","At Sterijino pozorje 2024 this production won seven awards, including the top prize for best production. **Veljko Mićunović** won for direction, Kata Đarmati for the adaptation, Nevena Glušica for the music, and two actors took acting awards. The festival audience also voted it their favourite.

Slobodan Selenić’s novel came out in 1985. It follows a Belgrade intellectual family from the late 19th century to the start of the Second World War. Stevan Medaković studied in England and brought back his wife Elizabeth, and their marriage turns into a clash of two cultures and temperaments: misunderstanding, intolerance, never quite belonging. Stevan looks back, and the fathers and forefathers watch their descendants from his memories.

The cast: Nikola Rakočević (Stevan), Miloš Đorđević, **Vanja Ejdus** (Elizabeth), Aleksandar Vučković, Vanja Milačić, Sena Đorović, Iva Milanović and Nikola Ristanovski. Premiered in April 2023.

Running time: 2 hours, no interval.

Tickets from 300 to 2800 dinars.","Na Sterijinom pozorju 2024. predstava je osvojila sedam nagrada, među njima i onu za najbolju predstavu. Nagrađeni su i režija **Veljka Mićunovića**, dramatizacija Kate Đarmati, muzika Nevene Glušice i dve glumačke kreacije, a nagradu je dala i publika.

Selenićev roman objavljen je 1985. i prati beogradsku intelektualnu porodicu od kraja 19. veka do početka Drugog svetskog rata. Stevan Medaković se školovao u Engleskoj i odande doveo suprugu Elizabetu, pa njihov brak postaje sudar dve kulture i dva mentaliteta: nerazumevanje, netolerancija, nepripadanje. Stevan se seća, a iz tih krhotina sećanja očevi i oci gledaju u svoje potomke.

Igraju Nikola Rakočević (Stevan), Miloš Đorđević, **Vanja Ejdus** (Elizabeta), Aleksandar Vučković, Vanja Milačić, Sena Đorović, Iva Milanović i Nikola Ristanovski. Premijera je bila u aprilu 2023.

Predstava traje 2 sata, bez pauze.

Ulaznice od 300 do 2800 dinara.",19:30,300,Narodno pozorište u Beogradu,"Francuska 3, 11000 Beograd","44.817006,20.461005",https://repertoar.rs/predstave/ocevi-i-oci/,repertoar.rs,https://www.narodnopozoriste.rs/lat/ulaznice/odabir-ulaznica?p=6404,Narodno pozorište u Beogradu,https://www.narodnopozoriste.rs/,,,,,,"театр, драма, Слободан Селенич, Народный театр, Стериево позорје","theatre, drama, Slobodan Selenić, National Theatre, Sterijino pozorje","pozorište, drama, Slobodan Selenić, Narodno pozorište, Sterijino pozorje"
11/5/2026,11/5/2026,9/30/2026,1920,TheaterGroup,Narodno pozorište u Beogradu,https://www.narodnopozoriste.rs/,,TheaterEvent,"«Отцы и праотцы»: роман Слободана Селенича, лучший спектакль Стериева позорја, в Народном театре","Očevi i oci: Slobodan Selenić’s novel, best production at Sterijino pozorje, at the National Theatre","Očevi i oci: Selenićev roman, najbolja predstava Sterijinog pozorja, u Narodnom pozorištu",https://raw.githubusercontent.com/newsgl/arsposters/main/1920-OceviIOciSelenicevRomanNajbolja.webp,,Theatre,"Инсценировка романа Слободана Селенича о белградской семье Медакович: сербе и его жене-англичанке. Семь наград Стериева позорја. Большая сцена, начало в 19:30, билеты от 300 до 2800 динаров.","A stage adaptation of Slobodan Selenić’s novel about the Belgrade Medaković family, a Serb and his English wife. Seven awards at Sterijino pozorje. Main stage, 19:30, tickets 300 to 2800 dinars.","Dramatizacija Selenićevog romana o beogradskoj porodici Medaković, Srbinu i njegovoj ženi Engleskinji. Sedam Sterijinih nagrada. Velika scena, početak u 19.30, ulaznice od 300 do 2800 dinara.","На Стериевом позорје 2024 года спектакль получил семь наград, включая главную: лучший спектакль фестиваля. Отдельно наградили режиссуру **Велько Мичуновича**, инсценировку Каты Джармати, музыку Невены Глушицы и две актёрские работы. Зрители тоже поставили его на первое место.

Роман Слободана Селенича вышел в 1985 году. Это история белградской интеллигентной семьи от конца XIX века до начала Второй мировой войны. Стеван Медакович учился в Англии и привёз оттуда жену Элизабет, и их брак становится столкновением двух культур и двух темпераментов: непонимание, нетерпимость, чувство чужого дома. Стеван вспоминает прошлое, и отцы с праотцами смотрят на потомков из этих воспоминаний.

Играют Никола Ракочевич (Стеван), Милош Джорджевич, **Ваня Эйдус** (Элизабета), Александар Вучкович, Ваня Милачич, Сена Джорович, Ива Миланович и Никола Ристановски. Премьера прошла в апреле 2023 года.

Спектакль идёт 2 часа без антракта.

Билеты от 300 до 2800 динаров.","At Sterijino pozorje 2024 this production won seven awards, including the top prize for best production. **Veljko Mićunović** won for direction, Kata Đarmati for the adaptation, Nevena Glušica for the music, and two actors took acting awards. The festival audience also voted it their favourite.

Slobodan Selenić’s novel came out in 1985. It follows a Belgrade intellectual family from the late 19th century to the start of the Second World War. Stevan Medaković studied in England and brought back his wife Elizabeth, and their marriage turns into a clash of two cultures and temperaments: misunderstanding, intolerance, never quite belonging. Stevan looks back, and the fathers and forefathers watch their descendants from his memories.

The cast: Nikola Rakočević (Stevan), Miloš Đorđević, **Vanja Ejdus** (Elizabeth), Aleksandar Vučković, Vanja Milačić, Sena Đorović, Iva Milanović and Nikola Ristanovski. Premiered in April 2023.

Running time: 2 hours, no interval.

Tickets from 300 to 2800 dinars.","Na Sterijinom pozorju 2024. predstava je osvojila sedam nagrada, među njima i onu za najbolju predstavu. Nagrađeni su i režija **Veljka Mićunovića**, dramatizacija Kate Đarmati, muzika Nevene Glušice i dve glumačke kreacije, a nagradu je dala i publika.

Selenićev roman objavljen je 1985. i prati beogradsku intelektualnu porodicu od kraja 19. veka do početka Drugog svetskog rata. Stevan Medaković se školovao u Engleskoj i odande doveo suprugu Elizabetu, pa njihov brak postaje sudar dve kulture i dva mentaliteta: nerazumevanje, netolerancija, nepripadanje. Stevan se seća, a iz tih krhotina sećanja očevi i oci gledaju u svoje potomke.

Igraju Nikola Rakočević (Stevan), Miloš Đorđević, **Vanja Ejdus** (Elizabeta), Aleksandar Vučković, Vanja Milačić, Sena Đorović, Iva Milanović i Nikola Ristanovski. Premijera je bila u aprilu 2023.

Predstava traje 2 sata, bez pauze.

Ulaznice od 300 do 2800 dinara.",19:30,300,Narodno pozorište u Beogradu,"Francuska 3, 11000 Beograd","44.817006,20.461005",https://repertoar.rs/predstave/ocevi-i-oci/,repertoar.rs,https://www.narodnopozoriste.rs/lat/ulaznice/odabir-ulaznica?p=6404,Narodno pozorište u Beogradu,https://www.narodnopozoriste.rs/,,,,,,"театр, драма, Слободан Селенич, Народный театр, Стериево позорје","theatre, drama, Slobodan Selenić, National Theatre, Sterijino pozorje","pozorište, drama, Slobodan Selenić, Narodno pozorište, Sterijino pozorje"
10/11/2026,10/11/2026,9/30/2026,1921,TheaterGroup,Zvezdara teatar,https://zvezdarateatar.rs/,,TheaterEvent,«Вдова живого человека»: чёрная комедия Душана Ковачевича в Звездара театре,Udovica živog čoveka: Dušan Kovačević’s dark comedy at Zvezdara Teatar,Udovica živog čoveka: crna komedija Dušana Kovačevića u Zvezdara teatru,https://raw.githubusercontent.com/newsgl/arsposters/main/1921-UdovicaZivogCovekaCrnaKomedijaDusana.webp,,Theatre,"Новая пьеса Душана Ковачевича в его собственной постановке: шесть героев, семейное насилие и смех, который не даёт отвести глаза. Сцена «Бата Стойкович», начало в 19:30, билеты 1500, 1800 и 2200 динаров.","Dušan Kovačević’s new play, directed by the author: six characters, domestic violence and laughter that keeps you looking. Bata Stojković stage, 19:30, tickets 1500, 1800 and 2200 dinars.","Novi komad Dušana Kovačevića u njegovoj režiji: šest likova, porodično nasilje i smeh koji ne dozvoljava da skrenete pogled. Scena „Bata Stojković“, početak u 19.30, ulaznice 1500, 1800 i 2200 dinara.","Можно ли стать вдовой человека, который ещё жив? Можно, говорит **Душан Ковачевич**, если похоронить того, кто причинил тебе большую боль. Премьера его новой пьесы прошла в **Звездара театре** в октябре 2024 года.

В судьбах шести героев переплетаются семейные отношения, конфликты супругов и разные формы насилия. То, что сначала выглядит цепочкой абсурдных и смешных ситуаций, постепенно открывает куда более тёмную картину. Сам автор сравнивает комедийные элементы с горьким лекарством в сладкой оболочке: без них такую драму трудно было бы смотреть.

Ковачевич здесь и драматург, и режиссёр. Играют Елена Джокич, Сунчица Миланович, Нела Михаилович, Миодраг Крстович, Анджелика Симич и Душан Томич. Крстович, Михаилович и Джокич получили за эти роли награды на фестивалях в Заечаре, Никшиче, Пожареваце и Вранье. Спектакль идёт 100 минут.

Цена: 1500, 1800 и 2200 динаров.","Can you become the widow of a man who is still alive? You can, says **Dušan Kovačević**, if you bury someone who has hurt you badly. His new play premiered at **Zvezdara Teatar** in October 2024.

The lives of six characters are tangled in family ties, marital conflict and various forms of violence. What first looks like a run of absurd, funny situations gradually reveals a much darker picture. Kovačević compares the comic elements to a bitter pill with a sweet coating: without them such a drama would be hard to watch.

Kovačević both wrote and directed it. Cast: Jelena Đokić, Sunčica Milanović, Nela Mihailović, Miodrag Krstović, Anđelika Simić and Dušan Tomić. Krstović, Mihailović and Đokić have won awards for these roles at festivals in Zaječar, Nikšić, Požarevac and Vranje. Running time 100 minutes.

Price: 1500, 1800 and 2200 dinars.","Da li je moguće postati udovica živog čoveka? Jeste, kaže **Dušan Kovačević**, ako nekoga sahranimo dok je živ jer nam je naneo veliki bol. Premijera njegovog novog komada bila je u **Zvezdara teatru** u oktobru 2024.

Kroz sudbine šest likova prepliću se porodični odnosi, partnerski sukobi i različiti oblici nasilja. Ono što u početku deluje kao niz apsurdnih i duhovitih situacija postepeno otkriva mnogo mračniju sliku. Sam pisac elemente komedije poredi sa gorkim lekom obloženim slatkim ukusom: bez njih bi ovakvu dramu bilo teško gledati.

Kovačević potpisuje i tekst i režiju. Igraju Jelena Đokić, Sunčica Milanović, Nela Mihailović, Miodrag Krstović, Anđelika Simić i Dušan Tomić. Krstović, Mihailović i Đokić nagrađeni su za ove uloge na festivalima u Zaječaru, Nikšiću, Požarevcu i Vranju. Trajanje 100 minuta.

Cena: 1500, 1800 i 2200 dinara.",19:30,1500,Zvezdara teatar,"Milana Rakića 38, 11050 Beograd","44.797660,20.497652",https://repertoar.rs/predstave/udovica-zivog-coveka/,repertoar.rs,https://bilet.zvezdarateatar.rs/scena.php?prostorterminid=2626,Zvezdara teatar,https://zvezdarateatar.rs/,,,,,,"театр, Звездара театр, Душан Ковачевич, чёрная комедия, драма","theatre, Zvezdara Teatar, Dušan Kovačević, dark comedy, drama","pozorište, Zvezdara teatar, Dušan Kovačević, crna komedija, drama"
10/17/2026,10/17/2026,9/30/2026,1922,TheaterGroup,Zvezdara teatar,https://zvezdarateatar.rs/,,TheaterEvent,«Вдова живого человека»: чёрная комедия Душана Ковачевича в Звездара театре,Udovica živog čoveka: Dušan Kovačević’s dark comedy at Zvezdara Teatar,Udovica živog čoveka: crna komedija Dušana Kovačevića u Zvezdara teatru,https://raw.githubusercontent.com/newsgl/arsposters/main/1922-UdovicaZivogCovekaCrnaKomedijaDusana.webp,,Theatre,"Новая пьеса Душана Ковачевича в его собственной постановке: шесть героев, семейное насилие и смех, который не даёт отвести глаза. Сцена «Бата Стойкович», начало в 19:30, билеты 1500, 1800 и 2200 динаров.","Dušan Kovačević’s new play, directed by the author: six characters, domestic violence and laughter that keeps you looking. Bata Stojković stage, 19:30, tickets 1500, 1800 and 2200 dinars.","Novi komad Dušana Kovačevića u njegovoj režiji: šest likova, porodično nasilje i smeh koji ne dozvoljava da skrenete pogled. Scena „Bata Stojković“, početak u 19.30, ulaznice 1500, 1800 i 2200 dinara.","Можно ли стать вдовой человека, который ещё жив? Можно, говорит **Душан Ковачевич**, если похоронить того, кто причинил тебе большую боль. Премьера его новой пьесы прошла в **Звездара театре** в октябре 2024 года.

В судьбах шести героев переплетаются семейные отношения, конфликты супругов и разные формы насилия. То, что сначала выглядит цепочкой абсурдных и смешных ситуаций, постепенно открывает куда более тёмную картину. Сам автор сравнивает комедийные элементы с горьким лекарством в сладкой оболочке: без них такую драму трудно было бы смотреть.

Ковачевич здесь и драматург, и режиссёр. Играют Елена Джокич, Сунчица Миланович, Нела Михаилович, Миодраг Крстович, Анджелика Симич и Душан Томич. Крстович, Михаилович и Джокич получили за эти роли награды на фестивалях в Заечаре, Никшиче, Пожареваце и Вранье. Спектакль идёт 100 минут.

Цена: 1500, 1800 и 2200 динаров.","Can you become the widow of a man who is still alive? You can, says **Dušan Kovačević**, if you bury someone who has hurt you badly. His new play premiered at **Zvezdara Teatar** in October 2024.

The lives of six characters are tangled in family ties, marital conflict and various forms of violence. What first looks like a run of absurd, funny situations gradually reveals a much darker picture. Kovačević compares the comic elements to a bitter pill with a sweet coating: without them such a drama would be hard to watch.

Kovačević both wrote and directed it. Cast: Jelena Đokić, Sunčica Milanović, Nela Mihailović, Miodrag Krstović, Anđelika Simić and Dušan Tomić. Krstović, Mihailović and Đokić have won awards for these roles at festivals in Zaječar, Nikšić, Požarevac and Vranje. Running time 100 minutes.

Price: 1500, 1800 and 2200 dinars.","Da li je moguće postati udovica živog čoveka? Jeste, kaže **Dušan Kovačević**, ako nekoga sahranimo dok je živ jer nam je naneo veliki bol. Premijera njegovog novog komada bila je u **Zvezdara teatru** u oktobru 2024.

Kroz sudbine šest likova prepliću se porodični odnosi, partnerski sukobi i različiti oblici nasilja. Ono što u početku deluje kao niz apsurdnih i duhovitih situacija postepeno otkriva mnogo mračniju sliku. Sam pisac elemente komedije poredi sa gorkim lekom obloženim slatkim ukusom: bez njih bi ovakvu dramu bilo teško gledati.

Kovačević potpisuje i tekst i režiju. Igraju Jelena Đokić, Sunčica Milanović, Nela Mihailović, Miodrag Krstović, Anđelika Simić i Dušan Tomić. Krstović, Mihailović i Đokić nagrađeni su za ove uloge na festivalima u Zaječaru, Nikšiću, Požarevcu i Vranju. Trajanje 100 minuta.

Cena: 1500, 1800 i 2200 dinara.",19:30,1500,Zvezdara teatar,"Milana Rakića 38, 11050 Beograd","44.797660,20.497652",https://repertoar.rs/predstave/udovica-zivog-coveka/,repertoar.rs,https://bilet.zvezdarateatar.rs/scena.php?prostorterminid=2626,Zvezdara teatar,https://zvezdarateatar.rs/,,,,,,"театр, Звездара театр, Душан Ковачевич, чёрная комедия, драма","theatre, Zvezdara Teatar, Dušan Kovačević, dark comedy, drama","pozorište, Zvezdara teatar, Dušan Kovačević, crna komedija, drama"
10/30/2026,10/30/2026,9/30/2026,1923,TheaterGroup,Zvezdara teatar,https://zvezdarateatar.rs/,,TheaterEvent,«Вдова живого человека»: чёрная комедия Душана Ковачевича в Звездара театре,Udovica živog čoveka: Dušan Kovačević’s dark comedy at Zvezdara Teatar,Udovica živog čoveka: crna komedija Dušana Kovačevića u Zvezdara teatru,https://raw.githubusercontent.com/newsgl/arsposters/main/1923-UdovicaZivogCovekaCrnaKomedijaDusana.webp,,Theatre,"Новая пьеса Душана Ковачевича в его собственной постановке: шесть героев, семейное насилие и смех, который не даёт отвести глаза. Сцена «Бата Стойкович», начало в 19:30, билеты 1500, 1800 и 2200 динаров.","Dušan Kovačević’s new play, directed by the author: six characters, domestic violence and laughter that keeps you looking. Bata Stojković stage, 19:30, tickets 1500, 1800 and 2200 dinars.","Novi komad Dušana Kovačevića u njegovoj režiji: šest likova, porodično nasilje i smeh koji ne dozvoljava da skrenete pogled. Scena „Bata Stojković“, početak u 19.30, ulaznice 1500, 1800 i 2200 dinara.","Можно ли стать вдовой человека, который ещё жив? Можно, говорит **Душан Ковачевич**, если похоронить того, кто причинил тебе большую боль. Премьера его новой пьесы прошла в **Звездара театре** в октябре 2024 года.

В судьбах шести героев переплетаются семейные отношения, конфликты супругов и разные формы насилия. То, что сначала выглядит цепочкой абсурдных и смешных ситуаций, постепенно открывает куда более тёмную картину. Сам автор сравнивает комедийные элементы с горьким лекарством в сладкой оболочке: без них такую драму трудно было бы смотреть.

Ковачевич здесь и драматург, и режиссёр. Играют Елена Джокич, Сунчица Миланович, Нела Михаилович, Миодраг Крстович, Анджелика Симич и Душан Томич. Крстович, Михаилович и Джокич получили за эти роли награды на фестивалях в Заечаре, Никшиче, Пожареваце и Вранье. Спектакль идёт 100 минут.

Цена: 1500, 1800 и 2200 динаров.","Can you become the widow of a man who is still alive? You can, says **Dušan Kovačević**, if you bury someone who has hurt you badly. His new play premiered at **Zvezdara Teatar** in October 2024.

The lives of six characters are tangled in family ties, marital conflict and various forms of violence. What first looks like a run of absurd, funny situations gradually reveals a much darker picture. Kovačević compares the comic elements to a bitter pill with a sweet coating: without them such a drama would be hard to watch.

Kovačević both wrote and directed it. Cast: Jelena Đokić, Sunčica Milanović, Nela Mihailović, Miodrag Krstović, Anđelika Simić and Dušan Tomić. Krstović, Mihailović and Đokić have won awards for these roles at festivals in Zaječar, Nikšić, Požarevac and Vranje. Running time 100 minutes.

Price: 1500, 1800 and 2200 dinars.","Da li je moguće postati udovica živog čoveka? Jeste, kaže **Dušan Kovačević**, ako nekoga sahranimo dok je živ jer nam je naneo veliki bol. Premijera njegovog novog komada bila je u **Zvezdara teatru** u oktobru 2024.

Kroz sudbine šest likova prepliću se porodični odnosi, partnerski sukobi i različiti oblici nasilja. Ono što u početku deluje kao niz apsurdnih i duhovitih situacija postepeno otkriva mnogo mračniju sliku. Sam pisac elemente komedije poredi sa gorkim lekom obloženim slatkim ukusom: bez njih bi ovakvu dramu bilo teško gledati.

Kovačević potpisuje i tekst i režiju. Igraju Jelena Đokić, Sunčica Milanović, Nela Mihailović, Miodrag Krstović, Anđelika Simić i Dušan Tomić. Krstović, Mihailović i Đokić nagrađeni su za ove uloge na festivalima u Zaječaru, Nikšiću, Požarevcu i Vranju. Trajanje 100 minuta.

Cena: 1500, 1800 i 2200 dinara.",19:30,1500,Zvezdara teatar,"Milana Rakića 38, 11050 Beograd","44.797660,20.497652",https://repertoar.rs/predstave/udovica-zivog-coveka/,repertoar.rs,https://bilet.zvezdarateatar.rs/scena.php?prostorterminid=2626,Zvezdara teatar,https://zvezdarateatar.rs/,,,,,,"театр, Звездара театр, Душан Ковачевич, чёрная комедия, драма","theatre, Zvezdara Teatar, Dušan Kovačević, dark comedy, drama","pozorište, Zvezdara teatar, Dušan Kovačević, crna komedija, drama"
10/11/2026,10/11/2026,9/30/2026,1924,TheaterGroup,Atelje 212,https://www.atelje212.rs/,,TheaterEvent,«Обращение к нации»: монологи Асканио Челестини в Ателье 212,Obraćanje naciji: Ascanio Celestini’s monologues at Atelje 212,Obraćanje naciji: monolozi Askanija Čelestinija u Ateljeu 212,https://raw.githubusercontent.com/newsgl/arsposters/main/1924-ObracanjeNacijiMonoloziAskanijaCelestini.webp,,Theatre,"11 октября в 20:00 на сцене «Мира Траилович»: короткие злые монологи итальянского автора о коррупции, потреблении и равнодушии. Режиссёр Боян Джорджев. Билеты 1500 и 2000 динаров.","October 11 at 20:00 on the Mira Trailović stage: short, biting monologues by the Italian author about corruption, consumerism and indifference. Directed by Bojan Đorđev. Tickets 1500 and 2000 dinars.","11. oktobra u 20.00 na sceni „Mira Trailović“: kratki, oštri monolozi italijanskog pisca o korupciji, potrošnji i ravnodušnosti. Režija Bojan Đorđev. Ulaznice 1500 i 2000 dinara.","Сам автор называет эти монологи юмором, который помещается в спичечный коробок. **Асканио Челестини**, римский актёр, режиссёр и драматург, лауреат итальянской премии «Убу», пишет короткие тексты где-то между твиттерским «рантом» и стендапом.

Спектакль собран из монологов одноимённой пьесы и сборника «Хожу в колонне». Это истории из повседневности, в которых через басенные аллегории видна карта сегодняшнего мира: потребительского, нетерпимого, коррумпированного и при этом подавленного. Классовые и политические проблемы герои объясняют «законами природы» и цитатами от апостола Матфея до Свифта.

Режиссёр **Боян Джорджев**, перевод Юлианы Вучо. Играют Горица Попович (в очередь с Исидорой Минич), Бранислав Зеремски, Александр Сречкович, Катарина Жутич, Гордан Кичич, Йована Гаврилович, Деян Дедич, Иван Евтович, Иван Михаилович и Миона Маркович. Премьера была в мае 2023 года, спектакль идёт 1 час 55 минут.

Цена: 1500 и 2000 динаров.","The author calls these monologues humour that fits into a matchbox. **Ascanio Celestini**, a Roman actor, director and playwright and winner of Italy’s Ubu Prize, writes short pieces that sit somewhere between a Twitter rant and stand-up.

The production is assembled from monologues in his play of the same name and the collection Io cammino in fila indiana. They are everyday stories whose fable-like allegories map today’s world: consumerist, intolerant, corrupt and at the same time depressed and paralysed. Class and political problems are explained away by “laws of nature” and quotes from St Matthew to Swift.

Directed by **Bojan Đorđev**, translated by Julijana Vučo. Cast: Gorica Popović (alternating with Isidora Minić), Branislav Zeremski, Aleksandar Srećković, Katarina Žutić, Gordan Kičić, Jovana Gavrilović, Dejan Dedić, Ivan Jevtović, Ivan Mihailović and Miona Marković. Premiered in May 2023; running time 1 hour 55 minutes.

Price: 1500 and 2000 dinars.","Pisac ove monologe opisuje kao humor koji staje u kutiju šibica. **Askanio Čelestini**, rimski glumac, reditelj i dramski pisac, dobitnik italijanske nagrade Ubu, piše kratke tekstove negde između „rentovanja“ na Tviteru i stend-apa.

Predstava je sastavljena od monologa iz istoimene drame i zbirke „Hodam u koloni“. To su priče iz svakodnevice koje basnolikim alegorijama crtaju mapu današnjeg sveta: potrošačkog, netrpeljivog, korumpiranog, a opet depresivnog i paralisanog. Klasni i politički problemi objašnjavaju se „prirodnim zakonima“ i citatima od svetog Mateja do Svifta.

Režija **Bojan Đorđev**, prevod Julijana Vučo. Igraju Gorica Popović (alternacija Isidora Minić), Branislav Zeremski, Aleksandar Srećković, Katarina Žutić, Gordan Kičić, Jovana Gavrilović, Dejan Dedić, Ivan Jevtović, Ivan Mihailović i Miona Marković. Premijera je bila u maju 2023, trajanje 1 sat i 55 minuta.

Cena: 1500 i 2000 dinara.",20:00,1500,Atelje 212,"Svetogorska 21, Beograd","44.814352,20.468168",https://repertoar.rs/predstave/obracanje-naciji/,repertoar.rs,https://bilet.atelje212.rs/scena.php?prostorterminid=4913,Atelje 212,https://www.atelje212.rs/,,,,,,"театр, Ателье 212, Асканио Челестини, сатира, Боян Джорджев","theatre, Atelje 212, Ascanio Celestini, satire, Bojan Đorđev","pozorište, Atelje 212, Askanio Čelestini, satira, Bojan Đorđev"
10/11/2026,10/11/2026,9/30/2026,1925,TheaterGroup,Pozorište lutaka Pinokio,https://pinokio.rs/,,ChildrensEvent,Театр для малышей «Зора и сан» в «Пинокио»: пятнадцать мест на сеанс,"Zora i san: theatre for babies at Pinokio, fifteen places per show","Zora i san: pozorište za bebe u Pinokiju, petnaest mesta po predstavi",https://raw.githubusercontent.com/newsgl/arsposters/main/1925-ZoraISanPozoristeZaBebe.webp,,Kids,"Спектакль «Колевка театра» для самых маленьких: пятнадцать младенцев с сопровождающими на сеанс, тридцать минут цвета, движения и звука. От нуля лет, билет 1000 динаров.","A Kolevka Teatar piece for the youngest audience: fifteen babies with one adult each per show, thirty minutes of colour, movement and sound. From birth, ticket 1000 dinars.","Predstava Kolevka teatra za najmlađe: petnaest beba sa po jednim pratiocem po terminu, trideset minuta boje, pokreta i zvuka. Od nula godina, ulaznica 1000 dinara.","Театр для младенцев отличается от детского спектакля почти всем. Здесь нет сюжета в привычном смысле и нет большого зала: число мест ограничено пятнадцатью малышами, у каждого один сопровождающий, чтобы у ребёнка остался индивидуальный опыт.

«Колевка театар» задуман как безопасное, интерактивное и сенсорно насыщенное пространство. Через музыку, движение, цвет, звук и тактильные элементы он работает на раннее развитие чувств и эмоций, а взрослым даёт повод открыть театр вместе с ребёнком.

Сама история простая: Зора и Сан проходят целый день, от утра до вечера, и находят маленькие чудеса в самых обычных вещах. Это рассказ о дружбе и о том, что различия красивы, когда они рядом. Он ведётся языком цвета, движения, света, весёлых теней и звуков, который малыши понимают давно, а взрослым стоит вспомнить.

Авторский проект Мины Чирич. Играют Драгана Васич и Андриана Джорджевич.

Цена: 1000 динаров.

Возраст: от нуля лет. Продолжительность тридцать минут.","Theatre for babies differs from a childrens show in almost every respect. There is no plot in the usual sense and no large hall: capacity is capped at fifteen babies, each with a single adult, so that every child keeps an individual experience.

Kolevka Teatar is designed as a safe, interactive and sensory rich space. Through music, movement, colour, sound and tactile elements it works on the early development of the senses and emotions, while giving adults a reason to discover theatre alongside their child.

The story itself is simple: Zora and San go through a whole day, from morning to evening, finding small wonders in ordinary things. It is a piece about friendship and about differences being beautiful when they sit side by side. It is told in the language of colour, movement, light, cheerful shadows and sound, one babies have understood for a long time and adults need reminding of.

An authored project by Mina Ciric. Performed by Dragana Vasic and Andriana Dordevic.

Price: 1000 dinars.

Age: from birth. Running time thirty minutes.","Pozorište za bebe razlikuje se od dečje predstave gotovo u svemu. Nema radnje u uobičajenom smislu i nema velike sale: broj mesta je ograničen na petnaest beba sa po jednim pratiocem, kako bi svako dete imalo individualni doživljaj.

Kolevka Teatar osmišljen je kao bezbedan, interaktivan i senzorno podsticajan prostor. Kroz muziku, pokret, boje, zvuke i taktilne elemente radi na ranom razvoju čula i emocija, a roditeljima daje priliku da zajedno sa detetom otkriju pozorište.

Sama priča je jednostavna: Zora i San prolaze kroz čitav dan, od jutra do večeri, otkrivajući male čarolije u sasvim običnim stvarima. To je priča o prijateljstvu i o tome kako su različitosti lepe kad su zajedno. Ispričana je jezikom boja, pokreta, svetla, veselih senki i zvukova, koji bebe odavno razumeju, a odrasli treba da se prisete.

Autorski projekat Mine Ćirić. Igraju Dragana Vasić i Andriana Đorđević.

Cena: 1000 dinara.

Uzrast: od nula godina. Trajanje trideset minuta.",10:00,1000,Pozorište lutaka Pinokio,"Bulevar maršala Tolbuhina 1, Novi Beograd","44.830127,20.411863",https://pinokio.rs/%D0%B7%D0%BE%D1%80%D0%B0-%D0%B8-%D1%81%D0%B0%D0%BD/,pinokio.rs,https://tickets.rs/event/zora_i_san__28609,Pozorište lutaka Pinokio,https://pinokio.rs/,,,0+,,,"театр для малышей, дети, Колевка театар, Пинокио, сенсорный спектакль","theatre for babies, kids, Kolevka Teatar, Pinokio, sensory show","pozorište za bebe, deca, Kolevka Teatar, Pinokio, senzorna predstava"
10/18/2026,10/18/2026,9/30/2026,1926,TheaterGroup,Pozorište lutaka Pinokio,https://pinokio.rs/,,ChildrensEvent,Театр для малышей «Зора и сан» в «Пинокио»: пятнадцать мест на сеанс,"Zora i san: theatre for babies at Pinokio, fifteen places per show","Zora i san: pozorište za bebe u Pinokiju, petnaest mesta po predstavi",https://raw.githubusercontent.com/newsgl/arsposters/main/1926-ZoraISanPozoristeZaBebe.webp,,Kids,"Спектакль «Колевка театра» для самых маленьких: пятнадцать младенцев с сопровождающими на сеанс, тридцать минут цвета, движения и звука. От нуля лет, билет 1000 динаров.","A Kolevka Teatar piece for the youngest audience: fifteen babies with one adult each per show, thirty minutes of colour, movement and sound. From birth, ticket 1000 dinars.","Predstava Kolevka teatra za najmlađe: petnaest beba sa po jednim pratiocem po terminu, trideset minuta boje, pokreta i zvuka. Od nula godina, ulaznica 1000 dinara.","Театр для младенцев отличается от детского спектакля почти всем. Здесь нет сюжета в привычном смысле и нет большого зала: число мест ограничено пятнадцатью малышами, у каждого один сопровождающий, чтобы у ребёнка остался индивидуальный опыт.

«Колевка театар» задуман как безопасное, интерактивное и сенсорно насыщенное пространство. Через музыку, движение, цвет, звук и тактильные элементы он работает на раннее развитие чувств и эмоций, а взрослым даёт повод открыть театр вместе с ребёнком.

Сама история простая: Зора и Сан проходят целый день, от утра до вечера, и находят маленькие чудеса в самых обычных вещах. Это рассказ о дружбе и о том, что различия красивы, когда они рядом. Он ведётся языком цвета, движения, света, весёлых теней и звуков, который малыши понимают давно, а взрослым стоит вспомнить.

Авторский проект Мины Чирич. Играют Драгана Васич и Андриана Джорджевич.

Цена: 1000 динаров.

Возраст: от нуля лет. Продолжительность тридцать минут.","Theatre for babies differs from a childrens show in almost every respect. There is no plot in the usual sense and no large hall: capacity is capped at fifteen babies, each with a single adult, so that every child keeps an individual experience.

Kolevka Teatar is designed as a safe, interactive and sensory rich space. Through music, movement, colour, sound and tactile elements it works on the early development of the senses and emotions, while giving adults a reason to discover theatre alongside their child.

The story itself is simple: Zora and San go through a whole day, from morning to evening, finding small wonders in ordinary things. It is a piece about friendship and about differences being beautiful when they sit side by side. It is told in the language of colour, movement, light, cheerful shadows and sound, one babies have understood for a long time and adults need reminding of.

An authored project by Mina Ciric. Performed by Dragana Vasic and Andriana Dordevic.

Price: 1000 dinars.

Age: from birth. Running time thirty minutes.","Pozorište za bebe razlikuje se od dečje predstave gotovo u svemu. Nema radnje u uobičajenom smislu i nema velike sale: broj mesta je ograničen na petnaest beba sa po jednim pratiocem, kako bi svako dete imalo individualni doživljaj.

Kolevka Teatar osmišljen je kao bezbedan, interaktivan i senzorno podsticajan prostor. Kroz muziku, pokret, boje, zvuke i taktilne elemente radi na ranom razvoju čula i emocija, a roditeljima daje priliku da zajedno sa detetom otkriju pozorište.

Sama priča je jednostavna: Zora i San prolaze kroz čitav dan, od jutra do večeri, otkrivajući male čarolije u sasvim običnim stvarima. To je priča o prijateljstvu i o tome kako su različitosti lepe kad su zajedno. Ispričana je jezikom boja, pokreta, svetla, veselih senki i zvukova, koji bebe odavno razumeju, a odrasli treba da se prisete.

Autorski projekat Mine Ćirić. Igraju Dragana Vasić i Andriana Đorđević.

Cena: 1000 dinara.

Uzrast: od nula godina. Trajanje trideset minuta.",10:00,1000,Pozorište lutaka Pinokio,"Bulevar maršala Tolbuhina 1, Novi Beograd","44.830127,20.411863",https://pinokio.rs/%D0%B7%D0%BE%D1%80%D0%B0-%D0%B8-%D1%81%D0%B0%D0%BD/,pinokio.rs,https://tickets.rs/event/zora_i_san__28610,Pozorište lutaka Pinokio,https://pinokio.rs/,,,0+,,,"театр для малышей, дети, Колевка театар, Пинокио, сенсорный спектакль","theatre for babies, kids, Kolevka Teatar, Pinokio, sensory show","pozorište za bebe, deca, Kolevka Teatar, Pinokio, senzorna predstava"
11/1/2026,11/1/2026,9/30/2026,1927,TheaterGroup,Pozorište lutaka Pinokio,https://pinokio.rs/,,ChildrensEvent,Театр для малышей «Зора и сан» в «Пинокио»: пятнадцать мест на сеанс,"Zora i san: theatre for babies at Pinokio, fifteen places per show","Zora i san: pozorište za bebe u Pinokiju, petnaest mesta po predstavi",https://raw.githubusercontent.com/newsgl/arsposters/main/1927-ZoraISanPozoristeZaBebe.webp,,Kids,"Спектакль «Колевка театра» для самых маленьких: пятнадцать младенцев с сопровождающими на сеанс, тридцать минут цвета, движения и звука. От нуля лет, билет 1000 динаров.","A Kolevka Teatar piece for the youngest audience: fifteen babies with one adult each per show, thirty minutes of colour, movement and sound. From birth, ticket 1000 dinars.","Predstava Kolevka teatra za najmlađe: petnaest beba sa po jednim pratiocem po terminu, trideset minuta boje, pokreta i zvuka. Od nula godina, ulaznica 1000 dinara.","Театр для младенцев отличается от детского спектакля почти всем. Здесь нет сюжета в привычном смысле и нет большого зала: число мест ограничено пятнадцатью малышами, у каждого один сопровождающий, чтобы у ребёнка остался индивидуальный опыт.

«Колевка театар» задуман как безопасное, интерактивное и сенсорно насыщенное пространство. Через музыку, движение, цвет, звук и тактильные элементы он работает на раннее развитие чувств и эмоций, а взрослым даёт повод открыть театр вместе с ребёнком.

Сама история простая: Зора и Сан проходят целый день, от утра до вечера, и находят маленькие чудеса в самых обычных вещах. Это рассказ о дружбе и о том, что различия красивы, когда они рядом. Он ведётся языком цвета, движения, света, весёлых теней и звуков, который малыши понимают давно, а взрослым стоит вспомнить.

Авторский проект Мины Чирич. Играют Драгана Васич и Андриана Джорджевич.

Цена: 1000 динаров.

Возраст: от нуля лет. Продолжительность тридцать минут.","Theatre for babies differs from a childrens show in almost every respect. There is no plot in the usual sense and no large hall: capacity is capped at fifteen babies, each with a single adult, so that every child keeps an individual experience.

Kolevka Teatar is designed as a safe, interactive and sensory rich space. Through music, movement, colour, sound and tactile elements it works on the early development of the senses and emotions, while giving adults a reason to discover theatre alongside their child.

The story itself is simple: Zora and San go through a whole day, from morning to evening, finding small wonders in ordinary things. It is a piece about friendship and about differences being beautiful when they sit side by side. It is told in the language of colour, movement, light, cheerful shadows and sound, one babies have understood for a long time and adults need reminding of.

An authored project by Mina Ciric. Performed by Dragana Vasic and Andriana Dordevic.

Price: 1000 dinars.

Age: from birth. Running time thirty minutes.","Pozorište za bebe razlikuje se od dečje predstave gotovo u svemu. Nema radnje u uobičajenom smislu i nema velike sale: broj mesta je ograničen na petnaest beba sa po jednim pratiocem, kako bi svako dete imalo individualni doživljaj.

Kolevka Teatar osmišljen je kao bezbedan, interaktivan i senzorno podsticajan prostor. Kroz muziku, pokret, boje, zvuke i taktilne elemente radi na ranom razvoju čula i emocija, a roditeljima daje priliku da zajedno sa detetom otkriju pozorište.

Sama priča je jednostavna: Zora i San prolaze kroz čitav dan, od jutra do večeri, otkrivajući male čarolije u sasvim običnim stvarima. To je priča o prijateljstvu i o tome kako su različitosti lepe kad su zajedno. Ispričana je jezikom boja, pokreta, svetla, veselih senki i zvukova, koji bebe odavno razumeju, a odrasli treba da se prisete.

Autorski projekat Mine Ćirić. Igraju Dragana Vasić i Andriana Đorđević.

Cena: 1000 dinara.

Uzrast: od nula godina. Trajanje trideset minuta.",10:00,1000,Pozorište lutaka Pinokio,"Bulevar maršala Tolbuhina 1, Novi Beograd","44.830127,20.411863",https://pinokio.rs/%D0%B7%D0%BE%D1%80%D0%B0-%D0%B8-%D1%81%D0%B0%D0%BD/,pinokio.rs,https://tickets.rs/event/zora_i_san__28611,Pozorište lutaka Pinokio,https://pinokio.rs/,,,0+,,,"театр для малышей, дети, Колевка театар, Пинокио, сенсорный спектакль","theatre for babies, kids, Kolevka Teatar, Pinokio, sensory show","pozorište za bebe, deca, Kolevka Teatar, Pinokio, senzorna predstava"
10/11/2026,10/11/2026,9/30/2026,1928,TheaterGroup,Pozorište lutaka Pinokio,https://pinokio.rs/,,ChildrensEvent,Кукольный спектакль «Снежана и седам патуљака» в театре «Пинокио»,Snezana i sedam patuljaka: a puppet show at the Pinokio theatre,Lutkarska predstava Snežana i sedam patuljaka u pozorištu Pinokio,https://raw.githubusercontent.com/newsgl/arsposters/main/1928-LutkarskaPredstavaSnezanaISedamPatuljaka.webp,,Kids,"Белоснежка в версии Любивое Ршумовича: классическая сказка о любви, дружбе и зависти с волшебным зеркалом и мачехой Грданой. От пяти лет, пятьдесят пять минут.","Snow White in the version by Ljubivoje Rsumovic: the classic tale of love, friendship and envy, with a magic mirror and the stepmother Grdana. From age five, fifty five minutes.","Snežana u verziji Ljubivoja Ršumovića: klasična bajka o ljubavi, drugarstvu i ljubomori, sa čarobnim ogledalom i maćehom Grdanom. Od pet godina, pedeset pet minuta.","Снежана рано теряет мать, а отец женится на красивой, но злой королеве Гардане. У мачехи есть волшебное зеркало, которое каждый день подтверждает, что она красивее всех на свете, пока однажды не отвечает иначе.

Смириться Грдана не может и приказывает охотнику увести Снежану в лес и убить. Охотник этого не делает, и девочка находит убежище у новых друзей: гномов и цветов. Спокойствие длится недолго, месть мачехи идёт за ней по пятам, но в финале добро побеждает.

Текст Любивое Ршумовича, режиссура и адаптация Исидоры Гонцич, сценография, костюмы и куклы Сандры Никач, музыка Неманьи Михайловича. В роли Снежаны Бранкица Себастиянович, Грдану играет Анита Бранкович.

Цена: 600 динаров.

Язык: сербский.

Возраст: от пяти лет. Продолжительность пятьдесят пять минут.","Snezana loses her mother as a child and her father marries a beautiful but wicked queen, Grdana. The stepmother owns a magic mirror that confirms every day that she is the fairest of them all, until one day it answers differently.

Grdana cannot accept this and orders a huntsman to take Snezana deep into the forest and kill her. He does not, and the girl finds shelter with new friends: the dwarfs and the flowers. The peace does not last, the stepmother revenge follows close behind, but in the end good wins.

Text by Ljubivoje Rsumovic, directed and adapted by Isidora Goncic, set, costumes and puppets by Sandra Nikac, music by Nemanja Mihajlovic. Brankica Sebastijanovic plays Snezana, Anita Brankovic plays Grdana.

Price: 600 dinars.

Language: Serbian.

Age: five and up. Running time fifty five minutes.","Snežana još kao dete gubi majku, a otac se ženi lepom ali zlom kraljicom Grdanom. Maćeha ima čarobno ogledalo koje joj svakog dana govori da je najlepša na svetu, sve dok jednog dana ne dobije drugačiji odgovor.

Grdana to ne može da podnese i naređuje lovcu da Snežanu odvede duboko u šumu i ubije. Lovac to ne uradi, a devojčica nalazi sklonište kod novih drugara, patuljaka i cveća. Mir ne traje dugo, Grdanina osveta joj je stalno za petama, ali na kraju dobro pobeđuje zlo.

Tekst Ljubivoje Ršumović, režija i adaptacija Isidora Goncić, scenografija, kostimi i lutke Sandra Nikač, muzika Nemanja Mihajlović. Snežanu igra Brankica Sebastijanović, Grdanu Anita Branković.

Cena: 600 dinara.

Jezik: srpski.

Uzrast: od pet godina. Trajanje pedeset pet minuta.",12:00,600,Pozorište lutaka Pinokio,"Bulevar maršala Tolbuhina 1, Novi Beograd","44.830127,20.411863",https://pinokio.rs/%D1%81%D0%BD%D0%B5%D0%B6%D0%B0%D0%BD%D0%B0-%D0%B8-%D1%81%D0%B5%D0%B4%D0%B0%D0%BC-%D0%BF%D0%B0%D1%82%D1%83%D1%99%D0%B0%D0%BA%D0%B0/,pinokio.rs,https://tickets.rs/event/snezana_i_sedam_patuljaka_28593,Pozorište lutaka Pinokio,https://pinokio.rs/,,,5+,,,"кукольный театр, дети, Белоснежка, Ршумович, Пинокио","puppet theatre, kids, Snow White, Rsumovic, Pinokio","lutkarsko pozorište, deca, Snežana, Ršumović, Pinokio"
10/11/2026,10/11/2026,9/30/2026,1929,TheaterGroup,Pozorište lutaka Pinokio,https://pinokio.rs/,,ChildrensEvent,Кукольный спектакль «Барони ди Макарони» в театре «Пинокио»,Baroni di Makaroni: a puppet show at the Pinokio theatre,Lutkarska predstava Baroni di Makaroni u pozorištu Pinokio,https://raw.githubusercontent.com/newsgl/arsposters/main/1929-LutkarskaPredstavaBaroniDiMakaroniU.webp,,Kids,"Любовный треугольник баронессы Резанкиной, сэра Лимбургера и князя де Майонеза, пьеса в стихах с песнями. 11 октября в 17:00, от пяти лет, билет 600 динаров.","A love triangle between Baroness Rezankina, Sir Limburger and Prince de Mayonnaise, a play in verse with songs. 11 October at 17:00, from age five, tickets 600 dinars.","Ljubavni trougao Baronese Rezankine, Sera Limburgera i Kneza de Majoneza, komad u stihu sa songovima. 11. oktobra u 17.00, od pet godina, karta 600 dinara.","Баронесса Резанкина, сэр Лимбургер и князь де Майонез принадлежат к разным культурам, и их любовному треугольнику мешают, кажется, непреодолимые различия. Имена героев подсказывают, откуда они: из мира лапши, сыра и соусов.

Сюжет построен по знакомой детям схеме, а главная мысль в примирении трёх крайностей: любовь побеждает различия и ссоры. Пьеса **Даницы Николич** написана в стихах, так что заодно работает на красоту и богатство языка. В спектакле несколько песен, а костюмы сделаны в неоренессансном стиле.

Режиссёр Оля Джорджевич, сцена и костюмы Милицы Грбич Комазец, музыка Ирены Попович, хореография Маши Лукич. Играют Бранкица Себастиянович, Джордже Креча, Зорана Милошакович-Тасич, Горан Попович, Лако Николич, Желька Мандич и Йован Попович.

Цена: 600 динаров.

Язык: сербский.

Возраст: от пяти лет. Продолжительность пятьдесят минут.

Организатор: Позориште лутака «Пинокио».","Baroness Rezankina, Sir Limburger and Prince de Mayonnaise come from different cultures, and their love triangle runs into what look like insurmountable differences. The names give away where they come from: a world of pasta, cheese and sauces.

The plot follows a pattern children will recognise, and the point is the reconciliation of three extremes: love wins over difference and conflict. **Danica Nikolic**'s play is written in verse, so it also shows off the beauty and range of the language. There are several songs and the costumes are neo-Renaissance.

Directed by Olja Dordevic, set and costumes by Milica Grbic Komazec, music by Irena Popovic, choreography by Masa Lukic. Performed by Brankica Sebastijanovic, Dorde Kreca, Zorana Milosakovic Tasic, Goran Popovic, Lako Nikolic, Zeljka Mandic and Jovan Popovic.

Price: 600 dinars.

Language: Serbian.

Age: five and up. Running time fifty minutes.

Organiser: Pinokio puppet theatre.","Baronesa Rezankina, Ser Limburger i Knez de Majonez pripadaju različitim kulturama, pa njihovom ljubavnom trouglu smetaju naizgled nepremostive razlike.

Priča je postavljena arhetipski i deci lako prijemčiva, a poenta je u pomirenju tri krajnosti: ljubav pobeđuje različitost i sukobe. Komad **Danice Nikolić** pisan je u stihu, pa uz toleranciju neguje i lepotu i raznolikost jezika. U predstavi ima nekoliko songova, a kostim je neorenesansni.

Režija Olja Đorđević, scena i kostim Milica Grbić Komazec, muzika Irena Popović, koreografija Maša Lukić. Igraju Brankica Sebastijanović, Đorđe Kreća, Zorana Milošaković Tasić, Goran Popović, Lako Nikolić, Željka Mandić i Jovan Popović.

Cena: 600 dinara.

Jezik: srpski.

Uzrast: od pet godina. Trajanje pedeset minuta.

Organizator: Pozorište lutaka Pinokio.",17:00,600,Pozorište lutaka Pinokio,"Bulevar maršala Tolbuhina 1, Novi Beograd","44.830127,20.411863",https://pinokio.rs/%D0%B1%D0%B0%D1%80%D0%BE%D0%BD%D0%B8-%D0%B4%D0%B8-%D0%BC%D0%B0%D0%BA%D0%B0%D1%80%D0%BE%D0%BD%D0%B8/,pinokio.rs,https://tickets.rs/event/baroni_di_makaroni_28594,Pozorište lutaka Pinokio,https://pinokio.rs/,,,5+,,,"кукольный театр, дети, пьеса в стихах, Пинокио, Нови-Београд","puppet theatre, kids, verse play, Pinokio, Novi Beograd","lutkarsko pozorište, deca, komad u stihu, Pinokio, Novi Beograd"
10/12/2026,10/13/2026,9/30/2026,1930,TheaterGroup,Beogradsko dramsko pozorište,https://www.bdp.rs/,,TheaterEvent,«Чёрное золото»: Оливер Фрлич ставит Деяна Дуковского в Белградском драматическом театре,Crno zlato: Oliver Frljić stages Dejan Dukovski at Belgrade Drama Theatre,Crno zlato: Oliver Frljić režira Dejana Dukovskog u Beogradskom dramskom pozorištu,https://raw.githubusercontent.com/newsgl/arsposters/main/1930-CrnoZlatoOliverFrljicReziraDejana.webp,,Theatre,"Новая пьеса македонского драматурга о семье, застрявшей между старым и так и не наступившим новым. Большая сцена «Оливера и Раде», начало в 19:30, билеты 1500 и 2000 динаров.","A new play by the Macedonian dramatist about a family stuck between the old system and a new one that never arrived. Olivera i Rade main stage, 19:30, tickets 1500 and 2000 dinars.","Nova drama makedonskog pisca o porodici zaglavljenoj između starog i nikad dovršenog novog. Velika scena „Olivera i Rade“, početak u 19.30, ulaznice 1500 i 2000 dinara.","Хорватский режиссёр **Оливер Фрлич**, один из самых провокационных в регионе, вернулся на белградскую сцену больше чем через двенадцать лет. Для «Чёрного золота» он впервые взял пьесу македонца **Деяна Дуковского**. Премьера в БДП прошла в марте 2026 года.

В центре семья, которую затронули сразу несколько переходов: общественный, политический, этический и гендерный. Обещанный переход от одной системы к другой так и не завершился. В дом приезжает Анджела, успешная бизнесвумен, которая живёт в Испании, и по мере того как она входит в запутанные семейные отношения, выясняется, кем она этой семье приходится. Конфликт отца и сына и положение тех, кого не принимают внутри собственной семьи, здесь главные темы.

Играют Милутин Милошевич, Наташа Маркович, Аня Чурчич, Яна Милосавлевич, Милан Зарич, Амар Чорович, Бояна Стойкович, Любомир Булаич и Ана Янкович. Перевод Сони Должан. Спектакль идёт 100 минут.

Цена: 1500 и 2000 динаров.","Croatian director **Oliver Frljić**, one of the most provocative in the region, returned to a Belgrade stage after more than twelve years. For Crno zlato he worked for the first time with a play by Macedonian writer **Dejan Dukovski**. Belgrade Drama Theatre premiered it in March 2026.

At its centre is a family caught in several transitions at once: social, political, ethical and gender. The promised passage from one system to another was never completed. Angela, a successful businesswoman now living in Spain, arrives, and as she enters the tangled family relationships it gradually emerges who she really is to them. The conflict between father and son and the position of those not accepted within their own family are the main themes.

Cast: Milutin Milošević, Nataša Marković, Anja Ćurčić, Jana Milosavljević, Milan Zarić, Amar Ćorović, Bojana Stojković, Ljubomir Bulajić and Ana Janković. Translated by Sonja Dolžan. Running time 100 minutes.

Price: 1500 and 2000 dinars.","Hrvatski reditelj **Oliver Frljić**, jedan od najprovokativnijih u regionu, vratio se na beogradsku scenu posle više od dvanaest godina. Za „Crno zlato“ je prvi put radio tekst makedonskog dramatičara **Dejana Dukovskog**. Premijera u BDP-u bila je u martu 2026.

U središtu je porodica zahvaćena višestrukim tranzicijama: društvenom, političkom, etičkom i rodnom. Obećani prelaz iz jednog sistema u drugi nikada se nije dovršio. U kuću stiže Angela, uspešna poslovna žena koja živi u Španiji, i dok ulazi u zapletene porodične odnose, postepeno se otkriva ko je ona zapravo ovoj porodici. Sukob oca i sina i položaj onih koje ne prihvata sopstvena porodica glavne su teme.

Igraju Milutin Milošević, Nataša Marković, Anja Ćurčić, Jana Milosavljević, Milan Zarić, Amar Ćorović, Bojana Stojković, Ljubomir Bulajić i Ana Janković. Prevod Sonja Dolžan. Trajanje 100 minuta.

Cena: 1500 i 2000 dinara.",19:30,1500,Beogradsko dramsko pozorište,"Mileševska 64a, Beograd","44.797040,20.486130",https://repertoar.rs/predstave/crno-zlato/,repertoar.rs,https://app.sixtix.rs/events/b6c4a6928125,Beogradsko dramsko pozorište,https://www.bdp.rs/,,,,,,"театр, БДП, Оливер Фрлич, Деян Дуковский, драма","theatre, BDP, Oliver Frljić, Dejan Dukovski, drama","pozorište, BDP, Oliver Frljić, Dejan Dukovski, drama"
11/3/2026,11/4/2026,9/30/2026,1931,TheaterGroup,Beogradsko dramsko pozorište,https://www.bdp.rs/,,TheaterEvent,«Чёрное золото»: Оливер Фрлич ставит Деяна Дуковского в Белградском драматическом театре,Crno zlato: Oliver Frljić stages Dejan Dukovski at Belgrade Drama Theatre,Crno zlato: Oliver Frljić režira Dejana Dukovskog u Beogradskom dramskom pozorištu,https://raw.githubusercontent.com/newsgl/arsposters/main/1931-CrnoZlatoOliverFrljicReziraDejana.webp,,Theatre,"Новая пьеса македонского драматурга о семье, застрявшей между старым и так и не наступившим новым. Большая сцена «Оливера и Раде», начало в 19:30, билеты 1500 и 2000 динаров.","A new play by the Macedonian dramatist about a family stuck between the old system and a new one that never arrived. Olivera i Rade main stage, 19:30, tickets 1500 and 2000 dinars.","Nova drama makedonskog pisca o porodici zaglavljenoj između starog i nikad dovršenog novog. Velika scena „Olivera i Rade“, početak u 19.30, ulaznice 1500 i 2000 dinara.","Хорватский режиссёр **Оливер Фрлич**, один из самых провокационных в регионе, вернулся на белградскую сцену больше чем через двенадцать лет. Для «Чёрного золота» он впервые взял пьесу македонца **Деяна Дуковского**. Премьера в БДП прошла в марте 2026 года.

В центре семья, которую затронули сразу несколько переходов: общественный, политический, этический и гендерный. Обещанный переход от одной системы к другой так и не завершился. В дом приезжает Анджела, успешная бизнесвумен, которая живёт в Испании, и по мере того как она входит в запутанные семейные отношения, выясняется, кем она этой семье приходится. Конфликт отца и сына и положение тех, кого не принимают внутри собственной семьи, здесь главные темы.

Играют Милутин Милошевич, Наташа Маркович, Аня Чурчич, Яна Милосавлевич, Милан Зарич, Амар Чорович, Бояна Стойкович, Любомир Булаич и Ана Янкович. Перевод Сони Должан. Спектакль идёт 100 минут.

Цена: 1500 и 2000 динаров.","Croatian director **Oliver Frljić**, one of the most provocative in the region, returned to a Belgrade stage after more than twelve years. For Crno zlato he worked for the first time with a play by Macedonian writer **Dejan Dukovski**. Belgrade Drama Theatre premiered it in March 2026.

At its centre is a family caught in several transitions at once: social, political, ethical and gender. The promised passage from one system to another was never completed. Angela, a successful businesswoman now living in Spain, arrives, and as she enters the tangled family relationships it gradually emerges who she really is to them. The conflict between father and son and the position of those not accepted within their own family are the main themes.

Cast: Milutin Milošević, Nataša Marković, Anja Ćurčić, Jana Milosavljević, Milan Zarić, Amar Ćorović, Bojana Stojković, Ljubomir Bulajić and Ana Janković. Translated by Sonja Dolžan. Running time 100 minutes.

Price: 1500 and 2000 dinars.","Hrvatski reditelj **Oliver Frljić**, jedan od najprovokativnijih u regionu, vratio se na beogradsku scenu posle više od dvanaest godina. Za „Crno zlato“ je prvi put radio tekst makedonskog dramatičara **Dejana Dukovskog**. Premijera u BDP-u bila je u martu 2026.

U središtu je porodica zahvaćena višestrukim tranzicijama: društvenom, političkom, etičkom i rodnom. Obećani prelaz iz jednog sistema u drugi nikada se nije dovršio. U kuću stiže Angela, uspešna poslovna žena koja živi u Španiji, i dok ulazi u zapletene porodične odnose, postepeno se otkriva ko je ona zapravo ovoj porodici. Sukob oca i sina i položaj onih koje ne prihvata sopstvena porodica glavne su teme.

Igraju Milutin Milošević, Nataša Marković, Anja Ćurčić, Jana Milosavljević, Milan Zarić, Amar Ćorović, Bojana Stojković, Ljubomir Bulajić i Ana Janković. Prevod Sonja Dolžan. Trajanje 100 minuta.

Cena: 1500 i 2000 dinara.",19:30,1500,Beogradsko dramsko pozorište,"Mileševska 64a, Beograd","44.797040,20.486130",https://repertoar.rs/predstave/crno-zlato/,repertoar.rs,https://app.sixtix.rs/events/b6c4a6928125,Beogradsko dramsko pozorište,https://www.bdp.rs/,,,,,,"театр, БДП, Оливер Фрлич, Деян Дуковский, драма","theatre, BDP, Oliver Frljić, Dejan Dukovski, drama","pozorište, BDP, Oliver Frljić, Dejan Dukovski, drama"
12/22/2026,12/22/2026,9/30/2026,1932,TheaterGroup,Beogradsko dramsko pozorište,https://www.bdp.rs/,,TheaterEvent,«Чёрное золото»: Оливер Фрлич ставит Деяна Дуковского в Белградском драматическом театре,Crno zlato: Oliver Frljić stages Dejan Dukovski at Belgrade Drama Theatre,Crno zlato: Oliver Frljić režira Dejana Dukovskog u Beogradskom dramskom pozorištu,https://raw.githubusercontent.com/newsgl/arsposters/main/1932-CrnoZlatoOliverFrljicReziraDejana.webp,,Theatre,"Новая пьеса македонского драматурга о семье, застрявшей между старым и так и не наступившим новым. Большая сцена «Оливера и Раде», начало в 19:30, билеты 1500 и 2000 динаров.","A new play by the Macedonian dramatist about a family stuck between the old system and a new one that never arrived. Olivera i Rade main stage, 19:30, tickets 1500 and 2000 dinars.","Nova drama makedonskog pisca o porodici zaglavljenoj između starog i nikad dovršenog novog. Velika scena „Olivera i Rade“, početak u 19.30, ulaznice 1500 i 2000 dinara.","Хорватский режиссёр **Оливер Фрлич**, один из самых провокационных в регионе, вернулся на белградскую сцену больше чем через двенадцать лет. Для «Чёрного золота» он впервые взял пьесу македонца **Деяна Дуковского**. Премьера в БДП прошла в марте 2026 года.

В центре семья, которую затронули сразу несколько переходов: общественный, политический, этический и гендерный. Обещанный переход от одной системы к другой так и не завершился. В дом приезжает Анджела, успешная бизнесвумен, которая живёт в Испании, и по мере того как она входит в запутанные семейные отношения, выясняется, кем она этой семье приходится. Конфликт отца и сына и положение тех, кого не принимают внутри собственной семьи, здесь главные темы.

Играют Милутин Милошевич, Наташа Маркович, Аня Чурчич, Яна Милосавлевич, Милан Зарич, Амар Чорович, Бояна Стойкович, Любомир Булаич и Ана Янкович. Перевод Сони Должан. Спектакль идёт 100 минут.

Цена: 1500 и 2000 динаров.","Croatian director **Oliver Frljić**, one of the most provocative in the region, returned to a Belgrade stage after more than twelve years. For Crno zlato he worked for the first time with a play by Macedonian writer **Dejan Dukovski**. Belgrade Drama Theatre premiered it in March 2026.

At its centre is a family caught in several transitions at once: social, political, ethical and gender. The promised passage from one system to another was never completed. Angela, a successful businesswoman now living in Spain, arrives, and as she enters the tangled family relationships it gradually emerges who she really is to them. The conflict between father and son and the position of those not accepted within their own family are the main themes.

Cast: Milutin Milošević, Nataša Marković, Anja Ćurčić, Jana Milosavljević, Milan Zarić, Amar Ćorović, Bojana Stojković, Ljubomir Bulajić and Ana Janković. Translated by Sonja Dolžan. Running time 100 minutes.

Price: 1500 and 2000 dinars.","Hrvatski reditelj **Oliver Frljić**, jedan od najprovokativnijih u regionu, vratio se na beogradsku scenu posle više od dvanaest godina. Za „Crno zlato“ je prvi put radio tekst makedonskog dramatičara **Dejana Dukovskog**. Premijera u BDP-u bila je u martu 2026.

U središtu je porodica zahvaćena višestrukim tranzicijama: društvenom, političkom, etičkom i rodnom. Obećani prelaz iz jednog sistema u drugi nikada se nije dovršio. U kuću stiže Angela, uspešna poslovna žena koja živi u Španiji, i dok ulazi u zapletene porodične odnose, postepeno se otkriva ko je ona zapravo ovoj porodici. Sukob oca i sina i položaj onih koje ne prihvata sopstvena porodica glavne su teme.

Igraju Milutin Milošević, Nataša Marković, Anja Ćurčić, Jana Milosavljević, Milan Zarić, Amar Ćorović, Bojana Stojković, Ljubomir Bulajić i Ana Janković. Prevod Sonja Dolžan. Trajanje 100 minuta.

Cena: 1500 i 2000 dinara.",19:30,1500,Beogradsko dramsko pozorište,"Mileševska 64a, Beograd","44.797040,20.486130",https://repertoar.rs/predstave/crno-zlato/,repertoar.rs,https://app.sixtix.rs/events/b6c4a6928125,Beogradsko dramsko pozorište,https://www.bdp.rs/,,,,,,"театр, БДП, Оливер Фрлич, Деян Дуковский, драма","theatre, BDP, Oliver Frljić, Dejan Dukovski, drama","pozorište, BDP, Oliver Frljić, Dejan Dukovski, drama"
10/13/2026,10/14/2026,9/30/2026,1933,Person,Đorđe (Đorđe Čarkić),https://sr.wikipedia.org/sr-el/Klinac_(reper),,MusicEvent,Рэпер Джордже в саду KST: дополнительный концерт после солд-аута,Rapper Đorđe at the KST garden: extra show after a sell-out,Đorđe u bašti KST-a: dodatni koncert posle rasprodatog,https://raw.githubusercontent.com/newsgl/arsposters/main/1933-DjordjeUBastiKSTADodatni.webp,,Concerts,"Сентябрьский концерт рэпера Джордже в саду Клуба студентов техники распродали, и организаторы открыли новую дату. Вторник, 13 октября, в 22:00. Билет 2200 динаров.","Rapper Đorđe’s September show in the KST garden sold out, so a new date was added. Tuesday 13 October, 22:00. Ticket 2200 RSD.","Septembarski koncert Đorđa u bašti KST-a je rasprodat, pa je otvoren novi termin. Utorak, 13. oktobar, u 22 h. Karta 2200 dinara.","Концерт 24 сентября в саду KST разошёлся полностью, и организаторы объявили второй вечер.

**Джордже Чаркич** родился в 2001 году в Белграде, вырос в Баня-Луке и поначалу выступал под псевдонимом **Klinac**. Сын пианиста, он начинал с фортепиано, в 2017 году выпустил микстейп «Oblaci», затем альбомы «U noći» и «Prioriteti» и основал собственный лейбл Apollo.

KST, Клуб студентов техники, работает в здании технических факультетов на Булеваре короля Александра, концерт проходит в его летнем саду.

Цена: 2200 динаров.
Организатор: UGS PRO Music Promoting.","The 24 September show in the KST garden sold out, and the organisers opened a second night.

**Đorđe Čarkić** was born in 2001 in Belgrade, grew up in Banja Luka and first performed as **Klinac**. The son of a pianist, he started on piano, released the mixtape Oblaci in 2017, followed by the albums U noći and Prioriteti, and founded his own label, Apollo.

KST, the Technical Students’ Club, sits in the engineering faculties building on Bulevar kralja Aleksandra; the show is in its garden.

Price: 2200 RSD.
Organizer: UGS PRO Music Promoting.","Koncert 24. septembra u bašti KST-a je rasprodat, pa su organizatori otvorili još jedno veče.

**Đorđe Čarkić** rođen je 2001. u Beogradu, odrastao u Banjaluci i prvo je nastupao kao **Klinac**. Sin pijaniste, počeo je na klaviru, 2017. objavio mikstejp „Oblaci“, zatim albume „U noći“ i „Prioriteti“, i osnovao svoju izdavačku kuću Apollo.

KST, Klub studenata tehnike, nalazi se u zgradi tehničkih fakulteta na Bulevaru kralja Aleksandra, a koncert je u njegovoj bašti.

Cena: 2200 dinara.
Organizator: UGS PRO Music Promoting.",22:00,2200,Klub studenata tehnike (KST),"Bulevar kralja Aleksandra 73, 11120 Beograd","44.805958,20.475481",https://cooltix.rs/event/6aba404b8775f9c703bdc49a,cooltix.rs,https://cooltix.rs/event/6aba404b8775f9c703bdc49a,UGS PRO Music Promoting,https://sr.wikipedia.org/sr-el/Klinac_(reper),,,,,,"рэп, хип-хоп, KST, Джордже, концерт","rap, hip-hop, KST, Đorđe, concert","rep, hip-hop, KST, Đorđe, koncert"
10/13/2026,10/13/2026,9/30/2026,1934,Person,doc. dr Miljanka Vuksanović,https://www.meetup.com/peri-menopause-work/,,EducationEvent,Гормоны в перименопаузе: встреча с эндокринологом Милянкой Вуксанович в сообществе Peri.Menopause@Work,Hormones in perimenopause: a meetup with endocrinologist Miljanka Vuksanović at Peri.Menopause@Work,"Kad telo pita, endokrinolog odgovara: hormoni u perimenopauzi na susretu Peri.Menopause@Work",https://raw.githubusercontent.com/newsgl/arsposters/main/1934-KadTeloPitaEndokrinologOdgovaraHormoni.webp,,Lectures,"Встреча для работающих женщин в перименопаузе: эндокринолог отвечает на вопросы о гормонах и гормональной терапии. 13 октября в 18:00, Forum 26 Business Center, бесплатно по регистрации на Meetup. На сербском языке.","A meetup for working women in perimenopause: an endocrinologist answers questions about hormones and hormone therapy. 13 October at 18:00, Forum 26 Business Center, free with registration on Meetup. In Serbian.","Susret za poslovne žene u perimenopauzi: endokrinolog odgovara na pitanja o hormonima i hormonskoj terapiji. 13. oktobra u 18.00, Forum 26 Business Center, besplatno uz prijavu na Meetup-u.","«Всё от гормонов», «природа так устроила, не вмешивайся», «зачем тебе эта терапия». Сообщество **Peri.Menopause@Work** собрало такие фразы и позвало специалиста, чтобы разобраться, что с гормонами происходит на самом деле.

Гостья встречи **доц. д-р Милянка Вуксанович**, доцент медицинского факультета Белградского университета и руководитель отделения диабета КБЦ «Звездара». Среди её профессиональных тем менопауза и гормональная терапия, щитовидная железа, остеопороз, инсулинорезистентность.

Программу собирают из вопросов участниц: их можно прислать заранее по ссылке на странице встречи. Сначала короткое знакомство в малых группах, затем выступление врача с вопросами, в конце обсуждение, что из услышанного применить.

Встреча рассчитана на предпринимательниц, сотрудниц, руководительниц и фрилансеров в этой фазе жизни. Это вторая из четырёх встреч осеннего цикла.

На сербском языке.

Вход свободный, регистрация на Meetup.

Организатор: Peri.Menopause@Work.","“It’s all hormones”, “nature made it that way, don’t interfere”, “do you really need that therapy?” The **Peri.Menopause@Work** community collected remarks like these and invited a specialist to explain what actually happens to hormones.

The guest is **Assoc. Prof. Miljanka Vuksanović**, docent at the University of Belgrade Faculty of Medicine and head of the diabetes unit at KBC Zvezdara. Her fields include menopause and hormone therapy, thyroid disease, osteoporosis and insulin resistance.

The programme is built from participants’ questions, which can be sent in advance via the link on the event page. It starts with small-group introductions, continues with the doctor’s talk and Q&A, and ends with a discussion of how to use what was heard.

The meetup is aimed at business women, employees, leaders and freelancers in this stage of life. It is the second of four meetings in the autumn cycle.

In Serbian.

Free entry, registration on Meetup.

Organiser: Peri.Menopause@Work.","„Sve ti je to od hormona“, „priroda je tako uredila, nemoj se mešati“, „baš moraš te hormone da uzimaš?“ Zajednica **Peri.Menopause@Work** skupila je ovakve rečenice i pozvala stručnjakinju da objasni šta se sa hormonima zaista dešava.

Gošća je **doc. dr Miljanka Vuksanović**, docent Medicinskog fakulteta Univerziteta u Beogradu i načelnik Odseka za dijabetes KBC Zvezdara. Među oblastima njenog interesovanja su menopauza i hormonska terapija, štitasta žlezda, osteoporoza i insulinska rezistencija.

Program se oblikuje prema pitanjima učesnica, koja se mogu poslati unapred preko linka na stranici događaja. Prvo razmena u malim grupama, zatim izlaganje doktorke uz pitanja, a na kraju razgovor o tome šta od čutog može da se primeni.

Susret je namenjen poslovnim ženama, preduzetnicama, zaposlenima, liderkama i frilenserkama u ovoj fazi života. Ovo je drugi od četiri susreta jesenjeg ciklusa.

Učešće je besplatno, uz prijavu na Meetup-u.

Organizator: Peri.Menopause@Work.",18:00,0,Forum 26 Business Center,"Španskih boraca 1, Novi Beograd","44.818245,20.424626",https://www.meetup.com/peri-menopause-work/events/316647409/,meetup.com,https://www.meetup.com/peri-menopause-work/events/316647409/,Peri.Menopause@Work,https://www.meetup.com/peri-menopause-work/,,,,,,"здоровье, женское здоровье, менопауза, митап, лекция","health, women’s health, menopause, meetup, talk","zdravlje, žensko zdravlje, menopauza, meetup, predavanje"
10/13/2026,10/13/2026,9/30/2026,1935,TheaterGroup,Jugoslovensko dramsko pozorište,https://www.jdp.rs/,,TheaterEvent,«Стеклянная шея»: трагикомедия Биляны Срблянович в постановке Ягоша Марковича в ЮДП,Vrat od stakla: Biljana Srbljanović’s tragicomedy directed by Jagoš Marković at the Yugoslav Drama Theatre,Vrat od stakla: tragikomedija Biljane Srbljanović u režiji Jagoša Markovića u JDP-u,https://raw.githubusercontent.com/newsgl/arsposters/main/1935-VratOdStaklaTragikomedijaBiljaneSrbljano.webp,,Theatre,"Белградская семья, где почти одни женщины, получает повестку в суд, и жизнь в квартире переворачивается. Большая сцена «Люба Тадич», начало в 20:00, билеты 600 и 2000 динаров.","A Belgrade family made up mostly of women receives a court summons, and life in the flat turns upside down. Ljuba Tadić main stage, 20:00, tickets 600 and 2000 dinars.","Beogradska porodica sastavljena uglavnom od žena dobija sudski poziv i život u stanu se okreće naglavačke. Velika scena „Ljuba Tadić“, početak u 20.00, ulaznice 600 i 2000 dinara.","Спектакль по пьесе **Биляны Срблянович** идёт в ЮДП с октября 2018 года и уже перешагнул сотню представлений.

В центре белградская семья, почти целиком женская: бабушка Богданка, её дочери Светлана и Надежда, внучка Мирна. Их привычный уклад ломает повестка в суд, и героям приходится открыться миру. За окнами шумят демонстрации, и напряжение в квартире только растёт. Реплики здесь смешные и горькие почти одновременно.

Режиссёр, сценограф и автор музыкального оформления **Ягош Маркович**. Играют Елисавета Сека Саблич, Анита Манчич, Весна Тривалич, Драган Мичанович, Милица Гойкович, Ирфан Менсур, Марко Янкетич, Милош Самолов, Слободан Тешич и Лазар Джукич. Спектакль идёт около двух часов.

Цена: 600 и 2000 динаров.","The production of **Biljana Srbljanović**’s play has been on the JDP repertoire since October 2018 and has passed a hundred performances.

At its centre is a Belgrade family made up almost entirely of women: grandmother Bogdanka, her daughters Svetlana and Nadežda, granddaughter Mirna. A court summons breaks their routine and forces them to open up to the world. Demonstrations rumble outside, and the tension inside the flat keeps rising. The lines are funny and bitter almost at once.

**Jagoš Marković** directed, designed the set and chose the music. Cast: Jelisaveta Seka Sablić, Anita Mančić, Vesna Trivalić, Dragan Mićanović, Milica Gojković, Irfan Mensur, Marko Janketić, Miloš Samolov, Slobodan Tešić and Lazar Đukić. Running time about two hours.

Price: 600 and 2000 dinars.","Predstava po tekstu **Biljane Srbljanović** igra se u JDP-u od oktobra 2018. i prešla je stotinu izvođenja.

U centru je beogradska porodica sastavljena gotovo samo od žena: baka Bogdanka, njene ćerke Svetlana i Nadežda, unuka Mirna. Njihov ustaljeni život prekida sudski poziv koji ih tera da se otvore svetu. Napolju bruje demonstracije, a napetost u stanu raste. Replike su smešne i gorke gotovo u istom trenutku.

Režiju, scenografiju i izbor muzike potpisuje **Jagoš Marković**. Igraju Jelisaveta Seka Sablić, Anita Mančić, Vesna Trivalić, Dragan Mićanović, Milica Gojković, Irfan Mensur, Marko Janketić, Miloš Samolov, Slobodan Tešić i Lazar Đukić. Trajanje oko dva sata.

Cena: 600 i 2000 dinara.",20:00,600,Jugoslovensko dramsko pozorište,"Kralja Milana 50, 11000 Beograd","44.805332,20.464847",https://repertoar.rs/predstave/vrat-od-stakla/,repertoar.rs,https://www.jdp.rs/,Jugoslovensko dramsko pozorište,https://www.jdp.rs/,,,,,,"театр, ЮДП, Биляна Срблянович, Ягош Маркович, трагикомедия","theatre, JDP, Biljana Srbljanović, Jagoš Marković, tragicomedy","pozorište, JDP, Biljana Srbljanović, Jagoš Marković, tragikomedija"
10/20/2026,10/20/2026,9/30/2026,1936,TheaterGroup,Jugoslovensko dramsko pozorište,https://www.jdp.rs/,,TheaterEvent,«Стеклянная шея»: трагикомедия Биляны Срблянович в постановке Ягоша Марковича в ЮДП,Vrat od stakla: Biljana Srbljanović’s tragicomedy directed by Jagoš Marković at the Yugoslav Drama Theatre,Vrat od stakla: tragikomedija Biljane Srbljanović u režiji Jagoša Markovića u JDP-u,https://raw.githubusercontent.com/newsgl/arsposters/main/1936-VratOdStaklaTragikomedijaBiljaneSrbljano.webp,,Theatre,"Белградская семья, где почти одни женщины, получает повестку в суд, и жизнь в квартире переворачивается. Большая сцена «Люба Тадич», начало в 20:00, билеты 600 и 2000 динаров.","A Belgrade family made up mostly of women receives a court summons, and life in the flat turns upside down. Ljuba Tadić main stage, 20:00, tickets 600 and 2000 dinars.","Beogradska porodica sastavljena uglavnom od žena dobija sudski poziv i život u stanu se okreće naglavačke. Velika scena „Ljuba Tadić“, početak u 20.00, ulaznice 600 i 2000 dinara.","Спектакль по пьесе **Биляны Срблянович** идёт в ЮДП с октября 2018 года и уже перешагнул сотню представлений.

В центре белградская семья, почти целиком женская: бабушка Богданка, её дочери Светлана и Надежда, внучка Мирна. Их привычный уклад ломает повестка в суд, и героям приходится открыться миру. За окнами шумят демонстрации, и напряжение в квартире только растёт. Реплики здесь смешные и горькие почти одновременно.

Режиссёр, сценограф и автор музыкального оформления **Ягош Маркович**. Играют Елисавета Сека Саблич, Анита Манчич, Весна Тривалич, Драган Мичанович, Милица Гойкович, Ирфан Менсур, Марко Янкетич, Милош Самолов, Слободан Тешич и Лазар Джукич. Спектакль идёт около двух часов.

Цена: 600 и 2000 динаров.","The production of **Biljana Srbljanović**’s play has been on the JDP repertoire since October 2018 and has passed a hundred performances.

At its centre is a Belgrade family made up almost entirely of women: grandmother Bogdanka, her daughters Svetlana and Nadežda, granddaughter Mirna. A court summons breaks their routine and forces them to open up to the world. Demonstrations rumble outside, and the tension inside the flat keeps rising. The lines are funny and bitter almost at once.

**Jagoš Marković** directed, designed the set and chose the music. Cast: Jelisaveta Seka Sablić, Anita Mančić, Vesna Trivalić, Dragan Mićanović, Milica Gojković, Irfan Mensur, Marko Janketić, Miloš Samolov, Slobodan Tešić and Lazar Đukić. Running time about two hours.

Price: 600 and 2000 dinars.","Predstava po tekstu **Biljane Srbljanović** igra se u JDP-u od oktobra 2018. i prešla je stotinu izvođenja.

U centru je beogradska porodica sastavljena gotovo samo od žena: baka Bogdanka, njene ćerke Svetlana i Nadežda, unuka Mirna. Njihov ustaljeni život prekida sudski poziv koji ih tera da se otvore svetu. Napolju bruje demonstracije, a napetost u stanu raste. Replike su smešne i gorke gotovo u istom trenutku.

Režiju, scenografiju i izbor muzike potpisuje **Jagoš Marković**. Igraju Jelisaveta Seka Sablić, Anita Mančić, Vesna Trivalić, Dragan Mićanović, Milica Gojković, Irfan Mensur, Marko Janketić, Miloš Samolov, Slobodan Tešić i Lazar Đukić. Trajanje oko dva sata.

Cena: 600 i 2000 dinara.",20:00,600,Jugoslovensko dramsko pozorište,"Kralja Milana 50, 11000 Beograd","44.805332,20.464847",https://repertoar.rs/predstave/vrat-od-stakla/,repertoar.rs,https://www.jdp.rs/,Jugoslovensko dramsko pozorište,https://www.jdp.rs/,,,,,,"театр, ЮДП, Биляна Срблянович, Ягош Маркович, трагикомедия","theatre, JDP, Biljana Srbljanović, Jagoš Marković, tragicomedy","pozorište, JDP, Biljana Srbljanović, Jagoš Marković, tragikomedija"
10/13/2026,10/13/2026,9/30/2026,1937,TheaterGroup,Jugoslovensko dramsko pozorište,https://www.jdp.rs/,,TheaterEvent,«Портрет Дориана Грея» Оскара Уайльда в студии «Чирилов» ЮДП,The Picture of Dorian Gray after Oscar Wilde at the Yugoslav Drama Theatre’s Studio Ćirilov,Slika Dorijana Greja po Oskaru Vajldu u Studiju „Ćirilov“ JDP-a,https://raw.githubusercontent.com/newsgl/arsposters/main/1937-SlikaDorijanaGrejaPoOskaruVajldu.webp,,Theatre,"Роман Уайльда в инсценировке и постановке Наташи Радулович: история о молодости и красоте, прочитанная через сегодняшнюю одержимость внешностью и селфи. Студия «Чирилов», начало в 20:30, билет 1500 динаров.","Wilde’s novel adapted and directed by Nataša Radulović: youth and beauty read through today’s obsession with looks and selfies. Studio Ćirilov, 20:30, ticket 1500 dinars.","Vajldov roman u adaptaciji i režiji Nataše Radulović: mladost i lepota čitane kroz današnju opsesiju izgledom i selfijima. Studio „Ćirilov“, početak u 20.30, ulaznica 1500 dinara.","Единственный роман **Оскара Уайльда** при выходе ругали критики и почти не покупали, классикой он стал уже после смерти автора. Этим спектаклем ЮДП открыл сезон в октябре 2025 года, а весной 2026-го он открывал 31-й Международный фестиваль малых сцен в Риеке.

Дориан позирует художнику Бэзилу Холлуорду, тот знакомит его с лордом Генри Уоттоном, и начинается история о сделке с собственным отражением. Режиссёр **Наташа Радулович**, которая сама перевела и инсценировала роман, говорит о навязчивом культе внешности и о темноте, спрятанной за безупречным фасадом.

Дориана играет Иоаким Тасич, лорда Генри Срджан Тимаров, Бэзила Стефан Евтович, Сибилу Вейн Яна Ненадович, также заняты Весна Чипчич и Теодор Винчич.

Цена: 1500 динаров.","**Oscar Wilde**’s only novel was panned by critics and barely sold on publication; it became a classic only after his death. The Yugoslav Drama Theatre opened its season with this production in October 2025, and in spring 2026 it opened the 31st International Festival of Small Scenes in Rijeka.

Dorian sits for the painter Basil Hallward, who introduces him to Lord Henry Wotton, and the story of a bargain with one’s own reflection begins. Director **Nataša Radulović**, who also translated and adapted the novel, focuses on the cult of appearance and on the darkness hidden behind a flawless surface.

Joakim Tasić plays Dorian, Srđan Timarov is Lord Henry, Stefan Jevtović is Basil and Jana Nenadović is Sibyl Vane, with Vesna Čipčić and Teodor Vinčić.

Price: 1500 dinars.","Jedini roman **Oskara Vajlda** kritika je po objavljivanju dočekala na nož, a prodaja je bila loša; klasik je postao tek posle piščeve smrti. JDP je ovom predstavom otvorio sezonu u oktobru 2025, a u proleće 2026. otvorila je i 31. Međunarodni festival malih scena u Rijeci.

Dorijan pozira slikaru Bazilu Holvardu, koji ga upoznaje sa lordom Henrijem Votonom, i počinje priča o pogodbi sa sopstvenim odrazom. Rediteljka **Nataša Radulović**, koja je roman i prevela i dramatizovala, bavi se opsesijom izgledom i tamom skrivenom iza savršene spoljašnjosti.

Dorijana igra Joakim Tasić, lorda Henrija Srđan Timarov, Bazila Stefan Jevtović, Sibil Vejn Jana Nenadović, a igraju i Vesna Čipčić i Teodor Vinčić.

Cena: 1500 dinara.",20:30,1500,Jugoslovensko dramsko pozorište,"Kralja Milana 50, 11000 Beograd","44.805332,20.464847",https://repertoar.rs/predstave/slika-dorijana-greja/,repertoar.rs,https://www.jdp.rs/,Jugoslovensko dramsko pozorište,https://www.jdp.rs/,,,,,,"театр, ЮДП, Оскар Уайльд, Наташа Радулович, драма","theatre, JDP, Oscar Wilde, Nataša Radulović, drama","pozorište, JDP, Oskar Vajld, Nataša Radulović, drama"
10/23/2026,10/23/2026,9/30/2026,1938,TheaterGroup,Jugoslovensko dramsko pozorište,https://www.jdp.rs/,,TheaterEvent,«Портрет Дориана Грея» Оскара Уайльда в студии «Чирилов» ЮДП,The Picture of Dorian Gray after Oscar Wilde at the Yugoslav Drama Theatre’s Studio Ćirilov,Slika Dorijana Greja po Oskaru Vajldu u Studiju „Ćirilov“ JDP-a,https://raw.githubusercontent.com/newsgl/arsposters/main/1938-SlikaDorijanaGrejaPoOskaruVajldu.webp,,Theatre,"Роман Уайльда в инсценировке и постановке Наташи Радулович: история о молодости и красоте, прочитанная через сегодняшнюю одержимость внешностью и селфи. Студия «Чирилов», начало в 20:30, билет 1500 динаров.","Wilde’s novel adapted and directed by Nataša Radulović: youth and beauty read through today’s obsession with looks and selfies. Studio Ćirilov, 20:30, ticket 1500 dinars.","Vajldov roman u adaptaciji i režiji Nataše Radulović: mladost i lepota čitane kroz današnju opsesiju izgledom i selfijima. Studio „Ćirilov“, početak u 20.30, ulaznica 1500 dinara.","Единственный роман **Оскара Уайльда** при выходе ругали критики и почти не покупали, классикой он стал уже после смерти автора. Этим спектаклем ЮДП открыл сезон в октябре 2025 года, а весной 2026-го он открывал 31-й Международный фестиваль малых сцен в Риеке.

Дориан позирует художнику Бэзилу Холлуорду, тот знакомит его с лордом Генри Уоттоном, и начинается история о сделке с собственным отражением. Режиссёр **Наташа Радулович**, которая сама перевела и инсценировала роман, говорит о навязчивом культе внешности и о темноте, спрятанной за безупречным фасадом.

Дориана играет Иоаким Тасич, лорда Генри Срджан Тимаров, Бэзила Стефан Евтович, Сибилу Вейн Яна Ненадович, также заняты Весна Чипчич и Теодор Винчич.

Цена: 1500 динаров.","**Oscar Wilde**’s only novel was panned by critics and barely sold on publication; it became a classic only after his death. The Yugoslav Drama Theatre opened its season with this production in October 2025, and in spring 2026 it opened the 31st International Festival of Small Scenes in Rijeka.

Dorian sits for the painter Basil Hallward, who introduces him to Lord Henry Wotton, and the story of a bargain with one’s own reflection begins. Director **Nataša Radulović**, who also translated and adapted the novel, focuses on the cult of appearance and on the darkness hidden behind a flawless surface.

Joakim Tasić plays Dorian, Srđan Timarov is Lord Henry, Stefan Jevtović is Basil and Jana Nenadović is Sibyl Vane, with Vesna Čipčić and Teodor Vinčić.

Price: 1500 dinars.","Jedini roman **Oskara Vajlda** kritika je po objavljivanju dočekala na nož, a prodaja je bila loša; klasik je postao tek posle piščeve smrti. JDP je ovom predstavom otvorio sezonu u oktobru 2025, a u proleće 2026. otvorila je i 31. Međunarodni festival malih scena u Rijeci.

Dorijan pozira slikaru Bazilu Holvardu, koji ga upoznaje sa lordom Henrijem Votonom, i počinje priča o pogodbi sa sopstvenim odrazom. Rediteljka **Nataša Radulović**, koja je roman i prevela i dramatizovala, bavi se opsesijom izgledom i tamom skrivenom iza savršene spoljašnjosti.

Dorijana igra Joakim Tasić, lorda Henrija Srđan Timarov, Bazila Stefan Jevtović, Sibil Vejn Jana Nenadović, a igraju i Vesna Čipčić i Teodor Vinčić.

Cena: 1500 dinara.",20:30,1500,Jugoslovensko dramsko pozorište,"Kralja Milana 50, 11000 Beograd","44.805332,20.464847",https://repertoar.rs/predstave/slika-dorijana-greja/,repertoar.rs,https://www.jdp.rs/,Jugoslovensko dramsko pozorište,https://www.jdp.rs/,,,,,,"театр, ЮДП, Оскар Уайльд, Наташа Радулович, драма","theatre, JDP, Oscar Wilde, Nataša Radulović, drama","pozorište, JDP, Oskar Vajld, Nataša Radulović, drama"
10/14/2026,10/14/2026,9/30/2026,1939,Person,Nenad Gugl,https://guglnenad.com/,,EducationEvent,«Внутренняя крепость. Стены»: лекция Ненада Гугла в Доме омладины,Inner Fortress. Walls: Nenad Gugl’s lecture at Dom omladine,Unutrašnja tvrđava. Zidine: predavanje Nenada Gugla u Domu omladine,https://raw.githubusercontent.com/newsgl/arsposters/main/1939-UnutrasnjaTvrdjavaZidinePredavanjeNenada.webp,,Lectures,"Вторая лекция цикла Ненада Гугла о внутренней устойчивости: как выстроить границы, которые защищают, но не изолируют. Среда, 14 октября, в 19:30, Большой зал. Билет 1400 динаров. На сербском языке.","The second lecture in Nenad Gugl’s series on inner stability: building boundaries that protect without isolating. Wednesday 14 October, 19:30, Great Hall. Ticket 1400 RSD. In Serbian.","Drugo predavanje ciklusa Nenada Gugla o unutrašnjoj stabilnosti: kako podići granice koje štite, a ne zatvaraju. Sreda, 14. oktobar, u 19.30, Velika sala. Karta 1400 dinara.","В сербском слово «град» (город) родственно слову «ограда». Для предков поселение без стен оставалось деревней или перекрёстком, через который все проходят. От этой этимологии отталкивается лекция **«Стены»**.

**Ненад Гугл** 14 лет преподавал сербский язык и литературу в Третьей белградской гимназии, с 2021 года читает лекции о личном развитии, написал три романа и основал издательство Bit. Цикл «Внутренняя крепость» состоит из четырёх лекций: «Фундамент» (сентябрь), «Стены», «Башня» и «Сокровищница».

Во второй лекции речь о границах: как решать, что впускать в свою жизнь, а что оставлять снаружи, и при этом не закрыться от мира.

Цена: 1400 динаров.
Язык: сербский.
Организатор: IVS Media.","The Serbian word grad (city) shares its root with ograda (fence). For our ancestors a settlement without walls stayed a village or a crossroads anyone could pass through. That etymology is the starting point of **Walls**.

**Nenad Gugl** taught Serbian language and literature at Belgrade’s Third Gymnasium for 14 years; since 2021 he has lectured full time on personal development, written three novels and founded the publisher Bit. The Inner Fortress series has four lectures: Foundations (September), Walls, Tower and Treasury.

This second one is about boundaries: deciding what to let into your life and what to keep out, without shutting yourself off.

Price: 1400 RSD.
Language: Serbian.
Organizer: IVS Media.","Reč grad u našem jeziku potiče od istog korena kao i ograda. Za naše pretke naselje bez zidina ostajalo je selo ili raskrsnica kroz koju svako prolazi. Od te etimologije kreće predavanje **„Zidine“**.

**Nenad Gugl** je 14 godina predavao srpski jezik i književnost u Trećoj beogradskoj gimnaziji, od 2021. drži predavanja o ličnom razvoju, napisao je tri romana i osnovao izdavačku kuću Bit. Ciklus „Unutrašnja tvrđava“ ima četiri predavanja: Temelji (septembar), Zidine, Kula i Riznica.

Drugo predavanje bavi se granicama: kako odlučiti šta puštamo u svoj život, a šta ostaje napolju, a da se pritom ne zatvorimo.

Cena: 1400 dinara.
Organizator: IVS Media.",19:30,1400,Dom omladine Beograda,"Makedonska 22, Beograd","44.815407,20.462793",https://efinity.rs/event-details/unutrasnja_tvrdjava_zidine_ono_sto_te_cini_gradom_32438,efinity.rs,https://efinity.rs/event-details/unutrasnja_tvrdjava_zidine_ono_sto_te_cini_gradom_32438,IVS Media,https://guglnenad.com/,,,,,,"лекция, личное развитие, Ненад Гугл, Дом омладины, психология","lecture, personal development, Nenad Gugl, Dom omladine, psychology","predavanje, lični razvoj, Nenad Gugl, Dom omladine, psihologija"
10/14/2026,10/14/2026,9/30/2026,1940,TheaterGroup,Zvezdara teatar,https://zvezdarateatar.rs/,,TheaterEvent,«Любовь в Савамале»: комедия о мигранте и белградской девушке в Звездара театре,Ljubav u Savamali: a comedy about a migrant and a Belgrade girl at Zvezdara Teatar,Ljubav u Savamali: komedija o migrantu i Beograđanki u Zvezdara teatru,https://raw.githubusercontent.com/newsgl/arsposters/main/1940-LjubavUSavamaliKomedijaOMigrantu.webp,,Theatre,"14 октября в 19:30 на сцене «Бата Стойкович»: мигрант Ахмед влюбляется в Сару из многоэтажки рядом с лагерем. Пьеса Ивана Лалича, режиссёр Дариян Михайлович. Билеты 1500, 1800 и 2200 динаров.","October 14 at 19:30 on the Bata Stojković stage: the migrant Ahmed falls for Sara from a tower block next to the migrant centre. Play by Ivan Lalić, directed by Darijan Mihajlović. Tickets 1500, 1800 and 2200 dinars.","14. oktobra u 19.30 na sceni „Bata Stojković“: migrant Ahmed zaljubljuje se u Saru iz solitera pored migrantskog centra. Tekst Ivan Lalić, režija Darijan Mihajlović. Ulaznice 1500, 1800 i 2200 dinara.","Савамала когда-то была первым, что видел приезжий в Белграде, здесь же появился и первый городской театр. В годы большой миграции через этот район снова пошли караваны людей, и **Иван Лалич** написал о них комическую мелодраму, которая идёт в **Звездара театре** с ноября 2018 года.

Ахмед приехал из Афганистана и влюбился в Сару, живущую в многоэтажке у мигрантского центра. Её отец Лука управляет домом, рядом соседи, журналистка CNN и полицейский. Автор говорит, что пьеса вроде бы о мигрантах, а на самом деле о нас: какой видит средняя белградская семья человек со стороны.

Лалич получил за текст награду как за лучшую современную отечественную комедию, а Милан Васич (Ахмед) взял «Ћуран» за лучшую роль на Днях комедии в Ягодине. Также играют Милош Джорджевич, Элизабета Джоревска, Мина Совтич или Миона Маркович, Бранко Видакович, Лена Богданович и Никола Шурбанович. Спектакль идёт 105 минут.

Цена: 1500, 1800 и 2200 динаров.","Savamala used to be the first thing a newcomer saw in Belgrade, and the city’s first theatre opened there. During the great migration wave, caravans of people passed through the district again, and **Ivan Lalić** wrote a comic melodrama about them that has been on at **Zvezdara Teatar** since November 2018.

Ahmed, who came from Afghanistan, falls in love with Sara, who lives in a tower block next to the migrant centre. Her father Luka manages the building; around them are neighbours, a CNN reporter and a policeman. The author says the play seems to be about migrants but is really about us: how an outsider sees an average Belgrade family.

Lalić won an award for the best contemporary Serbian comedy text, and Milan Vasić (Ahmed) took the Ćuran for best performance at the Comedy Days in Jagodina. Also in the cast: Miloš Đorđević, Elizabeta Đorevska, Mina Sovtić or Miona Marković, Branko Vidaković, Lena Bogdanović and Nikola Šurbanović. Running time 105 minutes.

Price: 1500, 1800 and 2200 dinars.","Savamala je nekada bila prvo što stranac ugleda u Beogradu, a tu je nastalo i prvo beogradsko pozorište. U vreme velike migracije kroz ovaj kraj ponovo su prošli karavani ljudi, a **Ivan Lalić** je o njima napisao komičnu melodramu koja se u **Zvezdara teatru** igra od novembra 2018.

Ahmed je stigao iz Avganistana i zaljubio se u Saru iz solitera pored migrantskog centra. Njen otac Luka je upravnik zgrade, a tu su i komšije, novinarka CNN-a i policajac. Pisac kaže da je komad naizgled o migrantima, a zapravo o nama: kako stranac vidi prosečnu beogradsku porodicu.

Lalić je dobio nagradu za najbolji savremeni domaći komediografski tekst, a Milan Vasić (Ahmed) „Ćurana“ za najbolje glumačko ostvarenje na Danima komedije u Jagodini. Igraju još Miloš Đorđević, Elizabeta Đorevska, Mina Sovtić ili Miona Marković, Branko Vidaković, Lena Bogdanović i Nikola Šurbanović. Trajanje 105 minuta.

Cena: 1500, 1800 i 2200 dinara.",19:30,1500,Zvezdara teatar,"Milana Rakića 38, 11050 Beograd","44.797660,20.497652",https://repertoar.rs/predstave/ljubav-u-savamali/,repertoar.rs,https://bilet.zvezdarateatar.rs/scena.php?prostorterminid=2628,Zvezdara teatar,https://zvezdarateatar.rs/,,,,,,"театр, Звездара театр, комедия, Иван Лалич, Савамала","theatre, Zvezdara Teatar, comedy, Ivan Lalić, Savamala","pozorište, Zvezdara teatar, komedija, Ivan Lalić, Savamala"
10/14/2026,10/14/2026,9/30/2026,1941,TheaterGroup,Beogradsko dramsko pozorište,https://www.bdp.rs/,,TheaterEvent,«Не ставь на англичан»: комедия о трёх друзьях и одном матче в Белградском драматическом театре,Ne igraj na Engleze: a comedy about three friends and one match at Belgrade Drama Theatre,Ne igraj na Engleze: komedija o tri ortaka i jednoj utakmici u Beogradskom dramskom pozorištu,https://raw.githubusercontent.com/newsgl/arsposters/main/1941-NeIgrajNaEnglezeKomedijaO.webp,,Theatre,"Три старых друга ставят на один матч английской лиги, каждый на свой исход, и от результата зависит жизнь каждого. Малая сцена «Пепи», начало в 20:00, билет 2000 динаров.","Three old friends bet on the same English league match, each on a different outcome, and each life depends on the result. Pepi small stage, 20:00, ticket 2000 dinars.","Tri stara ortaka klade se na istu utakmicu engleske lige, svaki drugačije, i svakom od rezultata zavisi život. Mala scena „Pepi“, početak u 20.00, ulaznica 2000 dinara.","В 2007 году пьеса **Владимира Джурджевича** стала для БДП «тёмной лошадкой»: маленький спектакль, от которого никто ничего не ждал, сыграли больше 250 раз, а в 2022-м по нему сняли фильм. В феврале 2023 года театр выпустил новую версию.

Буле, Паун и Пикси дружат тридцать лет и все вместе ставят на английский футбол. На этот раз от одного матча зависят деньги, которые каждому нужны прямо сейчас. Действие идёт в реальном времени, пока длится игра, и за эти девяносто минут дружба трещит по швам из-за глупости. Режиссёр **Сташа Копривица** замечает, что поначалу смешно, пока в какой-то момент уже не смешно совсем.

Играют Александр Радойичич (Пикси), Андрия Кузманович (Паун) и Марко Гверо (Буле). Спектакль идёт 75 минут.

Цена: 2000 динаров.","In 2007 **Vladimir Đurđević**’s play turned into a dark horse for Belgrade Drama Theatre: a tiny production nobody expected much from ran more than 250 times, and in 2022 it was made into a film. In February 2023 the theatre premiered a new version.

Bule, Paun and Piksi have been friends for thirty years and bet on English football together. This time a single match decides money each of them urgently needs. The action runs in real time while the game lasts, and over those ninety minutes the friendship falls apart over something stupid. Director **Staša Koprivica** notes that it is mostly funny, until the moment nothing is funny any more.

Cast: Aleksandar Radojičić (Piksi), Andrija Kuzmanović (Paun) and Marko Gvero (Bule). Running time 75 minutes.

Price: 2000 dinars.","Kada je 2007. premijerno izveden, tekst **Vladimira Đurđevića** postao je „dark hors“ BDP-a: minijaturna predstava od koje niko ništa nije očekivao odigrana je više od 250 puta, a 2022. po njoj je snimljen film. U februaru 2023. pozorište je izvelo novu verziju.

Bule, Paun i Piksi prijatelji su trideset godina i zajedno se klade na englesku ligu. Ovog puta od jedne utakmice zavisi novac koji je svakom od njih hitno potreban. Radnja teče u realnom vremenu dok traje meč, a za tih devedeset minuta prijateljstvo puca zbog gluposti. Reditelj **Staša Koprivica** kaže da je uglavnom prilično smešno, sve do trenutka kada više ništa nije smešno.

Igraju Aleksandar Radojičić (Piksi), Andrija Kuzmanović (Paun) i Marko Gvero (Bule). Trajanje 75 minuta.

Cena: 2000 dinara.",20:00,2000,Beogradsko dramsko pozorište,"Mileševska 64a, Beograd","44.797040,20.486130",https://repertoar.rs/predstave/ne-igraj-na-engleze-2/,repertoar.rs,https://app.sixtix.rs/events/32837479758d,Beogradsko dramsko pozorište,https://www.bdp.rs/,,,,,,"театр, БДП, комедия, Владимир Джурджевич, футбол","theatre, BDP, comedy, Vladimir Đurđević, football","pozorište, BDP, komedija, Vladimir Đurđević, fudbal"
11/24/2026,11/25/2026,9/30/2026,1942,TheaterGroup,Beogradsko dramsko pozorište,https://www.bdp.rs/,,TheaterEvent,«Не ставь на англичан»: комедия о трёх друзьях и одном матче в Белградском драматическом театре,Ne igraj na Engleze: a comedy about three friends and one match at Belgrade Drama Theatre,Ne igraj na Engleze: komedija o tri ortaka i jednoj utakmici u Beogradskom dramskom pozorištu,https://raw.githubusercontent.com/newsgl/arsposters/main/1942-NeIgrajNaEnglezeKomedijaO.webp,,Theatre,"Три старых друга ставят на один матч английской лиги, каждый на свой исход, и от результата зависит жизнь каждого. Малая сцена «Пепи», начало в 20:00, билет 2000 динаров.","Three old friends bet on the same English league match, each on a different outcome, and each life depends on the result. Pepi small stage, 20:00, ticket 2000 dinars.","Tri stara ortaka klade se na istu utakmicu engleske lige, svaki drugačije, i svakom od rezultata zavisi život. Mala scena „Pepi“, početak u 20.00, ulaznica 2000 dinara.","В 2007 году пьеса **Владимира Джурджевича** стала для БДП «тёмной лошадкой»: маленький спектакль, от которого никто ничего не ждал, сыграли больше 250 раз, а в 2022-м по нему сняли фильм. В феврале 2023 года театр выпустил новую версию.

Буле, Паун и Пикси дружат тридцать лет и все вместе ставят на английский футбол. На этот раз от одного матча зависят деньги, которые каждому нужны прямо сейчас. Действие идёт в реальном времени, пока длится игра, и за эти девяносто минут дружба трещит по швам из-за глупости. Режиссёр **Сташа Копривица** замечает, что поначалу смешно, пока в какой-то момент уже не смешно совсем.

Играют Александр Радойичич (Пикси), Андрия Кузманович (Паун) и Марко Гверо (Буле). Спектакль идёт 75 минут.

Цена: 2000 динаров.","In 2007 **Vladimir Đurđević**’s play turned into a dark horse for Belgrade Drama Theatre: a tiny production nobody expected much from ran more than 250 times, and in 2022 it was made into a film. In February 2023 the theatre premiered a new version.

Bule, Paun and Piksi have been friends for thirty years and bet on English football together. This time a single match decides money each of them urgently needs. The action runs in real time while the game lasts, and over those ninety minutes the friendship falls apart over something stupid. Director **Staša Koprivica** notes that it is mostly funny, until the moment nothing is funny any more.

Cast: Aleksandar Radojičić (Piksi), Andrija Kuzmanović (Paun) and Marko Gvero (Bule). Running time 75 minutes.

Price: 2000 dinars.","Kada je 2007. premijerno izveden, tekst **Vladimira Đurđevića** postao je „dark hors“ BDP-a: minijaturna predstava od koje niko ništa nije očekivao odigrana je više od 250 puta, a 2022. po njoj je snimljen film. U februaru 2023. pozorište je izvelo novu verziju.

Bule, Paun i Piksi prijatelji su trideset godina i zajedno se klade na englesku ligu. Ovog puta od jedne utakmice zavisi novac koji je svakom od njih hitno potreban. Radnja teče u realnom vremenu dok traje meč, a za tih devedeset minuta prijateljstvo puca zbog gluposti. Reditelj **Staša Koprivica** kaže da je uglavnom prilično smešno, sve do trenutka kada više ništa nije smešno.

Igraju Aleksandar Radojičić (Piksi), Andrija Kuzmanović (Paun) i Marko Gvero (Bule). Trajanje 75 minuta.

Cena: 2000 dinara.",20:00,2000,Beogradsko dramsko pozorište,"Mileševska 64a, Beograd","44.797040,20.486130",https://repertoar.rs/predstave/ne-igraj-na-engleze-2/,repertoar.rs,https://app.sixtix.rs/events/32837479758d,Beogradsko dramsko pozorište,https://www.bdp.rs/,,,,,,"театр, БДП, комедия, Владимир Джурджевич, футбол","theatre, BDP, comedy, Vladimir Đurđević, football","pozorište, BDP, komedija, Vladimir Đurđević, fudbal"
12/29/2026,12/29/2026,9/30/2026,1943,TheaterGroup,Beogradsko dramsko pozorište,https://www.bdp.rs/,,TheaterEvent,«Не ставь на англичан»: комедия о трёх друзьях и одном матче в Белградском драматическом театре,Ne igraj na Engleze: a comedy about three friends and one match at Belgrade Drama Theatre,Ne igraj na Engleze: komedija o tri ortaka i jednoj utakmici u Beogradskom dramskom pozorištu,https://raw.githubusercontent.com/newsgl/arsposters/main/1943-NeIgrajNaEnglezeKomedijaO.webp,,Theatre,"Три старых друга ставят на один матч английской лиги, каждый на свой исход, и от результата зависит жизнь каждого. Малая сцена «Пепи», начало в 20:00, билет 2000 динаров.","Three old friends bet on the same English league match, each on a different outcome, and each life depends on the result. Pepi small stage, 20:00, ticket 2000 dinars.","Tri stara ortaka klade se na istu utakmicu engleske lige, svaki drugačije, i svakom od rezultata zavisi život. Mala scena „Pepi“, početak u 20.00, ulaznica 2000 dinara.","В 2007 году пьеса **Владимира Джурджевича** стала для БДП «тёмной лошадкой»: маленький спектакль, от которого никто ничего не ждал, сыграли больше 250 раз, а в 2022-м по нему сняли фильм. В феврале 2023 года театр выпустил новую версию.

Буле, Паун и Пикси дружат тридцать лет и все вместе ставят на английский футбол. На этот раз от одного матча зависят деньги, которые каждому нужны прямо сейчас. Действие идёт в реальном времени, пока длится игра, и за эти девяносто минут дружба трещит по швам из-за глупости. Режиссёр **Сташа Копривица** замечает, что поначалу смешно, пока в какой-то момент уже не смешно совсем.

Играют Александр Радойичич (Пикси), Андрия Кузманович (Паун) и Марко Гверо (Буле). Спектакль идёт 75 минут.

Цена: 2000 динаров.","In 2007 **Vladimir Đurđević**’s play turned into a dark horse for Belgrade Drama Theatre: a tiny production nobody expected much from ran more than 250 times, and in 2022 it was made into a film. In February 2023 the theatre premiered a new version.

Bule, Paun and Piksi have been friends for thirty years and bet on English football together. This time a single match decides money each of them urgently needs. The action runs in real time while the game lasts, and over those ninety minutes the friendship falls apart over something stupid. Director **Staša Koprivica** notes that it is mostly funny, until the moment nothing is funny any more.

Cast: Aleksandar Radojičić (Piksi), Andrija Kuzmanović (Paun) and Marko Gvero (Bule). Running time 75 minutes.

Price: 2000 dinars.","Kada je 2007. premijerno izveden, tekst **Vladimira Đurđevića** postao je „dark hors“ BDP-a: minijaturna predstava od koje niko ništa nije očekivao odigrana je više od 250 puta, a 2022. po njoj je snimljen film. U februaru 2023. pozorište je izvelo novu verziju.

Bule, Paun i Piksi prijatelji su trideset godina i zajedno se klade na englesku ligu. Ovog puta od jedne utakmice zavisi novac koji je svakom od njih hitno potreban. Radnja teče u realnom vremenu dok traje meč, a za tih devedeset minuta prijateljstvo puca zbog gluposti. Reditelj **Staša Koprivica** kaže da je uglavnom prilično smešno, sve do trenutka kada više ništa nije smešno.

Igraju Aleksandar Radojičić (Piksi), Andrija Kuzmanović (Paun) i Marko Gvero (Bule). Trajanje 75 minuta.

Cena: 2000 dinara.",20:00,2000,Beogradsko dramsko pozorište,"Mileševska 64a, Beograd","44.797040,20.486130",https://repertoar.rs/predstave/ne-igraj-na-engleze-2/,repertoar.rs,https://app.sixtix.rs/events/32837479758d,Beogradsko dramsko pozorište,https://www.bdp.rs/,,,,,,"театр, БДП, комедия, Владимир Джурджевич, футбол","theatre, BDP, comedy, Vladimir Đurđević, football","pozorište, BDP, komedija, Vladimir Đurđević, fudbal"
10/15/2026,10/15/2026,9/30/2026,1944,Person,Ágnes Kriza,https://domomladine.org/,,EducationEvent,Икона Софии Премудрости в русской традиции: трибуна с Агнеш Кризой в Доме молодёжи,Iconography of Saint Sophia in the Russian tradition: a talk with Ágnes Kriza at Dom omladine,Tribina: Ikonografija Svete Sofije u ruskoj tradiciji sa Agnes Krizom u Domu omladine,https://raw.githubusercontent.com/newsgl/arsposters/main/1944-TribinaIkonografijaSveteSofijeURuskoj.webp,,Lectures,"Исследовательница из Оксфорда Агнеш Криза и профессор Давор Джалто говорят о происхождении и смысле изображений Софии Премудрости Божией. 15 октября в 19:00, DOB Klub. На английском языке без перевода.","Oxford researcher Ágnes Kriza and professor Davor Džalto discuss the origins and meaning of images of Sophia, the Divine Wisdom. 15 October at 19:00, DOB Klub. In English, no translation.","Istraživačica sa Oksforda Agnes Kriza i prof. dr Davor Džalto o nastanku i značenju predstava Svete Sofije, Premudrosti Božje. 15. oktobra u 19.00, DOB Klub. Na engleskom jeziku, bez prevoda.","Изображения Софии, Премудрости Божией, на Руси позднего Средневековья и раннего Нового времени остаются одной из самых загадочных тем православного искусства. О том, как возникла эта иконография, как менялась и что означала богословски, расскажет **Агнеш Криза**, исследовательница Оксфордского университета.

Криза защитила диссертацию в Кембридже, стажировалась в Кёльне как стипендиатка фонда Александра фон Гумбольдта. Её монография о новгородской иконе Софии (Oxford University Press, 2022) предложила новое прочтение этого сюжета и получила премию британской ассоциации славистов BASEES. Она выступит по видеосвязи.

Собеседник: **Давор Джалто**, профессор Университетского колледжа Стокгольма и президент Института исследований культуры и христианства. Модератор: Симона Каневац.

Трибуна входит в цикл «На крыльях (Пре)мудрости: Софии».

На английском языке, без перевода.

Организатор: Институт исследований культуры и христианства, Дом молодёжи Белграда.","Depictions of Sophia, the Divine Wisdom, in late medieval and early modern Russian lands are among the most puzzling subjects in Orthodox art. **Ágnes Kriza**, a researcher at the University of Oxford, will talk about how this iconography emerged, how it developed and what it meant theologically.

Kriza earned her doctorate at Cambridge and worked in Cologne as an Alexander von Humboldt fellow. Her monograph Depicting Orthodoxy in the Russian Middle Ages: The Novgorod Icon of Sophia, the Divine Wisdom (Oxford University Press, 2022) offered a new reading of the subject and won a BASEES award. She joins via video link.

In conversation with **Davor Džalto**, professor at University College Stockholm and president of the Institute for the Study of Culture and Christianity. Moderator: Simona Kanjevac.

The talk is part of the series On the Wings of (Pre)Wisdom: Sophia.

In English, no translation.

Organisers: Institute for the Study of Culture and Christianity, Dom omladine Beograda.","Predstave Svete Sofije, Premudrosti Božje, u ruskim zemljama poznog srednjeg veka i rane moderne spadaju u najzagonetnije teme pravoslavne umetnosti. O nastanku ove ikonografije, njenom razvoju i teološkom značenju govoriće **dr Agnes Kriza**, istraživačica Univerziteta u Oksfordu.

Kriza je doktorirala na Kembridžu, a usavršavala se u Kelnu kao stipendistkinja fondacije Alexander von Humboldt. Njena monografija o novgorodskoj ikoni Sofije (Oxford University Press, 2022) ponudila je novo tumačenje ove teme i donela joj nagradu BASEES. Govoriće putem video linka.

Sagovornik je **prof. dr Davor Džalto**, redovni profesor Univerzitetskog koledža u Štokholmu i predsednik Instituta za studije kulture i hrišćanstva. Moderira Simona Kanjevac.

Tribina je deo ciklusa „Na krilima (pre)mudrosti: Sofije“.

Na engleskom jeziku, bez prevoda.

Organizator: Institut za studije kulture i hrišćanstva i Dom omladine Beograda.",19:00,,Dom omladine Beograda,"Makedonska 22, Beograd","44.815407,20.462793",https://domomladine.org/debate/tribina-ikonografija-svete-sofije-u-ruskoj-tradiciji/,domomladine.org,https://efinity.rs/,Dom omladine Beograda,https://domomladine.org/,,,,,,"лекция, иконопись, православное искусство, история искусства, Дом молодёжи","talk, icons, Orthodox art, art history, Dom omladine","tribina, ikonografija, pravoslavna umetnost, istorija umetnosti, Dom omladine"
10/15/2026,10/15/2026,9/30/2026,1945,MusicGroup,Milan Petrović Sextet,https://milanpetrovic.com/,,MusicEvent,Секстет Милана Петровича: джаз с блюзом и фанком в La Variété,Milan Petrović Sextet: jazz with blues and funk at La Variété,Milan Petrović Sekstet: džez sa bluzom i fankom u La Variétéu,https://raw.githubusercontent.com/newsgl/arsposters/main/1945-MilanPetrovicSekstetDzezSaBluzom.webp,,Concerts,"Секстет пианиста и композитора Милана Петровича в третий раз играет в клубе La Variété на Француской. 15 октября, начало в 21:00, билет 1000 динаров.","Pianist and composer Milan Petrović brings his sextet back to La Variété on Francuska for a third night. October 15, 21:00, tickets 1000 dinars.","Sekstet pijaniste i kompozitora Milana Petrovića treći put svira u La Variétéu u Francuskoj 6. Petnaestog oktobra od 21 čas, karta 1000 dinara.","Секстет Милана Петровича возвращается в La Variété после двух концертов, на которые публика пришла охотно. Это уже третий вечер из серии Exclusive Jazz Night.

Петрович, пианист и композитор, собрал секстет в 2011 году. Его музыка авторская: джаз, в который свободно входят **блюз, фанк и world music**, с большой долей импровизации и плотным грувом. У Петровича 14 сольных релизов, концерты по Сербии и региону, а этим летом секстет выступал на **Rab Jazz Festival** в Хорватии.

La Variété небольшой клуб, сцена здесь почти вплотную к столикам, так что шесть музыкантов играют буквально в паре метров от слушателей.

Цена: 1000 динаров.

Организатор: UGS PRO Music Promoting.","The Milan Petrović Sextet returns to La Variété after two well-received shows, for the third Exclusive Jazz Night with the band.

Petrović, a pianist and composer, founded the sextet in 2011. The repertoire is his own: jazz that takes in **blues, funk and world music**, with plenty of improvisation and a firm groove. He has 14 releases under his name and a long list of concerts and festivals in Serbia and the region; this summer the sextet played the **Rab Jazz Festival** in Croatia.

La Variété is a small club where the stage sits right next to the tables, so the six musicians play within a few metres of the audience.

Price: 1000 dinars.

Organiser: UGS PRO Music Promoting.","Milan Petrović Sekstet se vraća u La Variété posle dve odlične večeri sa publikom, ovog puta za treće izdanje Exclusive Jazz Night.

Pijanista i kompozitor Milan Petrović osnovao je sekstet 2011. Svira se autorska muzika: džez koji prirodno upija **bluz, fank i world music**, uz mnogo improvizacije i čvrst gruv. Petrović iza sebe ima 14 samostalnih izdanja i brojne koncerte i festivale u zemlji i regionu, a sekstet je ovog leta nastupio i na **Rab Jazz Festivalu**.

La Variété je mali klub u kome je bina odmah do stolova, pa šest muzičara svira na par metara od publike.

Cena: 1000 dinara.

Organizator: UGS PRO Music Promoting.",21:00,1000,La Variété,"Francuska 6, 11000 Beograd","44.817685,20.462877",https://cooltix.rs/event/6ab6ad1f1f82120e0127fb63,cooltix.rs,https://cooltix.rs/event/6ab6ad1f1f82120e0127fb63,UGS PRO Music Promoting,https://milanpetrovic.com/,,,,,,"джаз, живая музыка, фанк, клубный концерт","jazz, live music, funk, club concert","džez, živa svirka, fank, klupski koncert"
10/15/2026,10/16/2026,9/30/2026,1946,TheaterGroup,Narodno pozorište u Beogradu,https://www.narodnopozoriste.rs/,,TheaterEvent,«Подозрительная личность»: Нушич в постановке Андраша Урбана в Народном театре,Sumnjivo lice: Nušić’s police satire staged by Andraš Urban at the National Theatre,Sumnjivo lice: Nušićeva satira u režiji Andraša Urbana u Narodnom pozorištu,https://raw.githubusercontent.com/newsgl/arsposters/main/1946-SumnjivoLiceNusicevaSatiraUReziji.webp,,Theatre,"Комедия Бранислава Нушича о провинциальном полицейском капитане, который ищет опасного бунтовщика, в адаптации и постановке Андраша Урбана. Сцена «Раша Плаович», начало в 20:30, билеты от 300 до 2200 динаров.","Branislav Nušić’s comedy about a small-town police captain hunting a dangerous rebel, adapted and directed by Andraš Urban. Raša Plaović stage, 20:30, tickets 300 to 2200 dinars.","Nušićeva komedija o palanačkom kapetanu koji traži opasnog buntovnika, u adaptaciji i režiji Andraša Urbana. Scena „Raša Plaović“, početak u 20.30, ulaznice od 300 do 2200 dinara.","Нушич написал «Подозрительную личность» в 1887-1888 годах, но пьеса про нравы полиции времён Обреновичей долго не могла попасть на сцену. Народный театр впервые сыграл её в 1923 году, потом возвращался к ней в 1938, 1960 и 1985 годах. Нынешняя версия идёт с июня 2017 года.

В провинциальный городок приходит депеша: сюда едет подозрительная личность с крамольными бумагами. Капитан Еротие Пантич и его подчинённые, привыкшие к взяткам и самоуправству, бросаются ловить бунтовщика, а заодно устраивать судьбу капитанской дочери. Режиссёр **Андраш Урбан** сам сделал адаптацию и сценографию и сохранил в спектакле едкость Нушича.

Играют **Слободан Бештич** (Еротие Пантич), Нела Михаилович, Сузана Лукич, Павле Еринич, Никола Вуйович, Хаджи Ненад Маричич, Небойша Кундачина, Милош Джорджевич, Боян Кривокапич, Анастасия Мандич и Драган Николич. Музыка Ирены Попович Драгович.

Билеты от 300 (стоячие) до 2200 динаров.","Nušić wrote Sumnjivo lice (A Suspicious Person) in 1887-1888, but a play mocking the police of the Obrenović era took a long time to reach the stage. The National Theatre first staged it in 1923 and returned to it in 1938, 1960 and 1985. The current version has been running since June 2017.

A dispatch reaches a small provincial town: a suspicious person carrying seditious papers is on the way. Captain Jerotije Pantić and his men, used to bribes and petty tyranny, rush to catch the rebel while also trying to settle the captain’s daughter’s marriage. Director **Andraš Urban** wrote the adaptation, designed the set and kept Nušić’s bite intact.

The cast: **Slobodan Beštić** as Jerotije Pantić, with Nela Mihailović, Suzana Lukić, Pavle Jerinić, Nikola Vujović, Hadži Nenad Maričić, Nebojša Kundačina, Miloš Đorđević, Bojan Krivokapić, Anastasia Mandić and Dragan Nikolić. Music by Irena Popović Dragović.

Tickets from 300 (standing) to 2200 dinars.","Nušić je Sumnjivo lice napisao 1887-1888, ali je komad o policiji u vreme Obrenovića dugo čekao na scenu. Narodno pozorište ga je prvi put igralo 1923, a vraćalo mu se 1938, 1960. i 1985. Aktuelna postavka je na repertoaru od juna 2017.

U palanku stiže depeša: dolazi sumnjivo lice sa buntovničkim spisima. Kapetan Jerotije Pantić i njegovi činovnici, navikli na mito i samovolju, dižu se da uhvate buntovnika, a usput i da udaju kapetanovu kćer. Reditelj **Andraš Urban** potpisuje i adaptaciju i scenografiju, a Nušićeva oštrica je ostala na mestu.

Igraju **Slobodan Beštić** (Jerotije Pantić), Nela Mihailović, Suzana Lukić, Pavle Jerinić, Nikola Vujović, Hadži Nenad Maričić, Nebojša Kundačina, Miloš Đorđević, Bojan Krivokapić, Anastasia Mandić i Dragan Nikolić. Muzika Irene Popović Dragović.

Ulaznice od 300 (stajanje) do 2200 dinara.",20:30,300,Narodno pozorište u Beogradu,"Francuska 3, 11000 Beograd","44.817006,20.461005",https://repertoar.rs/predstave/sumnjivo-lice/,repertoar.rs,https://www.narodnopozoriste.rs/lat/ulaznice/odabir-ulaznica?p=6420,Narodno pozorište u Beogradu,https://www.narodnopozoriste.rs/,,,,,,"театр, комедия, Нушич, Народный театр, Андраш Урбан","theatre, comedy, Nušić, National Theatre, Andraš Urban","pozorište, komedija, Nušić, Narodno pozorište, Andraš Urban"
10/29/2026,10/29/2026,9/30/2026,1947,TheaterGroup,Narodno pozorište u Beogradu,https://www.narodnopozoriste.rs/,,TheaterEvent,«Подозрительная личность»: Нушич в постановке Андраша Урбана в Народном театре,Sumnjivo lice: Nušić’s police satire staged by Andraš Urban at the National Theatre,Sumnjivo lice: Nušićeva satira u režiji Andraša Urbana u Narodnom pozorištu,https://raw.githubusercontent.com/newsgl/arsposters/main/1947-SumnjivoLiceNusicevaSatiraUReziji.webp,,Theatre,"Комедия Бранислава Нушича о провинциальном полицейском капитане, который ищет опасного бунтовщика, в адаптации и постановке Андраша Урбана. Сцена «Раша Плаович», начало в 20:30, билеты от 300 до 2200 динаров.","Branislav Nušić’s comedy about a small-town police captain hunting a dangerous rebel, adapted and directed by Andraš Urban. Raša Plaović stage, 20:30, tickets 300 to 2200 dinars.","Nušićeva komedija o palanačkom kapetanu koji traži opasnog buntovnika, u adaptaciji i režiji Andraša Urbana. Scena „Raša Plaović“, početak u 20.30, ulaznice od 300 do 2200 dinara.","Нушич написал «Подозрительную личность» в 1887-1888 годах, но пьеса про нравы полиции времён Обреновичей долго не могла попасть на сцену. Народный театр впервые сыграл её в 1923 году, потом возвращался к ней в 1938, 1960 и 1985 годах. Нынешняя версия идёт с июня 2017 года.

В провинциальный городок приходит депеша: сюда едет подозрительная личность с крамольными бумагами. Капитан Еротие Пантич и его подчинённые, привыкшие к взяткам и самоуправству, бросаются ловить бунтовщика, а заодно устраивать судьбу капитанской дочери. Режиссёр **Андраш Урбан** сам сделал адаптацию и сценографию и сохранил в спектакле едкость Нушича.

Играют **Слободан Бештич** (Еротие Пантич), Нела Михаилович, Сузана Лукич, Павле Еринич, Никола Вуйович, Хаджи Ненад Маричич, Небойша Кундачина, Милош Джорджевич, Боян Кривокапич, Анастасия Мандич и Драган Николич. Музыка Ирены Попович Драгович.

Билеты от 300 (стоячие) до 2200 динаров.","Nušić wrote Sumnjivo lice (A Suspicious Person) in 1887-1888, but a play mocking the police of the Obrenović era took a long time to reach the stage. The National Theatre first staged it in 1923 and returned to it in 1938, 1960 and 1985. The current version has been running since June 2017.

A dispatch reaches a small provincial town: a suspicious person carrying seditious papers is on the way. Captain Jerotije Pantić and his men, used to bribes and petty tyranny, rush to catch the rebel while also trying to settle the captain’s daughter’s marriage. Director **Andraš Urban** wrote the adaptation, designed the set and kept Nušić’s bite intact.

The cast: **Slobodan Beštić** as Jerotije Pantić, with Nela Mihailović, Suzana Lukić, Pavle Jerinić, Nikola Vujović, Hadži Nenad Maričić, Nebojša Kundačina, Miloš Đorđević, Bojan Krivokapić, Anastasia Mandić and Dragan Nikolić. Music by Irena Popović Dragović.

Tickets from 300 (standing) to 2200 dinars.","Nušić je Sumnjivo lice napisao 1887-1888, ali je komad o policiji u vreme Obrenovića dugo čekao na scenu. Narodno pozorište ga je prvi put igralo 1923, a vraćalo mu se 1938, 1960. i 1985. Aktuelna postavka je na repertoaru od juna 2017.

U palanku stiže depeša: dolazi sumnjivo lice sa buntovničkim spisima. Kapetan Jerotije Pantić i njegovi činovnici, navikli na mito i samovolju, dižu se da uhvate buntovnika, a usput i da udaju kapetanovu kćer. Reditelj **Andraš Urban** potpisuje i adaptaciju i scenografiju, a Nušićeva oštrica je ostala na mestu.

Igraju **Slobodan Beštić** (Jerotije Pantić), Nela Mihailović, Suzana Lukić, Pavle Jerinić, Nikola Vujović, Hadži Nenad Maričić, Nebojša Kundačina, Miloš Đorđević, Bojan Krivokapić, Anastasia Mandić i Dragan Nikolić. Muzika Irene Popović Dragović.

Ulaznice od 300 (stajanje) do 2200 dinara.",20:30,300,Narodno pozorište u Beogradu,"Francuska 3, 11000 Beograd","44.817006,20.461005",https://repertoar.rs/predstave/sumnjivo-lice/,repertoar.rs,https://www.narodnopozoriste.rs/lat/ulaznice/odabir-ulaznica?p=6420,Narodno pozorište u Beogradu,https://www.narodnopozoriste.rs/,,,,,,"театр, комедия, Нушич, Народный театр, Андраш Урбан","theatre, comedy, Nušić, National Theatre, Andraš Urban","pozorište, komedija, Nušić, Narodno pozorište, Andraš Urban"
11/5/2026,11/5/2026,9/30/2026,1948,TheaterGroup,Narodno pozorište u Beogradu,https://www.narodnopozoriste.rs/,,TheaterEvent,«Подозрительная личность»: Нушич в постановке Андраша Урбана в Народном театре,Sumnjivo lice: Nušić’s police satire staged by Andraš Urban at the National Theatre,Sumnjivo lice: Nušićeva satira u režiji Andraša Urbana u Narodnom pozorištu,https://raw.githubusercontent.com/newsgl/arsposters/main/1948-SumnjivoLiceNusicevaSatiraUReziji.webp,,Theatre,"Комедия Бранислава Нушича о провинциальном полицейском капитане, который ищет опасного бунтовщика, в адаптации и постановке Андраша Урбана. Сцена «Раша Плаович», начало в 20:30, билеты от 300 до 2200 динаров.","Branislav Nušić’s comedy about a small-town police captain hunting a dangerous rebel, adapted and directed by Andraš Urban. Raša Plaović stage, 20:30, tickets 300 to 2200 dinars.","Nušićeva komedija o palanačkom kapetanu koji traži opasnog buntovnika, u adaptaciji i režiji Andraša Urbana. Scena „Raša Plaović“, početak u 20.30, ulaznice od 300 do 2200 dinara.","Нушич написал «Подозрительную личность» в 1887-1888 годах, но пьеса про нравы полиции времён Обреновичей долго не могла попасть на сцену. Народный театр впервые сыграл её в 1923 году, потом возвращался к ней в 1938, 1960 и 1985 годах. Нынешняя версия идёт с июня 2017 года.

В провинциальный городок приходит депеша: сюда едет подозрительная личность с крамольными бумагами. Капитан Еротие Пантич и его подчинённые, привыкшие к взяткам и самоуправству, бросаются ловить бунтовщика, а заодно устраивать судьбу капитанской дочери. Режиссёр **Андраш Урбан** сам сделал адаптацию и сценографию и сохранил в спектакле едкость Нушича.

Играют **Слободан Бештич** (Еротие Пантич), Нела Михаилович, Сузана Лукич, Павле Еринич, Никола Вуйович, Хаджи Ненад Маричич, Небойша Кундачина, Милош Джорджевич, Боян Кривокапич, Анастасия Мандич и Драган Николич. Музыка Ирены Попович Драгович.

Билеты от 300 (стоячие) до 2200 динаров.","Nušić wrote Sumnjivo lice (A Suspicious Person) in 1887-1888, but a play mocking the police of the Obrenović era took a long time to reach the stage. The National Theatre first staged it in 1923 and returned to it in 1938, 1960 and 1985. The current version has been running since June 2017.

A dispatch reaches a small provincial town: a suspicious person carrying seditious papers is on the way. Captain Jerotije Pantić and his men, used to bribes and petty tyranny, rush to catch the rebel while also trying to settle the captain’s daughter’s marriage. Director **Andraš Urban** wrote the adaptation, designed the set and kept Nušić’s bite intact.

The cast: **Slobodan Beštić** as Jerotije Pantić, with Nela Mihailović, Suzana Lukić, Pavle Jerinić, Nikola Vujović, Hadži Nenad Maričić, Nebojša Kundačina, Miloš Đorđević, Bojan Krivokapić, Anastasia Mandić and Dragan Nikolić. Music by Irena Popović Dragović.

Tickets from 300 (standing) to 2200 dinars.","Nušić je Sumnjivo lice napisao 1887-1888, ali je komad o policiji u vreme Obrenovića dugo čekao na scenu. Narodno pozorište ga je prvi put igralo 1923, a vraćalo mu se 1938, 1960. i 1985. Aktuelna postavka je na repertoaru od juna 2017.

U palanku stiže depeša: dolazi sumnjivo lice sa buntovničkim spisima. Kapetan Jerotije Pantić i njegovi činovnici, navikli na mito i samovolju, dižu se da uhvate buntovnika, a usput i da udaju kapetanovu kćer. Reditelj **Andraš Urban** potpisuje i adaptaciju i scenografiju, a Nušićeva oštrica je ostala na mestu.

Igraju **Slobodan Beštić** (Jerotije Pantić), Nela Mihailović, Suzana Lukić, Pavle Jerinić, Nikola Vujović, Hadži Nenad Maričić, Nebojša Kundačina, Miloš Đorđević, Bojan Krivokapić, Anastasia Mandić i Dragan Nikolić. Muzika Irene Popović Dragović.

Ulaznice od 300 (stajanje) do 2200 dinara.",20:30,300,Narodno pozorište u Beogradu,"Francuska 3, 11000 Beograd","44.817006,20.461005",https://repertoar.rs/predstave/sumnjivo-lice/,repertoar.rs,https://www.narodnopozoriste.rs/lat/ulaznice/odabir-ulaznica?p=6420,Narodno pozorište u Beogradu,https://www.narodnopozoriste.rs/,,,,,,"театр, комедия, Нушич, Народный театр, Андраш Урбан","theatre, comedy, Nušić, National Theatre, Andraš Urban","pozorište, komedija, Nušić, Narodno pozorište, Andraš Urban"
10/15/2026,10/15/2026,9/30/2026,1949,TheaterGroup,Atelje 212,https://www.atelje212.rs/,,TheaterEvent,«Корпоративная сказка»: Велько Мичунович о цене рабочего места в Ателье 212,Korporativna bajka: Veljko Mićunović on the price of a job at Atelje 212,Korporativna bajka: Veljko Mićunović o ceni radnog mesta u Ateljeu 212,https://raw.githubusercontent.com/newsgl/arsposters/main/1949-KorporativnaBajkaVeljkoMicunovicOCeni.webp,,Theatre,"Сотрудницу колл-центра увольняют, и коллегам предлагают выбрать: её место или их деньги. Спектакль по мотивам фильма братьев Дарденн. Сцена «Мира Траилович», начало в 20:00, билеты 1500 и 2000 динаров.","A call-centre worker is let go, and her colleagues must choose between her job and their money. Inspired by a Dardenne brothers film. Mira Trailović stage, 20:00, tickets 1500 and 2000 dinars.","Radnica kol-centra dobija otkaz, a kolege moraju da biraju između njenog posla i svog novca. Po motivima filma braće Darden. Scena „Mira Trailović“, početak u 20.00, ulaznice 1500 i 2000 dinara.","Что происходит, когда люди, боясь за собственное существование, должны решить судьбу другого? С этого вопроса режиссёр **Велько Мичунович** начинает спектакль, премьера которого прошла в **Ателье 212** в мае 2026 года.

Сандра работает в колл-центре. Система признаёт её лишней: голос недостаточно «весёлый и оптимистичный», да ещё и больничный она брала. Её коллеги получают ультиматум: если Сандра остаётся, они теряют деньги. По словам режиссёра, спектакль о том, как система перекладывает ответственность на отдельного человека, а солидарность становится хрупкой и почти случайной.

Текст Мичунович написал вместе с драматургом Слободаном Обрадовичем по мотивам фильма братьев Дарденн. Сандру играет Йована Гаврилович, также заняты Филип Хайдукович, Боян Жирович, Хана Селимович, Наталия Степанович, Любица Драгутинович, Деян Дедич, Урош Яковлевич и Милица Стефанович. Спектакль идёт 1 час 35 минут, в нём используются стробоскопы.

Цена: 1500 и 2000 динаров.","What happens when people who fear for their own livelihood have to decide someone else’s? Director **Veljko Mićunović** starts from that question in the production that premiered at **Atelje 212** in May 2026.

Sandra works in a call centre. The system declares her surplus: her voice is not “cheerful and optimistic” enough, and she has taken sick leave. Her colleagues face an ultimatum: if Sandra stays, they lose money. The director says the play is about how the system shifts responsibility onto the individual while solidarity becomes fragile and almost accidental.

Mićunović wrote the text with dramaturg Slobodan Obradović, inspired by a film by the Dardenne brothers. Jovana Gavrilović plays Sandra, with Filip Hajduković, Bojan Žirović, Hana Selimović, Natalija Stepanović, Ljiljana Dragutinović, Dejan Dedić, Uroš Jakovljević and Milica Stefanović. Running time 1 hour 35 minutes; the show uses strobe lighting.

Price: 1500 and 2000 dinars.","Šta se dešava kada ljudi, u strahu za sopstvenu egzistenciju, moraju da odluče o egzistenciji nekog drugog? Od tog pitanja reditelj **Veljko Mićunović** polazi u predstavi čija je premijera bila u **Ateljeu 212** u maju 2026.

Sandra radi u kol-centru. Sistem je proglašava viškom: glas joj nije dovoljno „veseo i optimističan“, a uz to je koristila bolovanje. Njene kolege dobijaju ultimatum: ako Sandra ostane, oni gube novac. Reditelj kaže da je ovo priča o sistemskom prebacivanju odgovornosti na pojedinca, u kojoj solidarnost postaje krhka, gotovo slučajna.

Tekst potpisuju Mićunović i dramaturg Slobodan Obradović, po motivima filma braće Darden. Sandru igra Jovana Gavrilović, a tu su i Filip Hajduković, Bojan Žirović, Hana Selimović, Natalija Stepanović, Ljiljana Dragutinović, Dejan Dedić, Uroš Jakovljević i Milica Stefanović. Trajanje 1 sat i 35 minuta, predstava sadrži stroboskopske efekte.

Cena: 1500 i 2000 dinara.",20:00,1500,Atelje 212,"Svetogorska 21, Beograd","44.814352,20.468168",https://repertoar.rs/predstave/korporativna-bajka/,repertoar.rs,https://bilet.atelje212.rs/scena.php?prostorterminid=4916,Atelje 212,https://www.atelje212.rs/,,,,,,"театр, Ателье 212, Велько Мичунович, драма, братья Дарденн","theatre, Atelje 212, Veljko Mićunović, drama, Dardenne brothers","pozorište, Atelje 212, Veljko Mićunović, drama, braća Darden"
10/29/2026,10/29/2026,9/30/2026,1950,TheaterGroup,Atelje 212,https://www.atelje212.rs/,,TheaterEvent,«Корпоративная сказка»: Велько Мичунович о цене рабочего места в Ателье 212,Korporativna bajka: Veljko Mićunović on the price of a job at Atelje 212,Korporativna bajka: Veljko Mićunović o ceni radnog mesta u Ateljeu 212,https://raw.githubusercontent.com/newsgl/arsposters/main/1950-KorporativnaBajkaVeljkoMicunovicOCeni.webp,,Theatre,"Сотрудницу колл-центра увольняют, и коллегам предлагают выбрать: её место или их деньги. Спектакль по мотивам фильма братьев Дарденн. Сцена «Мира Траилович», начало в 20:00, билеты 1500 и 2000 динаров.","A call-centre worker is let go, and her colleagues must choose between her job and their money. Inspired by a Dardenne brothers film. Mira Trailović stage, 20:00, tickets 1500 and 2000 dinars.","Radnica kol-centra dobija otkaz, a kolege moraju da biraju između njenog posla i svog novca. Po motivima filma braće Darden. Scena „Mira Trailović“, početak u 20.00, ulaznice 1500 i 2000 dinara.","Что происходит, когда люди, боясь за собственное существование, должны решить судьбу другого? С этого вопроса режиссёр **Велько Мичунович** начинает спектакль, премьера которого прошла в **Ателье 212** в мае 2026 года.

Сандра работает в колл-центре. Система признаёт её лишней: голос недостаточно «весёлый и оптимистичный», да ещё и больничный она брала. Её коллеги получают ультиматум: если Сандра остаётся, они теряют деньги. По словам режиссёра, спектакль о том, как система перекладывает ответственность на отдельного человека, а солидарность становится хрупкой и почти случайной.

Текст Мичунович написал вместе с драматургом Слободаном Обрадовичем по мотивам фильма братьев Дарденн. Сандру играет Йована Гаврилович, также заняты Филип Хайдукович, Боян Жирович, Хана Селимович, Наталия Степанович, Любица Драгутинович, Деян Дедич, Урош Яковлевич и Милица Стефанович. Спектакль идёт 1 час 35 минут, в нём используются стробоскопы.

Цена: 1500 и 2000 динаров.","What happens when people who fear for their own livelihood have to decide someone else’s? Director **Veljko Mićunović** starts from that question in the production that premiered at **Atelje 212** in May 2026.

Sandra works in a call centre. The system declares her surplus: her voice is not “cheerful and optimistic” enough, and she has taken sick leave. Her colleagues face an ultimatum: if Sandra stays, they lose money. The director says the play is about how the system shifts responsibility onto the individual while solidarity becomes fragile and almost accidental.

Mićunović wrote the text with dramaturg Slobodan Obradović, inspired by a film by the Dardenne brothers. Jovana Gavrilović plays Sandra, with Filip Hajduković, Bojan Žirović, Hana Selimović, Natalija Stepanović, Ljiljana Dragutinović, Dejan Dedić, Uroš Jakovljević and Milica Stefanović. Running time 1 hour 35 minutes; the show uses strobe lighting.

Price: 1500 and 2000 dinars.","Šta se dešava kada ljudi, u strahu za sopstvenu egzistenciju, moraju da odluče o egzistenciji nekog drugog? Od tog pitanja reditelj **Veljko Mićunović** polazi u predstavi čija je premijera bila u **Ateljeu 212** u maju 2026.

Sandra radi u kol-centru. Sistem je proglašava viškom: glas joj nije dovoljno „veseo i optimističan“, a uz to je koristila bolovanje. Njene kolege dobijaju ultimatum: ako Sandra ostane, oni gube novac. Reditelj kaže da je ovo priča o sistemskom prebacivanju odgovornosti na pojedinca, u kojoj solidarnost postaje krhka, gotovo slučajna.

Tekst potpisuju Mićunović i dramaturg Slobodan Obradović, po motivima filma braće Darden. Sandru igra Jovana Gavrilović, a tu su i Filip Hajduković, Bojan Žirović, Hana Selimović, Natalija Stepanović, Ljiljana Dragutinović, Dejan Dedić, Uroš Jakovljević i Milica Stefanović. Trajanje 1 sat i 35 minuta, predstava sadrži stroboskopske efekte.

Cena: 1500 i 2000 dinara.",20:00,1500,Atelje 212,"Svetogorska 21, Beograd","44.814352,20.468168",https://repertoar.rs/predstave/korporativna-bajka/,repertoar.rs,https://bilet.atelje212.rs/scena.php?prostorterminid=4916,Atelje 212,https://www.atelje212.rs/,,,,,,"театр, Ателье 212, Велько Мичунович, драма, братья Дарденн","theatre, Atelje 212, Veljko Mićunović, drama, Dardenne brothers","pozorište, Atelje 212, Veljko Mićunović, drama, braća Darden"
10/15/2026,10/15/2026,9/30/2026,1951,TheaterGroup,Zvezdara teatar,https://zvezdarateatar.rs/,,TheaterEvent,"«Спортивное сердце»: финал чемпионата мира в земунской шашлычной, Звездара театр",Sportsko srce: a World Cup final in a Zemun grill house at Zvezdara Teatar,"Sportsko srce: finale Mundijala u zemunskoj pečenjari, Zvezdara teatar",https://raw.githubusercontent.com/newsgl/arsposters/main/1951-SportskoSrceFinaleMundijalaUZemunskoj.webp,,Theatre,"15 октября в 19:30 на сцене «Бата Стойкович»: пятеро очень разных людей встречаются в шашлычной в Земуне в день финала Франция и Хорватия. Пьеса Джордже Милосавлевича, режиссёр Милан Караджич. Билеты 1500, 1800 и 2200 динаров.","October 15 at 19:30 on the Bata Stojković stage: five very different people meet in a Zemun grill house on the day of the World Cup final between France and Croatia. Play by Đorđe Milosavljević, directed by Milan Karadžić. Tickets 1500, 1800 and 2200 dinars.","15. oktobra u 19.30 na sceni „Bata Stojković“: petoro sasvim različitih ljudi sreće se u pečenjari u Zemunu na dan finala Francuska i Hrvatska. Tekst Đorđe Milosavljević, režija Milan Karadžić. Ulaznice 1500, 1800 i 2200 dinara.","Идея пьесы пришла **Джордже Милосавлевичу** прямо во время финала чемпионата мира 2018 года в России, где играли Франция и Хорватия. В этот день и происходит действие.

Шашлычную в Верхнем Земуне держит опозоренный и отвергнутый отец. Туда же приходят его отдалившаяся дочь, отчаявшийся кум, разочарованная адвокатесса и парень дочери, выросший на Дединье. Режиссёр **Милан Караджич** говорит, что его привлекло столкновение миров: претенциозного снобского и пострадавшего, но настоящего мира нуворишей. Из этого столкновения выходит и смешное, и трагичное.

Играют Милутин Мима Караджич, Нина Нешкович, Александр Джурица, Нела Михаилович и Никола Шурбанович. Премьера была в декабре 2021 года, спектакль идёт 90 минут.

Цена: 1500, 1800 и 2200 динаров.","**Đorđe Milosavljević** got the idea for the play while watching the 2018 World Cup final in Russia between France and Croatia, and that is the day on which it is set.

A grill house in Upper Zemun is run by a disgraced, rejected father. In come his estranged daughter, a desperate best man, a disillusioned lawyer and the daughter’s boyfriend, who grew up in upmarket Dedinje. Director **Milan Karadžić** says he was drawn by the clash of worlds: a pretentious, snobbish one against the battered but authentic world of the newly rich. The collision produces both comic and tragic effects.

Cast: Milutin Mima Karadžić, Nina Nešković, Aleksandar Đurica, Nela Mihailović and Nikola Šurbanović. Premiered in December 2021; running time 90 minutes.

Price: 1500, 1800 and 2200 dinars.","Ideja za komad **Đorđu Milosavljeviću** došla je baš dok se igralo finale Svetskog prvenstva 2018. u Rusiji između Francuske i Hrvatske. Tog dana se i odvija radnja.

Pečenjaru na Gornjem Zemunu drži prezreni, osramoćeni i odbačeni otac. Tu stižu njegova otuđena ćerka, kum očajan do autodestrukcije, advokatica razočarana do mahnitosti i ćerkin momak, odrastao na Dedinju. Reditelj **Milan Karadžić** kaže da ga je privukao sudar svetova: pretencioznog, snobovskog i stradalnog, ali autentičnog sveta skorojevića. Iz tog sudara nastaju i tragični i komični efekti.

Igraju Milutin Mima Karadžić, Nina Nešković, Aleksandar Đurica, Nela Mihailović i Nikola Šurbanović. Premijera je bila u decembru 2021, trajanje 90 minuta.

Cena: 1500, 1800 i 2200 dinara.",19:30,1500,Zvezdara teatar,"Milana Rakića 38, 11050 Beograd","44.797660,20.497652",https://repertoar.rs/predstave/sportsko-srce/,repertoar.rs,https://bilet.zvezdarateatar.rs/scena.php?prostorterminid=2629,Zvezdara teatar,https://zvezdarateatar.rs/,,,,,,"театр, Звездара театр, драма, Милан Караджич, футбол","theatre, Zvezdara Teatar, drama, Milan Karadžić, football","pozorište, Zvezdara teatar, drama, Milan Karadžić, fudbal"
10/15/2026,10/16/2026,9/30/2026,1952,TheaterGroup,Beogradsko dramsko pozorište,https://www.bdp.rs/,,TheaterEvent,«Двенадцатая ночь»: комедия Шекспира в Белградском драматическом театре,Twelfth Night: Shakespeare’s comedy at Belgrade Drama Theatre,Bogojavljenska noć: Šekspirova komedija u Beogradskom dramskom pozorištu,https://raw.githubusercontent.com/newsgl/arsposters/main/1952-BogojavljenskaNocSekspirovaKomedijaUBeog.webp,,Theatre,"Лидия Дедович ставит «Двенадцатую ночь» в современном антураже: Виола после кораблекрушения переодевается юношей, и в Иллирии начинается любовная путаница. Большая сцена «Оливера и Раде», начало в 19:30, билеты 1500-2000 динаров.","Lidija Dedović stages Twelfth Night in a contemporary setting: shipwrecked Viola disguises herself as a young man and love in Illyria gets tangled. Olivera i Rade main stage, 19:30, tickets 1500-2000 dinars.","Lidija Dedović postavlja Bogojavljensku noć u savremenom ključu: Viola se posle brodoloma preruši u mladića i u Iliriji nastaje ljubavna zbrka. Velika scena „Olivera i Rade“, početak u 19.30, karte 1500-2000 dinara.","Название пьесы отсылает к двенадцатой ночи после Рождества, когда каждый развлекается как хочет и не стесняется. Шекспир написал эту комедию около 1600 года, и у нас она по-прежнему одна из самых играемых.

Виола после кораблекрушения оказывается в Иллирии и переодевается юношей Цезарио. Дальше всё по законам жанра: герцог Орсино влюблён в графиню Оливию, Оливия влюбляется в «Цезарио», а сама Виола в Орсино. В постановке **Лидии Дедович** действие перенесено в клуб «Богоявленская ночь»: переодевания, поиски себя, интриги богатых и слуг, иллюзии, в которые герои влюбляются и из которых не хотят выходить.

Премьера состоялась в мае 2026 года. Перевод Велимира Живоиновича, музыка Ирены Попович Драгович, сценография Зораны Петров, костюмы Иваны Васич.

Играют Елисавета Орашанин (Виола), Миодраг Радонич (Орсино), Тамара Шустич (Оливия), Вукашин Йованович (Мальволио), Александр Йованович, Стефан Радонич, Аня Чурчич и Аня Йованович.

Продолжительность: 100 минут.

Цена: 1500-2000 динаров (партер 2 и партер 1).","The title refers to the twelfth night after Christmas, a time when everyone picks their favourite amusement without pretence. Shakespeare wrote the comedy around 1600, and it remains one of his most staged plays in the region.

Shipwrecked Viola lands in Illyria and disguises herself as a young man, Cesario. Duke Orsino loves Countess Olivia, Olivia falls for “Cesario”, and Viola falls for Orsino. Director **Lidija Dedović** moves the action into a club called Twelfth Night, where disguises, the search for identity, schemes of the rich and their servants and self-made illusions all get tested.

The production premiered in May 2026. Translation by Velimir Živojinović, music by Irena Popović Dragović, set by Zorana Petrov, costumes by Ivana Vasić.

Cast: Jelisaveta Orašanin (Viola), Miodrag Radonjić (Orsino), Tamara Šustić (Olivia), Vukašin Jovanović (Malvolio), Aleksandar Jovanović, Stefan Radonjić, Anja Ćurčić and Anja Jovanović.

Running time: 100 minutes.

Price: 1500-2000 dinars (stalls 2 and stalls 1).","Naslov se odnosi na dvanaestu noć posle Božića, vreme kada svako bira omiljen vid zabave, bez pretvaranja i ustručavanja. Šekspir je komediju napisao oko 1600. godine i ona je i danas među najizvođenijim kod nas i u regionu.

Viola posle brodoloma stiže u Iliriju i preruši se u mladića Cezarija. Vojvoda Orsino voli groficu Oliviju, Olivija se zaljubi u „Cezarija“, a Viola u Orsina. Rediteljka **Lidija Dedović** radnju smešta u klub „Bogojavljenska noć“: prerušavanja, traganje za identitetom, intrige bogatih i posluge i iluzije u koje se likovi zaljubljuju.

Premijera je bila u maju 2026. Prevod Velimir Živojinović, muzika Irena Popović Dragović, scenografija Zorana Petrov, kostimi Ivana Vasić.

Igraju Jelisaveta Orašanin (Viola), Miodrag Radonjić (Orsino), Tamara Šustić (Olivija), Vukašin Jovanović (Malvolio), Aleksandar Jovanović, Stefan Radonjić, Anja Ćurčić i Anja Jovanović.

Trajanje: 100 minuta.

Cena: 1500-2000 dinara (parter 2 i parter 1).",19:30,1500,Beogradsko dramsko pozorište,"Mileševska 64a, Beograd","44.797040,20.486130",https://repertoar.rs/predstave/bogojavljenska-noc/,repertoar.rs,https://www.bdp.rs/,Beogradsko dramsko pozorište,https://www.bdp.rs/,,,,,,"театр, Шекспир, комедия, БДП, Лидия Дедович","theatre, Shakespeare, comedy, BDP, Lidija Dedović","pozorište, Šekspir, komedija, BDP, Lidija Dedović"
11/1/2026,11/2/2026,9/30/2026,1953,TheaterGroup,Beogradsko dramsko pozorište,https://www.bdp.rs/,,TheaterEvent,«Двенадцатая ночь»: комедия Шекспира в Белградском драматическом театре,Twelfth Night: Shakespeare’s comedy at Belgrade Drama Theatre,Bogojavljenska noć: Šekspirova komedija u Beogradskom dramskom pozorištu,https://raw.githubusercontent.com/newsgl/arsposters/main/1953-BogojavljenskaNocSekspirovaKomedijaUBeog.webp,,Theatre,"Лидия Дедович ставит «Двенадцатую ночь» в современном антураже: Виола после кораблекрушения переодевается юношей, и в Иллирии начинается любовная путаница. Большая сцена «Оливера и Раде», начало в 19:30, билеты 1500-2000 динаров.","Lidija Dedović stages Twelfth Night in a contemporary setting: shipwrecked Viola disguises herself as a young man and love in Illyria gets tangled. Olivera i Rade main stage, 19:30, tickets 1500-2000 dinars.","Lidija Dedović postavlja Bogojavljensku noć u savremenom ključu: Viola se posle brodoloma preruši u mladića i u Iliriji nastaje ljubavna zbrka. Velika scena „Olivera i Rade“, početak u 19.30, karte 1500-2000 dinara.","Название пьесы отсылает к двенадцатой ночи после Рождества, когда каждый развлекается как хочет и не стесняется. Шекспир написал эту комедию около 1600 года, и у нас она по-прежнему одна из самых играемых.

Виола после кораблекрушения оказывается в Иллирии и переодевается юношей Цезарио. Дальше всё по законам жанра: герцог Орсино влюблён в графиню Оливию, Оливия влюбляется в «Цезарио», а сама Виола в Орсино. В постановке **Лидии Дедович** действие перенесено в клуб «Богоявленская ночь»: переодевания, поиски себя, интриги богатых и слуг, иллюзии, в которые герои влюбляются и из которых не хотят выходить.

Премьера состоялась в мае 2026 года. Перевод Велимира Живоиновича, музыка Ирены Попович Драгович, сценография Зораны Петров, костюмы Иваны Васич.

Играют Елисавета Орашанин (Виола), Миодраг Радонич (Орсино), Тамара Шустич (Оливия), Вукашин Йованович (Мальволио), Александр Йованович, Стефан Радонич, Аня Чурчич и Аня Йованович.

Продолжительность: 100 минут.

Цена: 1500-2000 динаров (партер 2 и партер 1).","The title refers to the twelfth night after Christmas, a time when everyone picks their favourite amusement without pretence. Shakespeare wrote the comedy around 1600, and it remains one of his most staged plays in the region.

Shipwrecked Viola lands in Illyria and disguises herself as a young man, Cesario. Duke Orsino loves Countess Olivia, Olivia falls for “Cesario”, and Viola falls for Orsino. Director **Lidija Dedović** moves the action into a club called Twelfth Night, where disguises, the search for identity, schemes of the rich and their servants and self-made illusions all get tested.

The production premiered in May 2026. Translation by Velimir Živojinović, music by Irena Popović Dragović, set by Zorana Petrov, costumes by Ivana Vasić.

Cast: Jelisaveta Orašanin (Viola), Miodrag Radonjić (Orsino), Tamara Šustić (Olivia), Vukašin Jovanović (Malvolio), Aleksandar Jovanović, Stefan Radonjić, Anja Ćurčić and Anja Jovanović.

Running time: 100 minutes.

Price: 1500-2000 dinars (stalls 2 and stalls 1).","Naslov se odnosi na dvanaestu noć posle Božića, vreme kada svako bira omiljen vid zabave, bez pretvaranja i ustručavanja. Šekspir je komediju napisao oko 1600. godine i ona je i danas među najizvođenijim kod nas i u regionu.

Viola posle brodoloma stiže u Iliriju i preruši se u mladića Cezarija. Vojvoda Orsino voli groficu Oliviju, Olivija se zaljubi u „Cezarija“, a Viola u Orsina. Rediteljka **Lidija Dedović** radnju smešta u klub „Bogojavljenska noć“: prerušavanja, traganje za identitetom, intrige bogatih i posluge i iluzije u koje se likovi zaljubljuju.

Premijera je bila u maju 2026. Prevod Velimir Živojinović, muzika Irena Popović Dragović, scenografija Zorana Petrov, kostimi Ivana Vasić.

Igraju Jelisaveta Orašanin (Viola), Miodrag Radonjić (Orsino), Tamara Šustić (Olivija), Vukašin Jovanović (Malvolio), Aleksandar Jovanović, Stefan Radonjić, Anja Ćurčić i Anja Jovanović.

Trajanje: 100 minuta.

Cena: 1500-2000 dinara (parter 2 i parter 1).",19:30,1500,Beogradsko dramsko pozorište,"Mileševska 64a, Beograd","44.797040,20.486130",https://repertoar.rs/predstave/bogojavljenska-noc/,repertoar.rs,https://www.bdp.rs/,Beogradsko dramsko pozorište,https://www.bdp.rs/,,,,,,"театр, Шекспир, комедия, БДП, Лидия Дедович","theatre, Shakespeare, comedy, BDP, Lidija Dedović","pozorište, Šekspir, komedija, BDP, Lidija Dedović"
12/20/2026,12/20/2026,9/30/2026,1954,TheaterGroup,Beogradsko dramsko pozorište,https://www.bdp.rs/,,TheaterEvent,«Двенадцатая ночь»: комедия Шекспира в Белградском драматическом театре,Twelfth Night: Shakespeare’s comedy at Belgrade Drama Theatre,Bogojavljenska noć: Šekspirova komedija u Beogradskom dramskom pozorištu,https://raw.githubusercontent.com/newsgl/arsposters/main/1954-BogojavljenskaNocSekspirovaKomedijaUBeog.webp,,Theatre,"Лидия Дедович ставит «Двенадцатую ночь» в современном антураже: Виола после кораблекрушения переодевается юношей, и в Иллирии начинается любовная путаница. Большая сцена «Оливера и Раде», начало в 19:30, билеты 1500-2000 динаров.","Lidija Dedović stages Twelfth Night in a contemporary setting: shipwrecked Viola disguises herself as a young man and love in Illyria gets tangled. Olivera i Rade main stage, 19:30, tickets 1500-2000 dinars.","Lidija Dedović postavlja Bogojavljensku noć u savremenom ključu: Viola se posle brodoloma preruši u mladića i u Iliriji nastaje ljubavna zbrka. Velika scena „Olivera i Rade“, početak u 19.30, karte 1500-2000 dinara.","Название пьесы отсылает к двенадцатой ночи после Рождества, когда каждый развлекается как хочет и не стесняется. Шекспир написал эту комедию около 1600 года, и у нас она по-прежнему одна из самых играемых.

Виола после кораблекрушения оказывается в Иллирии и переодевается юношей Цезарио. Дальше всё по законам жанра: герцог Орсино влюблён в графиню Оливию, Оливия влюбляется в «Цезарио», а сама Виола в Орсино. В постановке **Лидии Дедович** действие перенесено в клуб «Богоявленская ночь»: переодевания, поиски себя, интриги богатых и слуг, иллюзии, в которые герои влюбляются и из которых не хотят выходить.

Премьера состоялась в мае 2026 года. Перевод Велимира Живоиновича, музыка Ирены Попович Драгович, сценография Зораны Петров, костюмы Иваны Васич.

Играют Елисавета Орашанин (Виола), Миодраг Радонич (Орсино), Тамара Шустич (Оливия), Вукашин Йованович (Мальволио), Александр Йованович, Стефан Радонич, Аня Чурчич и Аня Йованович.

Продолжительность: 100 минут.

Цена: 1500-2000 динаров (партер 2 и партер 1).","The title refers to the twelfth night after Christmas, a time when everyone picks their favourite amusement without pretence. Shakespeare wrote the comedy around 1600, and it remains one of his most staged plays in the region.

Shipwrecked Viola lands in Illyria and disguises herself as a young man, Cesario. Duke Orsino loves Countess Olivia, Olivia falls for “Cesario”, and Viola falls for Orsino. Director **Lidija Dedović** moves the action into a club called Twelfth Night, where disguises, the search for identity, schemes of the rich and their servants and self-made illusions all get tested.

The production premiered in May 2026. Translation by Velimir Živojinović, music by Irena Popović Dragović, set by Zorana Petrov, costumes by Ivana Vasić.

Cast: Jelisaveta Orašanin (Viola), Miodrag Radonjić (Orsino), Tamara Šustić (Olivia), Vukašin Jovanović (Malvolio), Aleksandar Jovanović, Stefan Radonjić, Anja Ćurčić and Anja Jovanović.

Running time: 100 minutes.

Price: 1500-2000 dinars (stalls 2 and stalls 1).","Naslov se odnosi na dvanaestu noć posle Božića, vreme kada svako bira omiljen vid zabave, bez pretvaranja i ustručavanja. Šekspir je komediju napisao oko 1600. godine i ona je i danas među najizvođenijim kod nas i u regionu.

Viola posle brodoloma stiže u Iliriju i preruši se u mladića Cezarija. Vojvoda Orsino voli groficu Oliviju, Olivija se zaljubi u „Cezarija“, a Viola u Orsina. Rediteljka **Lidija Dedović** radnju smešta u klub „Bogojavljenska noć“: prerušavanja, traganje za identitetom, intrige bogatih i posluge i iluzije u koje se likovi zaljubljuju.

Premijera je bila u maju 2026. Prevod Velimir Živojinović, muzika Irena Popović Dragović, scenografija Zorana Petrov, kostimi Ivana Vasić.

Igraju Jelisaveta Orašanin (Viola), Miodrag Radonjić (Orsino), Tamara Šustić (Olivija), Vukašin Jovanović (Malvolio), Aleksandar Jovanović, Stefan Radonjić, Anja Ćurčić i Anja Jovanović.

Trajanje: 100 minuta.

Cena: 1500-2000 dinara (parter 2 i parter 1).",19:30,1500,Beogradsko dramsko pozorište,"Mileševska 64a, Beograd","44.797040,20.486130",https://repertoar.rs/predstave/bogojavljenska-noc/,repertoar.rs,https://www.bdp.rs/,Beogradsko dramsko pozorište,https://www.bdp.rs/,,,,,,"театр, Шекспир, комедия, БДП, Лидия Дедович","theatre, Shakespeare, comedy, BDP, Lidija Dedović","pozorište, Šekspir, komedija, BDP, Lidija Dedović"
10/15/2026,10/15/2026,9/30/2026,1955,TheaterGroup,Jugoslovensko dramsko pozorište,https://www.jdp.rs/,,TheaterEvent,«Путь развития Боры-портного»: классика Александра Поповича в Югославском драматическом театре,Razvojni put Bore Šnajdera: Aleksandar Popović’s classic at Yugoslav Drama Theatre,Razvojni put Bore Šnajdera: klasik Aleksandra Popovića u Jugoslovenskom dramskom pozorištu,https://raw.githubusercontent.com/newsgl/arsposters/main/1955-RazvojniPutBoreSnajderaKlasikAleksandra.webp,,Theatre,"Пьеса, которую критики назвали лучшей сербской драмой 1944-1993 годов, в постановке Эгона Савина. Бору играет Ненад Ездич. 15 октября, 20:00, Большая сцена «Люба Тадич», билеты 600 и 2000 динаров.","Egon Savin directs the play critics named the best Serbian-language drama of 1944-1993, with Nenad Jezdić as Bora. 15 October, 20:00, Ljuba Tadić main stage, tickets 600 and 2000 dinars.","Drama koju je kritika proglasila najboljom na srpskom jeziku za period 1944-1993, u režiji Egona Savina, sa Nenadom Jezdićem kao Borom. 15. oktobar u 20.00, Velika scena „Ljuba Tadić“, karte 600 i 2000 dinara.","Впервые пьесу Александра Поповича сыграли в 1967 году в Ателье 212, и тогда же автор получил Стерийную премию за лучшую современную драму. Позже критики назвали её лучшей драмой на сербском языке за 1944-1993 годы.

ЮДП вернул её на сцену в марте 2023 года. Режиссёр и сценограф **Эгон Савин**, драматург Божо Копривица, костюмы Ланы Цвиянович. Действие идёт через несколько эпох социалистической Югославии и следит за простым человеком, которого политические перемены несут вверх. Вокруг него люди, получившие должности через партию или родню, без образования и без умения: оппортунисты, которым нужны власть и деньги.

Бору играет **Ненад Ездич**, также заняты Ирфан Менсур, Бранислав Лечич, Радован Вуйович, Небойша Милованович, Бранка Шелич, Тамара Драгичевич и другие.

Продолжительность около двух с половиной часов.

Цена: 600 и 2000 динаров.","Aleksandar Popović’s play was first staged in 1967 at Atelje 212, and the same year it won him the Sterija Award for best contemporary drama. Critics later named it the best drama in the Serbian language for the period 1944-1993.

The Yugoslav Drama Theatre revived it in March 2023. **Egon Savin** directs and designs the set, with dramaturgy by Božo Koprivica and costumes by Lana Cvijanović. The story moves through several eras of socialist Yugoslavia and follows an ordinary man carried upward by political change, surrounded by people who got their posts through the party or family ties rather than skill: opportunists hungry for power and money.

**Nenad Jezdić** plays Bora, with Irfan Mensur, Branislav Lečić, Radovan Vujović, Nebojša Milovanović, Branka Šelić, Tamara Dragičević and others.

Running time is about two and a half hours.

Price: 600 and 2000 dinars.","Drama Aleksandra Popovića prvi put je izvedena 1967. u Ateljeu 212 i iste godine donela je autoru Sterijinu nagradu za najbolju savremenu dramu. Kasnije ju je kritika proglasila najboljom dramom na srpskom jeziku za period od 1944. do 1993.

JDP ju je vratio na scenu u martu 2023. Režiju i scenografiju potpisuje **Egon Savin**, dramaturg je Božo Koprivica, kostimi Lana Cvijanović. Radnja prolazi kroz nekoliko epoha socijalističke Jugoslavije i prati običnog čoveka kog politički obrti nose naviše, okruženog ljudima koji su preko partije ili rodbine došli do pozicija za koje nisu stručni.

Boru igra **Nenad Jezdić**, a tu su i Irfan Mensur, Branislav Lečić, Radovan Vujović, Nebojša Milovanović, Branka Šelić, Tamara Dragičević i drugi.

Predstava traje oko dva i po sata.

Cena: 600 i 2000 dinara.",20:00,600,Jugoslovensko dramsko pozorište,"Kralja Milana 50, 11000 Beograd","44.805332,20.464847",https://repertoar.rs/predstave/razvojni-put-bore-snajdera/,repertoar.rs,https://www.jdp.rs/,Jugoslovensko dramsko pozorište,https://www.jdp.rs/,,,,,,"театр, ЮДП, Александр Попович, Эгон Савин, драма","theatre, JDP, Aleksandar Popović, Egon Savin, drama","pozorište, JDP, Aleksandar Popović, Egon Savin, drama"
10/16/2026,10/16/2026,9/30/2026,1956,Person,Derrick May,https://en.wikipedia.org/wiki/Derrick_May_(musician),,MusicEvent,"Деррик Мэй, один из создателей детройтского техно, в клубе Kult","Derrick May, Detroit techno originator, at Kult","Derrick May, jedan od tvoraca detroitskog tehna, u klubu Kult",https://raw.githubusercontent.com/newsgl/arsposters/main/1956-DerrickMayJedanOdTvoracaDetroitskog.webp,,Concerts,"Детройтский пионер техно, автор «Strings of Life», играет в Kult. 16 октября с 23:00, ранний вход до полуночи 17 евро (около 1990 динаров).","The Detroit techno pioneer behind “Strings of Life” plays Kult. October 16 from 23:00, early entry before midnight 17 EUR (about 1990 dinars).","Detroitski pionir tehna, autor „Strings of Life“, nastupa u Kultu. Šesnaestog oktobra od 23 časa, rani ulaz do ponoći 17 evra (oko 1990 dinara).","Деррик Мэй вместе с Хуаном Аткинсом и Кевином Сондерсоном входил в **Belleville Three**, тройку детройтцев, с которых началось техно. Под именем Rhythim Is Rhythim он выпустил **«Strings of Life»** и «It Is What It Is», треки, которые до сих пор звучат на танцполах по всему миру.

Его лейбл **Transmat** выпускал ранние записи Карла Крейга, Стейси Пуллена и Кенни Ларкина. За пультом Мэй известен перкуссионными, резко меняющими направление сетами, в которых много мелодии.

Для Kult это одна из главных дат пятого сезона. Поддержка: Марко Милосављевич.

Цена: ранний вход до полуночи 17 евро (около 1990 динаров).

Организатор: Kult.","Together with Juan Atkins and Kevin Saunderson, Derrick May made up the **Belleville Three**, the Detroit trio where techno began. As Rhythim Is Rhythim he released **“Strings of Life”** and “It Is What It Is”, records that still get played on dancefloors everywhere.

His label **Transmat** put out early music by Carl Craig, Stacey Pullen and Kenny Larkin. Behind the decks May is known for percussive sets with sudden turns and a strong melodic core.

Kult calls the night one of the key dates of its fifth season. Support comes from Marko Milosavljević.

Price: early entry before midnight 17 EUR (about 1990 dinars).

Organiser: Kult.","Derrick May je sa Juanom Atkinsom i Kevinom Saundersonom činio **Belleville Three**, detroitsku trojku od koje je počeo tehno. Kao Rhythim Is Rhythim objavio je **„Strings of Life“** i „It Is What It Is“, stvari koje se i danas puštaju na podijumima širom sveta.

Njegova etiketa **Transmat** izdavala je rane radove Carla Craiga, Staceyja Pullena i Kennyja Larkina. Za pultom je poznat po perkusivnim setovima sa naglim zaokretima i puno melodije.

Za Kult je ovo jedan od ključnih datuma pete sezone. Podrška: Marko Milosavljević.

Cena: rani ulaz do ponoći 17 evra (oko 1990 dinara).

Organizator: Kult.",23:00,1990,Kult,"Čumićevo sokače 3, 11000 Beograd","44.813900,20.461900",https://ra.co/events/2549694,ra.co,https://ra.co/events/2549694,Kult,https://en.wikipedia.org/wiki/Derrick_May_(musician),,,,,,"техно, Детройт, клубная ночь, диджей-сет","techno, Detroit techno, club night, DJ set","tehno, Detroit, klupska noć, DJ set"
10/16/2026,10/16/2026,9/30/2026,1957,MusicGroup,Known Artist,https://www.instagram.com/love_bezdna/,,MusicEvent,Known Artist впервые в Сербии: вечеринка BEZDNA в Drugstore,Known Artist’s Serbian debut: BEZDNA night at Drugstore,Known Artist prvi put u Srbiji: BEZDNA žurka u Drugstoreu,https://raw.githubusercontent.com/newsgl/arsposters/main/1957-KnownArtistPrviPutUSrbiji.webp,,Concerts,"Французский дуэт Known Artist, хаус и транс в духе 90-х, играет в Drugstore вместе с белградскими диджеями. 16 октября с 23:00, вход 1500 динаров.","French duo Known Artist bring 90s-minded house and trance to Drugstore, with Belgrade selectors in support. October 16 from 23:00, entry 1500 dinars.","Francuski duo Known Artist, haus i trens u duhu devedesetih, nastupa u Drugstoreu uz beogradske didžejeve. Šesnaestog oktobra od 23 časa, ulaz 1500 dinara.","Known Artist это французские продюсеры и диджеи Reba и Probably Sean. Их лейбл **CLUB MIX** выпускает быструю, игривую клубную музыку, собранную из хауса, прогрессива и транса 90-х, и стал заметной точкой для новой волны олдскульного танцевального звука. Их треки ставят в свои сеты **Jamie xx** и Palms Trax.

В Белград дуэт привозит коллектив BEZDNA. Ждать стоит катящихся басовых линий, трансового давления и хаусовой эйфории до самого утра.

Также играют: Stony C, Cosmic G, KACANSKY.

Цена: 1500 динаров.

Организаторы: Drugstore Productions и BEZDNA Belgrade.","Known Artist are French producers and DJs Reba and Probably Sean. Their **CLUB MIX** imprint puts out fast, playful club music built from 90s house, progressive and trance, and has become a reference point for the new wave of old-school-minded dance music. Their tracks turn up in sets by **Jamie xx** and Palms Trax.

Belgrade crew BEZDNA hosts the duo’s first Serbian show at Drugstore. Expect rolling basslines, trance pressure and house euphoria until closing.

Also playing: Stony C, Cosmic G, KACANSKY.

Price: 1500 dinars.

Organisers: Drugstore Productions and BEZDNA Belgrade.","Known Artist su francuski producenti i didžejevi Reba i Probably Sean. Njihova etiketa **CLUB MIX** izbacuje brzu, razigranu klupsku muziku sklopljenu od hausa, progresiva i trensa iz devedesetih i postala je važna tačka za novi talas old-school plesnog zvuka. Njihove stvari puštaju **Jamie xx** i Palms Trax.

Duo po prvi put u Srbiju dovodi ekipa BEZDNA. Očekujte basove koji se kotrljaju, trens pritisak i haus euforiju do samog kraja.

Nastupaju i: Stony C, Cosmic G, KACANSKY.

Cena: 1500 dinara.

Organizatori: Drugstore Productions i BEZDNA Belgrade.",23:00,1500,Drugstore,"Bulevar despota Stefana 115, 11000 Beograd","44.819103,20.489149",https://ra.co/events/2545235,ra.co,https://ra.co/events/2545235,"Drugstore Productions, BEZDNA Belgrade",https://www.instagram.com/love_bezdna/,,,,,,"хаус, транс, клубная ночь, Drugstore","house, trance, club night, Drugstore","haus, trens, klupska noć, Drugstore"
10/16/2026,10/16/2026,9/30/2026,1958,MusicGroup,Gift,https://cooltix.rs/event/6ab6ad9a1f8212cbb6281ddc,,MusicEvent,Трибьют Дэвиду Боуи: группа Gift в La Variété,David Bowie tribute by Gift at La Variété,David Bowie tribute: bend Gift u La Variétéu,https://raw.githubusercontent.com/newsgl/arsposters/main/1958-DavidBowieTributeBendGiftU.webp,,Concerts,"Новосадская группа Gift второй раз играет в La Variété вечер песен Дэвида Боуи, от Ziggy Stardust до «Let’s Dance». 16 октября в 21:00, билет 1500 динаров, с бандлом 2000.","Novi Sad band Gift return to La Variété with a night of David Bowie songs, from Ziggy Stardust to “Let’s Dance”. October 16, 21:00, tickets 1500 dinars, bundle 2000.","Novosadski bend Gift drugi put u La Variétéu svira veče pesama Davida Bowieja, od Ziggyja Stardusta do „Let’s Dance“. Šesnaestog oktobra u 21 čas, karta 1500 dinara, bundle 2000.","Gift из Нови-Сада много лет играет Боуи на сценах Сербии и Хорватии, от белградских клубов до загребского Boogaloo. Для La Variété это второй приезд группы: первый вечер клуб решил повторить.

Программа идёт по разным эпохам и образам Боуи, от глэм-рока и **Ziggy Stardust** до больших хитов восьмидесятых. В сет-листе **«Heroes», «Let’s Dance», «Starman», «Life on Mars?», «Rebel Rebel», «Space Oddity»** и другие песни, которые не нуждаются в представлении.

Цена: 1500 динаров, билет-бандл 2000 динаров.

Организатор: UGS PRO Music Promoting.","Novi Sad band Gift have been playing Bowie for years, in clubs across Serbia and at Zagreb’s Boogaloo. This is their second visit to La Variété; the club asked them back after the first.

The set moves through Bowie’s eras and personas, from glam rock and **Ziggy Stardust** to the big hits of the eighties. Expect **“Heroes”, “Let’s Dance”, “Starman”, “Life on Mars?”, “Rebel Rebel”, “Space Oddity”** and more songs that need no introduction.

Price: 1500 dinars, bundle ticket 2000 dinars.

Organiser: UGS PRO Music Promoting.","Novosadski Gift godinama svira Bowieja po klubovima Srbije i Hrvatske, od Beograda do zagrebačkog Boogalooa. U La Variété dolaze drugi put, jer je klub posle prvog gostovanja hteo reprizu.

Veče ide kroz različite epohe i lica Bowieja, od glam roka i **Ziggyja Stardusta** do velikih hitova osamdesetih. Na spisku su **„Heroes“, „Let’s Dance“, „Starman“, „Life on Mars?“, „Rebel Rebel“, „Space Oddity“** i još mnogo pesama kojima ne treba predstavljanje.

Cena: 1500 dinara, bundle karta 2000 dinara.

Organizator: UGS PRO Music Promoting.",21:00,1500,La Variété,"Francuska 6, 11000 Beograd","44.817685,20.462877",https://cooltix.rs/event/6ab6ad9a1f8212cbb6281ddc,cooltix.rs,https://cooltix.rs/event/6ab6ad9a1f8212cbb6281ddc,UGS PRO Music Promoting,https://cooltix.rs/event/6ab6ad9a1f8212cbb6281ddc,,,,,,"трибьют, Дэвид Боуи, рок, живая музыка","tribute, David Bowie, rock, live music","tribute, David Bowie, rok, živa svirka"
10/16/2026,10/16/2026,9/30/2026,1959,TheaterGroup,Narodno pozorište u Beogradu,https://www.narodnopozoriste.rs/,,TheaterEvent,«Скорбящая семья»: Нушич в постановке Ягоша Марковича в Народном театре,Ožalošćena porodica: Nušić’s inheritance comedy staged by Jagoš Marković at the National Theatre,Ožalošćena porodica: Nušić u režiji Jagoša Markovića u Narodnom pozorištu,https://raw.githubusercontent.com/newsgl/arsposters/main/1959-OzaloscenaPorodicaNusicURezijiJagosa.webp,,Theatre,"Комедия Бранислава Нушича о родне, которая делит наследство сразу после похорон, перенесённая Ягошем Марковичем в XXI век. 16 октября, 19:30, Большая сцена, билеты от 300 до 2800 динаров.","Branislav Nušić’s comedy about relatives fighting over an inheritance straight after the funeral, moved into the 21st century by Jagoš Marković. 16 October, 19:30, main stage, tickets 300 to 2800 dinars.","Nušićeva komedija o rodbini koja deli nasledstvo odmah posle sahrane, koju je Jagoš Marković preneo u 21. vek. 16. oktobar, 19.30, Velika scena, ulaznice od 300 do 2800 dinara.","Семья возвращается с кладбища, где похоронили богатого Мату Тодоровича, и сразу начинает считать, кому что достанется. Завещание всех разочаровывает: деньги уходят на просвещение и церковь, а большая часть имущества дочери Данице, которую родственники ни во что не ставят.

**Ягош Маркович** поставил Нушича, сам сделал адаптацию и подобрал музыку. В его версии на сцене люди начала XXI века: чиновники, эстрада, сомнительный бизнес, самозваные величины в траурном чёрном. Портрет покойного всё время висит над ними и напоминает, кто они такие. Режиссёр при этом их не осуждает и оставляет каждому немного человеческого.

Играют **Саша Торлакович** (Агатон Арсич), Сандра Бугарски, Даница Максимович, Небойша Дугалич, Ваня Эйдус, Александар Сречкович, Нела Михаилович, Слободан Бештич, Сузана Лукич и Душан Матеич. Премьера прошла в январе 2018 года.

Спектакль идёт 2 часа без антракта.

Билеты от 300 до 2800 динаров.","The family comes back from the cemetery where wealthy Mata Todorović has just been buried and immediately starts counting who gets what. The will disappoints everyone: the money goes to education and the Church, and most of the estate to his daughter Danica, whom the relatives treat as nobody.

**Jagoš Marković** directed the play, wrote the adaptation and chose the music. His characters are people of the early 21st century: officials, showbiz figures, shady businessmen, self-made grandees in mourning black. The portrait of the deceased hangs over them the whole time as a reminder of who they are. Marković still does not condemn them and leaves each a spark of humanity.

The cast: **Saša Torlaković** (Agaton Arsić), Sandra Bugarski, Danica Maksimović, Nebojša Dugalić, Vanja Ejdus, Aleksandar Srećković, Nela Mihailović, Slobodan Beštić, Suzana Lukić and Dušan Matejić. Premiered in January 2018.

Running time: 2 hours, no interval.

Tickets from 300 to 2800 dinars.","Porodica se vraća sa groblja gde je upravo sahranjen imućni Mata Todorović i odmah počinje da računa ko će šta da dobije. Testament sve razočara: novac ide Prosveti i Crkvi, a najveći deo imovine kćeri Danici, koju rodbina ne računa ni u šta.

**Jagoš Marković** potpisuje režiju, adaptaciju i izbor muzike. Kod njega su na sceni ljudi s početka 21. veka: predstavnici vlasti, estrade i kontroverznog biznisa, samozvane veličine u crnini. Portret pokojnika sve vreme visi nad njima i podseća ih ko su. Reditelj ih ipak ne osuđuje i svakome ostavlja zrno ljudskosti.

Igraju **Saša Torlaković** (Agaton Arsić), Sandra Bugarski, Danica Maksimović, Nebojša Dugalić, Vanja Ejdus, Aleksandar Srećković, Nela Mihailović, Slobodan Beštić, Suzana Lukić i Dušan Matejić. Premijera je bila u januaru 2018.

Predstava traje 2 sata, bez pauze.

Ulaznice od 300 do 2800 dinara.",19:30,300,Narodno pozorište u Beogradu,"Francuska 3, 11000 Beograd","44.817006,20.461005",https://repertoar.rs/predstave/ozaloscena-porodica/,repertoar.rs,https://www.narodnopozoriste.rs/lat/ulaznice/odabir-ulaznica?p=6405,Narodno pozorište u Beogradu,https://www.narodnopozoriste.rs/,,,,,,"театр, комедия, Нушич, Народный театр, Ягош Маркович","theatre, comedy, Nušić, National Theatre, Jagoš Marković","pozorište, komedija, Nušić, Narodno pozorište, Jagoš Marković"
10/16/2026,10/16/2026,9/30/2026,1960,TheaterGroup,Pozorište lutaka Pinokio,https://pinokio.rs/,,ChildrensEvent,Спектакль «Дневник Ане Франк» в театре «Пинокио»,Dnevnik Ane Frank: The Diary of Anne Frank at the Pinokio theatre,Predstava Dnevnik Ane Frank u pozorištu Pinokio,https://raw.githubusercontent.com/newsgl/arsposters/main/1960-PredstavaDnevnikAneFrankUPozoristu.webp,,Kids,"История Анны Франк в постановке Стевана Бодрожи: жизнь на чердаке сыграна драматическими актёрами, мечты героев показаны куклами. 16 октября в 19:00, от восьми лет, 80 минут, билет 600 динаров.","Anne Frank's story staged by Stevan Bodroza: life in the attic is played by actors, the characters' dreams by puppets. 16 October at 19:00, from age eight, 80 minutes, tickets 600 dinars.","Priča Ane Frank u režiji Stevana Bodrože: život na tavanu igraju glumci, a snove junaka lutke. 16. oktobra u 19.00, od osam godina, 80 minuta, karta 600 dinara.","Две семьи, Франк и Ван Дан, два года прячутся на чердаке от нацистов. Их жизнь в тесном помещении на сцене показана средствами драматического театра, а мечты о свободе и будущем, которого у них не было, сыграны куклами.

Режиссёр **Стеван Бодрожа** объясняет задачу так: вытащить жертв войны из статистики и показать, что у каждой были свои мечты и надежды, как у любого из нас. Драматург **Нина Плаванац** пишет об Анне как о живой девочке: умной, храброй, влюблённой, упрямой, иногда ссорящейся с мамой. Девочке, которая так и не стала взрослой.

Это спектакль для школьников, а не для малышей. Куклы, сценография и костюмы Сандры Никач. Играют Бранкица Себастиянович, Нела Николич, Джордже Креча, Желька Мандич, Никола Ранджелович, Ивана Тодорович, Йован Попович, Зорана Милошакович-Тасич и Йован Симеунович.

Цена: 600 динаров.

Язык: сербский.

Возраст: от восьми лет. Продолжительность восемьдесят минут.

Организатор: Позориште лутака «Пинокио».","Two families, the Franks and the Van Daans, hide from the Nazis in an attic for two years. Their life in that cramped space is played with the means of drama, while their dreams of freedom and of a future they never had are told with puppets.

Director **Stevan Bodroza** describes the aim as pulling war victims out of the statistics and showing that each of them had dreams and hopes like any of us. Playwright **Nina Plavanjac** writes Anne as a living girl: clever, brave, in love, stubborn, sometimes at odds with her mother. A girl who never got to grow up.

This is a show for school-age children, not toddlers. Puppets, set and costumes by Sandra Nikac. Performed by Brankica Sebastijanovic, Nela Nikolic, Dorde Kreca, Zeljka Mandic, Nikola Randelovic, Ivana Todorovic, Jovan Popovic, Zorana Milosakovic Tasic and Jovan Simeunovic.

Price: 600 dinars.

Language: Serbian.

Age: eight and up. Running time eighty minutes.

Organiser: Pinokio puppet theatre.","Porodice Frank i Van Dan dve godine se na tavanu kriju od nacističkog progona. Njihov život u malom, klaustrofobičnom prostoru prikazan je sredstvima dramskog teatra, a snovi o slobodi i srećnoj budućnosti koju nikada nisu doživeli dočarani su lutkama.

Reditelj **Stevan Bodroža** kaže da je cilj da se žrtve rata izbave iz statistike i pokaže da je svaka imala svoj identitet, snove i nadanja. Dramatizacija **Nine Plavanjac** Anu vidi kao maštovitu, hrabru, zaljubljenu i prkosnu devojčicu, koja nikada neće postati mlada žena.

Predstava je za školski uzrast, ne za najmlađe. Dizajn lutaka, scenografije i kostima Sandra Nikač. Igraju Brankica Sebastijanović, Nela Nikolić, Đorđe Kreća, Željka Mandić, Nikola Ranđelović, Ivana Todorović, Jovan Popović, Zorana Milošaković-Tasić i Jovan Simeunović.

Cena: 600 dinara.

Jezik: srpski.

Uzrast: od osam godina. Trajanje osamdeset minuta.

Organizator: Pozorište lutaka Pinokio.",19:00,600,Pozorište lutaka Pinokio,"Bulevar maršala Tolbuhina 1, Novi Beograd","44.830127,20.411863",https://pinokio.rs/%D0%B4%D0%BD%D0%B5%D0%B2%D0%BD%D0%B8%D0%BA-%D0%B0%D0%BD%D0%B5-%D1%84%D1%80%D0%B0%D0%BD%D0%BA/,pinokio.rs,https://tickets.rs/event/dnevnik_ane_frank_28612,Pozorište lutaka Pinokio,https://pinokio.rs/,,,8+,,,"театр, дети, Анна Франк, Пинокио, Нови-Београд","theatre, kids, Anne Frank, Pinokio, Novi Beograd","pozorište, deca, Ana Frank, Pinokio, Novi Beograd"
10/17/2026,10/17/2026,9/30/2026,1961,Person,Jasmín,https://ra.co/events/2548385,,MusicEvent,Jasmín из Амстердама открывает зимний сезон Yes в Karmakoma,Jasmín from Amsterdam opens the Yes winter season at Karmakoma,Jasmín iz Amsterdama otvara zimsku Yes sezonu u Karmakomi,https://raw.githubusercontent.com/newsgl/arsposters/main/1961-JasminIzAmsterdamaOtvaraZimskuYes.webp,,Concerts,"Амстердамская диджейка Jasmín, выпускавшаяся на Hessle Audio и fabric Originals, играет на вечеринке Yes. 17 октября с 23:00, предпродажа 1000 динаров, на входе 1500.","Amsterdam DJ Jasmín, with releases on Hessle Audio and fabric Originals, plays the Yes party. October 17 from 23:00, presale 1000 dinars, 1500 at the door.","Amsterdamska didžejka Jasmín, sa izdanjima za Hessle Audio i fabric Originals, nastupa na Yes žurci. Sedamnaestog oktobra od 23 časa, pretprodaja 1000 dinara, na ulazu 1500.","После лета во дворе Karmakoma вечеринка Yes уходит в закрытый зал, и зимний сезон открывает гостья из Амстердама.

Jasmín, диджейка с нидерландскими и аргентинскими корнями, начинала в спальне, а теперь одно из заметных имён амстердамской клубной сцены. В её сетах тёплый низ и сложные перкуссионные ритмы: от глубокого техно к искажённому, от басовой музыки к полиритмичному драм-н-бейсу, с местом и для неклубной музыки.

Как продюсер она выпускалась на сборниках 3024, **Dekmantel** и Woozy. Её дебютный EP «Bite The Hand That Feeds You» вышел в 2025 году юбилейным пятидесятым релизом лондонского **Hessle Audio**, а в этом году у неё серия из четырёх EP на **fabric Originals**.

Локальная поддержка: Lil Taty и Stevie Whisper.

Цена: предпродажа 1000 динаров, на входе 1500 динаров.

Организатор: Karmakoma.","After a summer outdoors, the Yes party moves back inside Karmakoma, and a guest from Amsterdam opens the winter season.

Jasmín, a Dutch-Argentinian DJ who started out in her bedroom, is now a trusted name in Amsterdam’s club scene and beyond. Her sets lean on warm low end and intricate percussive rhythms, moving from deep to distorted techno or from heavy bass to polyrhythmic drum and bass, with room left for non-club music.

As a producer she has appeared on compilations for 3024, **Dekmantel** and Woozy. Her debut EP “Bite The Hand That Feeds You” came out in 2025 as the 50th release on London’s **Hessle Audio**, and this year she started a four-part EP series on **fabric Originals**.

Local support: Lil Taty and Stevie Whisper.

Price: presale 1000 dinars, 1500 dinars at the door.

Organiser: Karmakoma.","Posle leta u dvorištu, Yes žurka se vraća unutra u Karmakomu, a zimsku sezonu otvara gošća iz Amsterdama.

Jasmín, didžejka holandsko-argentinskih korena koja je počela u svojoj sobi, danas je jedno od pouzdanih imena amsterdamske klupske scene. Njeni setovi drže topao niski kraj i zamršene perkusivne ritmove, od dubokog do izobličenog tehna ili od teškog basa do poliritmičnog drum and basa, uz mesta i za neklupsku muziku.

Kao producentkinja pojavila se na kompilacijama za 3024, **Dekmantel** i Woozy. Debi EP „Bite The Hand That Feeds You“ izašao je 2025. kao jubilarno pedeseto izdanje londonskog **Hessle Audio**, a ove godine počela je seriju od četiri EP-ja za **fabric Originals**.

Lokalna podrška: Lil Taty i Stevie Whisper.

Cena: pretprodaja 1000 dinara, na ulazu 1500 dinara.

Organizator: Karmakoma.",23:00,1000,Karmakoma,"Poenkareova 32, 11000 Beograd","44.818977,20.488380",https://ra.co/events/2548385,ra.co,https://new.gigstix.com/event/yes-with-jasmin-beograd-17-oktobar-2026/,Karmakoma,https://ra.co/events/2548385,,,,,,"техно, басовая музыка, клубная ночь, Karmakoma","techno, bass music, club night, Karmakoma","tehno, bas muzika, klupska noć, Karmakoma"
10/17/2026,10/17/2026,9/30/2026,1962,MusicGroup,Skelet Psiho Manijaka,https://www.instagram.com/skelet_psiho_manijaka/,,MusicEvent,Skelet Psiho Manijaka: панк-трио отмечает три года концертом в Drugstore,Skelet Psiho Manijaka: punk trio’s third birthday show at Drugstore,Skelet Psiho Manijaka: veliki rođendanski koncert u Drugstoreu,https://raw.githubusercontent.com/newsgl/arsposters/main/1962-SkeletPsihoManijakaVelikiRodjendanskiKon.webp,,Concerts,"Белградское панк-трио празднует третий день рождения в Black room клуба Drugstore и впервые выходит в новом составе. 17 октября в 20:00, билет 700 динаров. На сербском языке.","Belgrade punk trio celebrate their third birthday in Drugstore’s Black room, debuting a new line-up. October 17, 20:00, tickets 700 dinars. In Serbian.","Beogradski pank trio slavi treći rođendan u Black roomu Drugstorea i prvi put nastupa u novoj postavi. Sedamnaestog oktobra u 20 časova, karta 700 dinara.","Skelet Psiho Manijaka собрались в конце 2023 года: трое молодых белградцев решили писать социально заострённый панк о том, что видят вокруг каждый день. Вышли дебютный EP **«Bez kompromisa»** и синглы «Neće kopati», «Za vas» и «Sramota».

Группа успела сыграть на EXIT 2025 и Bunt Rock, в SKC и KST, делила сцену с Goblini и Savršeni Marginalci. В Белграде она не выступала почти год, и этим концертом открывает **тур в честь трёхлетия**: дальше Нови-Сад и Ниш.

На сцене новый состав: Страхиня Пантич Страле, Михайло Йовичич Мрле и Джордже Ножанич Джоле. Обещают новый материал и сюрпризы.

Цена: 700 динаров на Cooltix; бумажные билеты 600 динаров в Electrum AuAg в Земуне и на входе.

Организатор: UGS PRO Music Promoting.","Skelet Psiho Manijaka formed at the end of 2023, three young Belgraders writing socially charged punk about what they see every day. They have released the debut EP **“Bez kompromisa”** and the singles “Neće kopati”, “Za vas” and “Sramota”.

The band have played EXIT 2025 and Bunt Rock, SKC and KST, and shared stages with Goblini and Savršeni Marginalci. After almost a year without a Belgrade show, this gig opens their **third-birthday tour**, which then goes to Novi Sad and Niš.

The new line-up is Strahinja Pantić Strale, Mihailo Jovičić Mrle and Đorđe Nožanić Đole, and they promise new material and a few surprises.

Price: 700 dinars on Cooltix; physical tickets 600 dinars at Electrum AuAg in Zemun and at the door.

Organiser: UGS PRO Music Promoting.","Skelet Psiho Manijaka nastao je krajem 2023: tri mlada Beograđanina rešila su da kroz pank tekstove ukazuju na probleme na koje nailaze svakog dana. Iza njih su debi EP **„Bez kompromisa“** i singlovi „Neće kopati“, „Za vas“ i „Sramota“.

Svirali su na EXIT-u 2025 i Bunt Rocku, u SKC-u i KST-u, delili binu sa Goblinima i Savršenim Marginalcima. Posle skoro godinu dana bez beogradskog koncerta, ovom svirkom otvaraju **rođendansku turneju za treći rođendan**, koja nastavlja za Novi Sad i Niš.

Nastupaju u novoj postavi: Strahinja Pantić Strale, Mihailo Jovičić Mrle i Đorđe Nožanić Đole. Najavljuju nove pesme i iznenađenja.

Cena: 700 dinara preko Cooltixa; fizičke karte 600 dinara u Electrum AuAg u Zemunu i na ulazu.

Organizator: UGS PRO Music Promoting.",20:00,700,Drugstore,"Bulevar despota Stefana 115, 11000 Beograd","44.819103,20.489149",https://cooltix.rs/event/6aba21bd8775f9086eae9454,cooltix.rs,https://cooltix.rs/event/6aba21bd8775f9086eae9454,UGS PRO Music Promoting,https://www.instagram.com/skelet_psiho_manijaka/,,,,,,"панк, сербский рок, живая музыка, Drugstore","punk, Serbian rock, live music, Drugstore","pank, domaći rok, živa svirka, Drugstore"
10/17/2026,10/17/2026,9/30/2026,1963,TheaterGroup,Teatar Odeon,https://www.teatarodeon.rs/,,ChildrensEvent,«Юлия и Ромео»: музыкальная комедия Бранко Кочкицы в Театре Одеон,Julija i Romeo: Branko Kockica’s musical comedy at Teatar Odeon,Julija i Romeo: muzička komedija Branka Kockice u Teatru Odeon,https://raw.githubusercontent.com/newsgl/arsposters/main/1963-JulijaIRomeoMuzickaKomedijaBranka.webp,,Kids,"Шекспир в пересказе Бранко Миличевича Кочкицы: смешная трагикомедия со счастливым концом, песнями и танцами. Режиссёр Марко Йовичич. Билеты от 600 до 1900 динаров.","Shakespeare retold by Branko Milićević Kockica as a funny tragicomedy with a happy ending, songs and dance. Directed by Marko Jovičić. Tickets 600 to 1900 dinars.","Šekspir po Branku Milićeviću Kockici: smešna tragikomedija sa srećnim krajem, pesmom i igrom. Režija Marko Jovičić. Karte od 600 do 1900 dinara.","Бранко Миличевич Кочкица оставил из Шекспира слово в слово только знаменитый монолог Джульетты на балконе, а всё до и после переписал по-своему и закончил строками из «Imagine» Джона Леннона. Сам автор называет пьесу очень смешной трагикомедией с очень счастливым концом. Впервые её сыграли в театре «Пуж» в 1992 году, и там она шла 33 года.

В Театре Одеон спектакль открыл сезон. Режиссёр и автор адаптации **Марко Йовичич** (он же играет Ромео) добавил в историю смех, неловкие ситуации, музыку и танцы, а костюмы сделаны в духе эпохи. На сцене актёры и танцоры из нескольких стран.

В ролях Тамара Милойкович / Анастасия Кнежевич (Джульетта), Марко Йовичич (Ромео), Лиляна Стьепанович / Весна Паштрович, Димитрие Илич, Стефан Миливоевич, Марко Маркович. Музыка Марко Марковича, Хрвое Ивовича и Владимира Рацковича, хореография Катарины Илияшевич.

Продолжительность: 2 часа 30 минут с антрактом.

Цена: от 600 до 1900 динаров.

Организатор: Театр Одеон.","Branko Milićević Kockica kept only one piece of Shakespeare word for word, Juliet’s famous balcony speech, rewrote everything around it and closed the play with lines from John Lennon’s Imagine. He calls it a very funny tragicomedy with a very happy ending. It premiered at Puž Theatre in 1992 and ran there for 33 years.

At Teatar Odeon the production opened the season. Director and adapter **Marko Jovičić**, who also plays Romeo, adds slapstick, music and dance, with period costumes and a cast of actors and dancers from several countries.

Cast: Tamara Milojković / Anastasija Knežević (Juliet), Marko Jovičić (Romeo), Ljiljana Stjepanović / Vesna Paštrović, Dimitrije Ilić, Stefan Milivojević, Marko Marković. Music by Marko Marković, Hrvoje Ivović and Vladimir Racković, choreography by Katarina Ilijašević.

Running time: 2 hours 30 minutes with an interval.

Price: 600 to 1900 dinars.

Organizer: Teatar Odeon.","Branko Milićević Kockica od Šekspira je doslovce zadržao samo čuveni Julijin monolog sa balkona, sve ostalo preradio po svom, a na kraj dodao stihove iz Lenonove pesme Imagine. Sam kaže da je to jako smešna tragikomedija sa jako srećnim hepiendom. Premijerno je izvedena u Pozorištu Puž 1992. i tamo se igrala 33 godine.

U Teatru Odeon predstava je otvorila sezonu. Reditelj i autor adaptacije **Marko Jovičić**, ujedno i Romeo, priči je dodao smeh, nespretne situacije, muziku i ples, uz kostime epohe i glumce i plesače iz više zemalja.

Igraju Tamara Milojković / Anastasija Knežević (Julija), Marko Jovičić (Romeo), Ljiljana Stjepanović / Vesna Paštrović, Dimitrije Ilić, Stefan Milivojević, Marko Marković. Muzika Marko Marković, Hrvoje Ivović i Vladimir Racković, koreografija Katarina Ilijašević.

Trajanje: 2 sata i 30 minuta sa pauzom.

Cena: od 600 do 1900 dinara.

Organizator: Teatar Odeon.",17:00,600,Teatar Odeon,"Kraljice Natalije 45, Beograd","44.808247,20.462028",https://efinity.rs/event-details/julija_romeo_32390,efinity.rs,https://efinity.rs/event-details/julija_romeo_32390,Teatar Odeon,https://www.teatarodeon.rs/predstave/ijulijairimeo/,,,,,,"театр, Театр Одеон, мюзикл, комедия, Шекспир","theatre, Teatar Odeon, musical, comedy, Shakespeare","pozorište, Teatar Odeon, mjuzikl, komedija, Šekspir"
10/18/2026,10/18/2026,9/30/2026,1964,TheaterGroup,Teatar Odeon,https://www.teatarodeon.rs/,,ChildrensEvent,«Юлия и Ромео»: музыкальная комедия Бранко Кочкицы в Театре Одеон,Julija i Romeo: Branko Kockica’s musical comedy at Teatar Odeon,Julija i Romeo: muzička komedija Branka Kockice u Teatru Odeon,https://raw.githubusercontent.com/newsgl/arsposters/main/1964-JulijaIRomeoMuzickaKomedijaBranka.webp,,Kids,"Шекспир в пересказе Бранко Миличевича Кочкицы: смешная трагикомедия со счастливым концом, песнями и танцами. Режиссёр Марко Йовичич. Билеты от 600 до 1900 динаров.","Shakespeare retold by Branko Milićević Kockica as a funny tragicomedy with a happy ending, songs and dance. Directed by Marko Jovičić. Tickets 600 to 1900 dinars.","Šekspir po Branku Milićeviću Kockici: smešna tragikomedija sa srećnim krajem, pesmom i igrom. Režija Marko Jovičić. Karte od 600 do 1900 dinara.","Бранко Миличевич Кочкица оставил из Шекспира слово в слово только знаменитый монолог Джульетты на балконе, а всё до и после переписал по-своему и закончил строками из «Imagine» Джона Леннона. Сам автор называет пьесу очень смешной трагикомедией с очень счастливым концом. Впервые её сыграли в театре «Пуж» в 1992 году, и там она шла 33 года.

В Театре Одеон спектакль открыл сезон. Режиссёр и автор адаптации **Марко Йовичич** (он же играет Ромео) добавил в историю смех, неловкие ситуации, музыку и танцы, а костюмы сделаны в духе эпохи. На сцене актёры и танцоры из нескольких стран.

В ролях Тамара Милойкович / Анастасия Кнежевич (Джульетта), Марко Йовичич (Ромео), Лиляна Стьепанович / Весна Паштрович, Димитрие Илич, Стефан Миливоевич, Марко Маркович. Музыка Марко Марковича, Хрвое Ивовича и Владимира Рацковича, хореография Катарины Илияшевич.

Продолжительность: 2 часа 30 минут с антрактом.

Цена: от 600 до 1900 динаров.

Организатор: Театр Одеон.","Branko Milićević Kockica kept only one piece of Shakespeare word for word, Juliet’s famous balcony speech, rewrote everything around it and closed the play with lines from John Lennon’s Imagine. He calls it a very funny tragicomedy with a very happy ending. It premiered at Puž Theatre in 1992 and ran there for 33 years.

At Teatar Odeon the production opened the season. Director and adapter **Marko Jovičić**, who also plays Romeo, adds slapstick, music and dance, with period costumes and a cast of actors and dancers from several countries.

Cast: Tamara Milojković / Anastasija Knežević (Juliet), Marko Jovičić (Romeo), Ljiljana Stjepanović / Vesna Paštrović, Dimitrije Ilić, Stefan Milivojević, Marko Marković. Music by Marko Marković, Hrvoje Ivović and Vladimir Racković, choreography by Katarina Ilijašević.

Running time: 2 hours 30 minutes with an interval.

Price: 600 to 1900 dinars.

Organizer: Teatar Odeon.","Branko Milićević Kockica od Šekspira je doslovce zadržao samo čuveni Julijin monolog sa balkona, sve ostalo preradio po svom, a na kraj dodao stihove iz Lenonove pesme Imagine. Sam kaže da je to jako smešna tragikomedija sa jako srećnim hepiendom. Premijerno je izvedena u Pozorištu Puž 1992. i tamo se igrala 33 godine.

U Teatru Odeon predstava je otvorila sezonu. Reditelj i autor adaptacije **Marko Jovičić**, ujedno i Romeo, priči je dodao smeh, nespretne situacije, muziku i ples, uz kostime epohe i glumce i plesače iz više zemalja.

Igraju Tamara Milojković / Anastasija Knežević (Julija), Marko Jovičić (Romeo), Ljiljana Stjepanović / Vesna Paštrović, Dimitrije Ilić, Stefan Milivojević, Marko Marković. Muzika Marko Marković, Hrvoje Ivović i Vladimir Racković, koreografija Katarina Ilijašević.

Trajanje: 2 sata i 30 minuta sa pauzom.

Cena: od 600 do 1900 dinara.

Organizator: Teatar Odeon.",12:00,600,Teatar Odeon,"Kraljice Natalije 45, Beograd","44.808247,20.462028",https://efinity.rs/event-details/julija_romeo_32390,efinity.rs,https://efinity.rs/event-details/julija_romeo_32390,Teatar Odeon,https://www.teatarodeon.rs/predstave/ijulijairimeo/,,,,,,"театр, Театр Одеон, мюзикл, комедия, Шекспир","theatre, Teatar Odeon, musical, comedy, Shakespeare","pozorište, Teatar Odeon, mjuzikl, komedija, Šekspir"
10/17/2026,10/17/2026,9/30/2026,1965,TheaterGroup,Pozorište lutaka Pinokio,https://pinokio.rs/,,ChildrensEvent,Кукольный спектакль «Црвенкапа» в театре «Пинокио»,Crvenkapa: a puppet show at the Pinokio theatre,Lutkarska predstava Crvenkapa u pozorištu Pinokio,https://raw.githubusercontent.com/newsgl/arsposters/main/1965-LutkarskaPredstavaCrvenkapaUPozoristuPin.webp,,Kids,"Красная Шапочка в пересказе Игора Бойовича: историю ведут болтливые лесные птицы, и от их угла зрения сказка становится куда смешнее. Для детей от четырёх лет, сорок пять минут.","Little Red Riding Hood retold by Igor Bojovic: chatty forest birds narrate the story, and their angle makes the tale far funnier. For children aged four and up, forty five minutes.","Crvenkapa u adaptaciji Igora Bojovića: priču vode brbljive šumske ptice, a iz njihovog ugla bajka postaje mnogo smešnija. Za decu od četiri godine, četrdeset pet minuta.","Сюжет знают все: девочка идёт через лес к больной бабушке, а голодный волк строит свои планы. Адаптация Игора Бойовича добавляет к классике неожиданный ход.

Рассказчиками и режиссёрами сказки здесь становятся болтливые лесные птицы. Взгляд со стороны снимает с оригинала мрачность братьев Гримм: вместо угрозы получаются стихи и остроумные диалоги, а темы сводятся к дружбе, любви и смелости.

Режиссёр Предраг Стойменович, тотальный дизайн Ирины Сомборац, музыка Ненада Койича. На сцене Бранкица Себастиянович, Джордже Креча, Мария Пантин и Никола Ранджелович.

Цена: 600 динаров.

Язык: сербский.

Возраст: от четырёх лет. Продолжительность сорок пять минут.","Everyone knows the plot: a girl walks through the forest to her sick grandmother while a hungry wolf makes other plans. Igor Bojovic's adaptation adds an unexpected move to the classic.

Here the narrators and stage managers of the tale are chatty forest birds. Seeing it from the outside strips away the Brothers Grimm gloom: instead of menace there are verses and witty dialogue, and the themes come down to friendship, love and courage.

Directed by Predrag Stojmenovic, total design by Irina Somborac, music by Nenad Kojic. On stage are Brankica Sebastijanovic, Dorde Kreca, Marija Pantin and Nikola Randelovic.

Price: 600 dinars.

Language: Serbian.

Age: four and up. Running time forty five minutes.","Radnju svi znaju: devojčica ide kroz šumu bolesnoj baki, a gladan vuk ima druge planove. Adaptacija Igora Bojovića klasiku dopunjava neočekivanim potezom.

Naratori i reditelji bajke ovde su brbljive šumske ptice. Pogled sa strane skida sa originala mrak braće Grim: umesto pretnje dobijamo stihove i duhovite dijaloge, a teme se svode na prijateljstvo, ljubav i hrabrost.

Režija Predrag Stojmenović, total dizajn Irina Somborac, muzika Nenad Kojić. Na sceni su Brankica Sebastijanović, Đorđe Kreća, Marija Pantin i Nikola Ranđelović.

Cena: 600 dinara.

Jezik: srpski.

Uzrast: od četiri godine. Trajanje četrdeset pet minuta.",12:00,600,Pozorište lutaka Pinokio,"Bulevar maršala Tolbuhina 1, Novi Beograd","44.830127,20.411863",https://pinokio.rs/%D1%86%D1%80%D0%B2%D0%B5%D0%BD%D0%BA%D0%B0%D0%BF%D0%B0/,pinokio.rs,https://tickets.rs/event/crvenkapa_28595,Pozorište lutaka Pinokio,https://pinokio.rs/,,,4+,,,"кукольный театр, дети, сказка, Пинокио, Нови-Београд","puppet theatre, kids, fairy tale, Pinokio, Novi Beograd","lutkarsko pozorište, deca, bajka, Pinokio, Novi Beograd"
10/17/2026,10/17/2026,9/30/2026,1966,TheaterGroup,Pozorište lutaka Pinokio,https://pinokio.rs/,,ChildrensEvent,Спектакль «Чудо» по роману Р. Дж. Паласио в театре «Пинокио»,Čudo: R. J. Palacio's Wonder at the Pinokio theatre,Predstava Čudo po romanu R. Dž. Palasio u pozorištu Pinokio,https://raw.githubusercontent.com/newsgl/arsposters/main/1966-PredstavaCudoPoRomanuRDz.webp,,Kids,"Сценическая версия романа «Чудо» Р. Дж. Паласио: десятилетний Оги с необычной внешностью идёт в пятый класс. Куклы, актёры и видеопроекции. 17 октября в 17:00, от восьми лет, час, билет 600 динаров.","A stage version of R. J. Palacio's Wonder: ten-year-old Auggie, who looks different, starts fifth grade. Puppets, actors and video projections. 17 October at 17:00, from age eight, one hour, tickets 600 dinars.","Scenska verzija romana Čudo R. Dž. Palasio: desetogodišnji Ogi neobičnog izgleda kreće u peti razred. Lutke, glumci i video projekcije. 17. oktobra u 17.00, od osam godina, sat vremena, karta 600 dinara.","Десятилетний Оги идёт в пятый класс и сразу сталкивается с осуждением из-за своей необычной внешности. Спектакль прослеживает, как он выживает в школе, заводит новых друзей и проходит через взлёты и падения в собственной семье.

Основа постановки роман **Р. Дж. Паласио** «Чудо», известный многим по одноимённому фильму. С юмором и теплотой история приходит к мысли, что все мы разные и подружиться можно, только приняв эти различия.

Режиссёр **Эмилия Мрдакович**, драматизация Теодоры Маркович. Куклы, сценография, костюмы и видеопроекции придумал Олег Каторгин, музыка Алексея Мрдаковича. Оги играет Джордже Креча, также заняты Горан Попович, Зорана Милошакович-Тасич, Анита Бранкович, Никола Ранджелович и Желька Мандич.

Цена: 600 динаров.

Язык: сербский.

Возраст: от восьми лет. Продолжительность шестьдесят минут.

Организатор: Позориште лутака «Пинокио».","Ten-year-old Auggie starts fifth grade and immediately runs into judgement because of the way he looks. The show follows how he gets through school, finds new friends and deals with the ups and downs of his own family.

It is based on **R. J. Palacio**'s novel Wonder, which many know from the film of the same name. With humour and warmth it arrives at the idea that everyone is different and friendship comes from accepting those differences.

Directed by **Emilija Mrdakovic**, dramatised by Teodora Markovic. Puppets, set, costumes and video projections designed by Oleg Katorgin, music by Aleksej Mrdakovic. Dorde Kreca plays Auggie, with Goran Popovic, Zorana Milosakovic Tasic, Anita Brankovic, Nikola Randelovic and Zeljka Mandic.

Price: 600 dinars.

Language: Serbian.

Age: eight and up. Running time sixty minutes.

Organiser: Pinokio puppet theatre.","Desetogodišnji Ogi kreće u peti razred i odmah se suočava sa osudama okoline zbog svog neobičnog izgleda. Priča prati njegovu borbu za opstanak u školi i u novom krugu prijatelja, kao i uspone i padove u njegovoj porodici.

Predstava je nastala po romanu **R. Dž. Palasio** Čudo, koji mnogi znaju i po istoimenom filmu. Uz humor, dobrotu i ljubav, Ogi dokazuje da smo svi drugačiji i da tek prihvatanjem tih razlika možemo postati prijatelji.

Režija **Emilija Mrdaković**, dramatizacija Teodora Marković. Idejno rešenje scenografije, kostima, lutaka i video projekcija Oleg Katorgin, muzika Aleksej Mrdaković. Ogija igra Đorđe Kreća, a igraju i Goran Popović, Zorana Milošaković-Tasić, Anita Branković, Nikola Ranđelović i Željka Mandić.

Cena: 600 dinara.

Jezik: srpski.

Uzrast: od osam godina. Trajanje šezdeset minuta.

Organizator: Pozorište lutaka Pinokio.",17:00,600,Pozorište lutaka Pinokio,"Bulevar maršala Tolbuhina 1, Novi Beograd","44.830127,20.411863",https://pinokio.rs/%D1%87%D1%83%D0%B4%D0%BE/,pinokio.rs,https://tickets.rs/event/cuda_28596,Pozorište lutaka Pinokio,https://pinokio.rs/,,,8+,,,"театр, дети, Чудо, Пинокио, Нови-Београд","theatre, kids, Wonder, Pinokio, Novi Beograd","pozorište, deca, Čudo, Pinokio, Novi Beograd"
10/18/2026,10/18/2026,9/30/2026,1967,TheaterGroup,Pozorište lutaka Pinokio,https://pinokio.rs/,,ChildrensEvent,Кукольный спектакль «Тужни псић» в театре «Пинокио»,Tužni psić: a puppet show at the Pinokio theatre,Lutkarska predstava Tužni psić u pozorištu Pinokio,https://raw.githubusercontent.com/newsgl/arsposters/main/1967-LutkarskaPredstavaTuzniPsicUPozoristu.webp,,Kids,"Над щенком Тоби смеются другие собаки, и художник ведёт его в зоопарк за советом к животным. Короткий спектакль для самых маленьких, 18 октября в 12:00, от двух лет, 35 минут, билет 600 динаров.","The other dogs laugh at the puppy Toby, so a painter takes him to the zoo to ask the animals for advice. A short show for the youngest, 18 October at 12:00, from age two, 35 minutes, tickets 600 dinars.","Ostali psi ismevaju kuče Tobija, pa ga slikar vodi u zoološki vrt po savet od životinja. Kratka predstava za najmlađe, 18. oktobra u 12.00, od dve godine, 35 minuta, karta 600 dinara.","Щенок Тоби несчастен: другие собаки смеются над его тонким телом, кривыми лапами и большими ушами. Расстроенный, он приходит к художнику, который рисует животных, и тот предлагает сходить в зоопарк и спросить у зверей, как надо выглядеть, чтобы над тобой не смеялись.

Зоопарк на самом деле устраивает сам художник, оживляя свои картины. Советы животных Тоби в итоге отвергает: если собрать их все, он, по собственному признанию, стал бы похож на чудовище. Вывод они делают вместе с художником: каждый должен оставаться таким, какой он есть.

По мотивам рассказа Зденека Флориана. Режиссёр Живомир Йокович, песни Игора Бойовича, куклы и сценография Стевки Киувлиевой, композитор Радослав Граич. Играют Лиляна Живич и Зоран Тодорович. Спектакль открывал международный фестиваль «Позоришни вал» в Петровце (Черногория).

Цена: 600 динаров.

Язык: сербский.

Возраст: от двух до семи лет. Продолжительность тридцать пять минут.

Организатор: Позориште лутака «Пинокио».","Toby the puppy is unhappy: the other dogs laugh at his thin body, crooked legs and big ears. Feeling low, he goes to a painter who paints animals, and the painter suggests a trip to the zoo to ask the animals how he ought to look so nobody laughs at him.

The zoo is really run by the painter himself, who brings his pictures to life. In the end Toby rejects the animals' advice: taken all together, he admits, it would make him look like a monster. He and the painter reach the same conclusion: everyone should stay exactly as they are.

Based on a story by Zdenek Florian. Directed by Zivomir Jokovic, songs by Igor Bojovic, puppets and set by Stevka Kiuvlieva, music by Radoslav Graic. Performed by Ljiljana Zivic and Zoran Todorovic. The show opened the international festival Pozorisni val in Petrovac, Montenegro.

Price: 600 dinars.

Language: Serbian.

Age: two to seven. Running time thirty five minutes.

Organiser: Pinokio puppet theatre.","Mali psić Tobi je nesrećan jer ga ostali psi ismevaju zbog tankog tela, krivih nogu i velikih ušiju. Utučen dolazi do slikara koji slika i životinje, a on mu predlaže da ode u zoološki vrt i posavetuje se sa životinjama kako bi trebalo da izgleda.

Zoološki vrt, naravno, organizuje sam slikar i uz pomoć svojih slika odigrava sve susrete sa životinjama. Na kraju Tobi ipak želi da ostane kakav jeste, jer bi po savetima, kako sam priznaje, ličio na čudovište. Zaključak je zajednički: svako treba da bude baš onakav kakav zaista jeste.

Po motivima priče Zdenjeka Florijana. Režija Živomir Joković, songovi Igor Bojović, scenografija i lutke Stevka Kiuvlieva, kompozitor Radoslav Graić. Igraju Ljiljana Živić i Zoran Todorović. Predstava je otvorila Međunarodni festival Pozorišni val u Petrovcu.

Cena: 600 dinara.

Jezik: srpski.

Uzrast: od dve do sedam godina. Trajanje trideset pet minuta.

Organizator: Pozorište lutaka Pinokio.",12:00,600,Pozorište lutaka Pinokio,"Bulevar maršala Tolbuhina 1, Novi Beograd","44.830127,20.411863",https://pinokio.rs/%D1%82%D1%83%D0%B6%D0%BD%D0%B8-%D0%BF%D1%81%D0%B8%D1%9B/,pinokio.rs,https://tickets.rs/event/tuzni_psic_28597,Pozorište lutaka Pinokio,https://pinokio.rs/,,,2+,,,"кукольный театр, дети, для малышей, Пинокио, Нови-Београд","puppet theatre, kids, toddlers, Pinokio, Novi Beograd","lutkarsko pozorište, deca, za najmlađe, Pinokio, Novi Beograd"
10/18/2026,10/18/2026,9/30/2026,1968,TheaterGroup,Pozorište lutaka Pinokio,https://pinokio.rs/,,ChildrensEvent,Кукольный спектакль «Три прасета» в театре «Пинокио»,Tri praseta: a puppet show at the Pinokio theatre,Lutkarska predstava Tri praseta u pozorištu Pinokio,https://raw.githubusercontent.com/newsgl/arsposters/main/1968-LutkarskaPredstavaTriPrasetaUPozoristu.webp,,Kids,"Три поросёнка и злой волк, который в итоге остаётся ни с чем. Спектакль соединяет живой актёрский план с куклами и держится на сценических эффектах. От двух лет.",Three little pigs and a wolf who ends up with nothing. The show combines live acting with puppetry and leans on stage effects. From age two.,Tri praseta i zli vuk koji na kraju biva nasamaren. Predstava spaja glumačku igru sa lutkama i drži se na scenskim efektima. Od dve godine.,"Историю про трёх поросят знает каждый: три домика, один волк и вопрос, чья стройка выдержит. Здесь её рассказывают в постановке Борислава Мркшича, где актёрская игра идёт вперемешку с кукольной.

Спектакль держится не на тексте, а на сценических эффектах: домики рушатся, волк дует, зал реагирует. Куклы и сценография Бориса Чершкова, музыка Душана Митровича.

В финале выясняется простая вещь, ради которой всё и затевалось: немного дополнительных усилий в работе окупаются и иногда просто спасают жизнь.

Играют Драгана Васич, Зоран Тодорович, Лиляна Живич, Борко Сарич и Горан Попович.

Цена: 600 динаров.

Язык: сербский.

Возраст: от двух до семи лет. Продолжительность сорок пять минут.","Everyone knows the three little pigs: three houses, one wolf and the question of whose building holds. Here it is staged by Borislav Mrksic, with live acting mixed into the puppet work.

The show rests on stage effects rather than text: houses collapse, the wolf blows, the room reacts. Puppets and set by Boris Cerskov, music by Dusan Mitrovic.

The ending makes the simple point the whole thing is built around: a little extra effort put into a job pays off, and sometimes it saves you.

The cast is Dragana Vasic, Zoran Todorovic, Ljiljana Zivic, Borko Saric and Goran Popovic.

Price: 600 dinars.

Language: Serbian.

Age: two to seven. Running time forty five minutes.","Priču o tri praseta zna svako: tri kućice, jedan vuk i pitanje čija gradnja izdrži. Ovde je postavlja Borislav Mrkšić, uz kombinaciju glumačke igre i igre sa lutkama.

Predstava se drži na scenskim efektima, a ne na tekstu: kućice se ruše, vuk duva, publika reaguje. Lutke i scenografija Boris Čerškov, muzika Dušan Mitrović.

Na kraju se izvodi jednostavna pouka zbog koje je sve i započeto: malo dodatnog truda uloženog u posao može doneti mnogo, a ponekad i sačuvati život.

Igraju Dragana Vasić, Zoran Todorović, Ljiljana Živić, Borko Sarić i Goran Popović.

Cena: 600 dinara.

Jezik: srpski.

Uzrast: od dve do sedam godina. Trajanje četrdeset pet minuta.",17:00,600,Pozorište lutaka Pinokio,"Bulevar maršala Tolbuhina 1, Novi Beograd","44.830127,20.411863",https://pinokio.rs/%D1%82%D1%80%D0%B8-%D0%BF%D1%80%D0%B0%D1%81%D0%B5%D1%82%D0%B0/,pinokio.rs,https://tickets.rs/event/tri_praseta_28598,Pozorište lutaka Pinokio,https://pinokio.rs/,,,2-7,,,"кукольный театр, дети, сказка, Пинокио, Нови-Београд","puppet theatre, kids, fairy tale, Pinokio, Novi Beograd","lutkarsko pozorište, deca, bajka, Pinokio, Novi Beograd"
10/19/2026,10/19/2026,9/30/2026,1969,TheaterGroup,Narodno pozorište u Beogradu,https://www.narodnopozoriste.rs/,,TheaterEvent,«Мастер и Маргарита»: Булгаков в постановке Андраша Урбана в Народном театре,The Master and Margarita: Bulgakov staged by Andraš Urban at the National Theatre,Majstor i Margarita: Bulgakov u režiji Andraša Urbana u Narodnom pozorištu,https://raw.githubusercontent.com/newsgl/arsposters/main/1969-MajstorIMargaritaBulgakovUReziji.webp,,Theatre,"Роман Михаила Булгакова в инсценировке Каты Джармати и постановке Андраша Урбана, Маргарита: Нада Шаргин, Воланд: Павле Еринич. 19 октября, 19:30, Большая сцена, билеты от 300 до 2800 динаров.","Mikhail Bulgakov’s novel adapted by Kata Đarmati and directed by Andraš Urban, with Nada Šargin as Margarita and Pavle Jerinić as Woland. 19 October, 19:30, main stage, tickets 300 to 2800 dinars.","Bulgakovljev roman u dramatizaciji Kate Đarmati i režiji Andraša Urbana, Margarita je Nada Šargin, Voland Pavle Jerinić. 19. oktobar, 19.30, Velika scena, ulaznice od 300 do 2800 dinara.","Народный театр ставит «Мастера и Маргариту» второй раз в истории. Первую версию сделал кинорежиссёр Александр Саша Петрович в 1982 году, нынешняя вышла в ноябре 2024-го.

**Андраш Урбан** поставил роман как спектакль о человеке, который сам себя продал, и о любви как единственном способе сопротивляться. В его версии мало утешения: «Рукописи горят. Счастливого конца нет», пишет он в экспликации. Урбан же придумал сценографию, а композитор **Ирена Попович** сама играет в спектакле на рояле.

Распределение ролей необычное: кота Бегемота играет актриса Юлия Петкович, Понтия Пилата играет Ваня Эйдус. Воланд: Павле Еринич, Азазелло: Боян Кривокапич, Гелла: Ваня Милачич, Мастер и Иешуа: Александар Вучкович, Маргарита: **Нада Шаргин**, Иван Бездомный и Левий Матвей: Драган Секулич, Берлиоз и Каифа: Недим Незирович.

Спектакль идёт 1 час 50 минут.

Билеты от 300 до 2800 динаров.","This is only the second time the National Theatre has staged The Master and Margarita. The first version was made by film director Aleksandar Saša Petrović in 1982; the current one opened in November 2024.

**Andraš Urban** reads the novel as a story about people who have sold themselves, with love as the only form of defiance. He offers little comfort: “Manuscripts burn. There is no happy ending,” he writes in his director’s note. Urban also designed the set, and composer **Irena Popović** plays the piano live.

The casting is unusual: the cat Behemoth is played by actress Julija Petković, and Pontius Pilate by Vanja Ejdus. Pavle Jerinić is Woland, Bojan Krivokapić Azazello, Vanja Milačić Hella, Aleksandar Vučković the Master and Yeshua, **Nada Šargin** Margarita, Dragan Sekulić Ivan Bezdomny and Levi Matvei, and Nedim Nezirović Berlioz and Caiaphas.

Running time: 1 hour 50 minutes.

Tickets from 300 to 2800 dinars.","Ovo je tek druga postavka Majstora i Margarite u Narodnom pozorištu. Prvu je 1982. uradio Aleksandar Saša Petrović, a aktuelna je premijerno izvedena u novembru 2024.

**Andraš Urban** roman čita kao priču o čoveku koji je prodao samog sebe i o ljubavi kao jedinom obliku prkosa. Utehe tu nema mnogo: „Rukopisi gore. Nema srećnog kraja“, piše u reči reditelja. Urban potpisuje i scenografiju, a kompozitorka **Irena Popović** sama svira klavir u predstavi.

Podela je neobična: mačka Behemota igra Julija Petković, a Pontija Pilata Vanja Ejdus. Voland je Pavle Jerinić, Azazelo Bojan Krivokapić, Hela Vanja Milačić, Majstor i Ješua Aleksandar Vučković, Margarita **Nada Šargin**, Ivan Bezdomni i Levi Matej Dragan Sekulić, a Berlioz i Kaifa Nedim Nezirović.

Predstava traje 1 sat i 50 minuta.

Ulaznice od 300 do 2800 dinara.",19:30,300,Narodno pozorište u Beogradu,"Francuska 3, 11000 Beograd","44.817006,20.461005",https://repertoar.rs/predstave/majstor-i-margarita/,repertoar.rs,https://www.narodnopozoriste.rs/lat/ulaznice/odabir-ulaznica?p=6407,Narodno pozorište u Beogradu,https://www.narodnopozoriste.rs/,,,,,,"театр, драма, Булгаков, Народный театр, Андраш Урбан","theatre, drama, Bulgakov, National Theatre, Andraš Urban","pozorište, drama, Bulgakov, Narodno pozorište, Andraš Urban"
10/20/2026,10/20/2026,9/30/2026,1971,TheaterGroup,Zvezdara teatar,https://zvezdarateatar.rs/,,TheaterEvent,«Клаустрофобическая комедия» Душана Ковачевича в Звездара театре,Klaustrofobična komedija: Dušan Kovačević’s comedy at Zvezdara Teatar,Klaustrofobična komedija Dušana Kovačevića u Zvezdara teatru,https://raw.githubusercontent.com/newsgl/arsposters/main/1971-KlaustrofobicnaKomedijaDusanaKovacevicaU.webp,,Theatre,"Культовая пьеса Душана Ковачевича о трубочисте Саве, который тоскует по свободе и чистому воздуху. Саву играет Любомир Бандович, ставил Дарко Байич. 20 октября, 19:30, сцена «Бата Стойкович», билеты 1500-2200 динаров.","Dušan Kovačević’s cult play about Sava the chimney sweep, who longs for freedom and clean air. Ljubomir Bandović plays Sava, Darko Bajić directs. 20 October, 19:30, Bata Stojković stage, tickets 1500-2200 dinars.","Kultni komad Dušana Kovačevića o dimničaru Savi koji žali za slobodom i čistim vazduhom. Savu igra Ljubomir Bandović, režija Darko Bajić. 20. oktobar u 19.30, scena „Bata Stojković“, karte 1500-2200 dinara.","«Человек обычно не знает, когда он что-то или кого-то полюбил». Эту пьесу Душан Ковачевич написал в 1987 году, и Звездара театр, которым он руководит, играет её до сих пор.

Главный герой, трубочист **Сава**, влюблён в жизнь, до которой ему не дотянуться. Добрый человек из вымирающей породы, немного меланхоличный, он хочет сделать мир хоть чуть-чуть лучше. Тоска по свободе и чистому воздуху здесь и буквальная, и переносная, а каждая реплика смешна и при этом узнаваема до неловкости.

Саву играет **Любомир Бандович**, за эту роль получивший отличные рецензии. Также заняты Марко Янкетич, Невена Вукес / Аня Павичевич, Зоран Цвиянович, Стефан Трифунович, Славко Штимац и другие. Режиссёр Дарко Байич.

Продолжительность: 120 минут.

Цена: 1500, 1800 и 2200 динаров.","“A person usually doesn’t know when they came to love something or someone.” Dušan Kovačević wrote the play in 1987, and Zvezdara Teatar, which he heads, still keeps it in the repertoire.

The hero, chimney sweep **Sava**, is in love with a life he can’t reach. A good man of a dying breed, a little melancholic, he wants to make the world slightly better. The longing for freedom and clean air is both literal and metaphorical, and the dialogue is funny, realistic and sharply sarcastic.

**Ljubomir Bandović** plays Sava in a role that earned him excellent reviews, alongside Marko Janketić, Nevena Vukes / Anja Pavićević, Zoran Cvijanović, Stefan Trifunović, Slavko Štimac and others. Directed by Darko Bajić.

Running time: 120 minutes.

Price: 1500, 1800 and 2200 dinars.","„Čovek obično ne zna kada nešto ili nekoga zavoli.“ Dušan Kovačević napisao je ovaj komad 1987. i Zvezdara teatar ga i danas igra.

Glavni junak, dimničar **Sava**, zaljubljen je u život koji mu je nedostupan. Dobar čovek, primerak umiruće vrste, pomalo setan, hoće da ovaj svet makar malo učini boljim. Žal za slobodom i čistim vazduhom ovde je i bukvalan i metaforičan, a svaka replika je smešna, realna i prilično sarkastična.

Savu igra **Ljubomir Bandović**, koji je za ovu ulogu dobio sjajne kritike, a uz njega Marko Janketić, Nevena Vukes / Anja Pavićević, Zoran Cvijanović, Stefan Trifunović, Slavko Štimac i drugi. Režija Darko Bajić.

Trajanje: 120 minuta.

Cena: 1500, 1800 i 2200 dinara.",19:30,1500,Zvezdara teatar,"Milana Rakića 38, 11050 Beograd","44.797660,20.497652",https://repertoar.rs/predstave/klaustrofobicna-komedija/,repertoar.rs,https://bilet.zvezdarateatar.rs/scena.php?prostorterminid=2633,Zvezdara teatar,https://zvezdarateatar.rs/,,,,,,"театр, Звездара театр, Душан Ковачевич, комедия, Любомир Бандович","theatre, Zvezdara Teatar, Dušan Kovačević, comedy, Ljubomir Bandović","pozorište, Zvezdara teatar, Dušan Kovačević, komedija, Ljubomir Bandović"
10/20/2026,10/20/2026,9/30/2026,1972,TheaterGroup,Narodno pozorište u Beogradu,https://www.narodnopozoriste.rs/,,TheaterEvent,«Война и мир»: Толстой в постановке Бориса Лиешевича в Народном театре,War and Peace: Tolstoy staged by Boris Liješević at the National Theatre,Rat i mir: Tolstoj u režiji Borisa Liješevića u Narodnom pozorištu,https://raw.githubusercontent.com/newsgl/arsposters/main/1972-RatIMirTolstojUReziji.webp,,Theatre,"Роман Льва Толстого в инсценировке Федора Шили и постановке Бориса Лиешевича, три часа с антрактом. 20 октября, 19:30, Большая сцена, билеты от 300 до 2800 динаров.","Leo Tolstoy’s novel adapted by Fedor Šili and directed by Boris Liješević, three hours with an interval. 20 October, 19:30, main stage, tickets 300 to 2800 dinars.","Tolstojev roman u dramatizaciji Fedora Šilija i režiji Borisa Liješevića, tri sata sa pauzom. 20. oktobar, 19.30, Velika scena, ulaznice od 300 do 2800 dinara.","Ромен Роллан писал, что у «Войны и мира», как у жизни, нет ни начала, ни конца. Роман открывается салоном Анны Павловны Шерер, где петербургская знать обсуждает Наполеона, сватовство и наряды, и не объясняет, кто здесь главный. Инсценировка **Федора Шили** сохраняет это ощущение потока.

Режиссёр **Борис Лиешевич** собирает историю вокруг трёх судеб: Пьера Безухова, князя Андрея Болконского и Наташи Ростовой. Россия эпохи наполеоновских войн показана через светские салоны, семейные дома и войну, которая вторгается в них. Спектакль вышел на Большой сцене в мае 2022 года.

Пьер: **Хаджи Ненад Маричич**, Андрей: Данило Лончаревич, Наташа: Теодора Драгичевич, старый князь Болконский: Миодраг Кривокапич, княжна Марья: Златия Оцокольич Иванович, граф и графиня Ростовы: Душан Матеич и Бояна Стефанович, князь Курагин: Слободан Бештич, Элен: Калина Ковачевич, Анатоль: Петар Стругар. Музыка Стефана Чирича.

Спектакль идёт 3 часа с одним антрактом.

Билеты от 300 до 2800 динаров.","Romain Rolland wrote that War and Peace, like life itself, has no beginning and no end. The novel opens in Anna Pavlovna Scherer’s salon, where St Petersburg society discusses Napoleon, marriages and dresses without telling us who matters. **Fedor Šili**’s adaptation keeps that sense of flow.

Director **Boris Liješević** builds the story around three lives: Pierre Bezukhov, Prince Andrei Bolkonsky and Natasha Rostova. Russia in the Napoleonic era is shown through salons, family homes and the war that breaks into them. The production opened on the main stage in May 2022.

**Hadži Nenad Maričić** plays Pierre, Danilo Lončarević Andrei, Teodora Dragićević Natasha, Miodrag Krivokapić the old Prince Bolkonsky, Zlatija Ocokoljić Ivanović Princess Marya, Dušan Matejić and Bojana Stefanović Count and Countess Rostov, Slobodan Beštić Prince Kuragin, Kalina Kovačević Hélène and Petar Strugar Anatole. Music by Stefan Ćirić.

Running time: 3 hours with one interval.

Tickets from 300 to 2800 dinars.","Romen Rolan je pisao da Rat i mir, kao i život, nema ni početak ni kraj. Roman počinje u salonu Ane Pavlovne Šerer, gde petrogradsko plemstvo raspravlja o Napoleonu, brakovima i toaletama, bez ikakvog uvoda o tome ko je ovde glavni. Dramatizacija **Fedora Šilija** čuva taj osećaj toka.

Reditelj **Boris Liješević** priču gradi oko tri sudbine: Pjera Bezuhova, kneza Andreja Bolkonskog i Nataše Rostove. Rusija u vreme Napoleonovih ratova prikazana je kroz salone, porodične kuće i rat koji u njih upada. Premijera na Velikoj sceni bila je u maju 2022.

Pjera igra **Hadži Nenad Maričić**, Andreja Danilo Lončarević, Natašu Teodora Dragićević, starog kneza Bolkonskog Miodrag Krivokapić, kneginjicu Mariju Zlatija Ocokoljić Ivanović, grofa i groficu Rostov Dušan Matejić i Bojana Stefanović, kneza Kuragina Slobodan Beštić, Elen Kalina Kovačević, a Anatola Petar Strugar. Muzika Stefana Ćirića.

Predstava traje 3 sata, sa jednom pauzom.

Ulaznice od 300 do 2800 dinara.",19:30,300,Narodno pozorište u Beogradu,"Francuska 3, 11000 Beograd","44.817006,20.461005",https://repertoar.rs/predstave/rat-i-mir/,repertoar.rs,https://www.narodnopozoriste.rs/lat/ulaznice/odabir-ulaznica?p=6408,Narodno pozorište u Beogradu,https://www.narodnopozoriste.rs/,,,,,,"театр, драма, Толстой, Народный театр, Борис Лиешевич","theatre, drama, Tolstoy, National Theatre, Boris Liješević","pozorište, drama, Tolstoj, Narodno pozorište, Boris Liješević"
10/20/2026,10/20/2026,9/30/2026,1973,PerformingGroup,Dom Jevrema Grujića,https://repertoar.rs/predstave/dve-zene-i-jedan-rat/,,TheaterEvent,«Две женщины и одна война»: камерный спектакль в Доме Еврема Груича,Dve žene i jedan rat: chamber play at the House of Jevrem Grujić,Dve žene i jedan rat: intimna predstava u Domu Jevrema Grujića,https://raw.githubusercontent.com/newsgl/arsposters/main/1973-DveZeneIJedanRatIntimna.webp,,Theatre,"Спектакль о Елене Лозанич и Мейбл Груич, двух женщинах, много сделавших для Сербии в Первую мировую. Играют Мария Бергам и Вьера Муйович, зрителей всего 35. 20 октября, 20:00, билет 2400 динаров.","A play about Jelena Lozanić and Mabel Grujić, two women who did much for Serbia in the First World War. Marija Bergam and Vjera Mujović star, for an audience of just 35. 20 October, 20:00, ticket 2400 dinars.","Predstava o Jeleni Lozanić i Mabel Grujić, dvema ženama koje su mnogo učinile za Srbiju u Velikom ratu. Igraju Marija Bergam i Vjera Mujović, za svega 35 gledalaca. 20. oktobar u 20.00, karta 2400 dinara.","Мейбл Груич, жену сербского дипломата Славко Груича, называли сербской Жанной д’Арк. Елена Лозанич основывала приюты для детей войны, спасла жизни многих сирот и ухаживала за ранеными. Обе в годы Первой мировой сделали для Сербии очень много, а сегодня о них мало кто помнит.

Именно им Дом Еврема Груича посвятил камерный спектакль. Он идёт в салоне исторического дома на Светогорской, и зрителей помещается всего **35**, так что расстояние между сценой и залом почти исчезает.

Текст Елены Кайго, режиссёр Алек Цонич. Играют **Мария Бергам** и **Вьера Муйович**, в отдельных сценах к ним присоединяется Петар Арсич.

Цена: 2400 динаров.","Mabel Grujić, wife of Serbian diplomat Slavko Grujić, was called the Serbian Joan of Arc. Jelena Lozanić founded homes for war children, saved many orphans and nursed the wounded. Both did a great deal for Serbia during the First World War, and both are little known today.

The House of Jevrem Grujić dedicates a chamber play to them. It takes place in the salon of the historic house on Svetogorska street, with room for only **35** spectators.

Written by Jelena Kajgo and directed by Alek Conić. **Marija Bergam** and **Vjera Mujović** play the leads, joined in some scenes by Petar Arsić.

Price: 2400 dinars.","Mabel Grujić, suprugu srpskog diplomate Slavka Grujića, zvali su srpskom Jovankom Orleankom. Jelena Lozanić osnivala je domove za ratnu decu, spasla živote mnogih siročića i pomagala u nezi ranjenika. Obe su u Velikom ratu mnogo učinile za srpski narod, a danas se o njima malo zna.

Dom Jevrema Grujića njima posvećuje intimnu predstavu. Igra se u salonu ove istorijske kuće u Svetogorskoj, za svega **35** gledalaca.

Tekst Jelena Kajgo, režija Alek Conić. Igraju **Marija Bergam** i **Vjera Mujović**, a u pojedinim scenama pridružuje im se Petar Arsić.

Cena: 2400 dinara.",20:00,2400,Dom Jevrema Grujića,"Svetogorska 17, 11000 Beograd","44.814255,20.467766",https://repertoar.rs/predstave/dve-zene-i-jedan-rat/,repertoar.rs,https://tickets.rs/event/dve_zene_i_jedan_rat_28674,Dom Jevrema Grujića,https://repertoar.rs/predstave/dve-zene-i-jedan-rat/,,,,,,"театр, Дом Еврема Груича, Первая мировая война, камерный спектакль, история","theatre, House of Jevrem Grujić, First World War, chamber play, history","pozorište, Dom Jevrema Grujića, Veliki rat, intimna predstava, istorija"
10/20/2026,10/20/2026,9/30/2026,1974,TheaterGroup,Narodno pozorište u Beogradu,https://www.narodnopozoriste.rs/,,TheaterEvent,«Централа за юмор»: трагикомедия о двух актёрах оккупированного Белграда в Народном театре,Centrala za humor: a tragicomedy about two actors in occupied Belgrade at the National Theatre,Centrala za humor: tragikomedija o dvojici glumaca okupiranog Beograda u Narodnom pozorištu,https://raw.githubusercontent.com/newsgl/arsposters/main/1974-CentralaZaHumorTragikomedijaODvojici.webp,,Theatre,"Пьеса Джордже Косича в постановке Оли Джорджевич: реальная история актёров Йована Танича и Аци Цветковича, которые в 1942 году играли в комическом театре «Централа за юмор». 20 октября 2026, 20:30, сцена «Раша Плаович». Билеты от 300 до 2200 динаров.","Đorđe Kosić’s play, directed by Olja Đorđević, tells the true story of actors Jovan Tanić and Aca Cvetković, who joined the comic theatre Centrala za humor in 1942. 20 October 2026, 20:30, Raša Plaović stage. Tickets 300 to 2200 dinars.","Drama Đorđa Kosića u režiji Olje Đorđević: istinita priča o glumcima Jovanu Taniću i Aci Cvetkoviću, koji su 1942. zaigrali u komičnom pozorištu „Centrala za humor“. 20. oktobar 2026, 20.30, scena „Raša Plaović“. Ulaznice od 300 do 2200 dinara.","Можно ли смешить публику, когда вокруг война? Этот вопрос в 1942 году встал перед двумя любимцами белградской сцены, **Йованом Таничем** и **Александром Ацей Цветковичем**. До войны оба блистали в Народном театре и в Нушиче, и в Шекспире.

Когда Белград оказался под оккупацией, они остались на сцене и перешли в комический театр «Централа за юмор». Только с апреля по август того года его спектакли посмотрели 150 000 человек. В ноябре 1944-го обоих расстреляли без суда по обвинению в сотрудничестве с оккупантами.

Пьеса Джордже Косича построена на документах и на воспоминаниях героев, поэтому смешное и страшное в ней идут вперемешку. Рядом с Таничем и Цветковичем на сцене их коллеги Жанка Стокич, Любинка Бобич, Мирко Милисавлевич и Никола Попович.

Режиссёр Оля Джорджевич. Играют Радован Вуйович, Милош Джорджевич, Йован Йованович, Ваня Милачич, Павле Еринич и Сузана Лукич. Премьера прошла в марте 2025 года, спектакль идёт 1 час 40 минут.

Билеты от 300 (стоячие) до 2200 динаров.","Is it right to make people laugh while a war is going on? In 1942 that question faced two favourites of the Belgrade stage, **Jovan Tanić** and **Aleksandar Aca Cvetković**, both celebrated at the National Theatre in Nušić and Shakespeare alike.

After Belgrade was occupied, they stayed on stage and joined the comic theatre Centrala za humor. Between April and August that year alone, 150,000 people came to its shows. In November 1944 both actors were shot without trial, accused of collaborating with the occupiers.

Đorđe Kosić built the play on archival research and on the characters’ memories, so comedy and dread sit side by side. Their colleagues Žanka Stokić, Ljubinka Bobić, Mirko Milisavljević and Nikola Popović appear as well.

Directed by Olja Đorđević, with Radovan Vujović, Miloš Đorđević, Jovan Jovanović, Vanja Milačić, Pavle Jerinić and Suzana Lukić. Premiered in March 2025; running time 1 hour 40 minutes.

Tickets from 300 dinars (standing) to 2200 dinars.","Da li je u redu zasmejavati ljude dok traje rat? To pitanje se 1942. postavilo pred dvojicu ljubimaca beogradske publike, **Jovana Tanića** i **Aleksandra Acu Cvetkovića**, koji su pre rata u Narodnom pozorištu igrali i Nušića i Šekspira.

Kada je Beograd pao pod okupaciju, ostali su na sceni i prešli u komično pozorište „Centrala za humor“. Samo od aprila do avgusta te godine kroz njega je prošlo 150.000 gledalaca. U novembru 1944. obojica su streljani bez suđenja, pod optužbom za saradnju sa okupatorom.

Đorđe Kosić je komad gradio na dokumentaciji i na sećanjima junaka, pa se smeh i jeza stalno smenjuju. Na sceni su i njihove kolege Žanka Stokić, Ljubinka Bobić, Mirko Milisavljević i Nikola Popović.

Režija Olja Đorđević. Igraju Radovan Vujović, Miloš Đorđević, Jovan Jovanović, Vanja Milačić, Pavle Jerinić i Suzana Lukić. Premijera je bila u martu 2025, predstava traje 1 sat i 40 minuta.

Ulaznice od 300 (stajanje) do 2200 dinara.",20:30,300,Narodno pozorište u Beogradu,"Francuska 3, 11000 Beograd","44.817006,20.461005",https://repertoar.rs/predstave/centrala-za-humor/,repertoar.rs,https://www.narodnopozoriste.rs/lat/ulaznice/odabir-ulaznica?p=6423,Narodno pozorište u Beogradu,https://www.narodnopozoriste.rs/,,,,,,"театр, драма, история Белграда, Вторая мировая война, Народный театр","theatre, drama, Belgrade history, World War II, National Theatre","pozorište, drama, istorija Beograda, Drugi svetski rat, Narodno pozorište"
10/21/2026,10/22/2026,9/30/2026,1975,TheaterGroup,Narodno pozorište u Beogradu,https://www.narodnopozoriste.rs/,,TheaterEvent,«Балканский шпион» Душана Ковачевича в Народном театре,Balkan Spy by Dušan Kovačević at the National Theatre,Balkanski špijun Dušana Kovačevića u Narodnom pozorištu,https://raw.githubusercontent.com/newsgl/arsposters/main/1975-BalkanskiSpijunDusanaKovacevicaUNarodnom.webp,,Theatre,"Трагикомедия Душана Ковачевича о человеке, который заподозрил в своём квартиранте иностранного шпиона. Постановка Татьяны Мандич Ригонат, Илию Чворовича играет Любомир Бандович. 21 и 22 октября 2026, 20:30, сцена «Раша Плаович». Билеты от 300 до 2200 динаров.","Dušan Kovačević’s tragicomedy about a man convinced his lodger is a foreign spy. Directed by Tatjana Mandić Rigonat, with Ljubomir Bandović as Ilija Čvorović. 21 and 22 October 2026, 20:30, Raša Plaović stage. Tickets 300 to 2200 dinars.","Tragikomedija Dušana Kovačevića o čoveku koji je uveren da mu je podstanar strani špijun. Režija Tatjana Mandić Rigonat, Iliju Čvorovića igra Ljubomir Bandović. 21. i 22. oktobar 2026, 20.30, scena „Raša Plaović“. Ulaznice od 300 do 2200 dinara.","Илия Чворович когда-то боготворил Сталина и отсидел за это два года. Теперь он строит в кредит дом на окраине Белграда и по совету жены сдаёт комнату. Квартирант только что вернулся из Парижа, и Илия быстро убеждается, что под его крышей живёт **агент империализма**.

Душан Ковачевич написал пьесу в 1983 году, через год вышел одноимённый фильм. Критик Йован Христич сравнивал её с Нушичем: начинается как комедия, продолжается гротеском и заканчивается кафкианским кошмаром.

В постановке **Татьяны Мандич Ригонат** играют Любомир Бандович (Илия), Нела Михаилович (Даница), Душанка Стоянович Глид (сестра-близнец Илии Джура), Катарина Маркович (Соня), Милутин Милошевич (квартирант) и Ваня Милачич. На сцене живой квартет: кларнет, гитара, аккордеон и барабаны, а в спектакль вмонтированы киноэпизоды.

Премьера состоялась в 2018 году, спектакль идёт 2 часа без антракта.

Билеты от 300 (стоячие) до 2200 динаров.","Ilija Čvorović once worshipped Stalin and spent two years in prison for it. Now he is building a house on credit on the edge of Belgrade and, at his wife’s urging, takes in a lodger. The lodger has just come back from Paris, and Ilija soon decides he is sheltering an **imperialist agent**.

Dušan Kovačević wrote the play in 1983, and the film version followed a year later. Critic Jovan Hristić compared it to Nušić: it opens as comedy, turns grotesque and ends as a Kafkaesque nightmare.

**Tatjana Mandić Rigonat** directs Ljubomir Bandović (Ilija), Nela Mihailović (Danica), Dušanka Stojanović Glid (Đura, Ilija’s twin sister), Katarina Marković (Sonja), Milutin Milošević (the lodger) and Vanja Milačić. A live quartet of clarinet, guitar, accordion and drums plays on stage, and filmed sequences are woven into the show.

Premiered in 2018; running time 2 hours, no interval.

Tickets from 300 dinars (standing) to 2200 dinars.","Ilija Čvorović je nekad obožavao Staljina i zbog toga odležao dve godine. Sada na kredit zida kuću na periferiji Beograda i, na nagovor žene, uzima podstanara. Podstanar se upravo vratio iz Pariza, a Ilija ubrzo zaključuje da mu pod krovom živi **agent imperijalizma**.

Dušan Kovačević je komad napisao 1983, a godinu dana kasnije snimljen je i film. Jovan Hristić ga je poredio sa Nušićem: počinje kao komedija, nastavlja se kao groteska i završava kao kafkijanski košmar.

U režiji **Tatjane Mandić Rigonat** igraju Ljubomir Bandović (Ilija), Nela Mihailović (Danica), Dušanka Stojanović Glid (Đura, Ilijina sestra bliznakinja), Katarina Marković (Sonja), Milutin Milošević (podstanar) i Vanja Milačić. Na sceni svira kvartet uživo, klarinet, gitara, harmonika i bubanj, a u predstavu su utkani filmski inserti.

Premijera je bila 2018, predstava traje 2 sata bez pauze.

Ulaznice od 300 (stajanje) do 2200 dinara.",20:30,300,Narodno pozorište u Beogradu,"Francuska 3, 11000 Beograd","44.817006,20.461005",https://repertoar.rs/predstave/balkanski-spijun/,repertoar.rs,https://www.narodnopozoriste.rs/lat/ulaznice/odabir-ulaznica?p=6424,Narodno pozorište u Beogradu,https://www.narodnopozoriste.rs/,,,,,,"театр, трагикомедия, Душан Ковачевич, сербская классика, Народный театр","theatre, tragicomedy, Dušan Kovačević, Serbian classics, National Theatre","pozorište, tragikomedija, Dušan Kovačević, srpska klasika, Narodno pozorište"
10/22/2026,10/23/2026,9/30/2026,1976,PerformingGroup,PTSD x KZA,https://cooltix.rs/event/6ab39bdf753eeb828b202954,,MusicEvent,PTSD x KZA: концерт и выпуск лимитированной коллекции худи в KST,PTSD x KZA: live show and limited hoodie drop at KST,PTSD x KZA: nastup i promocija limitirane kolekcije dukseva u KST-u,https://raw.githubusercontent.com/newsgl/arsposters/main/1976-PTSDXKZANastupIPromocija.webp,,Concerts,"Совместный вечер PTSD и KZA в Клубе студентов техники: выступление и презентация ограниченной серии худи. 22 октября с 22:00 до 02:00, билет 1400 динаров.","PTSD and KZA team up at the Technical Students’ Club: a live set plus the launch of a limited hoodie series. October 22, 22:00 to 02:00, tickets 1400 dinars.","Zajedničko veče PTSD i KZA u Klubu studenata tehnike: nastup i promocija limitirane serije dukseva. Dvadeset drugog oktobra od 22 do 2 časa, karta 1400 dinara.","PTSD и KZA делают общий вечер в KST. Организаторы описывают его коротко: выступление, ограниченная серия худи и презентация коллекции, повторения не будет.

KST, Клуб студентов техники на Булеваре короля Александра, одна из старейших концертных площадок Белграда для молодой сцены.

Цена: 1400 динаров.

Организатор: UGS PRO Music Promoting.","PTSD and KZA share a night at KST. The organisers keep the announcement short: a live show, a limited series of hoodies and a collection launch that will not be repeated.

KST, the Technical Students’ Club on Bulevar kralja Aleksandra, is one of Belgrade’s long-running venues for the young music scene.

Price: 1400 dinars.

Organiser: UGS PRO Music Promoting.","PTSD i KZA spremaju zajedničko veče u KST-u. Najava je kratka: nastup, limitirana serija dukseva i promocija kolekcije, bez ponavljanja.

KST, Klub studenata tehnike na Bulevaru kralja Aleksandra, jedno je od najstarijih beogradskih mesta za mladu scenu.

Cena: 1400 dinara.

Organizator: UGS PRO Music Promoting.",22:00,1400,Klub studenata tehnike (KST),"Bulevar kralja Aleksandra 73, 11120 Beograd","44.805958,20.475481",https://cooltix.rs/event/6ab39bdf753eeb828b202954,cooltix.rs,https://cooltix.rs/event/6ab39bdf753eeb828b202954,UGS PRO Music Promoting,https://cooltix.rs/event/6ab39bdf753eeb828b202954,,,,,,"концерт, KST, мерч, молодая сцена","concert, KST, merch drop, local scene","koncert, KST, merč, mlada scena"
10/22/2026,10/22/2026,9/30/2026,1977,Person,Maya Shamray,https://www.meetup.com/serbian-product-community/,,EducationEvent,«Человек в контуре или хомяк в колесе?»: митап Serbian Product Community об ИИ в маркетинге,Human in the Loop or Hamster in the Wheel? Serbian Product Community meetup on AI in marketing strategy,„Human in the Loop or Hamster in the Wheel?“: Serbian Product Community meetup o veštačkoj inteligenciji u marketingu,https://raw.githubusercontent.com/newsgl/arsposters/main/1977-HumanInTheLoopOrHamster.webp,,Lectures,"Майя Шамрай из Semrush рассказывает, где ИИ помогает строить маркетинговую стратегию, а где только добавляет шума и работы. 22 октября в 18:30, офис EyeSee, регистрация на Meetup. На английском языке.","Maya Shamray of Semrush on where AI genuinely helps with marketing strategy and where it only adds noise and extra work. 22 October at 18:30, EyeSee office, registration on Meetup. In English.","Maja Šamraj iz Semrush-a o tome gde AI zaista pomaže u marketinškoj strategiji, a gde samo dodaje buku i posao. 22. oktobra u 18.30, EyeSee, prijava na Meetup-u. Na engleskom jeziku.","ИИ ускоряет исследования, анализ и генерацию идей. Но значит ли быстрее, что лучше? С этим вопросом на митап **Serbian Product Community** приходит **Майя Шамрай**, старший менеджер по продуктовому маркетингу в Semrush.

На основе исследований и собственной практики она разберёт, где ИИ действительно усиливает стратегическое мышление, где помогает работать быстрее, где незаметно добавляет затрат и лишней работы и где решение по-прежнему должен принимать человек. Разговор обещан практический, без лозунгов о том, что ИИ всё изменит.

У Майи больше 15 лет в маркетинге SaaS, продуктов для разработчиков и данных, до Semrush она работала в Canonical и Adapty. Сейчас в Белграде занимается тем, как ИИ меняет поиск и видимость брендов.

Встреча для продакт-менеджеров, продакт-маркетологов, специалистов по росту, основателей и всех, кто уже использует ИИ каждый день.

На английском языке. Нужна регистрация на Meetup.

Организатор: Serbian Product Community.","AI speeds up research, analysis and idea generation. But does faster mean better? That is the question **Maya Shamray**, Senior Product Marketing Manager at Semrush, brings to the next **Serbian Product Community** meetup.

Drawing on research and her own daily work, she will look at where AI genuinely improves strategic thinking, where it helps teams move faster, where it quietly adds cost and unnecessary work, and where human judgement still matters most. The promise is a practical talk rather than another round of AI hype.

Maya has more than 15 years in marketing across SaaS, developer and data products, with earlier roles at Canonical and Adapty. At Semrush in Belgrade she focuses on how AI is reshaping search and brand visibility.

Aimed at product managers, product marketers, growth people, founders and anyone who already uses AI every day.

In English. Registration on Meetup required.

Organiser: Serbian Product Community.","AI ubrzava istraživanje, analizu i smišljanje ideja. Ali da li brže znači i bolje? Sa tim pitanjem na meetup **Serbian Product Community** dolazi **Maja Šamraj**, Senior Product Marketing Manager u Semrush-u.

Na osnovu istraživanja i sopstvenog iskustva pokazaće gde AI zaista unapređuje strateško razmišljanje, gde pomaže da se radi brže, gde neprimetno dodaje troškove i nepotreban posao i gde je ljudska procena i dalje presudna. Praktičan razgovor, bez priče da će AI sve promeniti.

Maja ima više od 15 godina iskustva u marketingu SaaS, developerskih i data proizvoda, a pre Semrush-a radila je u Canonical-u i Adapty-ju. U beogradskoj kancelariji Semrush-a bavi se time kako AI menja pretragu i vidljivost brendova.

Namenjeno product menadžerima, product marketing stručnjacima, growth timovima, osnivačima i svima koji AI već koriste svakodnevno.

Na engleskom jeziku. Potrebna je prijava na Meetup-u.

Organizator: Serbian Product Community.",18:30,,EyeSee,"Makenzijeva 37, 11000 Beograd","44.801255,20.469787",https://www.meetup.com/serbian-product-community/events/316524715/,meetup.com,https://www.meetup.com/serbian-product-community/events/316524715/,Serbian Product Community,https://www.meetup.com/serbian-product-community/,,,,,,"митап, искусственный интеллект, маркетинг, продакт-менеджмент, на английском","meetup, AI, marketing, product management, in English","meetup, veštačka inteligencija, marketing, product menadžment, na engleskom"
10/22/2026,10/22/2026,9/30/2026,1978,TheaterGroup,Zvezdara teatar,https://zvezdarateatar.rs/,,TheaterEvent,«Пассивное курение»: комедия Небойши Ромчевича в Звездара театре,Pasivno pušenje: Nebojša Romčević’s comedy at Zvezdara Teatar,Pasivno pušenje: komedija Nebojše Romčevića u Zvezdara teatru,https://raw.githubusercontent.com/newsgl/arsposters/main/1978-PasivnoPusenjeKomedijaNebojseRomcevicaU.webp,,Theatre,"Сербского преподавателя французского задерживают в парижском аэропорту по подозрению в терроризме. Абсурдная комедия Ромчевича в постановке Эгона Савина. 22 октября, 20:00, Новая сцена, билеты 1800 и 2200 динаров.","A Serbian French teacher is detained at a Paris airport on suspicion of terrorism. Romčević’s absurd comedy directed by Egon Savin. 22 October, 20:00, New Stage, tickets 1800 and 2200 dinars.","Profesora francuskog, Srbina Radišu, na pariskom aerodromu privode zbog sumnje da je terorista. Apsurdna komedija Romčevića u režiji Egona Savina. 22. oktobar u 20.00, Nova scena, karte 1800 i 2200 dinara.","Что может случиться с гражданином Сербии, который пытается провезти сарму через французскую границу? Небойша Ромчевич знает по себе: пьеса выросла из его собственного задержания во французском аэропорту.

Действие происходит в парижском аэропорту. Полиция задерживает преподавателя французского **Радишу** по подозрению в терроризме, и от него ждут, что он станет политкорректным, постмодернистом и террористом одновременно. Грубая, резкая, демонстративно неполиткорректная комедия ошибок о Сербии на пути в ЕС и о том, живём ли мы свои мечты или чужие, подсунутые.

Режиссёр **Эгон Савин**. Играют Александр Джурица, Радослав Рале Миленкович, Младен Андреевич и Марко Бачович. Премьера прошла в октябре 2016 года, в декабре 2018-го спектакль сыграли в 50-й раз.

Продолжительность: 75 минут.

Цена: 1800 и 2200 динаров.","What can happen to a Serbian citizen who tries to carry sarma across the French border? Nebojša Romčević found out first-hand: the play grew out of his own detention at a French airport.

The action is set at a Paris airport, where police hold French teacher **Radiša** on suspicion of terrorism. He is expected to become politically correct, postmodern and a terrorist all at once. A rough, sharp, openly politically incorrect comedy of errors about Serbia on its way to the EU and about whether we live our own dreams or ones handed to us.

Directed by **Egon Savin**, with Aleksandar Đurica, Radoslav Rale Milenković, Mladen Andrejević and Marko Baćović. It premiered in October 2016 and reached its 50th performance in December 2018.

Running time: 75 minutes.

Price: 1800 and 2200 dinars.","Šta može da se dogodi građaninu Srbije kada pokuša da prenese sarmu preko francuske granice? Nebojša Romčević zna iz prve ruke: komad je inspirisan njegovim hapšenjem na francuskom aerodromu.

Radnja se dešava na pariskom aerodromu, gde policija privodi profesora francuskog **Radišu** zbog sumnje da je terorista. Od njega se očekuje da postane politički korektan, postmodernista i terorista. Gruba, oštra, upadljivo nekorektna komedija nesporazuma o Srbiji na putu za EU i o tome da li živimo sopstvene snove ili podmetnute.

Režija **Egon Savin**, igraju Aleksandar Đurica, Radoslav Rale Milenković, Mladen Andrejević i Marko Baćović. Premijera je bila u oktobru 2016, a 50. izvođenje u decembru 2018.

Trajanje: 75 minuta.

Cena: 1800 i 2200 dinara.",20:00,1800,Zvezdara teatar,"Milana Rakića 38, 11050 Beograd","44.797660,20.497652",https://repertoar.rs/predstave/pasivno-pusenje/,repertoar.rs,https://bilet.zvezdarateatar.rs/scena.php?prostorterminid=2650,Zvezdara teatar,https://zvezdarateatar.rs/,,,,,,"театр, Звездара театр, комедия, Эгон Савин, Небойша Ромчевич","theatre, Zvezdara Teatar, comedy, Egon Savin, Nebojša Romčević","pozorište, Zvezdara teatar, komedija, Egon Savin, Nebojša Romčević"
10/23/2026,10/23/2026,9/30/2026,1979,Organization,APOKOLYPSE,https://ra.co/events/2543337,,MusicEvent,APOKOLYPSE96: ночь хард-индастриал техно и бочки в клубе Under,APOKOLYPSE96: hard industrial techno and bochka night at Klub Under,APOKOLYPSE96: hard industrial tehno i bočka u Klubu Under,https://raw.githubusercontent.com/newsgl/arsposters/main/1979-APOKOLYPSE96HardIndustrialTehnoIBocka.webp,,Concerts,"Вечеринка APOKOLYPSE: быстрое индастриал-техно и бочка. 23 октября с 22:00, early bird 9,96 евро (около 1165 динаров).","APOKOLYPSE party: fast industrial techno and bochka. October 23 from 22:00, early bird 9.96 EUR (about 1165 dinars).","APOKOLYPSE žurka: brz industrial tehno i bočka. Dvadeset trećeg oktobra od 22 časa, early bird 9,96 evra (oko 1165 dinara).","Серия APOKOLYPSE снова собирает любителей самого жёсткого края техно в клубе Under на Рузвельтовой. Заявленный звук: **бочка и хард-индастриал техно**, то есть темп под 160-180 ударов, прямая «бочка» на каждую долю и металлический индустриальный шум.

Состав диджеев пока не объявлен.

Цена: early bird 9,96 евро (около 1165 динаров).

Организатор: APOKOLYPSE.","The APOKOLYPSE series brings the hardest end of techno to Klub Under on Ruzveltova. The advertised sound is **bochka and hard industrial techno**: fast tempos, a pounding kick on every beat and metallic industrial noise.

The DJ line-up has not been announced yet.

Price: early bird 9.96 EUR (about 1165 dinars).

Organiser: APOKOLYPSE.","Serijal APOKOLYPSE vraća najtvrđi kraj tehna u Klub Under u Ruzveltovoj. Najavljeni zvuk je **bočka i hard industrial tehno**: brz tempo, udarac na svaki takt i metalna industrijska buka.

Lajnap didžejeva još nije objavljen.

Cena: early bird 9,96 evra (oko 1165 dinara).

Organizator: APOKOLYPSE.",22:00,1170,Klub Under,"Ruzveltova 1, 11000 Beograd","44.806166,20.478736",https://ra.co/events/2543337,ra.co,https://ra.co/events/2543337,APOKOLYPSE,https://ra.co/events/2543337,,,,,,"техно, хард-техно, индастриал, клубная ночь","techno, hard techno, industrial, club night","tehno, hard tehno, industrial, klupska noć"
10/23/2026,10/23/2026,9/30/2026,1980,Person,Mr. Ho,https://ra.co/events/2547171,,MusicEvent,Beyond House празднует 15 лет: Mr. Ho в Karmakoma,Beyond House 15th birthday with Mr. Ho at Karmakoma,Beyond House slavi 15 godina: Mr. Ho u Karmakomi,https://raw.githubusercontent.com/newsgl/arsposters/main/1980-BeyondHouseSlavi15GodinaMr.webp,,Concerts,"Белградский коллектив Beyond House отмечает 15 лет, в гостях резидент Tresor и совладелец лейбла Klasse Wrecks Mr. Ho. 23 октября с 23:00.","Belgrade collective Beyond House turns 15, with Tresor resident and Klasse Wrecks co-owner Mr. Ho as guest. October 23 from 23:00.","Beogradski kolektiv Beyond House puni 15 godina, a gost je rezident Tresora i suvlasnik etikete Klasse Wrecks, Mr. Ho. Dvadeset trećeg oktobra od 23 časa.","**Beyond House** появился в 2011 году, собрал первую команду в ныне закрытом клубе The Wash и потом годами делал андерграундные хаус-вечеринки на барже 20/44, в Drugstore и KC Grad. На пятнадцатилетие за пульт встают основатели Doo и Ognjem и Vitanov, который то уходил из коллектива, то возвращался.

Главный гость **Mr. Ho**, резидент берлинского Tresor и клуба Mihn. Вместе с Лукой Лозано он ведёт лейбл **Klasse Wrecks**, поэтому свежие треки часто попадают к нему раньше других. Его релизы выходили на Cabaret Recordings, Clone, Permanent Vacation и Gudu. Начинал Mr. Ho с тёрнтейблизма, и это слышно по сведению.

Предпродажа на Gigstix и Resident Advisor.

Организатор: Karmakoma.","**Beyond House** started in 2011, gathered its first crew at the now-closed club The Wash and spent years running underground house nights on the 20/44 boat, at Drugstore and at KC Grad. For the 15th birthday, founders Doo and Ognjem are joined by on-off member Vitanov.

The guest is **Mr. Ho**, resident at Berlin’s Tresor and at Mihn. He co-runs the **Klasse Wrecks** label with Luca Lozano, so new music tends to reach him early. His own releases have come out on Cabaret Recordings, Clone, Permanent Vacation and Gudu. He comes from a turntablism background, and it shows in the mixing.

Presale on Gigstix and Resident Advisor.

Organiser: Karmakoma.","**Beyond House** je nastao 2011, prvu ekipu okupio u nekadašnjem klubu The Wash i godinama pravio andergraund haus žurke na splavu 20/44, u Drugstoreu i KC Gradu. Za petnaesti rođendan za pult staju osnivači Doo i Ognjem, uz Vitanova koji je u kolektivu s prekidima.

Gost je **Mr. Ho**, rezident berlinskog Tresora i kluba Mihn. Sa Lucom Lozanom vodi etiketu **Klasse Wrecks**, pa nove stvari do njega stižu pre većine. Njegova izdanja objavljivali su Cabaret Recordings, Clone, Permanent Vacation i Gudu. Poreklom je iz turntablizma, i to se čuje u miksu.

Pretprodaja na Gigstixu i Resident Advisoru.

Organizator: Karmakoma.",23:00,,Karmakoma,"Poenkareova 32, 11000 Beograd","44.818977,20.488380",https://ra.co/events/2547171,ra.co,https://ra.co/events/2547171,Karmakoma,https://ra.co/events/2547171,,,,,,"хаус, клубная ночь, день рождения, Karmakoma","house, club night, birthday party, Karmakoma","haus, klupska noć, rođendanska žurka, Karmakoma"
10/23/2026,10/23/2026,9/30/2026,1981,Organization,Gradski festivali,https://beogradskifestivali.rs/,,Festival,Belgrade Bar Show: осенний коктейльный поп-ап в Barrel House,Belgrade Bar Show Fall Edition: cocktail pop-up at Barrel House,Belgrade Bar Show jesenje izdanje: koktel pop-up u Barrel Houseu,https://raw.githubusercontent.com/newsgl/arsposters/main/1981-BelgradeBarShowJesenjeIzdanjeKoktel.webp,,Festivals,"Осенний выпуск Belgrade Bar Show: дегустация коктейлей по формату «All You Can Taste», классика и новые осенние рецепты, музыка от DJ Pepe. 23 октября с 19:00, early bird 3000 динаров.","Belgrade Bar Show fall edition: an All You Can Taste cocktail pop-up with classics and new autumn recipes, music by DJ Pepe. October 23 from 19:00, early bird 3000 dinars.","Jesenje izdanje Belgrade Bar Showa: koktel pop-up po principu „All You Can Taste“, klasici i novi jesenji recepti, muzika DJ Pepe. Dvadeset trećeg oktobra od 19 časova, early bird 3000 dinara.","Belgrade Bar Show это барный поп-ап, посвящённый коктейлям и белградской барной сцене. Осенний выпуск проходит в Barrel House на Жоржа Клемансоа.

Формат **All You Can Taste**: билет даёт доступ к дегустации всего, что подают за стойкой. В меню классические коктейли в современной подаче и рецепты, придуманные специально под осенний сезон.

Вечер ведёт **DJ Pepe**, так что после дегустации можно остаться танцевать.

Цена: early bird 3000 динаров, пакет 5+1 за 15 000 динаров.

Организатор: Gradski festivali.","Belgrade Bar Show is a pop-up celebrating cocktails and the city’s bar scene. The fall edition takes place at Barrel House on Žorža Klemansoa.

The format is **All You Can Taste**: your ticket covers tasting everything served at the bar. The menu mixes classic cocktails with modern twists and recipes created for the autumn season.

**DJ Pepe** plays through the evening, so you can stay and dance after the tasting.

Price: early bird 3000 dinars, 5+1 group package 15,000 dinars.

Organiser: Gradski festivali.","Belgrade Bar Show je koktel pop-up posvećen miksologiji i beogradskoj barskoj sceni. Jesenje izdanje održava se u Barrel Houseu u Žorža Klemansoa.

Format je **All You Can Taste**: karta pokriva degustaciju svega što se služi za šankom. Na meniju su klasični kokteli u modernom izdanju i recepti smišljeni baš za jesen.

Muziku pušta **DJ Pepe**, pa posle degustacije može i da se pleše.

Cena: early bird 3000 dinara, paket 5+1 za 15.000 dinara.

Organizator: Gradski festivali.",19:00,3000,Barrel House,"Žorža Klemansoa 19, 11000 Beograd","44.822018,20.469163",https://new.gigstix.com/event/belgrade-bar-show-fall-edition-2026-beograd-23-oktobar-2026/,gigstix.com,https://new.gigstix.com/event/belgrade-bar-show-fall-edition-2026-beograd-23-oktobar-2026/,Gradski festivali,https://beogradskifestivali.rs/,,,18+,,,"коктейли, дегустация, бары, вечеринка","cocktails, tasting, bar scene, party","kokteli, degustacija, barska scena, žurka"
10/23/2026,10/23/2026,9/30/2026,1982,MusicGroup,Centurion,https://centurionserbia.bandcamp.com/,,MusicEvent,Centurion: 15 лет EP «Virtuelno ognjište» на Zappa Barka,"Centurion celebrate 15 years of ""Virtuelno ognjište"" at Zappa Barka",Centurion: 15 godina EP-ja „Virtuelno ognjište“ na Zappa Barci,https://raw.githubusercontent.com/newsgl/arsposters/main/1982-Centurion15GodinaEPJaVirtuelno.webp,,Concerts,"Белградская метал-группа Centurion впервые играет на новой Zappa Barka, разогрев от дебютирующей группы Numen. 23 октября: двери в 20:00, Numen в 21:00, Centurion в 22:00. Билет 1300 динаров.","Belgrade metal band Centurion play the new Zappa Barka for the first time, with debuting band Numen opening. October 23: doors 20:00, Numen 21:00, Centurion 22:00. Tickets 1300 dinars.","Beogradski metal bend Centurion prvi put svira na novoj Zappa Barci, a veče otvara Numen na svom prvom nastupu. Dvadeset trećeg oktobra: vrata u 20, Numen u 21, Centurion u 22 časa. Karta 1300 dinara.","Centurion играет хеви-метал с прогрессивными элементами и мотивами балканского этно. Повод концерта: пятнадцать лет EP **«Virtuelno ognjište»**, который в местной метал-среде давно считается культовым.

Для группы это первое выступление на **новой Zappa Barka**, барже у Калемегдана под башней Небойша.

Открывает вечер **Numen**, новая группа из хорошо знакомых на сцене музыкантов. Это её первый концерт.

Расписание: двери в 20:00, Numen в 21:00, Centurion в 22:00.

Цена: 1300 динаров.

Организатор: Mister Zappa doo, Zappa GIG.","Centurion play heavy metal with progressive touches and Balkan ethno motifs. The occasion is the 15th anniversary of the EP **“Virtuelno ognjište”**, long a cult record on the local metal scene.

It is the band’s first show at the **new Zappa Barka**, the boat on the embankment below Nebojša Tower.

Opening the night is **Numen**, a new band made up of familiar faces, playing live for the first time.

Schedule: doors 20:00, Numen 21:00, Centurion 22:00.

Price: 1300 dinars.

Organiser: Mister Zappa doo, Zappa GIG.","Centurion svira hevi metal sa progresivnim elementima i motivima balkanskog etna. Povod je 15 godina kultnog EP-ja **„Virtuelno ognjište“**.

Bend prvi put nastupa na **novoj Zappa Barci**, na keju kod Kule Nebojša.

Veče otvara **Numen**, novo ime sačinjeno od dobro poznatih faca, na svom prvom nastupu uživo.

Satnica: vrata u 20, Numen u 21, Centurion u 22 časa.

Cena: 1300 dinara.

Organizator: Mister Zappa doo, ogranak Zappa GIG.",21:00,1300,Zappa Barka,"Bulevar vojvode Bojovića, kej kod Kule Nebojša, 11000 Beograd","44.828226,20.446185",https://efinity.rs/event-details/centurion_32437,efinity.rs,https://efinity.rs/event-details/centurion_32437,Mister Zappa doo (Zappa GIG),https://centurionserbia.bandcamp.com/,,,,,,"метал, хеви-метал, живая музыка, Zappa Barka","metal, heavy metal, live music, Zappa Barka","metal, hevi metal, živa svirka, Zappa Barka"
10/23/2026,10/23/2026,9/30/2026,1983,TheaterGroup,Jugoslovensko dramsko pozorište,https://www.jdp.rs/,,TheaterEvent,«Пучина»: Нушич в постановке Эгона Савина в Югославском драматическом театре,Pučina: Nušić directed by Egon Savin at Yugoslav Drama Theatre,Pučina: Nušić u režiji Egona Savina u Jugoslovenskom dramskom pozorištu,https://raw.githubusercontent.com/newsgl/arsposters/main/1983-PucinaNusicURezijiEgonaSavina.webp,,Theatre,"Драма Бранислава Нушича о жене, которая становится любовницей министра ради карьеры мужа. Играют Ненад Ездич, Слобода Мичалович, Любомир Бандович. 23 октября, 20:00, Большая сцена «Люба Тадич», билеты 600 и 1500 динаров.","Branislav Nušić’s drama about a wife who becomes a minister’s mistress to advance her husband’s career. With Nenad Jezdić, Sloboda Mićalović and Ljubomir Bandović. 23 October, 20:00, Ljuba Tadić main stage, tickets 600 and 1500 dinars.","Nušićeva drama o ženi koja postaje ministrova ljubavnica da bi mužu obezbedila bolji položaj. Igraju Nenad Jezdić, Sloboda Mićalović i Ljubomir Bandović. 23. oktobar u 20.00, Velika scena „Ljuba Tadić“, karte 600 i 1500 dinara.","«Пучина» у Нушича не комедия, а драма в четырёх действиях из современной ему городской жизни, хотя юмор в ней вполне нушичевский. Это сатира на политическое и семейное лицемерие, продажность и страх перед правдой и местью власти.

В центре Владимир и его жена Йованка. Живут они на вид хорошо, но всё устроено наоборот: чтобы мужу дали место получше, Йованка становится любовницей министра и пытается войти в привилегированный круг. Интриги, сплетни и подозрения затягивают каждого героя в его личный ад.

**Эгон Савин** здесь режиссёр, автор адаптации, сценографии и подбора музыки. Премьера в ЮДП прошла в марте 2021 года. Играют **Ненад Ездич**, Слобода Мичалович, Любомир Бандович, Янко Цекич, Весна Станкович, Цвиета Месич, Боян Димитриевич, Майя Колунджия Зорое и другие.

Продолжительность: 1 час 35 минут без антракта.

Цена: 600 и 1500 динаров.","Nušić wrote Pučina not as a comedy but as a drama in four acts about the bourgeois life of his day, though its humour is unmistakably his. It is a satire on political and family hypocrisy, corruptibility and fear of the truth and of retaliation from those in power.

At its centre are Vladimir and his wife Jovanka. Their life looks fine, yet everything is upside down: to get her husband a better position, Jovanka becomes a minister’s mistress and tries to enter privileged society. Intrigue, gossip and suspicion drag every character through a personal hell.

**Egon Savin** directs and is responsible for the adaptation, set and music selection. The production premiered at JDP in March 2021. Cast: **Nenad Jezdić**, Sloboda Mićalović, Ljubomir Bandović, Janko Cekić, Vesna Stanković, Cvijeta Mesić, Bojan Dimitrijević, Maja Kolundžija Zoroe and others.

Running time: 1 hour 35 minutes, no interval.

Price: 600 and 1500 dinars.","Pučina je drama u četiri čina iz savremenog građanskog života, ali sa humorom na onaj specifičan, nušićevski način. Satira o političkom i porodičnom licemerju, potkupljivosti i strahu od istine i odmazde vlasti.

U središtu su Vladimir i njegova žena Jovanka. Žive naizgled dobro, ali je sve naopako postavljeno: da bi mužu obezbedila bolji položaj, Jovanka postaje ministrova ljubavnica i pokušava da uđe u povlašćeno društvo. Intrige, ogovaranja i sumnje vode svakog junaka kroz lični pakao.

**Egon Savin** potpisuje režiju, adaptaciju, scenografiju i izbor muzike. Premijera u JDP-u bila je u martu 2021. Igraju **Nenad Jezdić**, Sloboda Mićalović, Ljubomir Bandović, Janko Cekić, Vesna Stanković, Cvijeta Mesić, Bojan Dimitrijević, Maja Kolundžija Zoroe i drugi.

Trajanje: 1 sat i 35 minuta bez pauze.

Cena: 600 i 1500 dinara.",20:00,600,Jugoslovensko dramsko pozorište,"Kralja Milana 50, 11000 Beograd","44.805332,20.464847",https://repertoar.rs/predstave/pucina/,repertoar.rs,https://www.jdp.rs/,Jugoslovensko dramsko pozorište,https://www.jdp.rs/,,,,,,"театр, ЮДП, Бранислав Нушич, Эгон Савин, драма","theatre, JDP, Branislav Nušić, Egon Savin, drama","pozorište, JDP, Branislav Nušić, Egon Savin, drama"
10/23/2026,10/23/2026,9/30/2026,1984,TheaterGroup,Narodno pozorište u Beogradu,https://www.narodnopozoriste.rs/,,TheaterEvent,«Маленькие супружеские преступления» Эрика-Эмманюэля Шмитта в Народном театре,Small Marital Crimes by Éric-Emmanuel Schmitt at the National Theatre,Mali bračni zločini Erika Emanuela Šmita u Narodnom pozorištu,https://raw.githubusercontent.com/newsgl/arsposters/main/1984-MaliBracniZlociniErikaEmanuelaSmita.webp,,Theatre,"Пьеса Шмитта для двух актёров: после несчастного случая муж потерял память, и жена заново рассказывает ему их брак. Нела Михаилович и Борис Пингович, режиссёр Филип Гринвальд. 23 октября 2026, 20:30, сцена «Раша Плаович». Билеты от 300 до 2200 динаров.","Schmitt’s two-hander: after an accident a husband has lost his memory, and his wife retells their marriage to him. Nela Mihailović and Boris Pingović, directed by Filip Grinvald. 23 October 2026, 20:30, Raša Plaović stage. Tickets 300 to 2200 dinars.","Šmitov komad za dvoje glumaca: posle nesreće muž je izgubio pamćenje, a žena mu ponovo pripoveda njihov brak. Nela Mihailović i Boris Pingović, režija Filip Grinvald. 23. oktobar 2026, 20.30, scena „Raša Plaović“. Ulaznice od 300 do 2200 dinara.","Жиль возвращается домой после несчастного случая и не узнаёт ни квартиру, ни женщину, которая называет себя его женой. Лиза объясняет, как они жили пятнадцать лет, а он не уверен, стоит ли ей верить.

Амнезия становится поводом добраться до самого дна брака: ревность, привычки, обиды. Жиль пишет детективы, и одна из его книг называется так же, как пьеса. Шмитт задаёт вопрос прямо: кто из двоих, стоящих перед регистратором, однажды станет убийцей?

На сцене только двое: **Нела Михаилович** и **Борис Пингович**. Режиссёр Филип Гринвальд, драматург Желько Хубач, перевод с французского Станицы Лазаревич. Спектакль в репертуаре с 2011 года и идёт 1 час 30 минут без антракта.

Билеты от 300 (стоячие) до 2200 динаров.","Gilles comes home after an accident and recognises neither the flat nor the woman who says she is his wife. Lisa tells him how they have lived for fifteen years, and he is not sure he should believe her.

The amnesia lets the couple dig to the bottom of their marriage: jealousy, habits, grudges. Gilles writes crime novels, and one of them shares the play’s title. Schmitt asks bluntly: when a couple stands before the registrar, which of them will turn out to be the murderer?

Just two actors on stage: **Nela Mihailović** and **Boris Pingović**. Directed by Filip Grinvald, dramaturgy by Željko Hubač, translated from French by Stanica Lazarević. In the repertoire since 2011; 1 hour 30 minutes, no interval.

Tickets from 300 dinars (standing) to 2200 dinars.","Žil se posle nesreće vraća kući i ne prepoznaje ni stan ni ženu koja kaže da mu je supruga. Liza mu objašnjava kako su živeli petnaest godina, a on nije siguran da joj treba verovati.

Amnezija im daje povod da zarone do dna braka: ljubomora, navike, stare zamerke. Žil piše kriminalističke romane, a jedan od njih nosi isti naslov kao komad. Šmit pita bez ustezanja: kada dvoje stane pred matičara, ko će od njih biti ubica?

Na sceni su samo dvoje: **Nela Mihailović** i **Boris Pingović**. Režija Filip Grinvald, dramaturgija Željko Hubač, prevod sa francuskog Stanica Lazarević. Predstava je na repertoaru od 2011. i traje 1 sat i 30 minuta bez pauze.

Ulaznice od 300 (stajanje) do 2200 dinara.",20:30,300,Narodno pozorište u Beogradu,"Francuska 3, 11000 Beograd","44.817006,20.461005",https://repertoar.rs/predstave/mali-bracni-zlocini/,repertoar.rs,https://www.narodnopozoriste.rs/lat/ulaznice/odabir-ulaznica?p=6426,Narodno pozorište u Beogradu,https://www.narodnopozoriste.rs/,,,,,,"театр, драма, Эрик-Эмманюэль Шмитт, пьеса для двоих, Народный театр","theatre, drama, Éric-Emmanuel Schmitt, two-hander, National Theatre","pozorište, drama, Erik Emanuel Šmit, komad za dvoje, Narodno pozorište"
10/24/2026,10/24/2026,9/30/2026,1985,TheaterGroup,Teatar Odeon,https://www.teatarodeon.rs/,,ChildrensEvent,«Кошка в сапогах»: мюзикл по тексту Бранко Кочкицы в Театре Одеон,Mačka u čizmama: musical after Branko Kockica at Teatar Odeon,Mačka u čizmama: mjuzikl po tekstu Branka Kockice u Teatru Odeon,https://raw.githubusercontent.com/newsgl/arsposters/main/1985-MackaUCizmamaMjuziklPoTekstu.webp,,Kids,"Комедия положений для детей и взрослых: в сказочном курортном городке принц добивается служанки Добрилы, а её сестра, кошка в сапогах Макана, становится соперницей. 24 октября, 17:00, билеты от 600 до 1900 динаров.","A comedy of errors for children and adults: in a fairytale spa a prince courts the maid Dobrila, while her sister Macana, a clumsy Puss in Boots, turns into a rival. 24 October, 17:00, tickets 600 to 1900 dinars.","Komedija situacije za decu i odrasle: u banji kao iz bajke princ osvaja sobaricu Dobrilu, a njena sestra, neotesana mačka u čizmama Macana, postaje konkurent. 24. oktobar u 17.00, karte od 600 do 1900 dinara.","Сказку Перро Бранко Миличевич Кочкица пересказал по-своему: кот здесь стал кошкой, а действие переехало в лечебную баню, словно из сказки.

Принц пытается покорить сердце Добрилы, служанки принцессы. Её сестра, неотёсанная кошка в сапогах **Макана**, неожиданно оказывается соперницей, а чудаковатый министр Абразии хочет украсть волшебные сапоги и запутывает всё окончательно. Подмены, любовные треугольники, погони. В финале кошка понимает, что сапоги, возможно, больше обуза, чем сокровище.

Режиссёр и автор адаптации Марко Йовичич. Макану играет **Мирка Васильевич**, также заняты Милян Прлета (принц), Марко Маркович, Анастасия Кнежевич / Теодора Томашев, Жарко Димоски и другие.

Продолжительность: 1 час 35 минут.

Цена: от 600 до 1900 динаров.

Организатор: Театр Одеон.","Branko Milićević Kockica retells Perrault in his own way: the tomcat becomes a she-cat and the story moves to a fairytale healing spa.

A prince tries to win the heart of Dobrila, the princess’s maid, while her sister **Macana**, a rough and clumsy Puss in Boots, turns up as an unexpected rival. The eccentric minister Abrazije schemes to steal the magic boots and complicates things further. Swapped identities, love triangles and chases follow, until the cat realises the boots may be more burden than treasure.

Directed and adapted by Marko Jovičić. **Mirka Vasiljević** plays Macana, with Miljan Prljeta (the prince), Marko Marković, Anastasija Knežević / Teodora Tomašev, Žarko Dimoski and others.

Running time: 1 hour 35 minutes.

Price: 600 to 1900 dinars.

Organizer: Teatar Odeon.","Branko Milićević Kockica ispričao je Peroovu bajku na svoj način: mačak je postao mačka, a radnja se preselila u lekovitu banju kao iz bajke.

Princ pokušava da osvoji srce Dobrile, princezine sobarice, a njena sestra **Macana**, neotesana mačka u čizmama, pojavljuje se kao najneočekivaniji konkurent. Otkačeni ministar Abrazije hoće da ukrade čizme i dodatno sve zakomplikuje. Zamene identiteta, ljubavni trouglovi i jurnjava, sve dok mačka ne shvati da su čizme možda više teret nego blago.

Režija i adaptacija Marko Jovičić. Macanu igra **Mirka Vasiljević**, a tu su i Miljan Prljeta (princ), Marko Marković, Anastasija Knežević / Teodora Tomašev, Žarko Dimoski i drugi.

Trajanje: 1 sat i 35 minuta.

Cena: od 600 do 1900 dinara.

Organizator: Teatar Odeon.",17:00,600,Teatar Odeon,"Kraljice Natalije 45, Beograd","44.808247,20.462028",https://efinity.rs/event-details/macka_u_cizmama_32394,efinity.rs,https://efinity.rs/event-details/macka_u_cizmama_32394,Teatar Odeon,https://www.teatarodeon.rs/predstave/macka-u-cizmama/,,,,,,"театр, Театр Одеон, мюзикл, для детей, сказка","theatre, Teatar Odeon, musical, family, fairy tale","pozorište, Teatar Odeon, mjuzikl, za decu, bajka"
10/24/2026,10/24/2026,9/30/2026,1986,TheaterGroup,Jugoslovensko dramsko pozorište,https://www.jdp.rs/,,TheaterEvent,«Отель „Свободный вход“»: водевиль Фейдо в Югославском драматическом театре,Hotel Slobodan promet: Feydeau’s farce at Yugoslav Drama Theatre,Hotel „Slobodan promet“: Fejdoova komedija u Jugoslovenskom dramskom pozorištu,https://raw.githubusercontent.com/newsgl/arsposters/main/1986-HotelSlobodanPrometFejdoovaKomedijaU.webp,,Theatre,"Комедия Жоржа Фейдо о двух светских парах, которые изменяют и врут друг другу, в постановке Бориса Лиешевича. Играют Воин Четкович, Милена Васич, Срджан Тимаров. 24 октября, 20:00, Большая сцена «Люба Тадич», билеты 600 и 1500 динаров.","Georges Feydeau’s farce about two high-society couples who cheat and lie, directed by Boris Liješević. With Vojin Ćetković, Milena Vasić and Srđan Timarov. 24 October, 20:00, Ljuba Tadić main stage, tickets 600 and 1500 dinars.","Fejdoova komedija o dva bračna para iz visokog društva koji varaju i lažu, u režiji Borisa Liješevića. Igraju Vojin Ćetković, Milena Vasić i Srđan Timarov. 24. oktobar u 20.00, Velika scena „Ljuba Tadić“, karte 600 i 1500 dinara.","Больше 250 выходов и уходов со сцены за один вечер: такой ритм у фарса Жоржа Фейдо, автора «Блохи в ухе», которую в Белграде играли 44 года и больше 1650 раз.

В «Отеле „Свободный вход“» сталкиваются две супружеские пары из высшего общества. На деле все они эгоисты и обманщики, а их отношения держатся на фальшивой морали. Персонажи смешные, но у каждого свои сомнения и грустные воспоминания, и каждый немного одинок.

Спектакль **Бориса Лиешевича** идёт в ЮДП с декабря 2016 года. Играют **Воин Четкович**, Милена Васич, Анджелика Симич, Срджан Тимаров, Драган Йованович / Андрия Милошевич, Миодраг Драгичевич, Боян Димитриевич, Милица Гойкович и другие.

Цена: 600 и 1500 динаров.","More than 250 entrances and exits in one evening: that is the pace of this farce by Georges Feydeau, author of A Flea in Her Ear, which ran in Belgrade for 44 years and over 1650 performances.

Hotel Slobodan promet brings together two high-society married couples who are in fact selfish cheats, their relationships propped up by false morals. The characters are very funny, yet each has doubts and sad memories and is a little lonely.

**Boris Liješević**’s production has been in the JDP repertoire since December 2016. Cast: **Vojin Ćetković**, Milena Vasić, Anđelika Simić, Srđan Timarov, Dragan Jovanović / Andrija Milošević, Miodrag Dragičević, Bojan Dimitrijević, Milica Gojković and others.

Price: 600 and 1500 dinars.","Više od 250 ulazaka i izlazaka sa scene u jednoj večeri: takav je ritam ove komedije Žorža Fejdoa, autora Bube u uhu, koja se u Beogradu igrala 44 godine i preko 1650 puta.

U hotelu „Slobodan promet“ sudaraju se dva bračna para iz visokog društva, zapravo sebičnjaci i varalice, čiji su odnosi obojeni lažnim moralom. Likovi su beskrajno zabavni, ali svako ima svoje dileme i tužne uspomene i svako je pomalo usamljen.

Predstava **Borisa Liješevića** je na repertoaru JDP-a od decembra 2016. Igraju **Vojin Ćetković**, Milena Vasić, Anđelika Simić, Srđan Timarov, Dragan Jovanović / Andrija Milošević, Miodrag Dragičević, Bojan Dimitrijević, Milica Gojković i drugi.

Cena: 600 i 1500 dinara.",20:00,600,Jugoslovensko dramsko pozorište,"Kralja Milana 50, 11000 Beograd","44.805332,20.464847",https://repertoar.rs/predstave/hotel-slobodan-promet/,repertoar.rs,https://www.jdp.rs/,Jugoslovensko dramsko pozorište,https://www.jdp.rs/,,,,,,"театр, ЮДП, комедия, Жорж Фейдо, Борис Лиешевич","theatre, JDP, comedy, Georges Feydeau, Boris Liješević","pozorište, JDP, komedija, Žorž Fejdo, Boris Liješević"
10/24/2026,10/24/2026,9/30/2026,1987,TheaterGroup,Narodno pozorište u Beogradu,https://www.narodnopozoriste.rs/,,TheaterEvent,"«Госпожа Ольга»: драма Милутина Боича, не дождавшаяся премьеры век назад, в Народном театре","Gospođa Olga: Milutin Bojić’s drama that missed its premiere a century ago, at the National Theatre","Gospođa Olga: Bojićeva drama koja je čekala praizvedbu više od veka, u Narodnom pozorištu",https://raw.githubusercontent.com/newsgl/arsposters/main/1987-GospodjaOlgaBojicevaDramaKojaJe.webp,,Theatre,"Пьеса Милутина Боича, которую Народный театр собирался поставить перед Первой мировой войной, в постановке Юга Джорджевича. В заглавной роли Нела Михаилович. 24 октября 2026, 20:30, сцена «Раша Плаович». Билеты от 300 до 2200 динаров.","Milutin Bojić’s play, which the National Theatre planned to stage just before World War I, directed by Jug Đorđević with Nela Mihailović in the title role. 24 October 2026, 20:30, Raša Plaović stage. Tickets 300 to 2200 dinars.","Drama Milutina Bojića, čija je praizvedba u Narodnom pozorištu bila planirana pred Prvi svetski rat, u režiji Juga Đorđevića. Naslovnu ulogu igra Nela Mihailović. 24. oktobar 2026, 20.30, scena „Raša Plaović“. Ulaznice od 300 do 2200 dinara.","Милутин Боич написал «Госпожу Ольгу» незадолго до Первой мировой, и Народный театр уже готовил премьеру. Война её сорвала, окончательная редакция пропала, до нас дошёл только рабочий вариант. Йован Христич считал эту пьесу, возможно, лучшей гражданской драмой сербской литературы.

Сам Боич назвал её комедией, хотя речь в ней об инцесте, болезни, деньгах и шантаже. Семья адвоката Новаковича с сыном Гидрой, богатая Ольга Ристич и её дочь Вука торгуют чувствами, а на деле деньгами.

Режиссёр **Юг Джорджевич**, драматург Джордже Косич. Играют **Нела Михаилович** (Ольга), Любиша Саванович, Сладжана Зрнич, Александар Вучкович, Ива Миланович и Смиляна Маринкович. Спектакль поставлен вместе с Народным театром Республики Сербской, премьера прошла в декабре 2025 года. Длительность 1 час 50 минут без антракта.

Билеты от 300 (стоячие) до 2200 динаров.","Milutin Bojić wrote Gospođa Olga shortly before World War I, and the National Theatre was already preparing its premiere. The war stopped it, the final version was lost, and only a working draft survives. Jovan Hristić called it perhaps the best bourgeois drama in Serbian literature.

Bojić subtitled it a comedy, though it deals with incest, illness, money and blackmail. The family of lawyer Novaković and his son Gidra, the wealthy Olga Ristić and her daughter Vuka trade in feelings that turn out to be money.

Directed by **Jug Đorđević**, dramaturgy by Đorđe Kosić. The cast: **Nela Mihailović** (Olga), Ljubiša Savanović, Slađana Zrnić, Aleksandar Vučković, Iva Milanović and Smiljana Marinković. A co-production with the National Theatre of Republika Srpska, premiered in December 2025. Running time 1 hour 50 minutes, no interval.

Tickets from 300 dinars (standing) to 2200 dinars.","Milutin Bojić je „Gospođu Olgu“ napisao nedugo pred Prvi svetski rat, a Narodno pozorište je već spremalo praizvedbu. Rat ju je sprečio, konačna verzija je izgubljena i sačuvana je samo radna. Jovan Hristić je smatrao da je to možda najbolja građanska drama srpske književnosti.

Bojić ju je nazvao komedijom, iako su u njoj incest, bolest, novac i ucena. Porodica advokata Novakovića i njegov sin Gidra, bogata Olga Ristić i njena ćerka Vuka trguju osećanjima, a zapravo novcem.

Režija **Jug Đorđević**, dramaturgija Đorđe Kosić. Igraju **Nela Mihailović** (Olga), Ljubiša Savanović, Slađana Zrnić, Aleksandar Vučković, Iva Milanović i Smiljana Marinković. Predstava je koprodukcija sa Narodnim pozorištem Republike Srpske, premijera je bila u decembru 2025. Traje 1 sat i 50 minuta bez pauze.

Ulaznice od 300 (stajanje) do 2200 dinara.",20:30,300,Narodno pozorište u Beogradu,"Francuska 3, 11000 Beograd","44.817006,20.461005",https://repertoar.rs/predstave/gospodja-olga/,repertoar.rs,https://www.narodnopozoriste.rs/lat/ulaznice/odabir-ulaznica?p=6427,Narodno pozorište u Beogradu,https://www.narodnopozoriste.rs/,,,,,,"театр, драма, Милутин Боич, сербская классика, Народный театр","theatre, drama, Milutin Bojić, Serbian classics, National Theatre","pozorište, drama, Milutin Bojić, srpska klasika, Narodno pozorište"
10/24/2026,10/24/2026,9/30/2026,1988,TheaterGroup,Pozorište lutaka Pinokio,https://pinokio.rs/,,ChildrensEvent,Кукольный спектакль «Ружно паче» в театре «Пинокио»,Ružno pače: a puppet show at the Pinokio theatre,Lutkarska predstava Ružno pače u pozorištu Pinokio,https://raw.githubusercontent.com/newsgl/arsposters/main/1988-LutkarskaPredstavaRuznoPaceUPozoristu.webp,,Kids,"Андерсен приходит на помощь мальчику, который кажется себе некрасивым, и рассказывает ему сказку о гадком утёнке. Куклы, тени и живой план, 24 октября в 12:00, от четырёх лет, билет 600 динаров.","Andersen comes to the aid of a boy who thinks he is ugly and tells him the tale of the ugly duckling. Puppets, shadows and live acting, 24 October at 12:00, from age four, tickets 600 dinars.","Andersen pomaže dečaku koji misli da je ružan i priča mu bajku o ružnom pačetu. Lutke, senke i živa igra, 24. oktobra u 12.00, od četiri godine, karta 600 dinara.","Мальчик Милован дорос до возраста, когда сам себе кажется некрасивым и думает, что его никто не любит. На помощь ему приходит **Ганс Христиан Андерсен** и через историю гадкого утёнка учит принимать себя.

Две линии идут параллельно. Пока утёнок грустно взрослеет и превращается в прекрасного лебедя, прыщавый подросток вырастает в симпатичного парня, лётчика, любимца девушек. Текст **Игора Бойовича** написан с юмором, а в спектакле соединены куклы, театр теней и живая игра актёров.

Режиссёр Стеван Бодрожа, композитор Владимир Петричевич, куклы и сценография Стефанки Киувлиевой. Играют Желька Мандич, Зоран Тодорович, Йован Попович, Драгана Васич, Нела Николич и Лиляна Живич.

Цена: 600 динаров.

Язык: сербский.

Возраст: от четырёх до двенадцати лет. Продолжительность пятьдесят минут.

Организатор: Позориште лутака «Пинокио».","Milovan has reached the age when he thinks he is ugly and that nobody likes him. **Hans Christian Andersen** comes to help and uses the story of the ugly duckling to teach him to accept himself.

Two stories run side by side. As the duckling sadly grows up and turns into a magnificent swan, the spotty boy grows into a handsome young man, a pilot popular with the girls. **Igor Bojovic**'s text is funny, and the show combines puppets, shadow play and live acting.

Directed by Stevan Bodroza, music by Vladimir Petricevic, puppets and set by Stefanka Kiuvlieva. Performed by Zeljka Mandic, Zoran Todorovic, Jovan Popovic, Dragana Vasic, Nela Nikolic and Ljiljana Zivic.

Price: 600 dinars.

Language: Serbian.

Age: four to twelve. Running time fifty minutes.

Organiser: Pinokio puppet theatre.","Dečak Milovan je u godinama kada je sam sebi ružan i misli da ga niko ne voli i ne prihvata. U pomoć mu dolazi **Andersen** i kroz priču o ružnom pačetu uči ga da prihvati sebe.

Dve priče teku uporedo. Dok ružno pače tužno odrasta i pretvara se u veličanstvenog labuda, bubuljičavi dečak izrasta u zgodnog momka, pilota, omiljenog kod devojaka. Tekst **Igora Bojovića** je duhovit, a predstava spaja lutke, senke i živu igru.

Režija Stevan Bodroža, kompozitor Vladimir Petričević, scenografija i lutke Stefanka Kiuvlieva. Igraju Željka Mandić, Zoran Todorović, Jovan Popović, Dragana Vasić, Nela Nikolić i Ljiljana Živić.

Cena: 600 dinara.

Jezik: srpski.

Uzrast: od četiri do dvanaest godina. Trajanje pedeset minuta.

Organizator: Pozorište lutaka Pinokio.",12:00,600,Pozorište lutaka Pinokio,"Bulevar maršala Tolbuhina 1, Novi Beograd","44.830127,20.411863",https://pinokio.rs/%D1%80%D1%83%D0%B6%D0%BD%D0%BE-%D0%BF%D0%B0%D1%87%D0%B5/,pinokio.rs,https://tickets.rs/event/ruzno_pace_28599,Pozorište lutaka Pinokio,https://pinokio.rs/,,,4+,,,"кукольный театр, дети, Андерсен, Пинокио, Нови-Београд","puppet theatre, kids, Andersen, Pinokio, Novi Beograd","lutkarsko pozorište, deca, Andersen, Pinokio, Novi Beograd"
10/24/2026,10/24/2026,9/30/2026,1989,TheaterGroup,Pozorište lutaka Pinokio,https://pinokio.rs/,,ChildrensEvent,Кукольный спектакль «Ивица и Марица» в театре «Пинокио»,Ivica i Marica: a puppet show at the Pinokio theatre,Lutkarska predstava Ivica i Marica u pozorištu Pinokio,https://raw.githubusercontent.com/newsgl/arsposters/main/1989-LutkarskaPredstavaIvicaIMaricaU.webp,,Kids,"Сказка братьев Гримм о брате и сестре, которые заблудились в заколдованном лесу, в постановке Исидоры Гонцич. 24 октября в 17:00, от трёх лет, 45 минут, билет 600 динаров.","The Brothers Grimm tale of a brother and sister lost in an enchanted forest, directed by Isidora Goncic. 24 October at 17:00, from age three, 45 minutes, tickets 600 dinars.","Bajka braće Grim o bratu i sestri izgubljenim u začaranoj šumi, u režiji Isidore Goncić. 24. oktobra u 17.00, od tri godine, 45 minuta, karta 600 dinara.","Ивица и Марица, то есть Гензель и Гретель, не одни. Ни когда теряются в заколдованном лесу, ни когда оказываются в плену у ведьмы, обманутые и растерянные. Они всегда есть друг у друга, и после долгой тёмной ночи они снова видят свет.

Режиссёр **Исидора Гонцич** объясняет, зачем детям страшные сказки: читая их, мы растём, сталкиваемся с пугающим и учимся его преодолевать вместе с героями. Среди персонажей спектакля есть Огонь, Ночь и Гусак.

По мотивам сказки братьев Гримм, драматизация Джордже Косича, тотальный дизайн Зораны Милошакович-Тасич, сценическое движение Мирко Кнежевича, музыка Немани Михайловича. Ивица Лако Николич, Марица Драгана Васич, Ведьма Нела Николич; также играют Биляна Михайлович, Анита Стоядинович, Йован Попович, Александра Ристич и Любомир Ристич.

Цена: 600 динаров.

Язык: сербский.

Возраст: от трёх лет. Продолжительность сорок пять минут.

Организатор: Позориште лутака «Пинокио».","Ivica and Marica, known in English as Hansel and Gretel, are never alone. Not when they are lost in the enchanted forest, nor when they are trapped, tricked and bewildered by the witch. They always have each other, and after a long dark night they see the light again.

Director **Isidora Goncic** explains why children need frightening fairy tales: reading them we grow, face scary things and learn to overcome them together with the heroes. The characters include Fire, Night and a Gander.

Based on the Brothers Grimm, dramatised by Dorde Kosic, total design by Zorana Milosakovic Tasic, stage movement by Mirko Knezevic, music by Nemanja Mihajlovic. Lako Nikolic plays Ivica, Dragana Vasic Marica and Nela Nikolic the Witch, with Biljana Mihajlovic, Anita Stojadinovic, Jovan Popovic, Aleksandra Ristic and Ljubomir Ristic.

Price: 600 dinars.

Language: Serbian.

Age: three and up. Running time forty five minutes.

Organiser: Pinokio puppet theatre.","Ivica i Marica nisu sami. Ni kada su izgubljeni u začaranoj šumi, ni kada su zatočeni, prevareni i zbunjeni. Uvek imaju jedno drugo, a posle duge i teške noći ponovo ugledaju svetlo.

Rediteljka **Isidora Goncić** objašnjava zašto su deci potrebne i strašne bajke: čitajući ih rastemo, suočavamo se sa strašnim i zajedno sa junacima učimo da ga savladamo. Među likovima su i Vatra, Noć i Gusan.

Po motivima bajke braće Grim, dramatizacija Đorđe Kosić, total dizajn Zorana Milošaković-Tasić, scenski pokret Mirko Knežević, kompozitor Nemanja Mihajlović. Ivica je Lako Nikolić, Marica Dragana Vasić, Veštica Nela Nikolić, a igraju i Biljana Mihajlović, Anita Stojadinović, Jovan Popović, Aleksandra Ristić i Ljubomir Ristić.

Cena: 600 dinara.

Jezik: srpski.

Uzrast: od tri godine. Trajanje četrdeset pet minuta.

Organizator: Pozorište lutaka Pinokio.",17:00,600,Pozorište lutaka Pinokio,"Bulevar maršala Tolbuhina 1, Novi Beograd","44.830127,20.411863",https://pinokio.rs/%D0%B8%D0%B2%D0%B8%D1%86%D0%B0-%D0%B8-%D0%BC%D0%B0%D1%80%D0%B8%D1%86%D0%B0/,pinokio.rs,https://tickets.rs/event/ivica_i_marica_28600,Pozorište lutaka Pinokio,https://pinokio.rs/,,,3+,,,"кукольный театр, дети, братья Гримм, Пинокио, Нови-Београд","puppet theatre, kids, Brothers Grimm, Pinokio, Novi Beograd","lutkarsko pozorište, deca, braća Grim, Pinokio, Novi Beograd"
10/25/2026,10/25/2026,9/30/2026,1990,TheaterGroup,Pozorište lutaka Pinokio,https://pinokio.rs/,,ChildrensEvent,Кукольный спектакль «Зец и пас» в театре «Пинокио»,Zec i pas: a puppet show at the Pinokio theatre,Lutkarska predstava Zec i pas u pozorištu Pinokio,https://raw.githubusercontent.com/newsgl/arsposters/main/1990-LutkarskaPredstavaZecIPasU.webp,,Kids,"Заяц и пёс спорят, кому принадлежит дерево, и устраивают забег, чтобы это выяснить. Постановка словенца Силвана Омерзу, для детей от двух лет, сорок минут.","A hare and a dog argue over who owns a tree and settle it with a race. Staged by the Slovenian director Silvan Omerzu, for children from age two, forty minutes.","Zec i pas se spore čije je drvo i trku organizuju da to reše. Režija Slovenca Silvana Omerzua, za decu od dve godine, četrdeset minuta.","Спор двух героев звучит по-детски, но задаёт взрослый вопрос: можно ли вообще владеть деревом. Спектакль подводит к мысли, что вещи в природе не могут быть чьей-то собственностью, потому что принадлежат всем.

Разрешать спор герои решают забегом до дерева, и заодно выясняется, кто на самом деле быстрее. Результат оказывается неожиданным, а под деревом внезапно расцветает дружба. Отсюда и вывод: то, что мы любим, мы делим с друзьями.

Постановку сделал словенский режиссёр и художник Силван Омерзу, он же автор кукол и сценографии. Текст Саши Эржен, музыка Васко Атанасовского, перевод Небойши Поп-Тасича.

Спектакль идёт в двух составах: Нела Николич и Лако Николич либо Анита Бранкович и Джордже Креча.

Цена: 600 динаров.

Язык: сербский.

Возраст: от двух лет. Продолжительность сорок минут.","The argument between the two characters sounds childish but sets up an adult question: can a tree be owned at all. The show leads to the idea that things in nature cannot belong to anyone because they belong to everybody.

The pair decide to settle it with a race to the tree, which also answers who is genuinely faster. The result is a surprise, and friendship unexpectedly blooms under the tree. Hence the point of the story: what we love, we share with our friends.

The production is by the Slovenian director and artist Silvan Omerzu, who also made the puppets and the set. Text by Sasa Erzen, music by Vasko Atanasovski, translation by Nebojsa Pop Tasic.

The show runs with two casts: Nela Nikolic and Lako Nikolic, or Anita Brankovic and Dorde Kreca.

Price: 600 dinars.

Language: Serbian.

Age: two and up. Running time forty minutes.","Spor dvojice junaka zvuči dečje, ali postavlja odraslo pitanje: može li se drvo uopšte posedovati. Predstava vodi do zaključka da stvari u prirodi ne mogu biti posedovane jer pripadaju svima.

Spor rešavaju trkom do drveta, čime se usput saznaje ko je zaista brži. Rezultat je iznenađujući, a ispod drveta neočekivano procveta prijateljstvo. Otud i pouka: stvari koje volimo delimo sa prijateljima.

Predstavu potpisuje slovenački reditelj i likovni umetnik Silvan Omerzu, koji je i autor lutaka i scenografije. Tekst Saša Eržen, muzika Vasko Atanasovski, prevod Nebojša Pop-Tasić.

Predstava ide u dve podele: Nela Nikolić i Lako Nikolić ili Anita Branković i Đorđe Kreća.

Cena: 600 dinara.

Jezik: srpski.

Uzrast: od dve godine. Trajanje četrdeset minuta.",12:00,600,Pozorište lutaka Pinokio,"Bulevar maršala Tolbuhina 1, Novi Beograd","44.830127,20.411863",https://pinokio.rs/%D0%B7%D0%B5%D1%86-%D0%B8-%D0%BF%D0%B0%D1%81/,pinokio.rs,https://tickets.rs/event/zec_i_pas_28601,Pozorište lutaka Pinokio,https://pinokio.rs/,,,2+,,,"кукольный театр, дети, Силван Омерзу, Пинокио, дружба","puppet theatre, kids, Silvan Omerzu, Pinokio, friendship","lutkarsko pozorište, deca, Silvan Omerzu, Pinokio, prijateljstvo"
10/25/2026,10/25/2026,9/30/2026,1991,TheaterGroup,Pozorište lutaka Pinokio,https://pinokio.rs/,,ChildrensEvent,Кукольный спектакль «Витез Цврчак» в театре «Пинокио»,Vitez Cvrčak: a puppet show at the Pinokio theatre,Lutkarska predstava Vitez Cvrčak u pozorištu Pinokio,https://raw.githubusercontent.com/newsgl/arsposters/main/1991-LutkarskaPredstavaVitezCvrcakUPozoristu.webp,,Kids,"Сверчок мечтает стать рыцарем, но его меч так и остаётся смычком. Сказку строят прямо на глазах у зрителей, и дети выходят на сцену. 25 октября в 17:00, от двух лет, 40 минут, билет 600 динаров.","A cricket dreams of becoming a knight, but his sword stays a violin bow. The tale is built in front of the audience and children join in on stage. 25 October at 17:00, from age two, 40 minutes, tickets 600 dinars.","Cvrčak želi da postane vitez, ali njegov mač ostaje gudalo. Bajka se pravi pred decom, a deca igraju na sceni. 25. oktobra u 17.00, od dve godine, 40 minuta, karta 600 dinara.","Девочка и мальчик под музыку тащат на сцену огромный сундук, в котором лежит сказка. Они всё время спорят, и из этих споров прямо на глазах у детей рождается история, а вместе с ней и декорации.

Главный герой, Сверчок, больше всего на свете хочет стать рыцарем и спасать попавших в беду своим мечом-смычком, чтобы доказать, что он не просто сверчок, умеющий играть. Но меч так и остаётся смычком. Когда его музыка побеждает то, что казалось непобедимым, Сверчок принимает свою природу.

Дети участвуют в действии и играют на сцене, поэтому каждый показ проходит по-своему. Автор и режиссёр Цвете Янева, перевод Бранислава Кравлянаца, куклы, сценография и костюмы Стефанки Атанасковой. Играют Нела Николич, Желька Мандич, Милан Симич и Горан Попович.

Цена: 600 динаров.

Язык: сербский.

Возраст: от двух до семи лет. Продолжительность сорок минут.

Организатор: Позориште лутака «Пинокио».","A girl and a boy drag a huge chest onto the stage to the beat of the music, and inside it is a fairy tale. They argue all the time, and out of those arguments the story, and the set with it, is built in front of the children.

The hero, Cricket, wants more than anything to become a knight and rescue those in trouble with his sword, which is really a violin bow, to prove he is more than a cricket who can only play. Yet the sword stays a bow. When his music defeats what seemed unbeatable, Cricket accepts his own nature.

Children take part and act on stage, so no two performances are the same. Written and directed by Cvete Janeva, translated by Branislav Kravljanac, puppets, set and costumes by Stefanka Atanaskova. Performed by Nela Nikolic, Zeljka Mandic, Milan Simic and Goran Popovic.

Price: 600 dinars.

Language: Serbian.

Age: two to seven. Running time forty minutes.

Organiser: Pinokio puppet theatre.","Devojčica i dečak u ritmu muzike vuku ogroman sanduk u kome se nalazi bajka. Kroz njihov stalni konflikt stvara se priča, a scenografija se pravi pred samom decom.

Glavni junak je Cvrčak koji više od svega želi da postane vitez i da svojim mačem-gudalom spasava one u nevolji, da pokaže da je nešto više od običnog cvrčka koji ume samo da svira. Ali mač ostaje gudalo. Ipak, kada njegova muzika pobedi nepobedivo, Cvrčak prihvata svoju prirodu.

Deca učestvuju i glume na sceni, pa je svaka izvedba drugačija. Tekst i režija Cvete Janeva, prevod Branislav Kravljanac, lutke, scenografija i kostimi Stefanka Atanaskova. Igraju Nela Nikolić, Željka Mandić, Milan Simić i Goran Popović.

Cena: 600 dinara.

Jezik: srpski.

Uzrast: od dve do sedam godina. Trajanje četrdeset minuta.

Organizator: Pozorište lutaka Pinokio.",17:00,600,Pozorište lutaka Pinokio,"Bulevar maršala Tolbuhina 1, Novi Beograd","44.830127,20.411863",https://pinokio.rs/%D0%B2%D0%B8%D1%82%D0%B5%D0%B7-%D1%86%D0%B2%D1%80%D1%87%D0%B0%D0%BA/,pinokio.rs,https://tickets.rs/event/vitez_cvrcak_28602,Pozorište lutaka Pinokio,https://pinokio.rs/,,,2+,,,"кукольный театр, дети, интерактив, Пинокио, Нови-Београд","puppet theatre, kids, interactive, Pinokio, Novi Beograd","lutkarsko pozorište, deca, interaktivno, Pinokio, Novi Beograd"
10/27/2026,10/27/2026,9/30/2026,1992,TheaterGroup,Narodno pozorište u Beogradu,https://www.narodnopozoriste.rs/,,TheaterEvent,«Власть тьмы» Льва Толстого в постановке Игоря Вука Торбицы в Народном театре,"The Power of Darkness by Leo Tolstoy, directed by Igor Vuk Torbica, at the National Theatre",Carstvo mraka Lava Tolstoja u režiji Igora Vuka Torbice u Narodnom pozorištu,https://raw.githubusercontent.com/newsgl/arsposters/main/1992-CarstvoMrakaLavaTolstojaUReziji.webp,,Theatre,"Драма Толстого о работнике Никите, который всё глубже увязает в грехе, в постановке Игоря Вука Торбицы. 27 октября 2026, 20:30, сцена «Раша Плаович». Билеты от 300 до 2200 динаров.","Tolstoy’s drama about Nikita, a farmhand who sinks ever deeper into sin, staged by Igor Vuk Torbica. 27 October 2026, 20:30, Raša Plaović stage. Tickets 300 to 2200 dinars.","Tolstojeva drama o slugi Nikiti koji sve dublje tone u greh, u režiji Igora Vuka Torbice. 27. oktobar 2026, 20.30, scena „Raša Plaović“. Ulaznice od 300 do 2200 dinara.","Толстой взял сюжет из реальной уголовной хроники: крестьянин на свадьбе дочери публично признался во всех своих преступлениях. Так в 1886 году появилась «Власть тьмы» с подзаголовком «Коготок увяз, всей птичке пропасть». Цензура надолго закрыла пьесе дорогу на сцену.

Герой, молодой работник Никита, переходит от одного греха к другому, а женщины вокруг него двигают действие не меньше, чем он сам. Толстой не ищет психологических оправданий: он показывает нищету, из которой вырастает зло.

Адаптация Тияны Грумич и **Игоря Вука Торбицы**, музыка Ненада и Алена Синкаузов. Играют Ольга Оданович, Хана Селимович, Ваня Эйдус, Анастасия Мандич, Никола Вуйович, Ивана Шчепанович, Елена Благоевич и другие. Спектакль идёт с 2017 года, 2 часа без антракта.

Билеты от 300 (стоячие) до 2200 динаров.","Tolstoy took the plot from a real criminal case: a peasant who, at his daughter’s wedding, publicly confessed to every crime he had committed. The result, written in 1886, was The Power of Darkness, and censors kept it off the stage for years.

Its hero, the young farmhand Nikita, slides from one sin to the next, while the women around him drive the story as much as he does. Tolstoy offers no psychological excuses; he shows the poverty that evil grows out of.

Adapted by Tijana Grumić and **Igor Vuk Torbica**, music by Nenad and Alen Sinkauz. The cast includes Olga Odanović, Hana Selimović, Vanja Ejdus, Anastasia Mandić, Nikola Vujović, Ivana Šćepanović and Jelena Blagojević. In the repertoire since 2017; 2 hours, no interval.

Tickets from 300 dinars (standing) to 2200 dinars.","Tolstoj je zaplet uzeo iz stvarne hronike: seljak je na svadbi svoje ćerke javno priznao sve zločine koje je počinio. Tako je 1886. nastalo „Carstvo mraka“, koje je cenzura godinama držala daleko od scene.

Junak, mladi sluga Nikita, prelazi iz greha u greh, a žene oko njega pokreću radnju jednako koliko i on. Tolstoj ne traži psihološka opravdanja: pokazuje siromaštvo iz kog zlo izrasta.

Adaptacija Tijana Grumić i **Igor Vuk Torbica**, muzika Nenad i Alen Sinkauz. Igraju Olga Odanović, Hana Selimović, Vanja Ejdus, Anastasia Mandić, Nikola Vujović, Ivana Šćepanović, Jelena Blagojević i drugi. Predstava je na repertoaru od 2017. i traje 2 sata bez pauze.

Ulaznice od 300 (stajanje) do 2200 dinara.",20:30,300,Narodno pozorište u Beogradu,"Francuska 3, 11000 Beograd","44.817006,20.461005",https://repertoar.rs/predstave/carstvo-mraka/,repertoar.rs,https://www.narodnopozoriste.rs/lat/ulaznice/odabir-ulaznica?p=6428,Narodno pozorište u Beogradu,https://www.narodnopozoriste.rs/,,,,,,"театр, драма, Лев Толстой, русская классика, Народный театр","theatre, drama, Leo Tolstoy, Russian classics, National Theatre","pozorište, drama, Lav Tolstoj, ruska klasika, Narodno pozorište"
10/28/2026,10/28/2026,9/30/2026,1993,TheaterGroup,Narodno pozorište u Beogradu,https://www.narodnopozoriste.rs/,,TheaterEvent,«Наш класс» Тадеуша Слободзянека: история десяти одноклассников в Народном театре,Our Class by Tadeusz Słobodzianek: ten classmates and a crime at the National Theatre,Naš razred Tadeuša Slobođaneka: priča o desetoro školskih drugova u Narodnom pozorištu,https://raw.githubusercontent.com/newsgl/arsposters/main/1993-NasRazredTadeusaSlobodjanekaPricaO.webp,,Theatre,"Пьеса польского драматурга о десяти одноклассниках, поляках и евреях, основанная на событиях в местечке Едвабне в 1941 году. Постановка Татьяны Мандич Ригонат. 28 октября 2026, 20:30, сцена «Раша Плаович». Билеты от 300 до 2200 динаров.","A Polish play about ten classmates, Poles and Jews, based on the events in the village of Jedwabne in 1941. Directed by Tatjana Mandić Rigonat. 28 October 2026, 20:30, Raša Plaović stage. Tickets 300 to 2200 dinars.","Drama poljskog pisca o desetoro školskih drugova, Poljaka i Jevreja, zasnovana na događajima u selu Jedvabne 1941. Režija Tatjana Mandić Rigonat. 28. oktobar 2026, 20.30, scena „Raša Plaović“. Ulaznice od 300 do 2200 dinara.","В 1941 году в польском местечке Едвабне евреев убивали не нацисты, а соседи. Люди, с которыми они сидели за одной партой и праздновали дни рождения.

**Тадеуш Слободзянек** рассказывает эту историю через десять одноклассников, пятерых поляков и пятерых евреев, от детства до глубокой старости. Дружба трещит под давлением пропаганды, страха и ненависти. Пьеса получила главную польскую литературную премию «Нике», впервые была поставлена в Лондоне и с тех пор идёт по всему миру.

В белградской версии **Татьяны Мандич Ригонат** заняты Нина Нешкович, Елена Благоевич, Сузана Лукич, Вучич Перович, Недим Незирович, Данило Лончаревич, Петар Стругар, Душан Матеич, Драган Секулич и Йован Йованович. Живую музыку играют кларнет, скрипка и аккордеон. Спектакль идёт с 2023 года, 2 часа без антракта.

Билеты от 300 (стоячие) до 2200 динаров.","In 1941, in the Polish village of Jedwabne, Jews were murdered not by the Nazis but by their neighbours: people they had shared school desks and birthdays with.

**Tadeusz Słobodzianek** tells the story through ten classmates, five Poles and five Jews, from childhood to old age, as friendships crack under propaganda, fear and hatred. The play won Poland’s top literary award, the Nike, premiered in London and has since been staged around the world.

In **Tatjana Mandić Rigonat**’s Belgrade production the cast includes Nina Nešković, Jelena Blagojević, Suzana Lukić, Vučić Perović, Nedim Nezirović, Danilo Lončarević, Petar Strugar, Dušan Matejić, Dragan Sekulić and Jovan Jovanović, with live clarinet, violin and accordion. In the repertoire since 2023; 2 hours, no interval.

Tickets from 300 dinars (standing) to 2200 dinars.","U poljskom selu Jedvabne 1941. Jevreje nisu ubijali nacisti, već komšije. Ljudi sa kojima su sedeli u istoj klupi i slavili rođendane.

**Tadeuš Slobođanek** tu priču pripoveda kroz desetoro školskih drugova, petoro Poljaka i petoro Jevreja, od detinjstva do duboke starosti, dok prijateljstva pucaju pod teretom propagande, straha i mržnje. Drama je dobila najznačajniju poljsku književnu nagradu „Nike“, praizvedena je u Londonu i od tada se igra širom sveta.

U beogradskoj verziji **Tatjane Mandić Rigonat** igraju Nina Nešković, Jelena Blagojević, Suzana Lukić, Vučić Perović, Nedim Nezirović, Danilo Lončarević, Petar Strugar, Dušan Matejić, Dragan Sekulić i Jovan Jovanović, uz klarinet, violinu i harmoniku uživo. Na repertoaru je od 2023, traje 2 sata bez pauze.

Ulaznice od 300 (stajanje) do 2200 dinara.",20:30,300,Narodno pozorište u Beogradu,"Francuska 3, 11000 Beograd","44.817006,20.461005",https://repertoar.rs/predstave/nas-razred/,repertoar.rs,https://www.narodnopozoriste.rs/lat/ulaznice/odabir-ulaznica?p=6429,Narodno pozorište u Beogradu,https://www.narodnopozoriste.rs/,,,,,,"театр, драма, Холокост, польская драматургия, Народный театр","theatre, drama, Holocaust, Polish drama, National Theatre","pozorište, drama, Holokaust, poljska drama, Narodno pozorište"
10/29/2026,10/29/2026,9/30/2026,1994,Person,Žikica Simić i Dragan Ambrozić,https://domomladine.org/,,EducationEvent,"«Золотые годы»: Simon & Garfunkel и Donovan, лучшие альбомы XX века в Доме молодёжи",Zlatne godine: Simon & Garfunkel and Donovan in the best albums of the 20th century series at Dom omladine,Zlatne godine: Simon & Garfunkel i Donovan u ciklusu o najboljim albumima 20. veka u Domu omladine,https://raw.githubusercontent.com/newsgl/arsposters/main/1994-ZlatneGodineSimonGarfunkelIDonovan.webp,,Lectures,"58-й вечер цикла о великих альбомах: Жикица Симич и Драган Амброзич слушают и обсуждают «Sounds of Silence» Simon & Garfunkel и «Sunshine Superman» Донована. 29 октября в 18:00, Трибунный зал. На сербском языке.","The 58th evening of the great albums series: Žikica Simić and Dragan Ambrozić play and discuss Simon & Garfunkel’s Sounds of Silence and Donovan’s Sunshine Superman. 29 October at 18:00, Tribinska sala. In Serbian.","58. veče ciklusa o velikim albumima: Žikica Simić i Dragan Ambrozić donose ploče „Sounds of Silence“ Simona i Garfunkela i „Sunshine Superman“ Donovana. 29. oktobra u 18.00, Tribinska sala.","Цикл **«Золотые годы»** в Доме молодёжи разбирает важнейшие альбомы поп- и рок-музыки XX века: пластинки слушают вместе, эксперты рассказывают об их месте в истории, потом к разговору подключается зал. Пластинки приносят музыкальные критики **Жикица Симич и Драган Амброзич**.

Вечер посвящён двум авторам-исполнителям шестидесятых. Второй альбом Simon & Garfunkel «Sounds of Silence» (1966) перевёл городской фолк в поп: сплетение двух голосов, акустические гитары и мелодии, из которых потом выросла серия хитов.

«Sunshine Superman» (1966), третий альбом шотландца Донована, стал его самой успешной и важной работой. На нём фолк впервые встретился с психоделией, джазом, кельтскими мотивами и рага-роком, а в текстах появились темы восточной мудрости, средневековых баллад и защиты природы, позже ставшие словарём хиппи.

На сербском языке.

Организатор: Дом молодёжи Белграда.","The **Zlatne godine** (Golden Years) series at Dom omladine revisits the key pop and rock albums of the 20th century: the records are played, experts place them in history, and then the audience joins the conversation. The records are brought by music critics **Žikica Simić and Dragan Ambrozić**.

This evening is about two singer-songwriters of the sixties. Simon & Garfunkel’s second album, Sounds of Silence (1966), turned urban folk into pop with interlaced voices, acoustic guitars and melodies that led to a run of hits.

Sunshine Superman (1966), the third album by Scottish-born Donovan, is his most successful and most important work. It was among the first to mix folk with psychedelia, jazz, Celtic folk and raga rock, and its lyrics on Eastern wisdom, medieval ballads and nature anticipated the hippie vocabulary.

In Serbian.

Organiser: Dom omladine Beograda.","Ciklus **„Zlatne godine“** u Domu omladine predstavlja najvažnije albume rok i pop muzike 20. veka: ploče se slušaju, stručnjaci ih smeštaju na njihovo istorijsko mesto, a zatim se u razgovor uključuje publika. Ploče donose **Žikica Simić i Dragan Ambrozić**.

Veče je posvećeno velikim kantautorima šezdesetih. Drugim albumom „Sounds of Silence“ (1966) Simon i Garfunkel pretvorili su urbani folk u pop muziku: slaganje glasova, akustične gitare i melodije iz kojih je usledio niz hitova.

„Sunshine Superman“ (1966), treći album kantautora škotskog porekla Donovana, njegovo je najuspešnije i istorijski najvažnije delo. Na njemu se urbani folk spaja sa psihodelijom, džezom, keltskim folkom i raga-rokom, a teme istočnjačke mudrosti, srednjovekovnih balada i očuvanja prirode kasnije će definisati hipi pokret.

Organizator: Dom omladine Beograda.",18:00,,Dom omladine Beograda,"Makedonska 22, Beograd","44.815407,20.462793",https://domomladine.org/debate/zlatne-godine-najbolji-muzicki-albumi-20-veka-58/,domomladine.org,https://efinity.rs/,Dom omladine Beograda,https://domomladine.org/,,,,,,"музыка, лекция, рок, история музыки, Дом молодёжи","music, talk, rock, music history, Dom omladine","muzika, tribina, rok, istorija muzike, Dom omladine"
10/30/2026,10/30/2026,9/30/2026,1995,Organization,Immersive World Production,https://efinity.rs/event-details/lucidity_triptych_31868,,TheaterEvent,Lucidity Triptych: иммерсивный спектакль на английском в Pinecone Theater,Lucidity Triptych: immersive theatre in English at Pinecone Theater,Lucidity Triptych: imerzivna predstava na engleskom u Pinecone teatru,https://raw.githubusercontent.com/newsgl/arsposters/main/1995-LucidityTriptychImerzivnaPredstavaNaEngl.webp,,Theatre,"Иммерсивный спектакль для 22 зрителей в трёхэтажном доме начала XX века: три сна писателя Вильгельма идут одновременно, и каждый выбирает, за кем следовать. На английском языке, 18+. 30 октября, 19:00, билет от 6434 динаров.","An immersive show for 22 spectators in an early 20th-century three-storey house: the writer Wilhelm’s three dreams run at once and you choose whom to follow. In English, adults only. 30 October, 19:00, tickets from 6434 dinars.","Imerzivna predstava za 22 gledaoca u trospratnoj kući s početka 20. veka: tri sna pisca Vilhelma odvijaju se istovremeno, a publika bira koga prati. Na engleskom jeziku, za odrasle. 30. oktobar u 19.00, karte od 6434 dinara.","Посмотреть весь спектакль за один раз физически нельзя: три сна главного героя играются одновременно на разных этажах. Зритель сам решает, идти за сновидцем, за одним из персонажей его снов или переходить между ними.

История вдохновлена «Рождением трагедии» Ницше и архетипами Юнга. Вильгельм, писатель под сорок, за одну ночь и три сна сталкивается с неразрешёнными конфликтами прошлого и семейной травмой. Драма соединяется с музыкальным театром: две оперные певицы исполняют фрагменты из «Русалки», «Кармен» и «Сказок Гофмана», всё действие звучит живая арфа. Можно трогать реквизит, говорить с персонажами, чувствовать запахи, а в баре на первом этаже подают коктейли по мотивам героев.

Режиссёр **Ана Буняк**, сценарий Александра Пруджана, музыкальный руководитель Стефан Зекич. Перед началом каждому объясняют, как перемещаться.

Спектакль на английском языке, для взрослых.

Цена: обычный билет 6434 динара (с приветственным напитком), Golden 7604, VIP 13 923, билет на двоих Celebration 16 300 динаров.

Организатор: Immersive World Production.","You physically can’t see the whole show in one go: the hero’s three dreams play out at the same time on different floors. Each spectator decides whether to follow the dreamer, shadow one of the dream characters or move between perspectives.

Inspired by Nietzsche’s The Birth of Tragedy and Jung’s archetypes, the piece follows Wilhelm, a writer nearing forty, who over one night and three dreams faces unresolved conflicts and family trauma. Drama meets music theatre: two opera singers perform excerpts from Rusalka, Carmen and The Tales of Hoffmann, and a harpist plays live throughout. You can handle props, interact with characters and smell the scenes, and the bar on the ground floor serves cocktails inspired by the characters.

Directed by **Ana Bunjak**, written by Aleksandar Pruđan, music direction by Stefan Zekić. Everyone gets instructions on how to move through the story before it begins.

In English, for adult audiences.

Price: regular ticket 6434 dinars (with a welcome drink), Golden 7604, VIP 13,923, Celebration for two 16,300 dinars.

Organizer: Immersive World Production.","Celu predstavu fizički nije moguće videti u jednom gledanju: tri sna glavnog junaka odvijaju se istovremeno na različitim spratovima. Svako bira da li će pratiti sanjara, nekog od likova iz snova ili se kretati između više perspektiva.

Inspirisana Ničeovim Rađanjem tragedije i Jungovom teorijom arhetipova, priča prati Vilhelma, pisca pred četrdesetu, koji se tokom jedne noći i tri sna suočava sa nerazrešenim sukobima i porodičnom traumom. Drama se spaja sa muzičkim pozorištem: dve operske pevačice izvode odlomke iz Rusalke, Karmen i Hofmanovih priča, a harfa svira uživo sve vreme. Publika može da dira rekvizite, razgovara sa likovima, oseti mirise, a u baru u prizemlju služe se kokteli inspirisani junacima.

Režija **Ana Bunjak**, scenario Aleksandar Pruđan, muzička režija Stefan Zekić. Pre početka svi dobijaju uputstva kako da se kreću kroz priču.

Na engleskom jeziku, za odraslu publiku.

Cena: regularna karta 6434 dinara (uz piće dobrodošlice), Golden 7604, VIP 13.923, Celebration za dvoje 16.300 dinara.

Organizator: Immersive World Production.",19:00,6434,Pinecone Bar & Theater,"Vladete Jerotića 5, Beograd","44.815007,20.471727",https://efinity.rs/event-details/lucidity_triptych_31868,efinity.rs,https://efinity.rs/event-details/lucidity_triptych_31868,Immersive World Production,https://efinity.rs/event-details/lucidity_triptych_31868,,,18+,,,"театр, иммерсивный театр, на английском, опера, Pinecone","theatre, immersive theatre, in English, opera, Pinecone","pozorište, imerzivno pozorište, na engleskom, opera, Pinecone"
10/30/2026,10/30/2026,9/30/2026,1996,TheaterGroup,Teatar Vuk,https://teatarvuk.rs/,,TheaterEvent,«В ожидании Годо» в прочтении Луки Миятовича в Театре Вук,Waiting for Godot directed by Luka Mijatović at Teatar Vuk,Čekajući Godoa u režiji Luke Mijatovića u Teatru Vuk,https://raw.githubusercontent.com/newsgl/arsposters/main/1996-CekajuciGodoaURezijiLukeMijatovica.webp,,Theatre,"Пьеса Беккета, где вместо Владимира и Эстрагона ждут молодые люди, уставшие от лишней информации и тревоги. 30 октября, 19:30, сцена «Культ», билет 1000 динаров.","Beckett’s play reimagined with young people doing the waiting, weighed down by information overload and anxiety. 30 October, 19:30, Kult stage, ticket 1000 dinars.","Beketov komad u kome čekaju mladi ljudi, pretrpani informacijama i brigama. 30. oktobar u 19.30, scena Kult, karta 1000 dinara.","У Беккета Владимир и Эстрагон ждут таинственного Годо, который так и не приходит, а их разговоры ходят по кругу. Иногда к ним присоединяются Поццо и Лаки, и вместе они выясняют, есть ли смысл в жизни, в дружбе и в самом ожидании, которое мешает людям взять жизнь в свои руки.

Режиссёр **Лука Миятович** отдал эти вопросы молодым. Их тревоги рождаются из переизбытка информации и ритма современной жизни, сюда же приходят травмы, переданные через поколения, коллективный бунт и апатия. Публика узнаёт в героях часть своих забот.

Играют Огнен Мичович, Алекса Маркович, Сергей Петрович и Петар Лазаревич.

Цена: 1000 динаров.","In Beckett’s play Vladimir and Estragon wait for the mysterious Godot, who never comes, while their talk circles endlessly. Pozzo and Lucky join them from time to time as they probe the meaning of life, friendship and waiting itself, which keeps people from taking control of their own lives.

Director **Luka Mijatović** hands these questions to young people. Their anxieties come from information overload and the pace of modern life, along with intergenerational trauma, collective revolt and apathy. The audience recognises some of its own worries in them.

Cast: Ognjen Mićović, Aleksa Marković, Sergej Petrović and Petar Lazarević.

Price: 1000 dinars.","Kod Beketa Vladimir i Estragon čekaju misterioznog Godoa koji nikako ne dolazi, a njihovi dijalozi se vrte u krug. Povremeno im se pridružuju Pozo i Laki, pa zajedno istražuju smisao života, prijateljstva i samog čekanja koje ljude sprečava da preuzmu kontrolu nad svojim životima.

Reditelj **Luka Mijatović** ta pitanja daje mladima. Njihove brige dolaze od prezasićenosti informacijama i modernog života, a tu su i transgeneracijske traume, kolektivni bunt i apatija. Publika u junacima pronalazi i delić svojih briga.

Igraju Ognjen Mićović, Aleksa Marković, Sergej Petrović i Petar Lazarević.

Cena: 1000 dinara.",19:30,1000,Teatar Vuk,"Bulevar kralja Aleksandra 77a, Beograd","44.803743,20.481278",https://repertoar.rs/predstave/cekajuci-godoa/,repertoar.rs,https://bilet.teatarvuk.rs/scena.php?prostorterminid=973,Teatar Vuk,https://teatarvuk.rs/,,,,,,"театр, Театр Вук, Беккет, драма, молодёжный театр","theatre, Teatar Vuk, Beckett, drama, youth theatre","pozorište, Teatar Vuk, Beket, drama, mladi"
10/30/2026,10/30/2026,9/30/2026,1997,TheaterGroup,Narodno pozorište u Beogradu,https://www.narodnopozoriste.rs/,,TheaterEvent,«Дервиш и смерть» по роману Меши Селимовича на Большой сцене Народного театра,The Dervish and Death after Meša Selimović on the Main Stage of the National Theatre,Derviš i smrt po romanu Meše Selimovića na Velikoj sceni Narodnog pozorišta,https://raw.githubusercontent.com/newsgl/arsposters/main/1997-DervisISmrtPoRomanuMese.webp,,Theatre,"Инсценировка романа Меши Селимовича в постановке Эгона Савина, в роли дервиша Ахмеда Нурудина Никола Ристановски. 30 октября 2026, 20:00, Большая сцена. Билеты от 300 до 2800 динаров.","Egon Savin’s staging of Meša Selimović’s novel, with Nikola Ristanovski as the dervish Ahmed Nurudin. 30 October 2026, 20:00, Main Stage. Tickets 300 to 2800 dinars.","Dramatizacija romana Meše Selimovića u režiji Egona Savina, derviša Ahmeda Nurudina igra Nikola Ristanovski. 30. oktobar 2026, 20.00, Velika scena. Ulaznice od 300 do 2800 dinara.","Шейх текии Ахмед Нурудин всю жизнь держался в стороне от мира, пока власть не арестовала его брата. Попытка добиться правды меняет самого дервиша, и роман Меши Селимовича становится историей о человеке, власти и страхе.

Инсценировку Борислава Михайловича Михиза адаптировал и поставил **Эгон Савин**. Премьера прошла в 2008 году, спектакль получил награды в Сербии и за рубежом, его посмотрели более 50 тысяч зрителей.

Главную роль играет македонский актёр **Никола Ристановски**. С ним на сцене Ненад Стойменович, Александар Джурица, Зорана Бечич Джорджевич, Любомир Бандович, Борис Пингович, Слободан Бештич и другие. Музыка Зорана Христича. Длительность 2 часа 15 минут без антракта.

Билеты от 300 до 2800 динаров.","Sheikh Ahmed Nurudin has spent his life apart from the world in his tekke, until the authorities arrest his brother. Trying to get at the truth changes the dervish himself, and Meša Selimović’s novel becomes a story about a man, power and fear.

**Egon Savin** adapted and directed Borislav Mihajlović Mihiz’s dramatisation. The production premiered in 2008, has won awards at home and abroad and has been seen by more than 50,000 people.

Macedonian actor **Nikola Ristanovski** plays the lead, alongside Nenad Stojmenović, Aleksandar Đurica, Zorana Bećić Đorđević, Ljubomir Bandović, Boris Pingović, Slobodan Beštić and others. Music by Zoran Hristić. Running time 2 hours 15 minutes, no interval.

Tickets from 300 to 2800 dinars.","Šejh Ahmed Nurudin ceo život provodi po strani od sveta, u tekiji, sve dok vlast ne uhapsi njegovog brata. Pokušaj da dođe do istine menja samog derviša, a roman Meše Selimovića postaje priča o čoveku, vlasti i strahu.

Dramatizaciju Borislava Mihajlovića Mihiza adaptirao je i režirao **Egon Savin**. Premijera je bila 2008, predstava je nagrađivana u zemlji i inostranstvu i videlo ju je više od 50.000 gledalaca.

Glavnu ulogu igra makedonski glumac **Nikola Ristanovski**, a uz njega Nenad Stojmenović, Aleksandar Đurica, Zorana Bećić Đorđević, Ljubomir Bandović, Boris Pingović, Slobodan Beštić i drugi. Muzika Zoran Hristić. Traje 2 sata i 15 minuta bez pauze.

Ulaznice od 300 do 2800 dinara.",20:00,300,Narodno pozorište u Beogradu,"Francuska 3, 11000 Beograd","44.817006,20.461005",https://repertoar.rs/predstave/dervis-i-smrt/,repertoar.rs,https://www.narodnopozoriste.rs/lat/ulaznice/odabir-ulaznica?p=6411,Narodno pozorište u Beogradu,https://www.narodnopozoriste.rs/,,,,,,"театр, драма, Меша Селимович, классика, Народный театр","theatre, drama, Meša Selimović, classics, National Theatre","pozorište, drama, Meša Selimović, klasika, Narodno pozorište"
10/31/2026,10/31/2026,9/30/2026,1998,TheaterGroup,Narodno pozorište u Beogradu,https://www.narodnopozoriste.rs/,,TheaterEvent,«Покондирена тиква» Стерии Поповича с Наташей Нинкович в Народном театре,Pokondirena tikva by Sterija Popović with Nataša Ninković at the National Theatre,Pokondirena tikva Jovana Sterije Popovića sa Natašom Ninković u Narodnom pozorištu,https://raw.githubusercontent.com/newsgl/arsposters/main/1998-PokondirenaTikvaJovanaSterijePopovicaSa.webp,,Theatre,"Комедия Йована Стерии Поповича о вдове Феме, которая изо всех сил изображает знатную даму. Постановка Ивы Милошевич, Фему играет Наташа Нинкович. 31 октября 2026, 20:30, сцена «Раша Плаович». Билеты от 300 до 2200 динаров.","Jovan Sterija Popović’s comedy about Fema, a widow desperate to pass as a noble lady. Directed by Iva Milošević, with Nataša Ninković as Fema. 31 October 2026, 20:30, Raša Plaović stage. Tickets 300 to 2200 dinars.","Sterijina komedija o udovici Femi koja po svaku cenu glumi plemenitu gospođu. Režija Iva Milošević, Femu igra Nataša Ninković. 31. oktobar 2026, 20.30, scena „Raša Plaović“. Ulaznice od 300 do 2200 dinara.","Фема овдовела и получила наследство. Теперь ей хочется в высший свет: она выдумывает себе знатное происхождение, пересыпает речь иностранными словами и становится посмешищем для всех вокруг.

Комедия **Йована Стерии Поповича** давно в школьной программе, а «покондирена тиква» стала в сербском нарицательным словом для выскочки. Новая версия в Народном театре идёт с сентября 2024 года.

Фему играет **Наташа Нинкович**. По её словам, нынешние Фемы гонятся за модой без чувства меры и «облагораживают» себя грубостью к другим. На сцене также Ива Миланович, Слободан Бештич, Ивана Шчепанович, Александар Вучкович, Сена Джорович, Александар Джурица и Драган Секулич. Режиссёр Ива Милошевич, сценограф Горчин Стоянович. Спектакль идёт 1 час 30 минут без антракта.

Билеты от 300 (стоячие) до 2200 динаров.","Fema has been widowed and left with money. Now she wants into high society: she invents a noble lineage, peppers her speech with foreign words and becomes a laughing stock for everyone around her.

**Jovan Sterija Popović**’s comedy is a school-curriculum classic, and its title has become a Serbian byword for a pretentious upstart. The National Theatre’s new version has been running since September 2024.

**Nataša Ninković** plays Fema. In her view, today’s Femas chase fashion without any sense of measure and “ennoble” themselves by treating others crudely. Also on stage: Iva Milanović, Slobodan Beštić, Ivana Šćepanović, Aleksandar Vučković, Sena Đorović, Aleksandar Đurica and Dragan Sekulić. Directed by Iva Milošević, set design by Gorčin Stojanović. Running time 1 hour 30 minutes, no interval.

Tickets from 300 dinars (standing) to 2200 dinars.","Fema je ostala udovica sa nasledstvom. Sada bi u visoko društvo: izmišlja plemićko poreklo, kiti govor stranim rečima i postaje predmet podsmeha svima oko sebe.

Komedija **Jovana Sterije Popovića** odavno je školska lektira, a „pokondirena tikva“ je postala opšti pojam. Nova verzija je na repertoaru Narodnog pozorišta od septembra 2024.

Femu igra **Nataša Ninković**. Kako sama kaže, današnje Feme nisu samo zaglibile u pomodarstvo, već svoj duh „oplemenjuju“ primitivnim i agresivnim odnosom prema drugima. Igraju i Iva Milanović, Slobodan Beštić, Ivana Šćepanović, Aleksandar Vučković, Sena Đorović, Aleksandar Đurica i Dragan Sekulić. Režija Iva Milošević, scenografija Gorčin Stojanović. Predstava traje 1 sat i 30 minuta bez pauze.

Ulaznice od 300 (stajanje) do 2200 dinara.",20:30,300,Narodno pozorište u Beogradu,"Francuska 3, 11000 Beograd","44.817006,20.461005",https://repertoar.rs/predstave/pokondirena-tikva/,repertoar.rs,https://www.narodnopozoriste.rs/lat/ulaznice/odabir-ulaznica?p=6431,Narodno pozorište u Beogradu,https://www.narodnopozoriste.rs/,,,,,,"театр, комедия, Стерия Попович, сербская классика, Народный театр","theatre, comedy, Sterija Popović, Serbian classics, National Theatre","pozorište, komedija, Jovan Sterija Popović, srpska klasika, Narodno pozorište"
10/31/2026,10/31/2026,9/30/2026,1999,TheaterGroup,Jugoslovensko dramsko pozorište,https://www.jdp.rs/,,TheaterEvent,«Странствующий театр Шопаловичей» Любомира Симовича в Югославском драматическом театре,Putujuće pozorište Šopalović: Ljubomir Simović’s play at Yugoslav Drama Theatre,Putujuće pozorište Šopalović u Jugoslovenskom dramskom pozorištu,https://raw.githubusercontent.com/newsgl/arsposters/main/1999-PutujucePozoristeSopalovicUJugoslovensko.webp,,Theatre,"Драма Любомира Симовича о бродячей труппе в оккупированной Сербии в постановке Ягоша Марковича. Играют Драган Бьелогрлич, Ненад Ездич, Ольга Оданович. 31 октября, 20:00, Большая сцена «Люба Тадич», билеты 600 и 2000 динаров.","Ljubomir Simović’s drama about a travelling troupe in occupied Serbia, directed by Jagoš Marković. With Dragan Bjelogrlić, Nenad Jezdić and Olga Odanović. 31 October, 20:00, Ljuba Tadić main stage, tickets 600 and 2000 dinars.","Drama Ljubomira Simovića o putujućoj trupi u okupiranoj Srbiji, u režiji Jagoša Markovića. Igraju Dragan Bjelogrlić, Nenad Jezdić i Olga Odanović. 31. oktobar u 20.00, Velika scena „Ljuba Tadić“, karte 600 i 2000 dinara.","Пьеса Любомира Симовича впервые вышла на сцену в 1985 году и с тех пор считается одной из главных сербских драм. Бродячая труппа приезжает в провинциальный городок в оккупированной Сербии времён Второй мировой, и театр оказывается там, где правят страх, смерть и дурные новости.

ЮДП выпустил новую постановку в марте 2020 года. Многие называют её спектаклем жизни режиссёра **Ягоша Марковича**.

В большом составе **Драган Бьелогрлич**, Ненад Ездич, Ольга Оданович / Ясна Джуричич, Марко Янкетич, Йована Белович, Анита Манчич, Любомир Бандович, Санья Маркович, Ирфан Менсур, Милош Самолов и другие.

Цена: 600 и 2000 динаров.","Ljubomir Simović’s play premiered in 1985 and has long been counted among the key Serbian dramas. A travelling troupe arrives in a provincial town in occupied Serbia during the Second World War, and theatre finds itself where fear, death and bad news rule.

The Yugoslav Drama Theatre opened its new production in March 2020, and many call it director **Jagoš Marković**’s finest work.

The large cast includes **Dragan Bjelogrlić**, Nenad Jezdić, Olga Odanović / Jasna Đuričić, Marko Janketić, Jovana Belović, Anita Mančić, Ljubomir Bandović, Sanja Marković, Irfan Mensur, Miloš Samolov and others.

Price: 600 and 2000 dinars.","Drama Ljubomira Simovića premijerno je izvedena 1985. i od tada važi za jedan od ključnih srpskih komada. Putujuća trupa stiže u palanku u okupiranoj Srbiji tokom Drugog svetskog rata, a pozorište se nalazi tamo gde vladaju strah, smrt i loše vesti.

Na Velikoj sceni JDP-a nova postavka premijerno je izvedena u martu 2020, a mnogi je smatraju predstavom života reditelja **Jagoša Markovića**.

U velikoj podeli su **Dragan Bjelogrlić**, Nenad Jezdić, Olga Odanović / Jasna Đuričić, Marko Janketić, Jovana Belović, Anita Mančić, Ljubomir Bandović, Sanja Marković, Irfan Mensur, Miloš Samolov i drugi.

Cena: 600 i 2000 dinara.",20:00,600,Jugoslovensko dramsko pozorište,"Kralja Milana 50, 11000 Beograd","44.805332,20.464847",https://repertoar.rs/predstave/putujuce-pozoriste-sopalovic/,repertoar.rs,https://www.jdp.rs/,Jugoslovensko dramsko pozorište,https://www.jdp.rs/,,,,,,"театр, ЮДП, Любомир Симович, Ягош Маркович, драма","theatre, JDP, Ljubomir Simović, Jagoš Marković, drama","pozorište, JDP, Ljubomir Simović, Jagoš Marković, drama"
10/31/2026,10/31/2026,9/30/2026,2000,TheaterGroup,Pozorište lutaka Pinokio,https://pinokio.rs/,,ChildrensEvent,Театр теней «Луна Луна парк» в театре «Пинокио»,Luna Luna Park: a shadow theatre show at the Pinokio theatre,Predstava senki Luna Luna Park u pozorištu Pinokio,https://raw.githubusercontent.com/newsgl/arsposters/main/2000-PredstavaSenkiLunaLunaParkU.webp,,Kids,"Спектакль в технике теней по книге Гидеона Стерера: город строит парк аттракционов на диком острове, не спросив у зверей, которые там живут. От трёх лет.",A shadow theatre piece after the book by Gideon Sterer: a city builds a funfair on a wild island without asking the animals who live there. From age three.,"Predstava senki po knjizi Gideona Sterera: grad gradi luna park na divljem ostrvu, ne pitajući životinje koje tu žive. Od tri godine.","В начале лета кому-то в городе приходит в голову блестящая идея: построить самый прекрасный парк аттракционов на свете, где будут веселиться и дети, и взрослые. Идеальное место находится быстро, это большой остров посреди реки.

Вопрос, который в городе никто не задал: а что об этом думают животные, которые живут на нетронутом острове.

Спектакль поставлен в технике театра теней. Восемь актёров рассказывают историю, о которой уже никто не помнит, случилась она на самом деле или нет, и оживляют её светом, тенями и цветом. Режиссёр Фабрицио Монтеки, драматург Энрика Карини, куклы Габриэля Дженовы, музыка Николы Лекича.

По словам режиссёра, за игровой и поэтичной формой здесь мягко открывается тема отношения человека к природе и животным.

Цена: 600 динаров.

Язык: сербский.

Возраст: от трёх лет. Продолжительность пятьдесят минут.","At the start of summer somebody in the city has a brilliant idea: to build the finest funfair ever seen, a place where children and adults alike can enjoy themselves. The perfect site is found quickly, a large island in the middle of the river.

The question nobody in the city asked: what do the animals living on that untouched island think about it.

The show is staged as shadow theatre. Eight performers tell a story that nobody can any longer say really happened, bringing it to life through light, shadow and colour. Directed by Fabrizio Montecchi, dramaturgy by Enrica Carini, puppets by Gabriele Genova, music by Nikola Lekic.

The director describes it as a playful, poetic piece that quietly opens up the question of how people treat nature and animals.

Price: 600 dinars.

Language: Serbian.

Age: three and up. Running time fifty minutes.","Početkom leta nekome u gradu pada na pamet sjajna ideja: da se izgradi najdivniji zabavni park ikada viđen, mesto gde će i deca i odrasli moći da uživaju. Savršeno mesto se nalazi brzo, veliko ostrvo usred reke.

Pitanje koje u gradu niko nije postavio: šta o tome misle životinje koje žive na tom netaknutom ostrvu.

Predstava je postavljena u tehnici pozorišta senki. Osam izvođača priča priču za koju više niko ne zna da li se zaista dogodila, oživljavajući je svetlom, senkama i bojom. Režija Fabricio Monteki, dramaturgija Enrika Karini, lutke Gabrijel Đenova, muzika Nikola Lekić.

Po rečima reditelja, kroz razigranu i poetsku formu suptilno se otvara tema čovekovog odnosa prema prirodi i životinjama.

Cena: 600 dinara.

Jezik: srpski.

Uzrast: od tri godine. Trajanje pedeset minuta.",12:00,600,Pozorište lutaka Pinokio,"Bulevar maršala Tolbuhina 1, Novi Beograd","44.830127,20.411863",https://pinokio.rs/%D0%BB%D1%83%D0%BD%D0%B0-%D0%BB%D1%83%D0%BD%D0%B0-%D0%BF%D0%B0%D1%80%D0%BA/,pinokio.rs,https://tickets.rs/event/luna_luna_park_28603,Pozorište lutaka Pinokio,https://pinokio.rs/,,,3+,,,"кукольный театр, театр теней, дети, Пинокио, экология","puppet theatre, shadow theatre, kids, Pinokio, nature","lutkarsko pozorište, pozorište senki, deca, Pinokio, priroda"
11/1/2026,11/1/2026,9/30/2026,2001,TheaterGroup,Pozorište lutaka Pinokio,https://pinokio.rs/,,ChildrensEvent,Кукольный спектакль «Пепељуга» в театре «Пинокио»,Pepeljuga: a puppet show at the Pinokio theatre,Lutkarska predstava Pepeljuga u pozorištu Pinokio,https://raw.githubusercontent.com/newsgl/arsposters/main/2001-LutkarskaPredstavaPepeljugaUPozoristuPin.webp,,Kids,"Золушка по Шарлю Перро, где на балу вместе с куклами-принцессами оказываются принцессы из зала. Награда за актёрскую работу на фестивале в Крагуеваце. От двух лет.","Cinderella after Charles Perrault, where princesses from the audience join the puppet princesses at the ball. Awarded for acting at the Kragujevac festival. From age two.","Pepeljuga po Šarlu Perou, gde se na balu uz lutke princeze nađu i princeze iz publike. Nagrada za glumačko ostvarenje na festivalu u Kragujevcu. Od dve godine.","Путь Золушки от служанки до принцессы рассказан так, что волшебство чувствуется на протяжении всего спектакля. Лохмотья превращаются в бальное платье прямо на сцене через световые эффекты, и как именно это сделано, театр не раскрывает.

Главная находка постановки в другом: спектакль построен на взаимодействии актёров с залом, и кульминация наступает в сцене бала, когда рядом с куклами-принцессами на сцене оказываются принцессы из публики.

Постановка получила награду за актёрское исполнение на Международном фестивале кукольных театров малых форм в Крагуеваце.

Режиссура Джанан Каба, перевод Бранислава Кравлянаца, сценография и куклы Свилы Величковой, подбор музыки Светлы Васильевой. Играют Нела Николич, Драгана Васич и Лако Николич.

Цена: 600 динаров.

Язык: сербский.

Возраст: от двух до девяти лет. Продолжительность сорок пять минут.","Cinderella's journey from servant to princess is told so that the magic is felt throughout. Her rags turn into a ball gown on stage through lighting effects, and the theatre does not reveal how it is done.

The real find of the production lies elsewhere: it is built on interaction between the actors and the audience, and the high point comes during the ball scene, when princesses from the audience join the puppet princesses on stage.

The production won an acting award at the International Festival of Small Form Puppet Theatre in Kragujevac.

Directed by Canan Kaba, translated by Branislav Kravljanac, set and puppets by Svila Velickova, music selection by Svetla Vasiljeva. Performed by Nela Nikolic, Dragana Vasic and Lako Nikolic.

Price: 600 dinars.

Language: Serbian.

Age: two to nine. Running time forty five minutes.","Pepeljugin put od sluškinje do princeze ispričan je tako da se čarolija oseća tokom cele predstave. Rite se pretvaraju u divnu haljinu na samoj sceni, kroz niz svetlosnih efekata, a način na koji se to izvodi ostaje tajna.

Pravi pronalazak predstave je drugde: zasnovana je na interaktivnom odnosu glumaca i publike, a vrhunac se dešava u sceni bala na dvoru, kada se pored princeza lutaka na sceni pojave i princeze iz publike.

Predstava je nagrađena na Međunarodnom lutkarskom festivalu malih formi u Kragujevcu, nagradom za glumačko ostvarenje.

Režija Džanan Kaba, prevod Branislav Kravljanac, scenografija i lutke Svila Veličkova, izbor muzike Svetla Vasiljeva. Igraju Nela Nikolić, Dragana Vasić i Lako Nikolić.

Cena: 600 dinara.

Jezik: srpski.

Uzrast: od dve do devet godina. Trajanje četrdeset pet minuta.",12:00,600,Pozorište lutaka Pinokio,"Bulevar maršala Tolbuhina 1, Novi Beograd","44.830127,20.411863",https://pinokio.rs/%D0%BF%D0%B5%D0%BF%D0%B5%D1%99%D1%83%D0%B3%D0%B0/,pinokio.rs,https://tickets.rs/event/pepeljuga_28607,Pozorište lutaka Pinokio,https://pinokio.rs/,,,2-9,,,"кукольный театр, дети, Золушка, Перро, Пинокио","puppet theatre, kids, Cinderella, Perrault, Pinokio","lutkarsko pozorište, deca, Pepeljuga, Pero, Pinokio"
11/3/2026,11/3/2026,9/30/2026,2002,TheaterGroup,Narodno pozorište u Beogradu,https://www.narodnopozoriste.rs/,,TheaterEvent,«Кукла с кровати № 21» Джордже Лебовича в Народном театре,The Doll from Bed No. 21 by Đorđe Lebović at the National Theatre,Lutka sa kreveta br. 21 Đorđa Lebovića u Narodnom pozorištu,https://raw.githubusercontent.com/newsgl/arsposters/main/2002-LutkaSaKrevetaBr21Djordja.webp,,Theatre,"Психологическая драма Джордже Лебовича о женщинах в нацистских концлагерях, постановка Эгона Савина. Играют Никола Ристановски, Зорана Бечич Джорджевич и Петар Стругар. 3 ноября 2026, 20:30, сцена «Раша Плаович». Билеты от 300 до 2200 динаров.","Đorđe Lebović’s psychological drama about women in Nazi concentration camps, directed by Egon Savin, with Nikola Ristanovski, Zorana Bećić Đorđević and Petar Strugar. 3 November 2026, 20:30, Raša Plaović stage. Tickets 300 to 2200 dinars.","Psihološka drama Đorđa Lebovića o ženama u nacističkim logorima, u režiji Egona Savina. Igraju Nikola Ristanovski, Zorana Bećić Đorđević i Petar Strugar. 3. novembar 2026, 20.30, scena „Raša Plaović“. Ulaznice od 300 do 2200 dinara.","Джордже Лебович (1928-2004) сам прошёл Освенцим, его лагерный номер был A-12750. Автор «Небесного отряда», одной из поворотных пьес послевоенной сербской драматургии, всю жизнь писал о вине, ответственности и о том, можно ли уравнять палача и жертву.

«Кукла с кровати № 21» рассказывает о выживании в концлагере глазами женщин, которые подвергались целенаправленному насилию. Лебович настаивает: человек отвечает не за то, что думает, а за то, что сделал, и за то, что мог сделать и не сделал.

Постановка и адаптация **Эгона Савина**. На сцене трое: **Никола Ристановски** (Эмиль Грабнер), Зорана Бечич Джорджевич (Вильма Райнер) и Петар Стругар (Елинек). Премьера прошла в октябре 2023 года, спектакль идёт 1 час без антракта.

Билеты от 300 (стоячие) до 2200 динаров.","Đorđe Lebović (1928-2004) survived Auschwitz himself, as prisoner A-12750. The author of Nebeski odred, a turning point in post-war Serbian drama, spent his life writing about guilt, responsibility and whether executioner and victim can ever be treated as equals.

The Doll from Bed No. 21 looks at survival in the camps through the eyes of women subjected to targeted violence. Lebović insists that people answer not for what they think but for what they did, and for what they could have done and did not.

Adapted and directed by **Egon Savin**. Three actors: **Nikola Ristanovski** (Emil Grabner), Zorana Bećić Đorđević (Vilma Rajner) and Petar Strugar (Jelinek). Premiered in October 2023; running time 1 hour, no interval.

Tickets from 300 dinars (standing) to 2200 dinars.","Đorđe Lebović (1928-2004) i sam je prošao Aušvic, pod brojem A-12750. Autor „Nebeskog odreda“, jedne od prekretnica posleratne srpske dramaturgije, ceo život je pisao o krivici, odgovornosti i o tome da li se krvnik i žrtva smeju izjednačiti.

„Lutka sa kreveta br. 21“ govori o opstanku u logoru iz ugla žena izloženih ciljanom nasilju. Lebović insistira: čovek odgovara ne za ono što misli, već za ono što čini, i za ono što je mogao učiniti, a nije.

Režija i adaptacija **Egon Savin**. Na sceni su troje: **Nikola Ristanovski** (Emil Grabner), Zorana Bećić Đorđević (Vilma Rajner) i Petar Strugar (Jelinek). Premijera je bila u oktobru 2023, predstava traje 1 sat bez pauze.

Ulaznice od 300 (stajanje) do 2200 dinara.",20:30,300,Narodno pozorište u Beogradu,"Francuska 3, 11000 Beograd","44.817006,20.461005",https://repertoar.rs/predstave/lutka-sa-kreveta-br-21/,repertoar.rs,https://www.narodnopozoriste.rs/lat/ulaznice/odabir-ulaznica?p=6433,Narodno pozorište u Beogradu,https://www.narodnopozoriste.rs/,,,,,,"театр, драма, Холокост, Джордже Лебович, Народный театр","theatre, drama, Holocaust, Đorđe Lebović, National Theatre","pozorište, drama, Holokaust, Đorđe Lebović, Narodno pozorište"
11/4/2026,11/4/2026,9/30/2026,2003,TheaterGroup,Narodno pozorište u Beogradu,https://www.narodnopozoriste.rs/,,TheaterEvent,«Хасанагиница» Любомира Симовича в постановке Ягоша Марковича в Народном театре,"Hasanaginica by Ljubomir Simović, directed by Jagoš Marković, at the National Theatre",Hasanaginica Ljubomira Simovića u režiji Jagoša Markovića u Narodnom pozorištu,https://raw.githubusercontent.com/newsgl/arsposters/main/2003-HasanaginicaLjubomiraSimovicaURezijiJago.webp,,Theatre,"Драма Любомира Симовича по мотивам народной баллады в постановке Ягоша Марковича, с Ваней Эйдус в заглавной роли. 4 ноября 2026, 20:30, сцена «Раша Плаович». Билеты от 300 до 2200 динаров.","Ljubomir Simović’s drama based on the folk ballad, directed by Jagoš Marković, with Vanja Ejdus in the title role. 4 November 2026, 20:30, Raša Plaović stage. Tickets 300 to 2200 dinars.","Drama Ljubomira Simovića po narodnoj baladi, u režiji Jagoša Markovića, sa Vanjom Ejdus u naslovnoj ulozi. 4. novembar 2026, 20.30, scena „Raša Plaović“. Ulaznice od 300 do 2200 dinara.","Раненый Хасан-ага ждёт, что жена придёт к нему, а она из стыда остаётся дома. Из этого недоразумения в народной балладе вырастает трагедия: развод, разлука с детьми, новый брак по воле брата. **Любомир Симович** превратил балладу в драму о женщине, которую ломают чужие законы и чужая гордость.

Спектакль **Ягоша Марковича** в репертуаре Народного театра с декабря 2001 года и неизменно собирает полный зал. **Ваня Эйдус** играет Хасанагиницу с самой премьеры и получила за эту роль Стериину премию.

Сейчас вместе с ней играют Ненад Стойменович (Хасан-ага), Сандра Бугарски (мать Хасан-аги), Александар Сречкович (бег Пинторович), Небойша Кундачина, Александра Николич, Йован Йованович и другие. Спектакль идёт 2 часа без антракта.

Билеты от 300 (стоячие) до 2200 динаров.","Wounded Hasan-aga expects his wife to come to him, but out of modesty she stays home. In the folk ballad that misunderstanding grows into tragedy: divorce, separation from her children, a new marriage arranged by her brother. **Ljubomir Simović** turned the ballad into a drama about a woman crushed by other people’s rules and pride.

**Jagoš Marković**’s production has been in the National Theatre’s repertoire since December 2001 and still plays to full houses. **Vanja Ejdus** has played Hasanaginica since the premiere and won the Sterija Award for the role.

The current cast also includes Nenad Stojmenović (Hasan-aga), Sandra Bugarski (his mother), Aleksandar Srećković (Beg Pintorović), Nebojša Kundačina, Aleksandra Nikolić, Jovan Jovanović and others. Running time 2 hours, no interval.

Tickets from 300 dinars (standing) to 2200 dinars.","Ranjeni Hasanaga očekuje da mu žena dođe, a ona od stida ostaje kod kuće. Iz tog nesporazuma u narodnoj baladi izrasta tragedija: razvod, rastanak od dece, novi brak po bratovoj volji. **Ljubomir Simović** je od balade napravio dramu o ženi koju lome tuđi zakoni i tuđa gordost.

Predstava **Jagoša Markovića** je na repertoaru Narodnog pozorišta od decembra 2001. i igra se pred punom salom. **Vanja Ejdus** igra Hasanaginicu od premijere i za tu ulogu je dobila Sterijinu nagradu.

U sadašnjoj podeli su i Nenad Stojmenović (Hasanaga), Sandra Bugarski (Hasanagina majka), Aleksandar Srećković (Beg Pintorović), Nebojša Kundačina, Aleksandra Nikolić, Jovan Jovanović i drugi. Predstava traje 2 sata bez pauze.

Ulaznice od 300 (stajanje) do 2200 dinara.",20:30,300,Narodno pozorište u Beogradu,"Francuska 3, 11000 Beograd","44.817006,20.461005",https://repertoar.rs/predstave/hasanaginica/,repertoar.rs,https://www.narodnopozoriste.rs/lat/ulaznice/odabir-ulaznica?p=6434,Narodno pozorište u Beogradu,https://www.narodnopozoriste.rs/,,,,,,"театр, драма, Любомир Симович, сербская классика, Народный театр","theatre, drama, Ljubomir Simović, Serbian classics, National Theatre","pozorište, drama, Ljubomir Simović, srpska klasika, Narodno pozorište"
11/7/2026,11/7/2026,9/30/2026,2004,Person,Evanora Unlimited,http://instagram.com/apolvx,,MusicEvent,Evanora Unlimited впервые в Сербии: концерт в Karmakoma,Evanora Unlimited live in Serbia for the first time at Karmakoma,Evanora Unlimited prvi put u Srbiji: koncert u Karmakomi,https://raw.githubusercontent.com/newsgl/arsposters/main/2004-EvanoraUnlimitedPrviPutUSrbiji.webp,,Concerts,"Американский проект на стыке индастриала, трэпа и синт-панка, соавтор Ecco2k и Yves Tumor, впервые выступает в Сербии. 7 ноября в 20:00, early bird 20,35 евро (около 2380 динаров).","The US project mixing industrial, trap and synth-punk, a collaborator of Ecco2k and Yves Tumor, plays Serbia for the first time. November 7, 20:00, early bird 20.35 EUR (about 2380 dinars).","Američki projekat na razmeđi industriala, trepa i sint-panka, saradnik Ecco2k i Yves Tumora, prvi put nastupa u Srbiji. Sedmog novembra u 20 časova, early bird 20,35 evra (oko 2380 dinara).","За Evanora Unlimited стоит Орион Охана, выходец из американского трэп-андеграунда (Reptilian Club Boyz). Свои записи он описывает как психоделическую сагу, где эротическая фантастика превращается в религиозный боди-хоррор.

Звучит это как дешёвый и злой **индастриал канадской школы** на вывернутом наизнанку трэпе, который иногда уходит в слезливые баллады или аутсайдерский синт-панк. Среди соавторов **Ecco2k** и **Yves Tumor**, один из альбомов спродюсировал Энди Морин из Death Grips, а туры с Boy Harsher и Элиасом Рённенфельтом из Iceage прошли с аншлагами.

На концертах много внимания стилю и подаче, клипы отдельный мир. Это первое выступление проекта в Сербии.

Цена: early bird 20,35 евро (около 2380 динаров).

Организатор: apolvx.","Evanora Unlimited is Orion Ohana, who came out of the US trap underground (Reptilian Club Boyz). He describes his records as a psychedelic saga where erotic sci-fi mutates into religious body horror.

The sound is cheap-and-nasty **industrial in the Canadian tradition**, running on inside-out trap, with detours into tearjerker ballads and outsider synth-punk. Collaborators include **Ecco2k** and **Yves Tumor**, Andy Morin of Death Grips produced one of his albums, and he has played sold-out tours with Boy Harsher and Elias Rønnenfelt of Iceage.

The live shows come with sharp styling, and the videos are a world of their own. This is his first show in Serbia.

Price: early bird 20.35 EUR (about 2380 dinars).

Organiser: apolvx.","Iza imena Evanora Unlimited stoji Orion Ohana, izdanak američkog trep andergraunda (Reptilian Club Boyz). Svoja izdanja opisuje kao psihodeličnu sagu u kojoj erotska naučna fantastika mutira u religiozni body horror.

Zvuči kao prljav **industrial kanadske škole** na trepu okrenutom naopačke, uz povremene skretanja u plačne balade i autsajderski sint-pank. Sarađivao je sa **Ecco2k** i **Yves Tumorom**, jedan album producirao mu je Andy Morin iz Death Gripsa, a imao je rasprodate turneje sa Boy Harsher i Eliasom Rønnenfeltom iz Iceagea.

Nastupi imaju besprekoran stajling, a spotovi su svet za sebe. Ovo mu je prvi koncert u Srbiji.

Cena: early bird 20,35 evra (oko 2380 dinara).

Organizator: apolvx.",20:00,2380,Karmakoma,"Poenkareova 32, 11000 Beograd","44.818977,20.488380",https://ra.co/events/2546143,ra.co,https://ra.co/events/2546143,apolvx,http://instagram.com/apolvx,,,,,,"индастриал, трэп, синт-панк, концерт","industrial, trap, synth-punk, live show","industrial, trep, sint-pank, koncert"
11/14/2026,11/14/2026,9/30/2026,2005,Person,Kenny Larkin,https://en.wikipedia.org/wiki/Kenny_Larkin,,MusicEvent,"Кенни Ларкин, детройтское техно второй волны, в клубе Kult","Kenny Larkin, Detroit techno second wave, at Kult","Kenny Larkin, detroitski tehno drugog talasa, u klubu Kult",https://raw.githubusercontent.com/newsgl/arsposters/main/2005-KennyLarkinDetroitskiTehnoDrugogTalasa.webp,,Concerts,"Детройтский продюсер и диджей, автор альбома «Azimuth» на Warp, играет в Kult. 14 ноября с 23:00, ранний вход до полуночи 12 евро (около 1400 динаров), обычный 17 евро (около 1990 динаров).","Detroit producer and DJ Kenny Larkin, known for the album “Azimuth” on Warp, plays Kult. November 14 from 23:00, early entry before midnight 12 EUR (about 1400 dinars), general 17 EUR (about 1990 dinars).","Detroitski producent i didžej, autor albuma „Azimuth“ za Warp, nastupa u Kultu. Četrnaestog novembra od 23 časa, rani ulaz do ponoći 12 evra (oko 1400 dinara), redovna 17 evra (oko 1990 dinara).","Кенни Ларкин принадлежит ко второй волне детройтского техно, пришедшей вслед за Belleville Three. Первые записи он выпустил в начале 90-х на Plus 8 Ричи Хоутина, а потом на Transmat Деррика Мэя.

Его дебютный альбом **«Azimuth»** вышел в 1994 году на Warp в серии Artificial Intelligence, следом был **«Metaphor»** на R&S. Звук Ларкина мелодичный, с джазовыми гармониями и мягкой, почти соуловой подачей, а за пультом он держит длинную линию и не спешит.

Вечер идёт до 05:00, звук на системе Funktion-One.

Цена: ранний вход до полуночи 12 евро (около 1400 динаров), обычный билет 17 евро (около 1990 динаров).

Возраст: 23+.

Организатор: Kult.","Kenny Larkin belongs to the second wave of Detroit techno that followed the Belleville Three. His first records came out in the early 90s on Richie Hawtin’s Plus 8 and then on Derrick May’s Transmat.

His debut album **“Azimuth”** was released by Warp in 1994 as part of the Artificial Intelligence series, followed by **“Metaphor”** on R&S. His sound is melodic, with jazz-tinged harmonies and a soulful touch, and his DJ sets build slowly over a long line.

The night runs until 05:00 on a Funktion-One sound system.

Price: early entry before midnight 12 EUR (about 1400 dinars), general admission 17 EUR (about 1990 dinars).

Age: 23+.

Organiser: Kult.","Kenny Larkin pripada drugom talasu detroitskog tehna koji je došao posle Belleville Three. Prve ploče objavio je početkom devedesetih za Plus 8 Richieja Hawtina, a zatim za Transmat Derricka Maya.

Debi album **„Azimuth“** izašao je 1994. za Warp u seriji Artificial Intelligence, a posle njega **„Metaphor“** za R&S. Zvuk mu je melodičan, sa džez harmonijama i soul osećajem, a setove gradi polako i u dugoj liniji.

Žurka traje do 5 ujutru, na Funktion-One ozvučenju.

Cena: rani ulaz do ponoći 12 evra (oko 1400 dinara), redovna karta 17 evra (oko 1990 dinara).

Uzrast: 23+.

Organizator: Kult.",23:00,1400,Kult,"Čumićevo sokače 3, 11000 Beograd","44.813900,20.461900",https://ra.co/events/2544582,ra.co,https://ra.co/events/2544582,Kult,https://en.wikipedia.org/wiki/Kenny_Larkin,,,23+,,,"техно, Детройт, клубная ночь, диджей-сет","techno, Detroit techno, club night, DJ set","tehno, Detroit, klupska noć, DJ set"
11/14/2026,11/14/2026,9/30/2026,2006,Person,Lena Willikens,https://ra.co/dj/lenawillikens,,MusicEvent,Лена Вилликенс и tsola: левфилд-техно и EBM в Кармакоме,Lena Willikens and tsola: leftfield techno and EBM at Karmakoma,Lena Willikens i tsola: leftfield tehno i EBM u Karmakomi,https://raw.githubusercontent.com/newsgl/arsposters/main/2006-LenaWillikensITsolaLeftfieldTehno.webp,,Concerts,"14 ноября в 23:00 в Кармакому возвращается кёльнская диджейка Лена Вилликенс, резидент дюссельдорфского Salon des Amateurs. С ней играет tsola, основатель белградской серии Terrible Twos. Билеты от 1188 динаров (10,15 евро).","Cologne DJ Lena Willikens, a resident of Düsseldorf’s Salon des Amateurs, returns to Karmakoma on 14 November at 23:00, joined by tsola, founder of the Belgrade party series Terrible Twos. Tickets from 10.15 EUR (about 1188 dinars).","Lena Willikens, rezidentkinja düsseldorfskog Salon des Amateurs, vraća se u Karmakomu 14. novembra u 23 časa, a sa njom pušta tsola, osnivač beogradske žurke Terrible Twos. Ulaznice od 1188 dinara (10,15 evra).","Лена Вилликенс начинала в Дюссельдорфе студенткой-художницей: с 2006 года стояла на входе в клуб **Salon des Amateurs**, потом перешла за барную стойку, ставила пластинки между заказами и со временем получила там собственную резиденцию.

Сегодня она живёт в Кёльне, ведёт шоу Lightning Conductor на NTS Radio, а раньше вела Sentimental Flashback на Radio Cómeme. На лейбле **Cómeme** в 2015 году вышел её первый EP Phantom Delia. В сетах у неё абстрактное техно, призрачный индастриал и EBM, ноу-вейв и племенные ритмы, так что предсказать следующий трек обычно не получается. В Кармакоме она играет уже не в первый раз.

Компанию ей составит **tsola**, основатель белградской серии Terrible Twos. Он играл на вечеринках Mrak, в Кармакоме и Dim, в его подборках EBM, всё с приставкой «вейв», электроклэш, диско и хаус.

Цена: первая волна 10,15 евро (около 1188 динаров), вторая 14,70 евро (около 1720 динаров).

Организатор: Karmakoma.","Lena Willikens started out in Düsseldorf as an art student: from 2006 she worked the door at **Salon des Amateurs**, moved behind the bar, played records between serving drinks and eventually got a residency of her own there.

Now based in Cologne, she hosts Lightning Conductor on NTS Radio and earlier ran Sentimental Flashback on Radio Cómeme. The **Cómeme** label released her first EP, Phantom Delia, in 2015. Her sets move through abstract techno, ghostly industrial and EBM, no wave and tribal rhythms. This is not her first night at Karmakoma.

Support comes from **tsola**, founder of the Belgrade party series Terrible Twos, who has played Mrak parties, Karmakoma and Dim with selections spanning EBM, anything wave, electroclash, disco and house.

Price: first release 10.15 EUR (about 1188 dinars), second release 14.70 EUR (about 1720 dinars).

Organizer: Karmakoma.","Lena Willikens je krenula iz Diseldorfa kao studentkinja umetnosti: od 2006. radila je na vratima kluba **Salon des Amateurs**, zatim za šankom, puštala ploče između porudžbina i s vremenom dobila sopstvenu rezidenciju.

Danas živi u Kelnu, vodi emisiju Lightning Conductor na NTS radiju, a ranije je vodila Sentimental Flashback na Radio Cómeme. Za etiketu **Cómeme** 2015. izašao je njen prvi EP Phantom Delia. U setovima meša apstraktni tehno, sablasni industrijal i EBM, no wave i plemenske ritmove. U Karmakomi nije prvi put.

Društvo joj pravi **tsola**, osnivač beogradske serije Terrible Twos, poznat sa Mrak žurki, iz Karmakome i Dima, sa selekcijom od EBM-a i svega sa predznakom wave do elektrokleša, diska i hausa.

Cena: prvi talas 10,15 evra (oko 1188 dinara), drugi talas 14,70 evra (oko 1720 dinara).

Organizator: Karmakoma.",23:00,1190,Karmakoma,"Poenkareova 32, 11000 Beograd","44.818977,20.488380",https://ra.co/events/2547190,ra.co,https://new.gigstix.com/event/lena-willikens-beograd-14-novembar-2026/,Karmakoma,https://ra.co/dj/lenawillikens,,,,,,"техно, EBM, диджей-сет, вечеринка, Кармакома","techno, EBM, DJ set, party, Karmakoma","tehno, EBM, DJ set, žurka, Karmakoma"
11/14/2026,11/14/2026,9/30/2026,2007,Person,Mark Olson,https://en.wikipedia.org/wiki/Mark_Olson_(musician),,MusicEvent,"Марк Олсон, основатель The Jayhawks, с новым альбомом в баре «Лисабон»",Mark Olson of The Jayhawks presents his new album at Lisabon bar,"Mark Olson, osnivač The Jayhawks, promoviše novi album u Lisabon baru",https://raw.githubusercontent.com/newsgl/arsposters/main/2007-MarkOlsonOsnivacTheJayhawksPromovise.webp,,Concerts,"14 ноября в 21:00 в баре «Лисабон» в Чавкетовом пассаже выступит Марк Олсон, основатель альт-кантри группы The Jayhawks, с альбомом Desert Health Farm Sacred Songs: Trust Us!. Вход с 20:00, билеты от 1000 динаров.","Mark Olson, founder of the alt-country band The Jayhawks, plays Lisabon bar in Čavketov pasaž on 14 November at 21:00, presenting the album Desert Health Farm Sacred Songs: Trust Us!. Doors 20:00, tickets from 1000 dinars.","Mark Olson, osnivač alt-kantri grupe The Jayhawks, svira 14. novembra u 21 čas u Lisabon baru u Čavketovom pasažu i promoviše album Desert Health Farm Sacred Songs: Trust Us!. Ulaz od 20 časova, ulaznice od 1000 dinara.","В 1985 году в Миннеаполисе Марк Олсон вместе с Гэри Лурисом основал **The Jayhawks**, одну из главных групп альт-кантри. В первых альбомах, включая Blue Earth и Hollywood Town Hall 1992 года, он был главным автором песен, вокалистом и гитаристом. Олсон почти самоучка и известен альтернативными строями гитары и пением в унисон, которое переходит в гармонию.

В Белград он привозит **Desert Health Farm Sacred Songs: Trust Us!**, четвёртую совместную запись с женой, норвежской певицей и мультиинструменталисткой **Ингунн Рингволд**. Альбом вышел в сентябре на Rock Svirke Records. Одиннадцать песен записаны летом в калифорнийской долине Сёрпрайз, в доме, которому больше ста лет. Кроме американы, там звучат армянский канун и меллотрон, на которых играет Рингволд. В программе также песни из всей дискографии Олсона.

Цена: 1000 динаров (промо, ограниченное количество), 1500 в предпродаже, 2000 в день концерта.

Организатор: Rock Svirke.","In 1985 in Minneapolis, Mark Olson and Gary Louris founded **The Jayhawks**, one of the defining alt-country bands. On the early records, including Blue Earth and 1992’s Hollywood Town Hall, Olson was the main songwriter, singer and guitarist. Largely self-taught, he is known for alternate tunings and unison singing that opens into harmony.

In Belgrade he presents **Desert Health Farm Sacred Songs: Trust Us!**, his fourth joint record with his wife, Norwegian singer and multi-instrumentalist **Ingunn Ringvold**, released in September on Rock Svirke Records. The eleven songs were recorded over a hot summer in California’s Surprise Valley, in a house more than a hundred years old, and add Armenian qanun and Mellotron, played by Ringvold, to the Americana base. Songs from Olson’s whole catalogue are on the setlist too.

Price: 1000 dinars (promo, limited), 1500 in presale, 2000 on the day.

Organizer: Rock Svirke.","Mark Olson je 1985. u Mineapolisu sa Gerijem Lurisom osnovao **The Jayhawks**, jednu od najvažnijih alt-kantri grupa. Na prvim albumima, uključujući Blue Earth i Hollywood Town Hall iz 1992, bio je glavni tekstopisac, pevač i gitarista. Uglavnom samouk, poznat je po alternativnim štimovima i unisonom pevanju koje prelazi u harmoniju.

U Beograd donosi **Desert Health Farm Sacred Songs: Trust Us!**, četvrto zajedničko izdanje sa suprugom, norveškom pevačicom i multiinstrumentalistkinjom **Ingunn Ringvold**, objavljeno u septembru za Rock Svirke Records. Jedanaest pesama snimljeno je tokom vrelog leta u kalifornijskoj dolini Surprise Valley, u kući staroj više od sto godina, a pored americane čuju se armenski kanun i melotron u izvođenju Ringvold. Biće i pesama iz cele Olsonove karijere.

Cena: 1000 dinara (promo, ograničen kontingent), 1500 u pretprodaji, 2000 na dan koncerta.

Organizator: Rock Svirke.",21:00,1000,Lisabon bar,"Čavketov pasaž, 11000 Beograd","44.813602,20.462208",https://www.mtsdvorana.rs/dogadjaj/mark-olson-usa,mtsdvorana.rs,https://www.mtsdvorana.rs/dogadjaj/mark-olson-usa,Rock Svirke,https://en.wikipedia.org/wiki/Mark_Olson_(musician),,,,,,"альт-кантри, американа, The Jayhawks, концерт, бар Лисабон","alt-country, Americana, The Jayhawks, concert, Lisabon bar","alt-kantri, amerikana, The Jayhawks, koncert, Lisabon bar"
11/14/2026,11/14/2026,9/30/2026,2008,MusicGroup,Extrawelt,https://extrawelt.bandcamp.com/,,MusicEvent,Extrawelt с живым сетом в клубе Beton,Extrawelt live at Klub Beton,Extrawelt uživo u klubu Beton,https://raw.githubusercontent.com/newsgl/arsposters/main/2008-ExtraweltUzivoUKlubuBeton.webp,,Concerts,14 ноября в 23:00 в клубе Beton в Бетон-хале играет живой сет гамбургский техно-дуэт Extrawelt. Билеты early bird 2000 динаров.,Hamburg techno duo Extrawelt plays a live set at Klub Beton in Beton hala on 14 November at 23:00. Early bird tickets 2000 dinars.,Hamburški tehno duo Extrawelt nastupa uživo u klubu Beton u Beton hali 14. novembra u 23 časa. Early bird ulaznice 2000 dinara.,"**Extrawelt** это Арне Шаффхаузен и Ваян Раабе из Гамбурга. Дуэт появился в 2005 году с релизом на лейбле Border Community Джеймса Холдена, а потом выпустил на Cocoon Recordings два альбома, Schöne Neue Extrawelt и In Aufruhr, которые давно стали классикой.

Их звук гипнотический и глубокий, на стыке техно, электро и прогрессива. Главное у Extrawelt это **живое выступление**, а не диджей-сет: на сцене микшеры, синтезаторы, драм-машины и сэмплеры. Роли распределены: Арне отвечает за сэмплер, эффекты и синтезаторы, Ваян за драм-машину, эффекты и микшерный пульт.

Цена: early bird 2000 динаров.

Организатор: Čitaonica doo (Beton).","**Extrawelt** are Arne Schaffhausen and Wayan Raabe from Hamburg. The duo debuted in 2005 on James Holden’s Border Community label and went on to release two albums on Cocoon Recordings, Schöne Neue Extrawelt and In Aufruhr, both long since classics.

Their sound is deep and hypnotic, sitting between techno, electro and progressive. What they are known for is the **live show** rather than a DJ set: mixers, synths, drum machines and samplers on stage, with Arne on sampler, effects and synths and Wayan on drum machine, effects and the mixing desk.

Price: early bird 2000 dinars.

Organizer: Čitaonica doo (Beton).","**Extrawelt** su Arne Schaffhausen i Wayan Raabe iz Hamburga. Duo je debitovao 2005. na etiketi Border Community Džejmsa Holdena, a zatim za Cocoon Recordings objavio dva albuma, Schöne Neue Extrawelt i In Aufruhr, koji su odavno klasici.

Zvuk im je dubok i hipnotičan, između tehna, elektra i progresiva. Poznati su po **živom nastupu**, ne po DJ setu: na bini su mikseri, sintisajzeri, ritam-mašine i sempleri. Arne je zadužen za sempler, efekte i sintisajzere, Wayan za ritam-mašinu, efekte i miks pult.

Cena: early bird 2000 dinara.

Organizator: Čitaonica doo (Beton).",23:00,2000,Klub Beton,"Karađorđeva 2-4 (Beton hala), 11000 Beograd","44.819865,20.448431",https://new.gigstix.com/event/extrawelt-live-beograd-14-novembar-2026/,gigstix.com,https://new.gigstix.com/event/extrawelt-live-beograd-14-novembar-2026/,Čitaonica doo (Beton),https://extrawelt.bandcamp.com/,,,,,,"техно, электроника, лайв, Extrawelt, клуб Beton","techno, electronic, live set, Extrawelt, Klub Beton","tehno, elektronika, live nastup, Extrawelt, klub Beton"
11/20/2026,11/20/2026,9/30/2026,2009,Person,SARIN,https://ra.co/dj/sarin,,MusicEvent,SARIN: живой сет EBM и техно в клубе Under,SARIN live: EBM and techno at Klub Under,SARIN uživo: EBM i tehno u klubu Under,https://raw.githubusercontent.com/newsgl/arsposters/main/2009-SARINUzivoEBMITehnoU.webp,,Concerts,"20 ноября в 22:00 в клубе Under живой сет берлинского продюсера SARIN, одного из заметных имён новой волны EBM и техно.","Berlin producer SARIN, a key name in the current EBM and techno wave, plays a live set at Klub Under on 20 November at 22:00.","Berlinski producent SARIN, jedno od važnijih imena novog talasa EBM-a i tehna, nastupa uživo u klubu Under 20. novembra u 22 časa.","**SARIN** работает в Берлине и считается одной из ключевых фигур нынешней волны EBM и техно. Его узнают по мрачному программированию ударных, жёстким минималистичным басам и нарезкам сэмплов из медийного мусора в духе cut-up.

Он также руководит лейблом и аудиовизуальной платформой **X-IMG**. В клубе Under SARIN уже выступал с живым сетом летом 2025 года.

Цена и состав остальных участников пока не объявлены.","Berlin-based **SARIN** is one of the key figures of the current EBM and techno wave, recognisable by ominous drum programming, brutally minimal bass lines and cut-up sampling of media detritus.

He also runs the label and audiovisual platform **X-IMG**. He has played a live set at Klub Under before, in summer 2025.

Price and the rest of the line-up have not been announced yet.","**SARIN** živi u Berlinu i jedno je od ključnih imena aktuelnog talasa EBM-a i tehna. Prepoznatljiv je po mračnom programiranju bubnjeva, surovo minimalnim basovima i cut-up semplovanju medijskog otpada.

Vodi i etiketu i audiovizuelnu platformu **X-IMG**. U klubu Under već je nastupao uživo leta 2025.

Cena i ostatak postave još nisu objavljeni.",22:00,,Klub Under,"Ruzveltova 1, 11000 Beograd","44.806166,20.478736",https://ra.co/events/2548606,ra.co,,Klub Under,https://ra.co/dj/sarin,,,,,,"EBM, техно, лайв, SARIN, клуб Under","EBM, techno, live set, SARIN, Klub Under","EBM, tehno, live nastup, SARIN, klub Under"
11/20/2026,11/21/2026,9/30/2026,2010,MusicGroup,Još gori,https://cooltix.rs/event/6abbaa258a4b192d2de5eb9f,,MusicEvent,Još gori: Александр Стойкович из Goribor и братья Синкауз в Кармакоме,Još gori: Goribor’s Aleksandar Stojković and the Sinkauz brothers at Karmakoma,Još gori: Aleksandar Stojković ST i braća Sinkauz u Karmakomi,https://raw.githubusercontent.com/newsgl/arsposters/main/2010-JosGoriAleksandarStojkovicSTI.webp,,Concerts,"20 и 21 ноября в 20:30 в Кармакоме два концерта группы Još gori: бывший фронтмен Goribor Александр Стойкович ST и братья Ненад и Ален Синкауз. Презентация альбома «Raj na zemlji», билет 2500 динаров. На сербском языке.","Two concerts by Još gori at Karmakoma on 20 and 21 November at 20:30: former Goribor frontman Aleksandar Stojković ST with brothers Nenad and Alen Sinkauz, presenting the album Raj na zemlji. Tickets 2500 dinars. In Serbian.","Još gori sviraju dva koncerta u Karmakomi, 20. i 21. novembra u 20.30: bivši frontmen Goribora Aleksandar Stojković ST i braća Nenad i Alen Sinkauz promovišu album „Raj na zemlji“. Karta 2500 dinara.","В марте Još gori дважды собрали полную Кармакому, и билетов всё равно не хватило. Теперь группа возвращается ещё на два вечера.

За названием стоит **Александр Стойкович ST**, бывший фронтмен культовой рок-группы Goribor. После двенадцати лет паузы он вернулся на сцену вместе с братьями **Ненадом и Аленом Синкауз**, которые работают в кино и театре. Проект вырос из их совместной работы в загребском Teatar ITD, а распроданные концерты в Нови-Саде, Загребе, Пуле и Белграде случились почти сразу.

Острую поэзию ST братья обрамляют репетитивными мелодиями и электроникой. В программе вещи из наследия Goribor и новый материал. Группа представляет первый альбом **«Raj na zemlji»** на виниле (Kopaton Records), пластинки будут в продаже в ограниченном количестве.

Состав: Александр Стойкович ST (тексты, голос), Ненад Синкауз (гитары, электроника, голос), Ален Синкауз (контрабас, pulsar 23). Число билетов ограничено, начало ровно в 20:30.

Цена: 2500 динаров.

Организатор: UGS PRO Music Promoting.","Još gori sold out Karmakoma twice in March and still left people without tickets, so the band is back for two more nights.

Behind the name is **Aleksandar Stojković ST**, former frontman of the cult rock band Goribor, who returned after a twelve-year break together with brothers **Nenad and Alen Sinkauz**, known for their film and theatre work. The project grew out of their collaboration at Teatar ITD in Zagreb and took off almost overnight, with sold-out runs in Novi Sad, Zagreb, Pula and Belgrade.

The brothers set ST’s sharp poetry to repetitive melodies and electronics. The set mixes Goribor material with new songs, and the band presents its first album, **Raj na zemlji**, on vinyl from Kopaton Records, with a limited number of copies on sale.

Line-up: Aleksandar Stojković ST (lyrics, vocals), Nenad Sinkauz (guitars, electronics, vocals), Alen Sinkauz (double bass, pulsar 23). Tickets are limited and the show starts at 20:30 sharp.

Price: 2500 dinars.

Organizer: UGS PRO Music Promoting.","Posle dva rasprodata koncerta u Karmakomi u martu, kad se tražila karta više, Još gori se vraćaju sa još dve večeri.

Iza imena stoji **Aleksandar Stojković ST**, nekadašnji frontmen kultnog Goribora, koji se posle dvanaest godina pauze vratio na scenu sa braćom **Nenadom i Alenom Sinkauz**, poznatim po radu na filmu i u pozorištu. Projekat je nastao iz saradnje u zagrebačkom Teatru ITD i planuo gotovo preko noći, uz rasprodate nastupe u Novom Sadu, Zagrebu, Puli i Beogradu.

Braća ST-ovu oštru poeziju oblače u repetitivne melodije i elektroniku. Repertoar se oslanja na nasleđe Goribora, ali donosi i novi materijal, a bend promoviše prvi album **„Raj na zemlji“** na vinilu za Kopaton Records, u ograničenom broju primeraka.

Postava: Aleksandar Stojković ST (tekst, glas), Nenad Sinkauz (gitare, elektronika, glas), Alen Sinkauz (kontrabas, pulsar 23). Broj karata je ograničen, početak tačno u 20.30.

Cena: 2500 dinara.

Organizator: UGS PRO Music Promoting.",20:30,2500,Karmakoma,"Poenkareova 32, 11000 Beograd","44.818977,20.488380",https://cooltix.rs/event/6abbaa258a4b192d2de5eb9f,cooltix.rs,https://cooltix.rs/event/6abbaa258a4b192d2de5eb9f,UGS PRO Music Promoting,https://cooltix.rs/event/6abbaa258a4b192d2de5eb9f,,,,,,"рок, Goribor, концерт, Кармакома, сербская сцена","rock, Goribor, concert, Karmakoma, Serbian scene","rok, Goribor, koncert, Karmakoma, domaća scena"
11/20/2026,11/20/2026,9/30/2026,2011,MusicGroup,Deep Dish,https://en.wikipedia.org/wiki/Deep_Dish_(duo),,MusicEvent,Deep Dish в Ангаре Луки Белград: вечер серии Legends Legacy,"Deep Dish at Hangar, Luka Beograd: a Legends Legacy night",Deep Dish u Hangaru Luke Beograd: Legends Legacy veče,https://raw.githubusercontent.com/newsgl/arsposters/main/2011-DeepDishUHangaruLukeBeograd.webp,,Concerts,"20 ноября в 22:00 в Ангаре Луки Белград играет Deep Dish, дуэт Dubfire и Шарама, обладатели «Грэмми» за ремикс Dido. Билеты 3500 динаров, VIP 5500.","Deep Dish, the Grammy-winning duo of Dubfire and Sharam, play Hangar at Luka Beograd on 20 November at 22:00. Tickets 3500 dinars, VIP 5500.","Deep Dish, duo Dubfire i Sharam, dobitnici Gremija za remiks Dido, nastupaju u Hangaru Luke Beograd 20. novembra u 22 časa. Ulaznice 3500 dinara, VIP 5500.","**Deep Dish** это Али Ширазиния, он же Dubfire, и Шарам Тайеби, американцы иранского происхождения из Вашингтона. Дуэт работал с 1992 по 2006 год и выпускал музыку в том числе на собственном лейбле **Yoshitoshi**.

В 2002 году их ремикс на «Thank You» Dido получил **«Грэмми»** как лучшая ремикс-запись, а оригинальный трек «Say Hello» в 2005-м был номинирован в категории лучшей танцевальной записи. В дискографии альбомы Junk Science и George Is On, треки Flashdance и Dreams со Стиви Никс.

После распада оба сделали сольные карьеры. В 2024 году Deep Dish объявили о возвращении и турне The Future, а в 2025-м выпустили «Midnight», первый оригинальный сингл больше чем за десять лет.

Цена: 3500 динаров, VIP 5500 динаров.

Организатор: IARTS.","**Deep Dish** are Ali Shirazinia, better known as Dubfire, and Sharam Tayebi, Iranian-American DJs and producers from Washington, D.C. The duo ran from 1992 to 2006 and released music on their own label, **Yoshitoshi**, among others.

In 2002 their remix of Dido’s Thank You won the **Grammy** for Best Remixed Recording, and their original track Say Hello was nominated for Best Dance Recording in 2005. The catalogue includes the albums Junk Science and George Is On, plus Flashdance and Dreams featuring Stevie Nicks.

After the split both built solo careers. In 2024 they announced a permanent return with The Future tour, and in 2025 released Midnight, their first original single in over a decade.

Price: 3500 dinars, VIP 5500 dinars.

Organizer: IARTS.","**Deep Dish** čine Ali Shirazinia, poznatiji kao Dubfire, i Sharam Tayebi, Amerikanci iranskog porekla iz Vašingtona. Duo je radio od 1992. do 2006. i objavljivao, između ostalog, za sopstvenu etiketu **Yoshitoshi**.

Njihov remiks pesme Thank You grupe Dido doneo im je 2002. **Gremi** za najbolji remiks, a originalna numera Say Hello bila je 2005. nominovana za najbolji dens snimak. U diskografiji su albumi Junk Science i George Is On, kao i Flashdance i Dreams sa Stevie Nicks.

Posle razlaza obojica su gradili solo karijere. Godine 2024. najavili su trajni povratak i turneju The Future, a 2025. objavili Midnight, prvi originalni singl posle više od deset godina.

Cena: 3500 dinara, VIP 5500 dinara.

Organizator: IARTS.",22:00,3500,Hangar (Luka Beograd),"Žorža Klemansoa 37, 11158 Beograd","44.827200,20.469800",https://new.gigstix.com/event/legends-legacy-deep-dish-beograd-20-novembar-2026/,gigstix.com,https://new.gigstix.com/event/legends-legacy-deep-dish-beograd-20-novembar-2026/,IARTS,https://en.wikipedia.org/wiki/Deep_Dish_(duo),,,,,,"хаус, прогрессив, Deep Dish, Dubfire, Ангар Лука Белград","house, progressive, Deep Dish, Dubfire, Hangar Luka Beograd","haus, progresiv, Deep Dish, Dubfire, Hangar Luka Beograd"
11/20/2026,11/21/2026,9/30/2026,2012,MusicGroup,Prti Bee Gee,https://efinity.rs/event-details/moskridan_32439,,MusicEvent,Moskridan №9: 20 лет альбому Prti Bee Gee «Moskri 77-05» в Zappa Baza,Moskridan No. 9: 20 years of Prti Bee Gee’s Moskri 77-05 at Zappa Baza,Moskridan br. 9: 20 godina albuma „Moskri 77-05“ Prti Bee Gee u Zappa Bazi,https://raw.githubusercontent.com/newsgl/arsposters/main/2012-MoskridanBr920GodinaAlbuma.webp,,Concerts,"20 ноября в 21:00 в Zappa Baza хип-хоп вечер к 20-летию альбома Prti Bee Gee «Moskri 77-05». Выступают Bigru i Paja Kratak, MC Maraya, Ukov, DJ Goce и DJ Mrki. Билет 2500 динаров. На сербском языке.","A hip-hop night at Zappa Baza on 20 November at 21:00 marking 20 years of Prti Bee Gee’s album Moskri 77-05, with Bigru i Paja Kratak, MC Maraya, Ukov, DJ Goce and DJ Mrki. Tickets 2500 dinars. In Serbian.","Hip-hop veče u Zappa Bazi 20. novembra u 21 čas povodom 20 godina albuma „Moskri 77-05“ grupacije Prti Bee Gee. Nastupaju Bigru i Paja Kratak, MC Maraya, Ukov, DJ Goce i DJ Mrki. Karta 2500 dinara.","**Prti Bee Gee** появились около 2000 года на Котеже, белградском районе, который в начале двухтысячных прославился своей хип-хоп сценой. Их второй альбом **«Moskri 77-05»** вышел в 2006 году и стал культовым, но Москри, в честь которого он назван, до релиза не дожил.

Moskridan, вечер его памяти, проходит уже в девятый раз. На этот раз повод двадцатилетие альбома, а в программе, как обещают организаторы, «бургиянье» и настоящий рэп-дрифтинг.

На сцене:
- Bigru i Paja Kratak
- MC Maraya
- Ukov
- DJ Goce
- DJ Mrki

Цена: 2500 динаров.

Организатор: Mister Zappa doo, Zappa GIG.","**Prti Bee Gee** came out of Kotež, the Belgrade neighbourhood that became known for its hip-hop scene in the early 2000s. Their second album, **Moskri 77-05**, came out in 2006 and became a cult record, but Moskri, whose name it carries, did not live to see its release.

Moskridan, the night held in his memory, reaches its ninth edition. This time it marks the album’s 20th anniversary, with what the organisers call burgijanje and true rap drifting.

Line-up:
- Bigru i Paja Kratak
- MC Maraya
- Ukov
- DJ Goce
- DJ Mrki

Price: 2500 dinars.

Organizer: Mister Zappa doo, Zappa GIG.","**Prti Bee Gee** su potekli sa Koteža, kraja koji je početkom dvehiljaditih postao poznat po hip-hop sceni. Njihov drugi album **„Moskri 77-05“** izašao je 2006. i postao kultni, ali legendarni Moskri, po kome nosi ime, nije doživeo njegovo objavljivanje.

Moskridan, veče u njegovu čast, stiže do devetog izdanja. Ovog puta povod je 20 godina od albuma, a na programu su burgijanje i pravi rep drifting.

Nastupaju:
- Bigru i Paja Kratak
- MC Maraya
- Ukov
- DJ Goce
- DJ Mrki

Cena: 2500 dinara.

Organizator: Mister Zappa doo, ogranak Zappa GIG.",21:00,2500,Zappa Baza,"Bulevar Vojvode Bojovića 30a, 11000 Beograd","44.820671,20.448039",https://efinity.rs/event-details/moskridan_32439,efinity.rs,https://efinity.rs/event-details/moskridan_32439,Mister Zappa doo (Zappa GIG),https://efinity.rs/event-details/moskridan_32439,,,,,,"хип-хоп, рэп, Prti Bee Gee, Zappa Baza, сербская сцена","hip-hop, rap, Prti Bee Gee, Zappa Baza, Serbian scene","hip-hop, rep, Prti Bee Gee, Zappa Baza, domaća scena"
12/7/2026,12/7/2026,9/30/2026,2013,MusicGroup,Perpetuum Jazzile,https://en.wikipedia.org/wiki/Perpetuum_Jazzile,,MusicEvent,Perpetuum Jazzile: словенский вокальный хор с «Africa» в Сава-центре,Perpetuum Jazzile: the Slovenian vocal group behind the viral Africa at Sava Centar,Perpetuum Jazzile: slovenački vokalni sastav čija je „Africa“ obišla svet u Sava centru,https://raw.githubusercontent.com/newsgl/arsposters/main/2013-PerpetuumJazzileSlovenackiVokalniSastavC.webp,,Concerts,"Словенский вокальный ансамбль, прославившийся а капелла-версией «Africa» с дождём из щелчков и хлопков, снова в Белграде. 7 декабря в 20:00, Голубой зал Сава-центра, билеты от 3000 до 12 000 динаров.","The Slovenian vocal ensemble famous for its a cappella Africa, with a rainstorm made of finger snaps and claps, returns to Belgrade. 7 December at 20:00, Blue Hall of Sava Centar, tickets 3000 to 12,000 dinars.","Slovenački vokalni sastav poznat po a kapela izvođenju pesme „Africa“ ponovo u Beogradu. 7. decembra u 20.00, Plava dvorana Sava centra, ulaznice od 3000 do 12.000 dinara.","Сначала тихо щёлкают пальцы, потом щелчков всё больше, затем хлопки и притопывания, и только после этого вступают голоса. Так начинается версия «Africa» группы Toto в исполнении **Perpetuum Jazzile**, видео, которое когда-то входило в число 40 самых популярных роликов YouTube в мире.

Коллектив основал в 1983 году в Словении режиссёр Марко Тиран, с 2001 по 2010 год ансамбль вёл Томаж Козлевчар, автор аранжировок «Africa», «True Colors» и «Killing Me Softly». С 2011 года художественный руководитель **Педер Карлссон**, один из основателей шведской The Real Group.

На концертах важна не только музыка: хор держится на энергии и явном удовольствии, с которым поёт.

Цена: от 3000 до 12 000 динаров.","It starts with quiet finger snaps, then more of them, then claps and stomps, and only after that do the voices come in. That is how **Perpetuum Jazzile** open their version of Toto’s Africa, a video that once ranked among the 40 most watched on YouTube worldwide.

The group was founded in Slovenia in 1983 by director Marko Tiran. From 2001 to 2010 it was led by Tomaž Kozlevčar, who wrote the arrangements of Africa, True Colors and Killing Me Softly. Since 2011 the artistic director has been **Peder Karlsson**, a founding member of Sweden’s The Real Group.

The music is only part of it: the choir runs on energy and on obvious enjoyment of what it does on stage.

Price: 3000 to 12,000 dinars.","Prvo se čuje tiho pucketanje prstima, pa sve glasnije i usklađenije, zatim tapšanje i poskoci, a tek onda glasovi. Tako **Perpetuum Jazzile** počinju svoju verziju pesme „Africa“ grupe Toto, snimak koji je svojevremeno bio među 40 najgledanijih na YouTube-u u svetu.

Sastav je 1983. u Sloveniji osnovao reditelj Marko Tiran. Od 2001. do 2010. vodio ga je Tomaž Kozlevčar, autor aranžmana za „Africa“, „True Colors“ i „Killing Me Softly“. Od 2011. umetnički direktor je **Peder Karlson**, jedan od osnivača švedske grupe The Real Group.

Nije u pitanju samo muzika: hor nosi energija i vidljivo uživanje u nastupu.

Cena: od 3000 do 12.000 dinara.",20:00,2500,Sava Centar,"Milentija Popovića 9, 11070 Novi Beograd","44.809354,20.432128",https://repertoar.rs/koncerti/perpetuum-jazzile/,repertoar.rs,https://tickets.rs/event/perpetuum_jazzile_27425,Sava Centar,https://en.wikipedia.org/wiki/Perpetuum_Jazzile,,,,,,"концерт, а капелла, вокальный ансамбль, джаз, Сава-центр","concert, a cappella, vocal ensemble, jazz, Sava Centar","koncert, a kapela, vokalni sastav, džez, Sava centar"
12/17/2026,12/17/2026,9/30/2026,2014,MusicGroup,Zoster,https://en.wikipedia.org/wiki/Zoster_(band),,MusicEvent,Zoster из Мостара на Zappa Barka,Zoster from Mostar at Zappa Barka,Zoster na Zappa Barci,https://raw.githubusercontent.com/newsgl/arsposters/main/2014-ZosterNaZappaBarci.webp,,Concerts,"17 декабря в 20:00 на Zappa Barka концерт Zoster, рок-регги группы из Мостара с фронтменом Марио Кнезовичем. Билеты на Tickets.rs с 1 октября.","Mostar rock-reggae band Zoster, fronted by Mario Knezović, plays Zappa Barka on 17 December at 20:00. Tickets on Tickets.rs from 1 October.","Zoster, rok-rege bend iz Mostara predvođen Mariom Knezovićem, svira na Zappa Barci 17. decembra u 20 časova. Ulaznice na Tickets.rs od 1. oktobra.","Группу **Zoster** осенью 2000 года в Мостаре основали Марио Кнезович и Дражан Планинич. Название взято от опоясывающего лишая, herpes zoster: по их версии, группа появилась как ответ на падение общественного иммунитета.

Zoster смешивают регги и альтернативный рок, а тексты у них про терпимость, мир и общественные темы. Главное на концертах энергия и харизма фронтмена **Марио Кнезовича**. В дискографии альбомы Ojužilo, Festival budala, Imački kada, Srce uzavrelo и Najgori 2023 года, синглы «Kuda idu svi ti ljudi» и «Treba mi keš». Группа играла на Exit, INmusic и Сараевском кинофестивале.

В 2026 году Zoster уже выступали в Белграде в mts Dvorana и в Луке Белград, декабрьский концерт на барже будет камернее.

Организатор: Long Play.","**Zoster** was founded in Mostar in autumn 2000 by Mario Knezović and Dražan Planinić. The name comes from herpes zoster, shingles: in the band’s words, it was born of society’s falling immunity.

They mix reggae and alternative rock, with lyrics about tolerance, peace and social issues, and the live shows run on the energy of frontman **Mario Knezović**. Albums include Ojužilo, Festival budala, Imački kada, Srce uzavrelo and 2023’s Najgori, with singles such as Kuda idu svi ti ljudi and Treba mi keš. They have played Exit, INmusic and the Sarajevo Film Festival.

In 2026 Zoster already played Belgrade at mts Dvorana and Luka Beograd; the December show on the riverboat is a smaller room.

Organizer: Long Play.","**Zoster** su u jesen 2000. u Mostaru osnovali Mario Knezović i Dražan Planinić. Ime je dobio po herpes zosteru, a po rečima benda nastao je kao posledica pada imuniteta društva.

Spajaju rege i alternativni rok, pevaju o toleranciji, miru i društvenim temama, a koncerti nose energiju frontmena **Maria Knezovića**. Iza njih su albumi Ojužilo, Festival budala, Imački kada, Srce uzavrelo i Najgori iz 2023, uz singlove „Kuda idu svi ti ljudi“ i „Treba mi keš“. Svirali su na Exitu, INmusicu i Sarajevo Film Festivalu.

Zoster su 2026. već svirali u Beogradu u mts Dvorani i Luci Beograd, a decembarski koncert na Zappa Barci biće u manjem prostoru.

Organizator: Long Play.",20:00,,Zappa Barka,"Bulevar vojvode Bojovića, kej kod Kule Nebojša, 11000 Beograd","44.828226,20.446185",https://longplay.rs/dogadjaj/zoster-4/,longplay.rs,https://tickets.rs/tour/zoster_1330,Long Play,https://longplay.rs/,,,,,,"регги, рок, Zoster, концерт, Zappa Barka","reggae, rock, Zoster, concert, Zappa Barka","rege, rok, Zoster, koncert, Zappa Barka"
12/21/2026,12/21/2026,9/30/2026,2015,Person,Vlatko Stefanovski,https://en.wikipedia.org/wiki/Vlatko_Stefanovski,,MusicEvent,Влатко Стефановски с друзьями: акустический концерт в Сава-центре,Vlatko Stefanovski and friends: an acoustic concert at Sava Centar,Vlatko Stefanovski i prijatelji: akustični koncert u Sava centru,https://raw.githubusercontent.com/newsgl/arsposters/main/2015-VlatkoStefanovskiIPrijateljiAkusticniKon.webp,,Concerts,"Македонский гитарист, основатель Leb i Sol и автор музыки к «Небесному крюку», играет в акустическом составе с друзьями. 21 декабря в 20:00, Голубой зал, билеты от 3400 до 9900 динаров.","The Macedonian guitarist, co-founder of Leb i Sol and composer of the Nebeska udica score, plays an acoustic set with friends. 21 December at 20:00, Blue Hall, tickets 3400 to 9900 dinars.","Makedonski gitarista, osnivač grupe Leb i Sol i autor muzike za „Nebesku udicu“, nastupa akustično sa prijateljima. 21. decembra u 20.00, Plava dvorana, ulaznice od 3400 do 9900 dinara.","**Влатко Стефановски** многие считают лучшим гитаристом бывшей Югославии. Его звук легко узнать: рок, джаз и блюз, в которые вплетены македонские народные мелодии.

Карьеру он начал с группы **Leb i Sol**, с которой записал 13 альбомов. Потом пришла музыка для кино и театра: гитара Стефановски звучит в фильме Любиши Самарджича «Небесный крюк», он писал и для балетных постановок.

На этот раз в Сава-центре он выступит в акустическом формате вместе с друзьями.

Цена: от 3400 до 9900 динаров (ложи 9900).","Many consider **Vlatko Stefanovski** the finest guitarist of the former Yugoslavia. His sound is instantly recognisable: rock, jazz and blues shot through with Macedonian folk melodies.

He began with the band **Leb i Sol**, recording 13 albums with them, and went on to write for film, theatre and ballet; his guitar carries the score of Ljubiša Samardžić’s film Nebeska udica.

This time at Sava Centar he plays an acoustic concert with friends.

Price: 3400 to 9900 dinars (boxes 9900).","Mnogi **Vlatka Stefanovskog** smatraju najboljim gitaristom sa ovih prostora. Njegov zvuk se prepoznaje odmah: rok, džez i bluz prožeti makedonskim tradicionalnim melodijama.

Karijeru je započeo osnivanjem grupe **Leb i Sol**, sa kojom je snimio 13 albuma, a zatim je pisao muziku za film, pozorište i balet. Njegova gitara obeležila je film Ljubiše Samardžića „Nebeska udica“.

Ovog puta u Sava centru nastupa u akustičnom izdanju, sa prijateljima.

Cena: od 3400 do 9900 dinara (lože 9900).",20:00,3400,Sava Centar,"Milentija Popovića 9, 11070 Novi Beograd","44.809354,20.432128",https://repertoar.rs/koncerti/vlatko-stefanovski/,repertoar.rs,https://tickets.rs/event/vlatko_stefanovski_27654,Sava Centar,https://en.wikipedia.org/wiki/Vlatko_Stefanovski,,,,,,"концерт, гитара, джаз, рок, Сава-центр","concert, guitar, jazz, rock, Sava Centar","koncert, gitara, džez, rok, Sava centar"
12/23/2026,12/23/2026,9/30/2026,2016,PerformingGroup,Big Bend RTS i Stjepko Gut,https://en.wikipedia.org/wiki/Stjepko_Gut,,MusicEvent,«Silver Lady»: Биг-бэнд РТС и Стьепко Гут в mts Dvorana,Silver Lady: RTS Big Band and Stjepko Gut at mts Dvorana,„Silver Lady“: Big bend RTS i Stjepko Gut u mts Dvorani,https://raw.githubusercontent.com/newsgl/arsposters/main/2016-SilverLadyBigBendRTSI.webp,,Concerts,23 декабря в 20:00 в mts Dvorana Биг-бэнд РТС и трубач Стьепко Гут представляют альбом «Silver Lady» с его композициями. Билеты от 1300 динаров.,"On 23 December at 20:00 at mts Dvorana, the RTS Big Band and trumpeter Stjepko Gut present Silver Lady, an album of Gut’s compositions. Tickets from 1300 dinars.",Big bend RTS i trubač Stjepko Gut 23. decembra u 20 časova u mts Dvorani predstavljaju album „Silver Lady“ sa Gutovim kompozicijama. Ulaznice od 1300 dinara.,"**Стьепко Гут** родился в 1950 году в Руме, учился в Белграде, в Swiss Jazz School в Берне и в Беркли у трубача Херба Помероя. В 1980-1981 годах он играл в биг-бэнде **Лайонела Хэмптона**, был в нём единственным европейцем. Больше тридцати лет сотрудничал с Кларком Терри, с 1984 года преподаёт в джазовой академии в Граце, в 2001-м основал Balkan Jazz Center в Белграде. В 2013 году получил награду Nišville за вклад в джаз.

Новый CD **«Silver Lady»** Биг-бэнд РТС посвятил его музыке. В подборку вошли «Sefa’s Song», «Hela», «Ponoćna pesma», «Blues For Mr. Tee Dee Boom» и другие пьесы в аранжировках для полного состава.

На концерте альбом прозвучит вживую, с солистом Гутом, мощной ритм-секцией и сольными партиями музыкантов оркестра. Вечер задуман и как оммаж его творчеству.

Цена: от 1300 динаров.","**Stjepko Gut** was born in Ruma in 1950 and studied in Belgrade, at the Swiss Jazz School in Bern and at Berklee under trumpeter Herb Pomeroy. In 1980-81 he played in **Lionel Hampton’s** big band, the only European in the line-up. He worked with Clark Terry for more than three decades, has taught at the jazz academy in Graz since 1984, founded the Balkan Jazz Center in Belgrade in 2001 and received the Nišville lifetime achievement award in 2013.

The RTS Big Band’s new CD, **Silver Lady**, is devoted to his writing, with Sefa’s Song, Hela, Ponoćna pesma, Blues For Mr. Tee Dee Boom and other pieces arranged for full band.

The concert brings the album to the stage with Gut as soloist, a strong rhythm section and solo spots for the orchestra’s players, and doubles as a tribute to his work.

Price: from 1300 dinars.","**Stjepko Gut** rođen je 1950. u Rumi, studirao je u Beogradu, na Swiss Jazz School u Bernu i na Berkliju kod trubača Herba Pomeroja. Od 1980. do 1981. svirao je u big bendu **Lajonela Hemptona** kao jedini Evropljanin. Više od tri decenije sarađivao je sa Klarkom Terijem, od 1984. predaje na džez akademiji u Gracu, 2001. osnovao je Balkan Jazz Center u Beogradu, a 2013. dobio Nišvil nagradu za životno delo.

Novo CD izdanje Big benda RTS **„Silver Lady“** posvećeno je njegovom stvaralaštvu: „Sefa’s Song“, „Hela“, „Ponoćna pesma“, „Blues For Mr. Tee Dee Boom“ i druge kompozicije u aranžmanima za pun sastav.

Na koncertu album zvuči uživo, sa Gutom kao solistom, snažnom ritam sekcijom i solističkim deonicama muzičara orkestra, kao omaž njegovom opusu.

Cena: od 1300 dinara.",20:00,1300,mts Dvorana,"Dečanska 14, 11000 Beograd","44.813220,20.462629",https://www.mtsdvorana.rs/dogadjaj/silver-lady-big-bend-rts-stjepko-gut,mtsdvorana.rs,https://www.mtsdvorana.rs/dogadjaj/silver-lady-big-bend-rts-stjepko-gut,mts Dvorana,https://en.wikipedia.org/wiki/Stjepko_Gut,,,,,,"джаз, биг-бэнд, Стьепко Гут, Биг-бэнд РТС, mts Dvorana","jazz, big band, Stjepko Gut, RTS Big Band, mts Dvorana","džez, big bend, Stjepko Gut, Big bend RTS, mts Dvorana"
1/23/2027,1/23/2027,9/30/2026,2017,Person,Roy Rosenfeld,https://en.wikipedia.org/wiki/Roy_Rosenfeld,,MusicEvent,Рой Розенфельд с сетом All The Way в клубе Kult,Roy Rosenfeld presents All The Way at Kult,Roy Rosenfeld predstavlja All The Way u klubu Kult,https://raw.githubusercontent.com/newsgl/arsposters/main/2017-RoyRosenfeldPredstavljaAllTheWay.webp,,Concerts,"23 января в 23:00 в клубе Kult играет израильский продюсер Рой Розенфельд, мелодичный прогрессив и хаус. Вход до полуночи 12 евро (1404 динара), общий 17 евро (1989 динаров).","Israeli producer Roy Rosenfeld plays melodic progressive and house at Kult on 23 January at 23:00. Entry before midnight 12 EUR (1404 dinars), general admission 17 EUR (1989 dinars).","Izraelski producent Roy Rosenfeld pušta melodični progresiv i haus u klubu Kult 23. januara od 23 časa. Ulaz pre ponoći 12 evra (1404 dinara), redovna 17 evra (1989 dinara).","**Рой Розенфельд** родился в 1987 году в Иерусалиме, живёт в Тель-Авиве. На фортепиано начал играть в 12 лет, электронной музыкой занялся в 15, когда отец подарил ему грувбокс Roland, а первые релизы вышли в 2009-м.

Его диапазон от мечтательного мелодичного прогрессива до минимала и техно. Он выпускался на **Kompakt**, Traum, Systematic и Formatik, несколько треков вышли на All Day I Dream Ли Берриджа и на Lost & Found у Guy J. Трек «Epika», написанный с Гаем Манцуром, вышел на Kompakt. Среди постоянных соавторов Guy J и Эли Ниссан.

Вечер называется **All The Way**, в Kult он проходит в формате клубной ночи.

Цена: ранний вход до 00:00 12 евро (1404 динара), общий вход 17 евро (1989 динаров).

Организатор: Kult.","**Roy Rosenfeld** was born in Jerusalem in 1987 and is based in Tel Aviv. He started on piano at 12, turned to electronic music at 15 on a Roland groovebox his father gave him, and released his first music in 2009.

His range runs from dreamy melodic progressive to minimal and techno. He has released on **Kompakt**, Traum, Systematic and Formatik, with several tracks on Lee Burridge’s All Day I Dream and on Guy J’s Lost & Found; Epika, made with Guy Mantzur, came out on Kompakt. Guy J and Eli Nissan are regular collaborators.

The night is billed as **All The Way**.

Price: early access before 00:00 12 EUR (1404 dinars), general admission 17 EUR (1989 dinars).

Organizer: Kult.","**Roy Rosenfeld** rođen je 1987. u Jerusalimu, a živi u Tel Avivu. Klavir je počeo da svira sa 12 godina, elektronsku muziku sa 15, na Roland mašini koju mu je poklonio otac, a prva izdanja objavio je 2009.

Raspon mu ide od sanjivog melodičnog progresiva do minimala i tehna. Izdavao je za **Kompakt**, Traum, Systematic i Formatik, ima nekoliko numera na All Day I Dream Lija Beridža i na Lost & Found Guy J-a, a „Epika“, urađena sa Guyem Mantzurom, izašla je za Kompakt. Stalni saradnici su mu Guy J i Eli Nissan.

Veče nosi naziv **All The Way**.

Cena: rani ulaz do ponoći 12 evra (1404 dinara), redovna ulaznica 17 evra (1989 dinara).

Organizator: Kult.",23:00,1400,Kult,"Čumićevo sokače 3, 11000 Beograd","44.813900,20.461900",https://ra.co/events/2544585,ra.co,https://ra.co/events/2544585,Kult,https://en.wikipedia.org/wiki/Roy_Rosenfeld,,,,,,"прогрессив-хаус, мелодик техно, диджей-сет, клуб Kult, вечеринка","progressive house, melodic techno, DJ set, Kult, party","progresiv haus, melodični tehno, DJ set, klub Kult, žurka"
4/10/2027,4/10/2027,9/30/2026,2019,PerformingGroup,Enigma Flamenco,https://enigma-flamenco.com/,,MusicEvent,Enigma Flamenco: испанское фламенко-шоу в mts Dvorana,Enigma Flamenco: a Spanish flamenco show at mts Dvorana,Španski flamenko balet Enigma Flamenco u mts Dvorani,https://raw.githubusercontent.com/newsgl/arsposters/main/2019-SpanskiFlamenkoBaletEnigmaFlamencoU.webp,,Concerts,"10 апреля в 20:00 в mts Dvorana полуторачасовое шоу ансамбля Enigma Flamenco: танцоры, гитара, фортепиано, флейта, перкуссия и вокал вживую. Билеты от 2750 динаров, 6+.","Enigma Flamenco brings a 90-minute show to mts Dvorana on 10 April at 20:00, with dancers and live guitar, piano, flute, percussion and vocals. Tickets from 2750 dinars, ages 6+.","Ansambl Enigma Flamenco donosi u mts Dvoranu 10. aprila u 20 časova predstavu od devedeset minuta, sa plesačima i živom gitarom, klavirom, flautom, udaraljkama i vokalom. Ulaznice od 2750 dinara, 6+.","**Enigma Flamenco** это международный ансамбль, созданный в Испании. Известность ему принесли распроданные концерты в Париже, Брюсселе, Антверпене и других городах Европы, сейчас он гастролирует по всему миру.

На сцене весь состав: танцоры и музыканты с **гитарой, фортепиано, флейтой, перкуссией и вокалом**. Мужские и женские номера, сольные выходы и ансамблевые сцены сменяют друг друга, живую музыку дополняют свет и видеопроекции.

За девяносто минут программа проходит путь от тихих лирических песен и виртуозных соло на гитаре и флейте до кульминаций, когда на сцену выходит вся труппа. Традиционное фламенко в ней переплетается с джазом, средиземноморскими и ближневосточными мотивами. Знать испанский или разбираться во фламенко не нужно.

Возраст: 6+.

Цена: от 2750 динаров.","**Enigma Flamenco** is an international ensemble formed in Spain. It made its name with sold-out shows in Paris, Brussels, Antwerp and other European cities and now tours worldwide.

The full company is on stage: dancers plus musicians on **guitar, piano, flute, percussion and vocals**. Men’s and women’s numbers, solos and ensemble scenes follow one another, and the live music is paired with lighting and video projections.

Over ninety minutes the show moves from quiet, emotional songs and virtuoso guitar and flute solos to climaxes with the whole company on stage. Traditional flamenco is blended with jazz, Mediterranean and Middle Eastern motifs. No Spanish or prior knowledge of flamenco is needed.

Age: 6+.

Price: from 2750 dinars.","**Enigma Flamenco** je međunarodni ansambl nastao u Španiji, koji je ime stekao rasprodatim koncertima u Parizu, Briselu, Antverpenu i drugim evropskim gradovima, a danas nastupa širom sveta.

Na sceni je ceo ansambl: plesači i muzičari na **gitari, klaviru, flauti, udaraljkama i vokalu**. Muške i ženske plesne tačke, solo nastupi i ansambl scene smenjuju se, a živu muziku prate svetlo i video projekcije.

Tokom devedeset minuta predstava ide od tihih, emotivnih pesama i virtuoznih sola na gitari i flauti do vatrenih kulminacija kada ceo ansambl izađe na scenu. Tradicionalni flamenko prepliće se sa džezom, mediteranskim i bliskoistočnim motivima. Poznavanje španskog ili flamenka nije potrebno.

Uzrast: 6+.

Cena: od 2750 dinara.",20:00,2750,mts Dvorana,"Dečanska 14, 11000 Beograd","44.813220,20.462629",https://www.mtsdvorana.rs/dogadjaj/spanski-flamenko-balet,mtsdvorana.rs,https://www.mtsdvorana.rs/dogadjaj/spanski-flamenko-balet,mts Dvorana,https://enigma-flamenco.com/,,,6+,,,"фламенко, танец, шоу, Испания, mts Dvorana","flamenco, dance, show, Spain, mts Dvorana","flamenko, ples, šou, Španija, mts Dvorana"
