StartDate,EndDate,PubDate,UniqueID,PerformerType,PerformerName,SameAs,Language,EventType,EventNameRus,EventNameEng,EventNameSrb,CoverImage,SpotifyButton,Section,ShortDescriptionRus,ShortDescriptionEng,ShortDescriptionSrb,LongDescriptionRus,LongDescriptionEng,LongDescriptionSrb,Time,PriceDin,PlaceName,PlaceAddress,GoogleMap,EventPage,SourceName,TicketsLink,OrganizerName,OrganizerPageURL,OrganizerEmail,OrganizerPhone,AgeRestriction,EventCapacity,ImageGallery,TagsRus,TagsEng,TagsSrb
10/2/2026,10/2/2026,9/22/2026,1659,TheaterGroup,Atelje 212,https://www.atelje212.rs/,,TheaterEvent,«Целая жизнь за один год»: сатира по первой югославской мыльной опере в Ателье 212,Ceo život za godinu dana: satire after the first Yugoslav soap opera at Atelje 212,Ceo život za godinu dana: satira po prvoj domaćoj sapunici u Ateljeu 212,https://raw.githubusercontent.com/newsgl/arsposters/main/1659-CeoZivotZaGodinuDana.webp,,Theatre,"Спектакль Стевана Бодрожи по мотивам сериала Александра Поповича 1971 года, с которого началась югославская мыльная опера. Галерея одиноких людей, которые пытаются дотянуться друг до друга, показана в сатирическом ключе. Сцена «Петар Краљ», начало в 19:30.","Stevan Bodroža stages the play after Aleksandar Popović’s 1971 series, the first Yugoslav soap opera. A gallery of lonely characters trying to reach one another, told in a satirical key. Petar Kralj stage, 19:30.","Predstava Stevana Bodrože po motivima serije Aleksandra Popovića iz 1971, prve domaće sapunice. Galerija usamljenih likova koji pokušavaju da dopru jedni do drugih, ispričana satirično. Scena „Petar Kralj“, početak u 19.30.","Александр Попович писал свои первые пьесы именно для **Ателье 212**, и к тридцатилетию со дня его смерти театр открыл юбилейный семидесятый сезон премьерой по мотивам его сериала «Целая жизнь за один год».

Сериал 1971 года считается первой югославской мыльной оперой. В нём играли Зоран Радмилович, Милена Дравич, Бора Тодорович, Ружица Сокич, Любиша Самарджич и Слободан Алигрудич, а по форме и содержанию он был для своего времени революционным.

Режиссёр **Стеван Бодрожа** переносит на сцену галерею героев, каждый из которых по-своему справляется с одиночеством и ищет подлинный человеческий контакт. Сатирическая интонация оставляет зрителю возможность узнать в этих людях себя.

Играют Горан Евтич, Елена Тркуля, Елена Петрович, Владислав Михаилович, Невена Игнятович и Реля Янкович.

Место: Ателье 212, сцена «Петар Краљ».

Время: начало в 19:30.

Цена: 2000 динаров.","Aleksandar Popović wrote his first plays for **Atelje 212**, and thirty years after his death the theatre opened its jubilee seventieth season with a premiere based on his series Ceo život za godinu dana.

The 1971 series counts as the first Yugoslav soap opera. It starred Zoran Radmilović, Milena Dravić, Bora Todorović, Ružica Sokić, Ljubiša Samardžić and Slobodan Aligrudić, and its form and content were revolutionary for the time.

Director **Stevan Bodroža** brings to the stage a gallery of characters, each coping with loneliness in their own way and looking for genuine human contact. The satirical tone leaves room for the audience to recognise itself in them.

The cast includes Goran Jevtić, Jelena Trkulja, Jelena Petrović, Vladislav Mihailović, Nevena Ignjatović and Relja Janković.

Venue: Atelje 212, Petar Kralj stage.

Time: 19:30.

Price: 2000 dinars.","Aleksandar Popović pisao je svoje prve drame baš za **Atelje 212**, pa je uz trideset godina od njegove smrti pozorište otvorilo jubilarnu sedamdesetu sezonu premijerom po motivima serije Ceo život za godinu dana.

Serija iz 1971. smatra se prvom domaćom sapunicom. U njoj su igrali Zoran Radmilović, Milena Dravić, Bora Todorović, Ružica Sokić, Ljubiša Samardžić i Slobodan Aligrudić, a formom i sadržinom bila je revolucionarna za svoje vreme.

Reditelj **Stevan Bodroža** na scenu donosi galeriju likova koji se svako na svoj način bore sa usamljenošću i traže autentičan ljudski kontakt. Satirični ton ostavlja publici prostor da u njima prepozna sebe.

Igraju Goran Jevtić, Jelena Trkulja, Jelena Petrović, Vladislav Mihailović, Nevena Ignjatović i Relja Janković.

Mesto: Atelje 212, scena „Petar Kralj“.

Vreme: početak u 19.30.

Cena: 2000 dinara.",19:30,2000,Atelje 212,"Svetogorska 21, Beograd","44.814352,20.468168",https://repertoar.rs/predstave/ceo-zivot-za-godinu-dana/,repertoar.rs,https://bilet.atelje212.rs/scena.php?prostorterminid=4897,Atelje 212,https://www.atelje212.rs/,,,,,,"театр, Ателье 212, сатира, Александр Попович, драма, Стеван Бодрожа","theatre, Atelje 212, satire, Aleksandar Popović, drama, Stevan Bodroža","pozorište, Atelje 212, satira, Aleksandar Popović, drama, Stevan Bodroža"
10/16/2026,10/16/2026,9/22/2026,1660,TheaterGroup,Atelje 212,https://www.atelje212.rs/,,TheaterEvent,«Целая жизнь за один год»: сатира по первой югославской мыльной опере в Ателье 212,Ceo život za godinu dana: satire after the first Yugoslav soap opera at Atelje 212,Ceo život za godinu dana: satira po prvoj domaćoj sapunici u Ateljeu 212,https://raw.githubusercontent.com/newsgl/arsposters/main/1660-CeoZivotZaGodinuDana.webp,,Theatre,"Спектакль Стевана Бодрожи по мотивам сериала Александра Поповича 1971 года, с которого началась югославская мыльная опера. Галерея одиноких людей, которые пытаются дотянуться друг до друга, показана в сатирическом ключе. Сцена «Петар Краљ», начало в 19:30.","Stevan Bodroža stages the play after Aleksandar Popović’s 1971 series, the first Yugoslav soap opera. A gallery of lonely characters trying to reach one another, told in a satirical key. Petar Kralj stage, 19:30.","Predstava Stevana Bodrože po motivima serije Aleksandra Popovića iz 1971, prve domaće sapunice. Galerija usamljenih likova koji pokušavaju da dopru jedni do drugih, ispričana satirično. Scena „Petar Kralj“, početak u 19.30.","Александр Попович писал свои первые пьесы именно для **Ателье 212**, и к тридцатилетию со дня его смерти театр открыл юбилейный семидесятый сезон премьерой по мотивам его сериала «Целая жизнь за один год».

Сериал 1971 года считается первой югославской мыльной оперой. В нём играли Зоран Радмилович, Милена Дравич, Бора Тодорович, Ружица Сокич, Любиша Самарджич и Слободан Алигрудич, а по форме и содержанию он был для своего времени революционным.

Режиссёр **Стеван Бодрожа** переносит на сцену галерею героев, каждый из которых по-своему справляется с одиночеством и ищет подлинный человеческий контакт. Сатирическая интонация оставляет зрителю возможность узнать в этих людях себя.

Играют Горан Евтич, Елена Тркуля, Елена Петрович, Владислав Михаилович, Невена Игнятович и Реля Янкович.

Место: Ателье 212, сцена «Петар Краљ».

Время: начало в 19:30.

Цена: 2000 динаров.","Aleksandar Popović wrote his first plays for **Atelje 212**, and thirty years after his death the theatre opened its jubilee seventieth season with a premiere based on his series Ceo život za godinu dana.

The 1971 series counts as the first Yugoslav soap opera. It starred Zoran Radmilović, Milena Dravić, Bora Todorović, Ružica Sokić, Ljubiša Samardžić and Slobodan Aligrudić, and its form and content were revolutionary for the time.

Director **Stevan Bodroža** brings to the stage a gallery of characters, each coping with loneliness in their own way and looking for genuine human contact. The satirical tone leaves room for the audience to recognise itself in them.

The cast includes Goran Jevtić, Jelena Trkulja, Jelena Petrović, Vladislav Mihailović, Nevena Ignjatović and Relja Janković.

Venue: Atelje 212, Petar Kralj stage.

Time: 19:30.

Price: 2000 dinars.","Aleksandar Popović pisao je svoje prve drame baš za **Atelje 212**, pa je uz trideset godina od njegove smrti pozorište otvorilo jubilarnu sedamdesetu sezonu premijerom po motivima serije Ceo život za godinu dana.

Serija iz 1971. smatra se prvom domaćom sapunicom. U njoj su igrali Zoran Radmilović, Milena Dravić, Bora Todorović, Ružica Sokić, Ljubiša Samardžić i Slobodan Aligrudić, a formom i sadržinom bila je revolucionarna za svoje vreme.

Reditelj **Stevan Bodroža** na scenu donosi galeriju likova koji se svako na svoj način bore sa usamljenošću i traže autentičan ljudski kontakt. Satirični ton ostavlja publici prostor da u njima prepozna sebe.

Igraju Goran Jevtić, Jelena Trkulja, Jelena Petrović, Vladislav Mihailović, Nevena Ignjatović i Relja Janković.

Mesto: Atelje 212, scena „Petar Kralj“.

Vreme: početak u 19.30.

Cena: 2000 dinara.",19:30,2000,Atelje 212,"Svetogorska 21, Beograd","44.814352,20.468168",https://repertoar.rs/predstave/ceo-zivot-za-godinu-dana/,repertoar.rs,https://bilet.atelje212.rs/scena.php?prostorterminid=4897,Atelje 212,https://www.atelje212.rs/,,,,,,"театр, Ателье 212, сатира, Александр Попович, драма, Стеван Бодрожа","theatre, Atelje 212, satire, Aleksandar Popović, drama, Stevan Bodroža","pozorište, Atelje 212, satira, Aleksandar Popović, drama, Stevan Bodroža"
10/29/2026,10/29/2026,9/22/2026,1661,TheaterGroup,Atelje 212,https://www.atelje212.rs/,,TheaterEvent,«Целая жизнь за один год»: сатира по первой югославской мыльной опере в Ателье 212,Ceo život za godinu dana: satire after the first Yugoslav soap opera at Atelje 212,Ceo život za godinu dana: satira po prvoj domaćoj sapunici u Ateljeu 212,https://raw.githubusercontent.com/newsgl/arsposters/main/1661-CeoZivotZaGodinuDana.webp,,Theatre,"Спектакль Стевана Бодрожи по мотивам сериала Александра Поповича 1971 года, с которого началась югославская мыльная опера. Галерея одиноких людей, которые пытаются дотянуться друг до друга, показана в сатирическом ключе. Сцена «Петар Краљ», начало в 19:30.","Stevan Bodroža stages the play after Aleksandar Popović’s 1971 series, the first Yugoslav soap opera. A gallery of lonely characters trying to reach one another, told in a satirical key. Petar Kralj stage, 19:30.","Predstava Stevana Bodrože po motivima serije Aleksandra Popovića iz 1971, prve domaće sapunice. Galerija usamljenih likova koji pokušavaju da dopru jedni do drugih, ispričana satirično. Scena „Petar Kralj“, početak u 19.30.","Александр Попович писал свои первые пьесы именно для **Ателье 212**, и к тридцатилетию со дня его смерти театр открыл юбилейный семидесятый сезон премьерой по мотивам его сериала «Целая жизнь за один год».

Сериал 1971 года считается первой югославской мыльной оперой. В нём играли Зоран Радмилович, Милена Дравич, Бора Тодорович, Ружица Сокич, Любиша Самарджич и Слободан Алигрудич, а по форме и содержанию он был для своего времени революционным.

Режиссёр **Стеван Бодрожа** переносит на сцену галерею героев, каждый из которых по-своему справляется с одиночеством и ищет подлинный человеческий контакт. Сатирическая интонация оставляет зрителю возможность узнать в этих людях себя.

Играют Горан Евтич, Елена Тркуля, Елена Петрович, Владислав Михаилович, Невена Игнятович и Реля Янкович.

Место: Ателье 212, сцена «Петар Краљ».

Время: начало в 19:30.

Цена: 2000 динаров.","Aleksandar Popović wrote his first plays for **Atelje 212**, and thirty years after his death the theatre opened its jubilee seventieth season with a premiere based on his series Ceo život za godinu dana.

The 1971 series counts as the first Yugoslav soap opera. It starred Zoran Radmilović, Milena Dravić, Bora Todorović, Ružica Sokić, Ljubiša Samardžić and Slobodan Aligrudić, and its form and content were revolutionary for the time.

Director **Stevan Bodroža** brings to the stage a gallery of characters, each coping with loneliness in their own way and looking for genuine human contact. The satirical tone leaves room for the audience to recognise itself in them.

The cast includes Goran Jevtić, Jelena Trkulja, Jelena Petrović, Vladislav Mihailović, Nevena Ignjatović and Relja Janković.

Venue: Atelje 212, Petar Kralj stage.

Time: 19:30.

Price: 2000 dinars.","Aleksandar Popović pisao je svoje prve drame baš za **Atelje 212**, pa je uz trideset godina od njegove smrti pozorište otvorilo jubilarnu sedamdesetu sezonu premijerom po motivima serije Ceo život za godinu dana.

Serija iz 1971. smatra se prvom domaćom sapunicom. U njoj su igrali Zoran Radmilović, Milena Dravić, Bora Todorović, Ružica Sokić, Ljubiša Samardžić i Slobodan Aligrudić, a formom i sadržinom bila je revolucionarna za svoje vreme.

Reditelj **Stevan Bodroža** na scenu donosi galeriju likova koji se svako na svoj način bore sa usamljenošću i traže autentičan ljudski kontakt. Satirični ton ostavlja publici prostor da u njima prepozna sebe.

Igraju Goran Jevtić, Jelena Trkulja, Jelena Petrović, Vladislav Mihailović, Nevena Ignjatović i Relja Janković.

Mesto: Atelje 212, scena „Petar Kralj“.

Vreme: početak u 19.30.

Cena: 2000 dinara.",19:30,2000,Atelje 212,"Svetogorska 21, Beograd","44.814352,20.468168",https://repertoar.rs/predstave/ceo-zivot-za-godinu-dana/,repertoar.rs,https://bilet.atelje212.rs/scena.php?prostorterminid=4897,Atelje 212,https://www.atelje212.rs/,,,,,,"театр, Ателье 212, сатира, Александр Попович, драма, Стеван Бодрожа","theatre, Atelje 212, satire, Aleksandar Popović, drama, Stevan Bodroža","pozorište, Atelje 212, satira, Aleksandar Popović, drama, Stevan Bodroža"
9/25/2026,9/25/2026,9/22/2026,1668,Person,Boris Liješević,https://www.atelje212.rs/,,TheaterEvent,«Мой театр»: автофикшн Бориса Лиешевича в Ателье 212,Moje pozorište: Boris Liješević’s autofiction at Atelje 212,Moje pozorište: autofikcija Borisa Liješevića u Ateljeu 212,https://raw.githubusercontent.com/newsgl/arsposters/main/1668-MojePozoriste.webp,,Theatre,"Авторский проект режиссёра Бориса Лиешевича, в котором он сам становится и сценой, и содержанием. Спектакль начинается с вопроса «кто я такой» и собирается из фрагментов собственного опыта. Сцена «Мира Траиловић», начало в 20:00.","An authorial project in which director Boris Liješević becomes both the stage and its content. The performance starts from the question “who am I” and assembles itself out of fragments of his own experience. Mira Trailović stage, 20:00.","Autorski projekat u kojem reditelj Boris Liješević postaje i scena i sadržaj. Predstava počinje pitanjem „ko sam ja“ i sastavlja se od fragmenata sopstvenog iskustva. Scena „Mira Trailović“, početak u 20.00.","После нескольких удачных работ в **Ателье 212**, включая «Чекаоницу», которая выдержала больше двухсот представлений, режиссёр **Борис Лиешевич** сделал спектакль о самом себе.

«Мой театр» начинается с вопроса, который редко произносят вслух: кто я такой и что мешает мне быть собой. Автор заселяет сцену собой и с этой же сцены на себя смотрит.

Повествование собирается из фрагментов: из личных воспоминаний, из опыта работы, из сомнений в собственной профессии. Получается разговор о театре как о практике, которая принадлежит конкретному человеку, а не только институции.

Играют Небойша Илич, Ана Мандич, Воин Четкович, Бранка Шелич, Боян Жирович и сам Борис Лиешевич.

Место: Ателье 212, сцена «Мира Траиловић».

Время: начало в 20:00.

Цена: от 1500 динаров, первая категория 2000.","After several successful productions at **Atelje 212**, including Čekaonica, which has run more than two hundred times, director **Boris Liješević** has made a piece about himself.

Moje pozorište opens with a question rarely said out loud: who am I, and what keeps me from being authentic. The author populates the stage with himself and from that same stage looks back at himself.

The narrative is assembled from fragments of personal memory, of working life, of doubt about his own profession. What emerges is a conversation about theatre as a practice belonging to a particular person rather than to an institution.

The cast includes Nebojša Ilić, Ana Mandić, Vojin Ćetković, Branka Šelić, Bojan Žirović and Boris Liješević himself.

Venue: Atelje 212, Mira Trailović stage.

Time: 20:00.

Price: from 1500 dinars, first category 2000.","Posle nekoliko uspešnih saradnji sa **Ateljeom 212**, među kojima je i Čekaonica koja se igra više od dvesta puta, reditelj **Boris Liješević** napravio je predstavu o sebi.

Moje pozorište počinje pitanjem koje se retko izgovara naglas: ko sam ja i šta me sprečava da budem svoj. Autor scenu naseljava sobom i sa te iste scene sebe sagledava.

Narativ se plete od fragmenata: od ličnih sećanja, od radnog iskustva, od sumnje u sopstveni poziv. Nastaje razgovor o pozorištu kao praksi koja pripada konkretnom čoveku, a ne samo instituciji.

Igraju Nebojša Ilić, Ana Mandić, Vojin Ćetković, Branka Šelić, Bojan Žirović i sam Boris Liješević.

Mesto: Atelje 212, scena „Mira Trailović“.

Vreme: početak u 20.00.

Cena: od 1500 dinara, prva kategorija 2000.",20:00,1500,Atelje 212,"Svetogorska 21, Beograd","44.814352,20.468168",https://repertoar.rs/predstave/moje-pozoriste/,repertoar.rs,https://bilet.atelje212.rs/scena.php?prostorterminid=4887,Atelje 212,https://www.atelje212.rs/,,,,,,"театр, Ателье 212, автофикшн, Борис Лиешевич, драма","theatre, Atelje 212, autofiction, Boris Liješević, drama","pozorište, Atelje 212, autofikcija, Boris Liješević, drama"
10/4/2026,10/4/2026,9/22/2026,1669,Person,Boris Liješević,https://www.atelje212.rs/,,TheaterEvent,«Мой театр»: автофикшн Бориса Лиешевича в Ателье 212,Moje pozorište: Boris Liješević’s autofiction at Atelje 212,Moje pozorište: autofikcija Borisa Liješevića u Ateljeu 212,https://raw.githubusercontent.com/newsgl/arsposters/main/1669-MojePozoriste.webp,,Theatre,"Авторский проект режиссёра Бориса Лиешевича, в котором он сам становится и сценой, и содержанием. Спектакль начинается с вопроса «кто я такой» и собирается из фрагментов собственного опыта. Сцена «Мира Траиловић», начало в 20:00.","An authorial project in which director Boris Liješević becomes both the stage and its content. The performance starts from the question “who am I” and assembles itself out of fragments of his own experience. Mira Trailović stage, 20:00.","Autorski projekat u kojem reditelj Boris Liješević postaje i scena i sadržaj. Predstava počinje pitanjem „ko sam ja“ i sastavlja se od fragmenata sopstvenog iskustva. Scena „Mira Trailović“, početak u 20.00.","После нескольких удачных работ в **Ателье 212**, включая «Чекаоницу», которая выдержала больше двухсот представлений, режиссёр **Борис Лиешевич** сделал спектакль о самом себе.

«Мой театр» начинается с вопроса, который редко произносят вслух: кто я такой и что мешает мне быть собой. Автор заселяет сцену собой и с этой же сцены на себя смотрит.

Повествование собирается из фрагментов: из личных воспоминаний, из опыта работы, из сомнений в собственной профессии. Получается разговор о театре как о практике, которая принадлежит конкретному человеку, а не только институции.

Играют Небойша Илич, Ана Мандич, Воин Четкович, Бранка Шелич, Боян Жирович и сам Борис Лиешевич.

Место: Ателье 212, сцена «Мира Траиловић».

Время: начало в 20:00.

Цена: от 1500 динаров, первая категория 2000.","After several successful productions at **Atelje 212**, including Čekaonica, which has run more than two hundred times, director **Boris Liješević** has made a piece about himself.

Moje pozorište opens with a question rarely said out loud: who am I, and what keeps me from being authentic. The author populates the stage with himself and from that same stage looks back at himself.

The narrative is assembled from fragments of personal memory, of working life, of doubt about his own profession. What emerges is a conversation about theatre as a practice belonging to a particular person rather than to an institution.

The cast includes Nebojša Ilić, Ana Mandić, Vojin Ćetković, Branka Šelić, Bojan Žirović and Boris Liješević himself.

Venue: Atelje 212, Mira Trailović stage.

Time: 20:00.

Price: from 1500 dinars, first category 2000.","Posle nekoliko uspešnih saradnji sa **Ateljeom 212**, među kojima je i Čekaonica koja se igra više od dvesta puta, reditelj **Boris Liješević** napravio je predstavu o sebi.

Moje pozorište počinje pitanjem koje se retko izgovara naglas: ko sam ja i šta me sprečava da budem svoj. Autor scenu naseljava sobom i sa te iste scene sebe sagledava.

Narativ se plete od fragmenata: od ličnih sećanja, od radnog iskustva, od sumnje u sopstveni poziv. Nastaje razgovor o pozorištu kao praksi koja pripada konkretnom čoveku, a ne samo instituciji.

Igraju Nebojša Ilić, Ana Mandić, Vojin Ćetković, Branka Šelić, Bojan Žirović i sam Boris Liješević.

Mesto: Atelje 212, scena „Mira Trailović“.

Vreme: početak u 20.00.

Cena: od 1500 dinara, prva kategorija 2000.",20:00,1500,Atelje 212,"Svetogorska 21, Beograd","44.814352,20.468168",https://repertoar.rs/predstave/moje-pozoriste/,repertoar.rs,https://bilet.atelje212.rs/scena.php?prostorterminid=4887,Atelje 212,https://www.atelje212.rs/,,,,,,"театр, Ателье 212, автофикшн, Борис Лиешевич, драма","theatre, Atelje 212, autofiction, Boris Liješević, drama","pozorište, Atelje 212, autofikcija, Boris Liješević, drama"
9/26/2026,9/26/2026,9/22/2026,1679,Person,Tanja Šljivar,https://www.atelje212.rs/,,TheaterEvent,«Режим исцеления»: комедия Тани Шливар об одержимости здоровьем в Ателье 212,Režim isceljenja: Tanja Šljivar’s comedy about the obsession with health at Atelje 212,Režim isceljenja: komedija Tanje Šljivar o opsesiji zdravljem u Ateljeu 212,https://raw.githubusercontent.com/newsgl/arsposters/main/1679-RezimIsceljenja.webp,,Theatre,"Вторая часть задуманной трилогии о современных режимах жизни. Комедия о страхе перед временем, культе здоровья и вере в вечную молодость, действие происходит в постпандемийном будущем. Сцена «Петар Краљ», начало в 20:30.","The second part of a planned trilogy about contemporary regimes of living. A comedy about the fear of time passing, the cult of health and the belief in eternal youth, set in a post pandemic future. Petar Kralj stage, 20:30.","Drugi deo zamišljene trilogije o savremenim režimima življenja. Komedija o strahu od prolaznosti, kultu zdravlja i veri u večnu mladost, smeštena u postpandemijsku budućnost. Scena „Petar Kralj“, početak u 20.30.","**Таня Шливар** пишет для Ателье 212 не первый раз: здесь уже шли «Пошто паштета», «Режим любви» и «Као и све слободне дјевојке». «Режим исцеления» продолжает начатое «Режимом любви» и становится второй частью трилогии о том, по каким правилам мы сегодня живём.

Если первая часть разбирала любовь и секс, то вторая берётся за страх перед тем, что всё проходит. Одержимость здоровьем, лечением, молодостью и продлением жизни показана как комедия, и от этого не становится менее узнаваемой.

Действие происходит в постпандемийном, слегка антиутопическом будущем, где вера в западную медицину и представление о неприкосновенности собственного тела оказываются под вопросом одновременно.

Режиссёр **Джордже Нешович**. Играют Наталия Степанович, Драгана Джукич, Иван Евтович и Марко Грабеж.

Место: Ателье 212, сцена «Петар Краљ».

Время: начало в 20:30.

Цена: 2000 динаров.","**Tanja Šljivar** is no newcomer to Atelje 212: the house has already staged Pošto pašteta, Režim ljubavi and Kao i sve slobodne djevojke. Režim isceljenja continues what Režim ljubavi began and forms the second part of a trilogy about the rules we live by now.

Where the first part examined love and sex, the second takes on the fear that everything passes. Obsession with health, treatment, youth and life extension is played as comedy, and is no less recognisable for it.

The action unfolds in a post pandemic, mildly dystopian future in which faith in Western medicine and the idea of bodily integrity come into question at the same time.

Directed by **Đorđe Nešović**. The cast is Natalija Stepanović, Dragana Đukić, Ivan Jevtović and Marko Grabež.

Venue: Atelje 212, Petar Kralj stage.

Time: 20:30.

Price: 2000 dinars.","**Tanja Šljivar** nije prvi put u Ateljeu 212: ovde su već igrani Pošto pašteta, Režim ljubavi i Kao i sve slobodne djevojke. Režim isceljenja nastavlja ono što je Režim ljubavi započeo i čini drugi deo trilogije o pravilima po kojima danas živimo.

Dok je prvi deo razlagao ljubav i seks, drugi se hvata u koštac sa strahom od prolaznosti. Opsesija zdravljem, lečenjem, mladošću i produžetkom života igra se kao komedija, i zbog toga nije ništa manje prepoznatljiva.

Radnja se odvija u postpandemijskoj, blago distopijskoj budućnosti u kojoj i vera u zapadnu medicinu i ideja o nepovredivosti tela istovremeno dolaze pod znak pitanja.

Režija **Đorđe Nešović**. Igraju Natalija Stepanović, Dragana Đukić, Ivan Jevtović i Marko Grabež.

Mesto: Atelje 212, scena „Petar Kralj“.

Vreme: početak u 20.30.

Cena: 2000 dinara.",20:30,2000,Atelje 212,"Svetogorska 21, Beograd","44.814352,20.468168",https://repertoar.rs/predstave/rezim-isceljenja/,repertoar.rs,https://bilet.atelje212.rs/scena.php?prostorterminid=4900,Atelje 212,https://www.atelje212.rs/,,,,,,"театр, Ателье 212, комедия, Таня Шливар, современная драматургия","theatre, Atelje 212, comedy, Tanja Šljivar, contemporary drama","pozorište, Atelje 212, komedija, Tanja Šljivar, savremena drama"
10/1/2026,10/1/2026,9/22/2026,1680,Person,Tanja Šljivar,https://www.atelje212.rs/,,TheaterEvent,«Режим исцеления»: комедия Тани Шливар об одержимости здоровьем в Ателье 212,Režim isceljenja: Tanja Šljivar’s comedy about the obsession with health at Atelje 212,Režim isceljenja: komedija Tanje Šljivar o opsesiji zdravljem u Ateljeu 212,https://raw.githubusercontent.com/newsgl/arsposters/main/1680-RezimIsceljenja.webp,,Theatre,"Вторая часть задуманной трилогии о современных режимах жизни. Комедия о страхе перед временем, культе здоровья и вере в вечную молодость, действие происходит в постпандемийном будущем. Сцена «Петар Краљ», начало в 20:30.","The second part of a planned trilogy about contemporary regimes of living. A comedy about the fear of time passing, the cult of health and the belief in eternal youth, set in a post pandemic future. Petar Kralj stage, 20:30.","Drugi deo zamišljene trilogije o savremenim režimima življenja. Komedija o strahu od prolaznosti, kultu zdravlja i veri u večnu mladost, smeštena u postpandemijsku budućnost. Scena „Petar Kralj“, početak u 20.30.","**Таня Шливар** пишет для Ателье 212 не первый раз: здесь уже шли «Пошто паштета», «Режим любви» и «Као и све слободне дјевојке». «Режим исцеления» продолжает начатое «Режимом любви» и становится второй частью трилогии о том, по каким правилам мы сегодня живём.

Если первая часть разбирала любовь и секс, то вторая берётся за страх перед тем, что всё проходит. Одержимость здоровьем, лечением, молодостью и продлением жизни показана как комедия, и от этого не становится менее узнаваемой.

Действие происходит в постпандемийном, слегка антиутопическом будущем, где вера в западную медицину и представление о неприкосновенности собственного тела оказываются под вопросом одновременно.

Режиссёр **Джордже Нешович**. Играют Наталия Степанович, Драгана Джукич, Иван Евтович и Марко Грабеж.

Место: Ателье 212, сцена «Петар Краљ».

Время: начало в 20:30.

Цена: 2000 динаров.","**Tanja Šljivar** is no newcomer to Atelje 212: the house has already staged Pošto pašteta, Režim ljubavi and Kao i sve slobodne djevojke. Režim isceljenja continues what Režim ljubavi began and forms the second part of a trilogy about the rules we live by now.

Where the first part examined love and sex, the second takes on the fear that everything passes. Obsession with health, treatment, youth and life extension is played as comedy, and is no less recognisable for it.

The action unfolds in a post pandemic, mildly dystopian future in which faith in Western medicine and the idea of bodily integrity come into question at the same time.

Directed by **Đorđe Nešović**. The cast is Natalija Stepanović, Dragana Đukić, Ivan Jevtović and Marko Grabež.

Venue: Atelje 212, Petar Kralj stage.

Time: 20:30.

Price: 2000 dinars.","**Tanja Šljivar** nije prvi put u Ateljeu 212: ovde su već igrani Pošto pašteta, Režim ljubavi i Kao i sve slobodne djevojke. Režim isceljenja nastavlja ono što je Režim ljubavi započeo i čini drugi deo trilogije o pravilima po kojima danas živimo.

Dok je prvi deo razlagao ljubav i seks, drugi se hvata u koštac sa strahom od prolaznosti. Opsesija zdravljem, lečenjem, mladošću i produžetkom života igra se kao komedija, i zbog toga nije ništa manje prepoznatljiva.

Radnja se odvija u postpandemijskoj, blago distopijskoj budućnosti u kojoj i vera u zapadnu medicinu i ideja o nepovredivosti tela istovremeno dolaze pod znak pitanja.

Režija **Đorđe Nešović**. Igraju Natalija Stepanović, Dragana Đukić, Ivan Jevtović i Marko Grabež.

Mesto: Atelje 212, scena „Petar Kralj“.

Vreme: početak u 20.30.

Cena: 2000 dinara.",20:30,2000,Atelje 212,"Svetogorska 21, Beograd","44.814352,20.468168",https://repertoar.rs/predstave/rezim-isceljenja/,repertoar.rs,https://bilet.atelje212.rs/scena.php?prostorterminid=4900,Atelje 212,https://www.atelje212.rs/,,,,,,"театр, Ателье 212, комедия, Таня Шливар, современная драматургия","theatre, Atelje 212, comedy, Tanja Šljivar, contemporary drama","pozorište, Atelje 212, komedija, Tanja Šljivar, savremena drama"
10/26/2026,10/26/2026,9/22/2026,1681,Person,Tanja Šljivar,https://www.atelje212.rs/,,TheaterEvent,«Режим исцеления»: комедия Тани Шливар об одержимости здоровьем в Ателье 212,Režim isceljenja: Tanja Šljivar’s comedy about the obsession with health at Atelje 212,Režim isceljenja: komedija Tanje Šljivar o opsesiji zdravljem u Ateljeu 212,https://raw.githubusercontent.com/newsgl/arsposters/main/1681-RezimIsceljenja.webp,,Theatre,"Вторая часть задуманной трилогии о современных режимах жизни. Комедия о страхе перед временем, культе здоровья и вере в вечную молодость, действие происходит в постпандемийном будущем. Сцена «Петар Краљ», начало в 20:30.","The second part of a planned trilogy about contemporary regimes of living. A comedy about the fear of time passing, the cult of health and the belief in eternal youth, set in a post pandemic future. Petar Kralj stage, 20:30.","Drugi deo zamišljene trilogije o savremenim režimima življenja. Komedija o strahu od prolaznosti, kultu zdravlja i veri u večnu mladost, smeštena u postpandemijsku budućnost. Scena „Petar Kralj“, početak u 20.30.","**Таня Шливар** пишет для Ателье 212 не первый раз: здесь уже шли «Пошто паштета», «Режим любви» и «Као и све слободне дјевојке». «Режим исцеления» продолжает начатое «Режимом любви» и становится второй частью трилогии о том, по каким правилам мы сегодня живём.

Если первая часть разбирала любовь и секс, то вторая берётся за страх перед тем, что всё проходит. Одержимость здоровьем, лечением, молодостью и продлением жизни показана как комедия, и от этого не становится менее узнаваемой.

Действие происходит в постпандемийном, слегка антиутопическом будущем, где вера в западную медицину и представление о неприкосновенности собственного тела оказываются под вопросом одновременно.

Режиссёр **Джордже Нешович**. Играют Наталия Степанович, Драгана Джукич, Иван Евтович и Марко Грабеж.

Место: Ателье 212, сцена «Петар Краљ».

Время: начало в 20:30.

Цена: 2000 динаров.","**Tanja Šljivar** is no newcomer to Atelje 212: the house has already staged Pošto pašteta, Režim ljubavi and Kao i sve slobodne djevojke. Režim isceljenja continues what Režim ljubavi began and forms the second part of a trilogy about the rules we live by now.

Where the first part examined love and sex, the second takes on the fear that everything passes. Obsession with health, treatment, youth and life extension is played as comedy, and is no less recognisable for it.

The action unfolds in a post pandemic, mildly dystopian future in which faith in Western medicine and the idea of bodily integrity come into question at the same time.

Directed by **Đorđe Nešović**. The cast is Natalija Stepanović, Dragana Đukić, Ivan Jevtović and Marko Grabež.

Venue: Atelje 212, Petar Kralj stage.

Time: 20:30.

Price: 2000 dinars.","**Tanja Šljivar** nije prvi put u Ateljeu 212: ovde su već igrani Pošto pašteta, Režim ljubavi i Kao i sve slobodne djevojke. Režim isceljenja nastavlja ono što je Režim ljubavi započeo i čini drugi deo trilogije o pravilima po kojima danas živimo.

Dok je prvi deo razlagao ljubav i seks, drugi se hvata u koštac sa strahom od prolaznosti. Opsesija zdravljem, lečenjem, mladošću i produžetkom života igra se kao komedija, i zbog toga nije ništa manje prepoznatljiva.

Radnja se odvija u postpandemijskoj, blago distopijskoj budućnosti u kojoj i vera u zapadnu medicinu i ideja o nepovredivosti tela istovremeno dolaze pod znak pitanja.

Režija **Đorđe Nešović**. Igraju Natalija Stepanović, Dragana Đukić, Ivan Jevtović i Marko Grabež.

Mesto: Atelje 212, scena „Petar Kralj“.

Vreme: početak u 20.30.

Cena: 2000 dinara.",20:30,2000,Atelje 212,"Svetogorska 21, Beograd","44.814352,20.468168",https://repertoar.rs/predstave/rezim-isceljenja/,repertoar.rs,https://bilet.atelje212.rs/scena.php?prostorterminid=4900,Atelje 212,https://www.atelje212.rs/,,,,,,"театр, Ателье 212, комедия, Таня Шливар, современная драматургия","theatre, Atelje 212, comedy, Tanja Šljivar, contemporary drama","pozorište, Atelje 212, komedija, Tanja Šljivar, savremena drama"
10/2/2026,10/2/2026,9/22/2026,1699,Person,Mia Knežević,https://www.atelje212.rs/,,TheaterEvent,«Кофе и сигареты: привет из Белграда»: омнибус из семи историй в Ателье 212,"Kafa i cigarete, pozdrav iz Beograda: an omnibus of seven stories at Atelje 212","Kafa i cigarete: pozdrav iz Beograda, omnibus od sedam priča u Ateljeu 212",https://raw.githubusercontent.com/newsgl/arsposters/main/1699-KafaICigarete.webp,,Theatre,"Миа Кнежевич взяла драматургическую рамку культового фильма Джима Джармуша и наполнила её белградскими разговорами. Семь историй, в каждой свои собеседники: профессор и студент, сёстры, друзья, человек и его прошлое. Сцена «Мира Траиловић», начало в 20:00.","Mia Knežević borrows the dramaturgical frame of Jim Jarmusch’s cult film and fills it with Belgrade conversations. Seven stories, each with its own pair of speakers: a professor and a student, two sisters, friends, a man and his past. Mira Trailović stage, 20:00.","Mia Knežević uzima dramaturški okvir kultnog filma Džima Džarmuša i puni ga beogradskim razgovorima. Sedam priča, u svakoj svoji sagovornici: profesor i student, sestre, drugovi, čovek i njegova prošlost. Scena „Mira Trailović“, početak u 20.00.","Название отсылает к фильму Джима Джармуша, но спектакль не пересказывает его сюжет. **Миа Кнежевич** берёт только драматургическую модель: двое за столом, кофе, сигарета и разговор, из которого постепенно проступает вся жизнь.

Омнибус собран из семи историй. В каждой встречаются люди разных поколений: профессор и студент, старшая и младшая сёстры, друг и подруга, человек и то, от чего он давно отвернулся. Темы у всех общие: страх, надежда, невысказанное.

Город в этих разговорах присутствует как участник. Отсюда и подзаголовок «привет из Белграда».

Играют Милица Михайлович, Небойша Илич, Тихомир Станич, Дара Джокич, Милица Трифунович, Марко Грабеж и Светозар Цветкович.

Место: Ателье 212, сцена «Мира Траиловић».

Время: начало в 20:00.

Цена: от 1500 динаров, первая категория 2000.","The title nods to Jim Jarmusch’s film, but the play does not retell its plot. **Mia Knežević** takes only the dramaturgical model: two people at a table, coffee, a cigarette and a conversation from which a whole life gradually emerges.

The omnibus is built from seven stories. Each brings together people of different generations: a professor and a student, an older and a younger sister, two friends, a person and the thing they turned away from long ago. The themes run through all of them: fear, hope, the unsaid.

The city takes part in these conversations, which is where the subtitle greetings from Belgrade comes from.

The cast includes Milica Mihajlović, Nebojša Ilić, Tihomir Stanić, Dara Džokić, Milica Trifunović, Marko Grabež and Svetozar Cvetković.

Venue: Atelje 212, Mira Trailović stage.

Time: 20:00.

Price: from 1500 dinars, first category 2000.","Naslov upućuje na film Džima Džarmuša, ali predstava ne prepričava njegovu radnju. **Mia Knežević** uzima samo dramaturški model: dvoje za stolom, kafa, cigareta i razgovor iz kojeg postepeno izranja ceo život.

Omnibus je sastavljen od sedam priča. U svakoj se sreću ljudi različitih generacija: profesor i student, starija i mlađa sestra, drug i drugarica, čovek i ono od čega se davno okrenuo. Teme su im zajedničke: strah, nada, prećutano.

Grad u tim razgovorima učestvuje, otuda i podnaslov pozdrav iz Beograda.

Igraju Milica Mihajlović, Nebojša Ilić, Tihomir Stanić, Dara Džokić, Milica Trifunović, Marko Grabež i Svetozar Cvetković.

Mesto: Atelje 212, scena „Mira Trailović“.

Vreme: početak u 20.00.

Cena: od 1500 dinara, prva kategorija 2000.",20:00,1500,Atelje 212,"Svetogorska 21, Beograd","44.814352,20.468168",https://repertoar.rs/predstave/kafa-i-cigarete-pozdrav-iz-beograda/,repertoar.rs,https://bilet.atelje212.rs/scena.php?prostorterminid=4907,Atelje 212,https://www.atelje212.rs/,,,,,,"театр, Ателье 212, драма, омнибус, Миа Кнежевич, Белград","theatre, Atelje 212, drama, omnibus, Mia Knežević, Belgrade","pozorište, Atelje 212, drama, omnibus, Mia Knežević, Beograd"
10/3/2026,10/3/2026,9/22/2026,1702,Person,Aleksandar Radivojević,https://www.atelje212.rs/,,TheaterEvent,"«Струйосек»: чёрная комедия, которая держится в Ателье 212 с 2015 года",Strujosek: the black comedy that has held the Atelje 212 stage since 2015,Strujosek: crna komedija koja se u Ateljeu 212 igra od 2015.,https://raw.githubusercontent.com/newsgl/arsposters/main/1702-Strujosek.webp,,Theatre,"Сатира Александра Радивоевича о человеке, чья работа состоит в том, чтобы отключать другим свет. Спектакль перешагнул отметку в полторы сотни представлений и актуальности не потерял. Сцена «Петар Краљ», начало в 20:30.","Aleksandar Radivojević’s satire about a man whose job is to cut other people’s electricity. The production has passed its hundred and fiftieth performance and has lost none of its bite. Petar Kralj stage, 20:30.","Satira Aleksandra Radivojevića o čoveku čiji je posao da drugima isključuje struju. Predstava je prešla sto pedeseto izvođenje i nije izgubila na aktuelnosti. Scena „Petar Kralj“, početak u 20.30.","Струйосек это человек с узкой и очень неприятной специальностью: он приходит и отключает свет тем, кто не заплатил. Из этой мелкой служебной роли **Александар Радивоевич** вырастил портрет общества, где каждый кому-то что-то отключает.

Спектакль идёт в **Ателье 212** с 2015 года и перешагнул сто пятидесятое представление. Чёрная комедия работает исподволь: смешно становится раньше, чем понимаешь, над чем именно смеёшься.

Режиссёр Александар Швабич. Играют Иван Евтович, Бранислав Трифунович, Марко Гверо, Миодраг Крстович, Ана Вучич, Боян Жирович и Елена Петрович.

Место: Ателье 212, сцена «Петар Краљ».

Время: начало в 20:30.

Цена: 2000 динаров.","A strujosek is a man with a narrow and thoroughly unpleasant speciality: he turns up and cuts the electricity of those who have not paid. Out of that small official role **Aleksandar Radivojević** grew a portrait of a society in which everyone is cutting something off for someone.

The production has run at **Atelje 212** since 2015 and has passed its hundred and fiftieth performance. The black comedy works obliquely: you laugh before you work out what exactly you are laughing at.

Directed by Aleksandar Švabić. The cast is Ivan Jevtović, Branislav Trifunović, Marko Gvero, Miodrag Krstović, Ana Vučić, Bojan Žirović and Jelena Petrović.

Venue: Atelje 212, Petar Kralj stage.

Time: 20:30.

Price: 2000 dinars.","Strujosek je čovek uske i krajnje neprijatne specijalnosti: dolazi i isključuje struju onima koji nisu platili. Iz te sitne službene uloge **Aleksandar Radivojević** je izrastao portret društva u kojem svako nekome nešto isključuje.

Predstava se u **Ateljeu 212** igra od 2015. i prešla je sto pedeseto izvođenje. Crna komedija radi posredno: nasmejete se pre nego što shvatite čemu se tačno smejete.

Režija Aleksandar Švabić. Igraju Ivan Jevtović, Branislav Trifunović, Marko Gvero, Miodrag Krstović, Ana Vučić, Bojan Žirović i Jelena Petrović.

Mesto: Atelje 212, scena „Petar Kralj“.

Vreme: početak u 20.30.

Cena: 2000 dinara.",20:30,2000,Atelje 212,"Svetogorska 21, Beograd","44.814352,20.468168",https://repertoar.rs/predstave/strujosek/,repertoar.rs,https://bilet.atelje212.rs/scena.php?prostorterminid=4932,Atelje 212,https://www.atelje212.rs/,,,,,,"театр, Ателье 212, чёрная комедия, сатира, Александар Радивоевич","theatre, Atelje 212, black comedy, satire, Aleksandar Radivojević","pozorište, Atelje 212, crna komedija, satira, Aleksandar Radivojević"
10/9/2026,10/9/2026,9/22/2026,1703,Person,Aleksandar Radivojević,https://www.atelje212.rs/,,TheaterEvent,"«Струйосек»: чёрная комедия, которая держится в Ателье 212 с 2015 года",Strujosek: the black comedy that has held the Atelje 212 stage since 2015,Strujosek: crna komedija koja se u Ateljeu 212 igra od 2015.,https://raw.githubusercontent.com/newsgl/arsposters/main/1703-Strujosek.webp,,Theatre,"Сатира Александра Радивоевича о человеке, чья работа состоит в том, чтобы отключать другим свет. Спектакль перешагнул отметку в полторы сотни представлений и актуальности не потерял. Сцена «Петар Краљ», начало в 20:30.","Aleksandar Radivojević’s satire about a man whose job is to cut other people’s electricity. The production has passed its hundred and fiftieth performance and has lost none of its bite. Petar Kralj stage, 20:30.","Satira Aleksandra Radivojevića o čoveku čiji je posao da drugima isključuje struju. Predstava je prešla sto pedeseto izvođenje i nije izgubila na aktuelnosti. Scena „Petar Kralj“, početak u 20.30.","Струйосек это человек с узкой и очень неприятной специальностью: он приходит и отключает свет тем, кто не заплатил. Из этой мелкой служебной роли **Александар Радивоевич** вырастил портрет общества, где каждый кому-то что-то отключает.

Спектакль идёт в **Ателье 212** с 2015 года и перешагнул сто пятидесятое представление. Чёрная комедия работает исподволь: смешно становится раньше, чем понимаешь, над чем именно смеёшься.

Режиссёр Александар Швабич. Играют Иван Евтович, Бранислав Трифунович, Марко Гверо, Миодраг Крстович, Ана Вучич, Боян Жирович и Елена Петрович.

Место: Ателье 212, сцена «Петар Краљ».

Время: начало в 20:30.

Цена: 2000 динаров.","A strujosek is a man with a narrow and thoroughly unpleasant speciality: he turns up and cuts the electricity of those who have not paid. Out of that small official role **Aleksandar Radivojević** grew a portrait of a society in which everyone is cutting something off for someone.

The production has run at **Atelje 212** since 2015 and has passed its hundred and fiftieth performance. The black comedy works obliquely: you laugh before you work out what exactly you are laughing at.

Directed by Aleksandar Švabić. The cast is Ivan Jevtović, Branislav Trifunović, Marko Gvero, Miodrag Krstović, Ana Vučić, Bojan Žirović and Jelena Petrović.

Venue: Atelje 212, Petar Kralj stage.

Time: 20:30.

Price: 2000 dinars.","Strujosek je čovek uske i krajnje neprijatne specijalnosti: dolazi i isključuje struju onima koji nisu platili. Iz te sitne službene uloge **Aleksandar Radivojević** je izrastao portret društva u kojem svako nekome nešto isključuje.

Predstava se u **Ateljeu 212** igra od 2015. i prešla je sto pedeseto izvođenje. Crna komedija radi posredno: nasmejete se pre nego što shvatite čemu se tačno smejete.

Režija Aleksandar Švabić. Igraju Ivan Jevtović, Branislav Trifunović, Marko Gvero, Miodrag Krstović, Ana Vučić, Bojan Žirović i Jelena Petrović.

Mesto: Atelje 212, scena „Petar Kralj“.

Vreme: početak u 20.30.

Cena: 2000 dinara.",20:30,2000,Atelje 212,"Svetogorska 21, Beograd","44.814352,20.468168",https://repertoar.rs/predstave/strujosek/,repertoar.rs,https://bilet.atelje212.rs/scena.php?prostorterminid=4932,Atelje 212,https://www.atelje212.rs/,,,,,,"театр, Ателье 212, чёрная комедия, сатира, Александар Радивоевич","theatre, Atelje 212, black comedy, satire, Aleksandar Radivojević","pozorište, Atelje 212, crna komedija, satira, Aleksandar Radivojević"
10/24/2026,10/24/2026,9/22/2026,1704,Person,Aleksandar Radivojević,https://www.atelje212.rs/,,TheaterEvent,"«Струйосек»: чёрная комедия, которая держится в Ателье 212 с 2015 года",Strujosek: the black comedy that has held the Atelje 212 stage since 2015,Strujosek: crna komedija koja se u Ateljeu 212 igra od 2015.,https://raw.githubusercontent.com/newsgl/arsposters/main/1704-Strujosek.webp,,Theatre,"Сатира Александра Радивоевича о человеке, чья работа состоит в том, чтобы отключать другим свет. Спектакль перешагнул отметку в полторы сотни представлений и актуальности не потерял. Сцена «Петар Краљ», начало в 20:30.","Aleksandar Radivojević’s satire about a man whose job is to cut other people’s electricity. The production has passed its hundred and fiftieth performance and has lost none of its bite. Petar Kralj stage, 20:30.","Satira Aleksandra Radivojevića o čoveku čiji je posao da drugima isključuje struju. Predstava je prešla sto pedeseto izvođenje i nije izgubila na aktuelnosti. Scena „Petar Kralj“, početak u 20.30.","Струйосек это человек с узкой и очень неприятной специальностью: он приходит и отключает свет тем, кто не заплатил. Из этой мелкой служебной роли **Александар Радивоевич** вырастил портрет общества, где каждый кому-то что-то отключает.

Спектакль идёт в **Ателье 212** с 2015 года и перешагнул сто пятидесятое представление. Чёрная комедия работает исподволь: смешно становится раньше, чем понимаешь, над чем именно смеёшься.

Режиссёр Александар Швабич. Играют Иван Евтович, Бранислав Трифунович, Марко Гверо, Миодраг Крстович, Ана Вучич, Боян Жирович и Елена Петрович.

Место: Ателье 212, сцена «Петар Краљ».

Время: начало в 20:30.

Цена: 2000 динаров.","A strujosek is a man with a narrow and thoroughly unpleasant speciality: he turns up and cuts the electricity of those who have not paid. Out of that small official role **Aleksandar Radivojević** grew a portrait of a society in which everyone is cutting something off for someone.

The production has run at **Atelje 212** since 2015 and has passed its hundred and fiftieth performance. The black comedy works obliquely: you laugh before you work out what exactly you are laughing at.

Directed by Aleksandar Švabić. The cast is Ivan Jevtović, Branislav Trifunović, Marko Gvero, Miodrag Krstović, Ana Vučić, Bojan Žirović and Jelena Petrović.

Venue: Atelje 212, Petar Kralj stage.

Time: 20:30.

Price: 2000 dinars.","Strujosek je čovek uske i krajnje neprijatne specijalnosti: dolazi i isključuje struju onima koji nisu platili. Iz te sitne službene uloge **Aleksandar Radivojević** je izrastao portret društva u kojem svako nekome nešto isključuje.

Predstava se u **Ateljeu 212** igra od 2015. i prešla je sto pedeseto izvođenje. Crna komedija radi posredno: nasmejete se pre nego što shvatite čemu se tačno smejete.

Režija Aleksandar Švabić. Igraju Ivan Jevtović, Branislav Trifunović, Marko Gvero, Miodrag Krstović, Ana Vučić, Bojan Žirović i Jelena Petrović.

Mesto: Atelje 212, scena „Petar Kralj“.

Vreme: početak u 20.30.

Cena: 2000 dinara.",20:30,2000,Atelje 212,"Svetogorska 21, Beograd","44.814352,20.468168",https://repertoar.rs/predstave/strujosek/,repertoar.rs,https://bilet.atelje212.rs/scena.php?prostorterminid=4932,Atelje 212,https://www.atelje212.rs/,,,,,,"театр, Ателье 212, чёрная комедия, сатира, Александар Радивоевич","theatre, Atelje 212, black comedy, satire, Aleksandar Radivojević","pozorište, Atelje 212, crna komedija, satira, Aleksandar Radivojević"
10/6/2026,10/6/2026,9/22/2026,1706,Person,Gorica Popović,https://www.atelje212.rs/,,TheaterEvent,«Славная Флоренс»: история худшей певицы в мире в Ателье 212,Slavna Florens: the story of the world’s worst singer at Atelje 212,Slavna Florens: priča o najgoroj pevačici na svetu u Ateljeu 212,https://raw.githubusercontent.com/newsgl/arsposters/main/1706-SlavnaFlorens.webp,,Theatre,"Комедия Питера Квилтера о Флоренс Фостер Дженкинс, которая в сороковые годы была любимым музыкальным аттракционом Нью-Йорка и дошла до Карнеги-холла, так и не научившись петь. Сцена «Петар Краљ», начало в 20:30.","Peter Quilter’s comedy about Florence Foster Jenkins, New York’s favourite musical attraction of the forties, who reached Carnegie Hall without ever learning to sing. Petar Kralj stage, 20:30.","Komedija Pitera Kviltera o Florens Foster Dženkins, omiljenoj njujorškoj muzičkoj atrakciji četrdesetih, koja je stigla do Karnegi hola a da nikada nije naučila da peva. Scena „Petar Kralj“, početak u 20.30.","Флоренс Фостер Дженкинс существовала на самом деле, и история её карьеры выглядит выдумкой. Наследница большого состояния, она пела на публике десятилетиями, собирала полные залы и в 1944 году добралась до **Карнеги-холла**, хотя попасть в ноту так и не научилась.

Пьесу написал **Питер Квилтер**, британский комедиограф, чьи тексты переведены на двадцать семь языков и идут в четырёх десятках стран. Комедия держится на зазоре между тем, что слышит зал, и тем, что слышит сама Флоренс: каждый взрыв хохота она принимает за восторг.

Режиссёр Джурджа Тешич. Играют Горица Попович, Иван Михайлович и Тамара Драгичевич.

Место: Ателье 212, сцена «Петар Краљ».

Время: начало в 20:30.

Цена: 2000 динаров.","Florence Foster Jenkins was real, and the story of her career reads like fiction. Heiress to a large fortune, she sang in public for decades, filled halls and in 1944 made it to **Carnegie Hall**, without ever learning to hit a note.

The play is by **Peter Quilter**, the British comic writer whose work is translated into twenty seven languages and staged in some forty countries. The comedy lives in the gap between what the audience hears and what Florence hears: every burst of laughter reaches her as delight.

Directed by Đurđa Tešić. The cast is Gorica Popović, Ivan Mihailović and Tamara Dragičević.

Venue: Atelje 212, Petar Kralj stage.

Time: 20:30.

Price: 2000 dinars.","Florens Foster Dženkins zaista je postojala, a priča o njenoj karijeri zvuči kao izmišljotina. Naslednica velikog bogatstva, pevala je pred publikom decenijama, punila sale i 1944. stigla do **Karnegi hola**, a da nikada nije naučila da pogodi ton.

Komad je napisao **Piter Kvilter**, britanski komediograf čiji su tekstovi prevedeni na dvadeset sedam jezika i igraju se u četrdesetak zemalja. Komedija stoji na procepu između onoga što čuje publika i onoga što čuje sama Florens: svaki salvu smeha ona prima kao oduševljenje.

Režija Đurđa Tešić. Igraju Gorica Popović, Ivan Mihailović i Tamara Dragičević.

Mesto: Atelje 212, scena „Petar Kralj“.

Vreme: početak u 20.30.

Cena: 2000 dinara.",20:30,2000,Atelje 212,"Svetogorska 21, Beograd","44.814352,20.468168",https://repertoar.rs/predstave/slavna-florens/,repertoar.rs,https://bilet.atelje212.rs/scena.php?prostorterminid=4935,Atelje 212,https://www.atelje212.rs/,,,,,,"театр, Ателье 212, комедия, Флоренс Фостер Дженкинс, Питер Квилтер","theatre, Atelje 212, comedy, Florence Foster Jenkins, Peter Quilter","pozorište, Atelje 212, komedija, Florens Foster Dženkins, Piter Kvilter"
10/21/2026,10/21/2026,9/22/2026,1707,Person,Gorica Popović,https://www.atelje212.rs/,,TheaterEvent,«Славная Флоренс»: история худшей певицы в мире в Ателье 212,Slavna Florens: the story of the world’s worst singer at Atelje 212,Slavna Florens: priča o najgoroj pevačici na svetu u Ateljeu 212,https://raw.githubusercontent.com/newsgl/arsposters/main/1707-SlavnaFlorens.webp,,Theatre,"Комедия Питера Квилтера о Флоренс Фостер Дженкинс, которая в сороковые годы была любимым музыкальным аттракционом Нью-Йорка и дошла до Карнеги-холла, так и не научившись петь. Сцена «Петар Краљ», начало в 20:30.","Peter Quilter’s comedy about Florence Foster Jenkins, New York’s favourite musical attraction of the forties, who reached Carnegie Hall without ever learning to sing. Petar Kralj stage, 20:30.","Komedija Pitera Kviltera o Florens Foster Dženkins, omiljenoj njujorškoj muzičkoj atrakciji četrdesetih, koja je stigla do Karnegi hola a da nikada nije naučila da peva. Scena „Petar Kralj“, početak u 20.30.","Флоренс Фостер Дженкинс существовала на самом деле, и история её карьеры выглядит выдумкой. Наследница большого состояния, она пела на публике десятилетиями, собирала полные залы и в 1944 году добралась до **Карнеги-холла**, хотя попасть в ноту так и не научилась.

Пьесу написал **Питер Квилтер**, британский комедиограф, чьи тексты переведены на двадцать семь языков и идут в четырёх десятках стран. Комедия держится на зазоре между тем, что слышит зал, и тем, что слышит сама Флоренс: каждый взрыв хохота она принимает за восторг.

Режиссёр Джурджа Тешич. Играют Горица Попович, Иван Михайлович и Тамара Драгичевич.

Место: Ателье 212, сцена «Петар Краљ».

Время: начало в 20:30.

Цена: 2000 динаров.","Florence Foster Jenkins was real, and the story of her career reads like fiction. Heiress to a large fortune, she sang in public for decades, filled halls and in 1944 made it to **Carnegie Hall**, without ever learning to hit a note.

The play is by **Peter Quilter**, the British comic writer whose work is translated into twenty seven languages and staged in some forty countries. The comedy lives in the gap between what the audience hears and what Florence hears: every burst of laughter reaches her as delight.

Directed by Đurđa Tešić. The cast is Gorica Popović, Ivan Mihailović and Tamara Dragičević.

Venue: Atelje 212, Petar Kralj stage.

Time: 20:30.

Price: 2000 dinars.","Florens Foster Dženkins zaista je postojala, a priča o njenoj karijeri zvuči kao izmišljotina. Naslednica velikog bogatstva, pevala je pred publikom decenijama, punila sale i 1944. stigla do **Karnegi hola**, a da nikada nije naučila da pogodi ton.

Komad je napisao **Piter Kvilter**, britanski komediograf čiji su tekstovi prevedeni na dvadeset sedam jezika i igraju se u četrdesetak zemalja. Komedija stoji na procepu između onoga što čuje publika i onoga što čuje sama Florens: svaki salvu smeha ona prima kao oduševljenje.

Režija Đurđa Tešić. Igraju Gorica Popović, Ivan Mihailović i Tamara Dragičević.

Mesto: Atelje 212, scena „Petar Kralj“.

Vreme: početak u 20.30.

Cena: 2000 dinara.",20:30,2000,Atelje 212,"Svetogorska 21, Beograd","44.814352,20.468168",https://repertoar.rs/predstave/slavna-florens/,repertoar.rs,https://bilet.atelje212.rs/scena.php?prostorterminid=4935,Atelje 212,https://www.atelje212.rs/,,,,,,"театр, Ателье 212, комедия, Флоренс Фостер Дженкинс, Питер Квилтер","theatre, Atelje 212, comedy, Florence Foster Jenkins, Peter Quilter","pozorište, Atelje 212, komedija, Florens Foster Dženkins, Piter Kvilter"
10/13/2026,10/13/2026,9/22/2026,1711,Person,Aleksej Žitkovski,https://www.atelje212.rs/,,TheaterEvent,«Посадить дерево»: комедия Алексея Житковского в Ателье 212,Posaditi drvo: Aleksej Žitkovski’s comedy at Atelje 212,Posaditi drvo: komedija Alekseja Žitkovskog u Ateljeu 212,https://raw.githubusercontent.com/newsgl/arsposters/main/1711-PosaditiDrvo.webp,,Theatre,"Пьеса современного российского драматурга Алексея Житковского о мужчинах, отцовстве и том, что между людьми труднее всего описать словами. На сцене «Петар Краљ» с 2022 года. Начало в 20:30.","A play by the contemporary Russian dramatist Aleksej Žitkovski about men, fatherhood and the things between people that are hardest to put into words. On the Petar Kralj stage since 2022. Starts at 20:30.","Komad savremenog ruskog dramatičara Alekseja Žitkovskog o muškarcima, očinstvu i onome što je među ljudima najteže opisati rečima. Na sceni „Petar Kralj“ od 2022. Početak u 20.30.","Посадить дерево, построить дом, вырастить сына: пословица обещает простую программу жизни, а пьеса **Алексея Житковского** показывает, что ни один из пунктов не выполняется так, как задумано.

Это разговор о мужчинах и о том, что между близкими людьми труднее всего произнести вслух. Сюжет складывается из мелочей, из неловких пауз, из попыток сказать важное обходным путём.

Спектакль идёт на сцене **«Петар Краљ»** с 2022 года. Режиссёр Павле Терзич, играют Бранимир Брстина, Марко Павлович, Стойша Ольячич и Никола Штрбац.

Место: Ателье 212, сцена «Петар Краљ».

Время: начало в 20:30.

Цена: 2000 динаров.","Plant a tree, build a house, raise a son: the proverb promises a simple programme for a life, and **Aleksej Žitkovski**’s play shows that none of its points works out as intended.

This is a conversation about men and about what is hardest to say out loud between people who are close. The plot forms out of small things, awkward pauses and attempts to say something important by going around it.

The production has been on the **Petar Kralj** stage since 2022. Directed by Pavle Terzić, with Branimir Brstina, Marko Pavlović, Stojša Oljačić and Nikola Štrbac.

Venue: Atelje 212, Petar Kralj stage.

Time: 20:30.

Price: 2000 dinars.","Posaditi drvo, sagraditi kuću, podići sina: poslovica obećava jednostavan program života, a komad **Alekseja Žitkovskog** pokazuje da nijedna stavka ne ispada kako je zamišljena.

Ovo je razgovor o muškarcima i o onome što je među bliskim ljudima najteže izgovoriti naglas. Radnja se sklapa od sitnica, od nezgodnih pauza, od pokušaja da se važno kaže zaobilazno.

Predstava se na sceni **„Petar Kralj“** igra od 2022. Režija Pavle Terzić, igraju Branimir Brstina, Marko Pavlović, Stojša Oljačić i Nikola Štrbac.

Mesto: Atelje 212, scena „Petar Kralj“.

Vreme: početak u 20.30.

Cena: 2000 dinara.",20:30,2000,Atelje 212,"Svetogorska 21, Beograd","44.814352,20.468168",https://repertoar.rs/predstave/posaditi-drvo/,repertoar.rs,https://bilet.atelje212.rs/scena.php?prostorterminid=4940,Atelje 212,https://www.atelje212.rs/,,,,,,"театр, Ателье 212, комедия, Алексей Житковский, современная драматургия","theatre, Atelje 212, comedy, Aleksej Žitkovski, contemporary drama","pozorište, Atelje 212, komedija, Aleksej Žitkovski, savremena drama"
10/13/2026,10/13/2026,9/22/2026,1712,Person,Svetlana Bojković,https://www.atelje212.rs/,,TheaterEvent,«Страх в опере»: драма Елены Миёвич о солидарности в Ателье 212,Strah u operi: Jelena Mijović’s drama about solidarity at Atelje 212,Strah u operi: drama Jelene Mijović o solidarnosti u Ateljeu 212,https://raw.githubusercontent.com/newsgl/arsposters/main/1712-StrahUOperi.webp,,Theatre,"Спектакль идёт на сцене «Мира Траиловић» с февраля 2024 года. История о несправедливости, которую редко называют вслух, и о солидарности как обыкновенном человеческом поступке. Начало в 20:00.","The production has been on the Mira Trailović stage since February 2024. A story about an injustice rarely named out loud, and about solidarity as an ordinary human act. Starts at 20:00.",Predstava se na sceni „Mira Trailović“ igra od februara 2024. Priča o nepravdi koja se retko imenuje naglas i o solidarnosti kao običnom ljudskom činu. Početak u 20.00.,"Пьеса **Елены Миёвич** берётся за ту сторону несправедливости, к которой зритель обычно не подготовлен: не за громкий скандал, а за повседневное положение вещей, которое все вокруг считают нормальным.

Спектакль идёт в **Ателье 212** с февраля 2024 года и с первых месяцев собирает полный зал. Солидарность здесь показана не как подвиг, а как обычный человеческий поступок, на который в нужную минуту способен не каждый.

Режиссёр Иван Вукович. Играют Светлана Бойкович, Милица Трифунович, Тихомир Станич, Горан Евтич и Елена Джокич.

Место: Ателье 212, сцена «Мира Траиловић».

Время: начало в 20:00.

Цена: от 1500 динаров, первая категория 2000.","**Jelena Mijović**’s play takes on the side of injustice an audience is usually not prepared for: not a loud scandal, but an everyday state of affairs that everyone around treats as normal.

The production has run at **Atelje 212** since February 2024 and has filled the house from its first months. Solidarity here is shown not as heroism but as an ordinary human act that not everyone manages at the right moment.

Directed by Ivan Vuković. The cast includes Svetlana Bojković, Milica Trifunović, Tihomir Stanić, Goran Jevtić and Jelena Đokić.

Venue: Atelje 212, Mira Trailović stage.

Time: 20:00.

Price: from 1500 dinars, first category 2000.","Komad **Jelene Mijović** hvata se one strane nepravde za koju publika obično nije spremna: ne glasnog skandala, nego svakodnevnog stanja stvari koje svi oko nas smatraju normalnim.

Predstava se u **Ateljeu 212** igra od februara 2024. i od prvih meseci puni salu. Solidarnost je ovde prikazana ne kao podvig, nego kao običan ljudski čin na koji u pravom trenutku nije svako spreman.

Režija Ivan Vuković. Igraju Svetlana Bojković, Milica Trifunović, Tihomir Stanić, Goran Jevtić i Jelena Đokić.

Mesto: Atelje 212, scena „Mira Trailović“.

Vreme: početak u 20.00.

Cena: od 1500 dinara, prva kategorija 2000.",20:00,1500,Atelje 212,"Svetogorska 21, Beograd","44.814352,20.468168",https://repertoar.rs/predstave/strah-u-operi/,repertoar.rs,https://bilet.atelje212.rs/scena.php?prostorterminid=4914,Atelje 212,https://www.atelje212.rs/,,,,,,"театр, Ателье 212, драма, солидарность, Елена Миёвич","theatre, Atelje 212, drama, solidarity, Jelena Mijović","pozorište, Atelje 212, drama, solidarnost, Jelena Mijović"
10/14/2026,10/14/2026,9/22/2026,1713,Person,Voja Brajović,https://www.atelje212.rs/,,TheaterEvent,«Отец»: пьеса Флориана Зеллера о деменции в Ателье 212,Otac: Florian Zeller’s play about dementia at Atelje 212,Otac: komad Florijana Zelera o demenciji u Ateljeu 212,https://raw.githubusercontent.com/newsgl/arsposters/main/1713-Otac.webp,,Theatre,"Трагикомедия о человеке, теряющем связь с реальностью, и о дочери, которая эту связь удерживает. В постановке Паоло Маджелли, в главной роли Воя Брайович. Сцена «Мира Траиловић», начало в 20:00.","A tragicomedy about a man losing his grip on reality and the daughter who holds it for him. Directed by Paolo Magelli, with Voja Brajović in the lead. Mira Trailović stage, 20:00.","Tragikomedija o čoveku koji gubi dodir sa stvarnošću i o ćerki koja taj dodir drži. Režija Paolo Mađeli, u glavnoj ulozi Voja Brajović. Scena „Mira Trailović“, početak u 20.00.","«Отец» это вторая часть трилогии **Флориана Зеллера**, в которую входят также «Мать» и «Сын». Зритель смотрит на происходящее глазами человека с деменцией, и потому вместе с ним теряет уверенность в том, кто сейчас на сцене и который сейчас день.

Широкую известность пьеса получила после экранизации 2020 года, где Энтони Хопкинс получил «Оскар» за главную роль, а Оливия Колман была номинирована за роль второго плана.

В Ателье 212 спектакль поставил **Паоло Маджелли**. Играют Воя Брайович, Хана Селимович, Иван Михайлович, Страхиня Блажич, Исидора Симийонович и Марко Грабеж.

Место: Ателье 212, сцена «Мира Траиловић».

Время: начало в 20:00.

Цена: от 1500 динаров, первая категория 2000.","Otac is the second part of **Florian Zeller**’s trilogy, alongside The Mother and The Son. The audience sees events through the eyes of a man with dementia and therefore loses, along with him, any certainty about who is on stage and what day it is.

The play reached a wide audience after the 2020 film, in which Anthony Hopkins won an Oscar for the leading role and Olivia Colman was nominated for a supporting one.

At Atelje 212 the play is staged by **Paolo Magelli**. The cast is Voja Brajović, Hana Selimović, Ivan Mihailović, Strahinja Blažić, Isidora Simijonović and Marko Grabež.

Venue: Atelje 212, Mira Trailović stage.

Time: 20:00.

Price: from 1500 dinars, first category 2000.","Otac je drugi deo trilogije **Florijana Zelera**, uz Majku i Sina. Publika gleda događaje očima čoveka sa demencijom i zato sa njim gubi sigurnost u to ko je sada na sceni i koji je danas dan.

Komad je široku publiku dobio posle filma iz 2020, u kojem je Entoni Hopkins osvojio Oskara za glavnu ulogu, a Olivija Kolman bila nominovana za sporednu.

U Ateljeu 212 predstavu je postavio **Paolo Mađeli**. Igraju Voja Brajović, Hana Selimović, Ivan Mihailović, Strahinja Blažić, Isidora Simijonović i Marko Grabež.

Mesto: Atelje 212, scena „Mira Trailović“.

Vreme: početak u 20.00.

Cena: od 1500 dinara, prva kategorija 2000.",20:00,1500,Atelje 212,"Svetogorska 21, Beograd","44.814352,20.468168",https://repertoar.rs/predstave/otac/,repertoar.rs,https://bilet.atelje212.rs/scena.php?prostorterminid=4915,Atelje 212,https://www.atelje212.rs/,,,,,,"театр, Ателье 212, драма, Флориан Зеллер, Паоло Маджелли","theatre, Atelje 212, drama, Florian Zeller, Paolo Magelli","pozorište, Atelje 212, drama, Florijan Zeler, Paolo Mađeli"
10/15/2026,10/15/2026,9/22/2026,1714,Person,Seka Sablić,https://www.atelje212.rs/,,TheaterEvent,«Лгунья»: Сека Саблич и Горица Попович в пьесе Николая Коляды,Lažljivica: Seka Sablić and Gorica Popović in Nikolai Kolyada’s play,Lažljivica: Seka Sablić i Gorica Popović u komadu Nikolaja Koljade,https://raw.githubusercontent.com/newsgl/arsposters/main/1714-Lazljivica.webp,,Theatre,"Драма с элементами комедии на двух актрис: Сека Саблич и Горица Попович играют женщин, чьи истории о собственной жизни не выдерживают проверки. Премьера прошла в феврале 2020 года. Сцена «Петар Краљ», начало в 20:30.","A drama with comic edges for two actresses: Seka Sablić and Gorica Popović play women whose accounts of their own lives do not survive checking. Premiered in February 2020. Petar Kralj stage, 20:30.","Drama sa elementima komedije za dve glumice: Seka Sablić i Gorica Popović igraju žene čije priče o sopstvenom životu ne izdržavaju proveru. Premijera je bila u februaru 2020. Scena „Petar Kralj“, početak u 20.30.","Пьесу написал **Николай Коляда**, и как это часто бывает с его текстами, разговор двух женщин быстро перестаёт быть бытовым. То, что начиналось как обмен воспоминаниями, превращается в проверку: сколько из рассказанного было правдой и зачем понадобилась остальная часть.

Спектакль держится на двух больших актрисах. **Сека Саблич** и **Горица Попович** ведут диалог, в котором комическое и жестокое меняются местами по нескольку раз за сцену.

Премьера прошла в феврале 2020 года на сцене «Петар Краљ». Режиссёр Стефан Саблич.

Место: Ателье 212, сцена «Петар Краљ».

Время: начало в 20:30.

Цена: 2000 динаров.","The play is by **Nikolai Kolyada**, and as often with his texts, a conversation between two women quickly stops being domestic. What begins as an exchange of memories turns into an audit: how much of it was true, and what the rest was for.

The production rests on two major actresses. **Seka Sablić** and **Gorica Popović** carry a dialogue in which the comic and the cruel change places several times a scene.

It premiered in February 2020 on the Petar Kralj stage. Directed by Stefan Sablić.

Venue: Atelje 212, Petar Kralj stage.

Time: 20:30.

Price: 2000 dinars.","Komad je napisao **Nikolaj Koljada**, i kao što je često slučaj sa njegovim tekstovima, razgovor dve žene brzo prestaje da bude svakodnevan. Ono što počinje kao razmena sećanja pretvara se u proveru: koliko je od ispričanog bilo istina i čemu je služilo ostalo.

Predstava stoji na dve velike glumice. **Seka Sablić** i **Gorica Popović** vode dijalog u kojem komično i surovo menjaju mesta po nekoliko puta u sceni.

Premijera je bila u februaru 2020. na sceni „Petar Kralj“. Režija Stefan Sablić.

Mesto: Atelje 212, scena „Petar Kralj“.

Vreme: početak u 20.30.

Cena: 2000 dinara.",20:30,2000,Atelje 212,"Svetogorska 21, Beograd","44.814352,20.468168",https://repertoar.rs/predstave/lazljivica/,repertoar.rs,https://bilet.atelje212.rs/scena.php?prostorterminid=4942,Atelje 212,https://www.atelje212.rs/,,,,,,"театр, Ателье 212, драма, Николай Коляда, Сека Саблич, Горица Попович","theatre, Atelje 212, drama, Nikolai Kolyada, Seka Sablić, Gorica Popović","pozorište, Atelje 212, drama, Nikolaj Koljada, Seka Sablić, Gorica Popović"
10/22/2026,10/22/2026,9/22/2026,1715,Person,Seka Sablić,https://www.atelje212.rs/,,TheaterEvent,«Лгунья»: Сека Саблич и Горица Попович в пьесе Николая Коляды,Lažljivica: Seka Sablić and Gorica Popović in Nikolai Kolyada’s play,Lažljivica: Seka Sablić i Gorica Popović u komadu Nikolaja Koljade,https://raw.githubusercontent.com/newsgl/arsposters/main/1715-Lazljivica.webp,,Theatre,"Драма с элементами комедии на двух актрис: Сека Саблич и Горица Попович играют женщин, чьи истории о собственной жизни не выдерживают проверки. Премьера прошла в феврале 2020 года. Сцена «Петар Краљ», начало в 20:30.","A drama with comic edges for two actresses: Seka Sablić and Gorica Popović play women whose accounts of their own lives do not survive checking. Premiered in February 2020. Petar Kralj stage, 20:30.","Drama sa elementima komedije za dve glumice: Seka Sablić i Gorica Popović igraju žene čije priče o sopstvenom životu ne izdržavaju proveru. Premijera je bila u februaru 2020. Scena „Petar Kralj“, početak u 20.30.","Пьесу написал **Николай Коляда**, и как это часто бывает с его текстами, разговор двух женщин быстро перестаёт быть бытовым. То, что начиналось как обмен воспоминаниями, превращается в проверку: сколько из рассказанного было правдой и зачем понадобилась остальная часть.

Спектакль держится на двух больших актрисах. **Сека Саблич** и **Горица Попович** ведут диалог, в котором комическое и жестокое меняются местами по нескольку раз за сцену.

Премьера прошла в феврале 2020 года на сцене «Петар Краљ». Режиссёр Стефан Саблич.

Место: Ателье 212, сцена «Петар Краљ».

Время: начало в 20:30.

Цена: 2000 динаров.","The play is by **Nikolai Kolyada**, and as often with his texts, a conversation between two women quickly stops being domestic. What begins as an exchange of memories turns into an audit: how much of it was true, and what the rest was for.

The production rests on two major actresses. **Seka Sablić** and **Gorica Popović** carry a dialogue in which the comic and the cruel change places several times a scene.

It premiered in February 2020 on the Petar Kralj stage. Directed by Stefan Sablić.

Venue: Atelje 212, Petar Kralj stage.

Time: 20:30.

Price: 2000 dinars.","Komad je napisao **Nikolaj Koljada**, i kao što je često slučaj sa njegovim tekstovima, razgovor dve žene brzo prestaje da bude svakodnevan. Ono što počinje kao razmena sećanja pretvara se u proveru: koliko je od ispričanog bilo istina i čemu je služilo ostalo.

Predstava stoji na dve velike glumice. **Seka Sablić** i **Gorica Popović** vode dijalog u kojem komično i surovo menjaju mesta po nekoliko puta u sceni.

Premijera je bila u februaru 2020. na sceni „Petar Kralj“. Režija Stefan Sablić.

Mesto: Atelje 212, scena „Petar Kralj“.

Vreme: početak u 20.30.

Cena: 2000 dinara.",20:30,2000,Atelje 212,"Svetogorska 21, Beograd","44.814352,20.468168",https://repertoar.rs/predstave/lazljivica/,repertoar.rs,https://bilet.atelje212.rs/scena.php?prostorterminid=4942,Atelje 212,https://www.atelje212.rs/,,,,,,"театр, Ателье 212, драма, Николай Коляда, Сека Саблич, Горица Попович","theatre, Atelje 212, drama, Nikolai Kolyada, Seka Sablić, Gorica Popović","pozorište, Atelje 212, drama, Nikolaj Koljada, Seka Sablić, Gorica Popović"
10/19/2026,10/19/2026,9/22/2026,1719,Person,Tena Štivičić,https://www.atelje212.rs/,,TheaterEvent,«64»: драма Тены Штивичич об искусственном оплодотворении в Ателье 212,64: Tena Štivičić’s drama about IVF at Atelje 212,64: drama Tene Štivičić o vantelesnoj oplodnji u Ateljeu 212,https://raw.githubusercontent.com/newsgl/arsposters/main/1719-Predstava64.webp,,Theatre,"Пьеса о паре, для которой попытка завести ребёнка превращается в многолетнюю процедуру. Тема, о которой в Сербии говорят редко и неохотно, показана без мелодрамы. Сцена «Мира Траиловић», начало в 20:00.","A play about a couple for whom trying to have a child turns into a procedure lasting years. A subject rarely and reluctantly discussed in Serbia, handled without melodrama. Mira Trailović stage, 20:00.","Komad o paru kojem pokušaj da dobije dete prerasta u višegodišnju proceduru. Tema o kojoj se u Srbiji govori retko i nerado, obrađena bez melodrame. Scena „Mira Trailović“, početak u 20.00.","Число в названии это не возраст и не год. Так обозначают одну из попыток, которых у героев пьесы **Тены Штивичич** оказывается больше, чем они рассчитывали.

Вантелесная оплодотворение остаётся темой, которую в Сербии обсуждают вполголоса, хотя касается она очень многих. Драматург берёт её со всех сторон сразу: медицинской, финансовой, семейной и той, о которой говорить труднее всего.

Спектакль идёт в **Ателье 212** несколько сезонов подряд. Режиссёр Алиса Стоянович.

Место: Ателье 212, сцена «Мира Траиловић».

Время: начало в 20:00.

Цена: от 1500 динаров, первая категория 2000.","The number in the title is not an age or a year. It marks one of the attempts, of which the characters in **Tena Štivičić**’s play end up making more than they had counted on.

IVF remains a subject discussed in Serbia in a lowered voice, although it touches a great many people. The playwright takes it from every side at once: the medical, the financial, the family one and the one hardest to speak about.

The production has run at **Atelje 212** for several seasons. Directed by Alisa Stojanović.

Venue: Atelje 212, Mira Trailović stage.

Time: 20:00.

Price: from 1500 dinars, first category 2000.","Broj u naslovu nije godina ni uzrast. Tako se obeležava jedan od pokušaja, a junaci komada **Tene Štivičić** imaju ih više nego što su računali.

Vantelesna oplodnja ostaje tema o kojoj se u Srbiji govori poluglasno, iako se tiče vrlo mnogih. Dramska autorka uzima je sa svih strana odjednom: medicinske, finansijske, porodične i one o kojoj je najteže govoriti.

Predstava se u **Ateljeu 212** igra nekoliko sezona. Režija Alisa Stojanović.

Mesto: Atelje 212, scena „Mira Trailović“.

Vreme: početak u 20.00.

Cena: od 1500 dinara, prva kategorija 2000.",20:00,1500,Atelje 212,"Svetogorska 21, Beograd","44.814352,20.468168",https://repertoar.rs/predstave/predstava-64/,repertoar.rs,https://bilet.atelje212.rs/scena.php?prostorterminid=4920,Atelje 212,https://www.atelje212.rs/,,,,,,"театр, Ателье 212, драма, Тена Штивичич, семья","theatre, Atelje 212, drama, Tena Štivičić, family","pozorište, Atelje 212, drama, Tena Štivičić, porodica"
10/19/2026,10/19/2026,9/22/2026,1720,Person,Staša Bajac,https://www.atelje212.rs/,,TheaterEvent,«Этот будет другим»: три героини Сташи Баяц в Ателье 212,Ovaj će biti drugačiji: Staša Bajac’s three heroines at Atelje 212,Ovaj će biti drugačiji: tri junakinje Staše Bajac u Ateljeu 212,https://raw.githubusercontent.com/newsgl/arsposters/main/1720-OvajCeBitiDrugaciji.webp,,Theatre,"Спектакль по тексту Сташи Баяц о женщинах, которые каждый раз надеются, что на этот раз всё сложится иначе. Премьера состоялась в марте 2019 года. Сцена «Петар Краљ», начало в 20:30.","A production after Staša Bajac’s text about women who each time hope that this one will turn out differently. It premiered in March 2019. Petar Kralj stage, 20:30.","Predstava po tekstu Staše Bajac o ženama koje svaki put veruju da će ovaj put ispasti drugačije. Premijera je bila u martu 2019. Scena „Petar Kralj“, početak u 20.30.","Название спектакля это фраза, которую произносят перед каждой новой попыткой. **Сташа Баяц** написала текст о трёх женщинах, чьи расчёты на «в этот раз иначе» разбиваются об одни и те же обстоятельства.

Актуальная общественная тема взята здесь без лобового высказывания: герои не произносят лозунгов, а просто живут, и из этой обыкновенности складывается диагноз.

Премьера прошла в марте 2019 года. Режиссёр Джурджа Тешич, играют Тамара Драгичевич, Ана Мандич и Милица Яневски.

Место: Ателье 212, сцена «Петар Краљ».

Время: начало в 20:30.

Цена: 2000 динаров.","The title is the sentence people say before every new attempt. **Staša Bajac** wrote a text about three women whose bet on “this time it will be different” breaks against the same set of circumstances.

The topical social subject is handled without a head on statement: the characters recite no slogans, they simply live, and the diagnosis emerges from that ordinariness.

The premiere was in March 2019. Directed by Đurđa Tešić, with Tamara Dragičević, Ana Mandić and Milica Janevski.

Venue: Atelje 212, Petar Kralj stage.

Time: 20:30.

Price: 2000 dinars.","Naslov je rečenica koja se izgovara pred svaki novi pokušaj. **Staša Bajac** je napisala tekst o tri žene čija se računica na „ovaj put drugačije“ razbija o iste okolnosti.

Aktuelna društvena tema uzeta je bez direktnog iskaza: likovi ne izgovaraju parole, oni jednostavno žive, a iz te običnosti nastaje dijagnoza.

Predstava je jedan od „podmladaka“ repertoara Ateljea 212, a glumačku postavu čine tri mlade i neobične glumice, neobične pre svega po stavovima svojih junakinja.

Premijera je bila 17. marta 2019. Režija Đurđa Tešić, igraju Tamara Dragičević, Ana Mandić i Milica Janevski.

Mesto: Atelje 212, scena „Petar Kralj“.

Vreme: početak u 20.30.

Cena: 2000 dinara.",20:30,2000,Atelje 212,"Svetogorska 21, Beograd","44.814352,20.468168",https://repertoar.rs/predstave/ovaj-ce-biti-drugaciji/,repertoar.rs,https://bilet.atelje212.rs/scena.php?prostorterminid=4945,Atelje 212,https://www.atelje212.rs/,,,,,,"театр, Ателье 212, драма, Сташа Баяц, современная драматургия","theatre, Atelje 212, drama, Staša Bajac, contemporary drama","pozorište, Atelje 212, drama, Staša Bajac, savremena drama"
10/28/2026,10/28/2026,9/22/2026,1721,Person,Staša Bajac,https://www.atelje212.rs/,,TheaterEvent,«Этот будет другим»: три героини Сташи Баяц в Ателье 212,Ovaj će biti drugačiji: Staša Bajac’s three heroines at Atelje 212,Ovaj će biti drugačiji: tri junakinje Staše Bajac u Ateljeu 212,https://raw.githubusercontent.com/newsgl/arsposters/main/1721-OvajCeBitiDrugaciji.webp,,Theatre,"Спектакль по тексту Сташи Баяц о женщинах, которые каждый раз надеются, что на этот раз всё сложится иначе. Премьера состоялась в марте 2019 года. Сцена «Петар Краљ», начало в 20:30.","A production after Staša Bajac’s text about women who each time hope that this one will turn out differently. It premiered in March 2019. Petar Kralj stage, 20:30.","Predstava po tekstu Staše Bajac o ženama koje svaki put veruju da će ovaj put ispasti drugačije. Premijera je bila u martu 2019. Scena „Petar Kralj“, početak u 20.30.","Название спектакля это фраза, которую произносят перед каждой новой попыткой. **Сташа Баяц** написала текст о трёх женщинах, чьи расчёты на «в этот раз иначе» разбиваются об одни и те же обстоятельства.

Актуальная общественная тема взята здесь без лобового высказывания: герои не произносят лозунгов, а просто живут, и из этой обыкновенности складывается диагноз.

Премьера прошла в марте 2019 года. Режиссёр Джурджа Тешич, играют Тамара Драгичевич, Ана Мандич и Милица Яневски.

Место: Ателье 212, сцена «Петар Краљ».

Время: начало в 20:30.

Цена: 2000 динаров.","The title is the sentence people say before every new attempt. **Staša Bajac** wrote a text about three women whose bet on “this time it will be different” breaks against the same set of circumstances.

The topical social subject is handled without a head on statement: the characters recite no slogans, they simply live, and the diagnosis emerges from that ordinariness.

The premiere was in March 2019. Directed by Đurđa Tešić, with Tamara Dragičević, Ana Mandić and Milica Janevski.

Venue: Atelje 212, Petar Kralj stage.

Time: 20:30.

Price: 2000 dinars.","Naslov je rečenica koja se izgovara pred svaki novi pokušaj. **Staša Bajac** je napisala tekst o tri žene čija se računica na „ovaj put drugačije“ razbija o iste okolnosti.

Aktuelna društvena tema uzeta je bez direktnog iskaza: likovi ne izgovaraju parole, oni jednostavno žive, a iz te običnosti nastaje dijagnoza.

Predstava je jedan od „podmladaka“ repertoara Ateljea 212, a glumačku postavu čine tri mlade i neobične glumice, neobične pre svega po stavovima svojih junakinja.

Premijera je bila 17. marta 2019. Režija Đurđa Tešić, igraju Tamara Dragičević, Ana Mandić i Milica Janevski.

Mesto: Atelje 212, scena „Petar Kralj“.

Vreme: početak u 20.30.

Cena: 2000 dinara.",20:30,2000,Atelje 212,"Svetogorska 21, Beograd","44.814352,20.468168",https://repertoar.rs/predstave/ovaj-ce-biti-drugaciji/,repertoar.rs,https://bilet.atelje212.rs/scena.php?prostorterminid=4945,Atelje 212,https://www.atelje212.rs/,,,,,,"театр, Ателье 212, драма, Сташа Баяц, современная драматургия","theatre, Atelje 212, drama, Staša Bajac, contemporary drama","pozorište, Atelje 212, drama, Staša Bajac, savremena drama"
9/27/2026,9/27/2026,9/22/2026,1662,Person,Milan Marić,https://www.jdp.rs/,,TheaterEvent,«Ричард Второй»: Шекспир в постановке Бориса Лиешевича в ЮДП,Ričard Drugi: Shakespeare staged by Boris Liješević at JDP,Ričard Drugi: Šekspir u režiji Borisa Liješevića u JDP-u,https://raw.githubusercontent.com/newsgl/arsposters/main/1662-RicardDrugi.webp,,Theatre,"Хроника о власти и о том, как быстро она уходит из рук. В заглавной роли Милан Марич, режиссёр Борис Лиешевич. Велика сцена «Љуба Тадић», начало в 20:00.","A chronicle about power and how quickly it slips away. Milan Marić in the title role, directed by Boris Liješević. Ljuba Tadić main stage, 20:00.","Hronika o vlasti i o tome kako brzo ona izmiče iz ruku. U naslovnoj ulozi Milan Marić, režija Boris Liješević. Velika scena „Ljuba Tadić“, početak u 20.00.","Шекспир написал «Ричарда Второго» около 1595 года, и пьеса открывает тетралогию о восхождении дома Ланкастеров. Король здесь не злодей и не герой: он просто перестаёт справляться, и корона переходит к тому, кто оказался решительнее.

**Югославянский драматический театр** держит классику в репертуаре постоянно, приспосабливая её к сегодняшнему разговору, но не выхолащивая. Режиссёр **Борис Лиешевич**, драматурги Федор Шили и Весна Радованович.

В главных ролях Милан Марич, Александар Джурица, Воин Четкович, Анджелика Симич, Саня Маркович, Игор Самобор, Алексей Бьелогрлич и Данило Милованович.

Место: ЮДП, Велика сцена «Љуба Тадић».

Время: начало в 20:00.

Цена: от 700 динаров за балкон до 2200 за партер.","Shakespeare wrote Richard II around 1595, and the play opens the tetralogy about the rise of the house of Lancaster. The king here is neither villain nor hero: he simply stops coping, and the crown passes to whoever proves more decisive.

The **Yugoslav Drama Theatre** keeps the classics in permanent repertoire, adapting them to today’s conversation without hollowing them out. Directed by **Boris Liješević**, dramaturgy by Fedor Šili and Vesna Radovanović.

The cast includes Milan Marić, Aleksandar Đurica, Vojin Ćetković, Anđelika Simić, Sanja Marković, Igor Samobor, Aleksej Bjelogrlić and Danilo Milovanović.

Venue: JDP, Ljuba Tadić main stage.

Time: 20:00.

Price: from 700 dinars for the balcony to 2200 for the stalls.","Šekspir je Ričarda Drugog napisao oko 1595. godine, a komad otvara tetralogiju o usponu kuće Lankastera. Kralj ovde nije ni zlikovac ni junak: on jednostavno prestaje da stiže, a kruna prelazi onome ko je bio odlučniji.

**Jugoslovensko dramsko pozorište** klasike drži u stalnom repertoaru, prilagođava ih današnjem razgovoru, ali ih ne prazni. Režija **Boris Liješević**, dramaturzi Fedor Šili i Vesna Radovanović.

Igraju Milan Marić, Aleksandar Đurica, Vojin Ćetković, Anđelika Simić, Sanja Marković, Igor Samobor, Aleksej Bjelogrlić i Danilo Milovanović.

Mesto: JDP, Velika scena „Ljuba Tadić“.

Vreme: početak u 20.00.

Cena: od 700 dinara za balkon do 2200 za parter.",20:00,700,Jugoslovensko dramsko pozorište,"Kralja Milana 50, 11000 Beograd","44.805332,20.464847",https://repertoar.rs/predstave/ricard-drugi/,repertoar.rs,https://blagajna.jdp.rs/scena.php?prostorterminid=1178,Jugoslovensko dramsko pozorište,https://www.jdp.rs/,,,,,,"театр, ЮДП, Шекспир, классика, Милан Марич, Борис Лиешевич","theatre, JDP, Shakespeare, classics, Milan Marić, Boris Liješević","pozorište, JDP, Šekspir, klasika, Milan Marić, Boris Liješević"
9/25/2026,9/25/2026,9/22/2026,1667,Person,Rumena Bužarovska,https://www.jdp.rs/,,TheaterEvent,«Мой муж»: рассказы Румены Бужаровской на сцене ЮДП,Moj muž: Rumena Bužarovska’s stories on the JDP stage,Moj muž: priče Rumene Bužarovske na sceni JDP-a,https://raw.githubusercontent.com/newsgl/arsposters/main/1667-MojMuz.webp,,Theatre,"Первое полноценное появление македонской писательницы Румены Бужаровской на сербском языке. Женские монологи о браке, любви и том, о чём в семье принято молчать. Студио «Ћирилов», начало в 20:30.","The first full appearance of the Macedonian writer Rumena Bužarovska in Serbian. Women’s monologues about marriage, love and what families agree not to say. Studio Ćirilov, 20:30.","Prvo celovito pojavljivanje makedonske spisateljice Rumene Bužarovske na srpskom jeziku. Ženski monolozi o braku, ljubavi i onome o čemu se u porodici ćuti. Studio „Ćirilov“, početak u 20.30.","Спектакль сделан по сборнику рассказов **Румены Бужаровской**, и это первое её полноценное появление на сербском языке. Женщины разного возраста и положения рассказывают о своих мужьях: остроумно, откровенно и без попытки что-либо приукрасить.

Главная находка текста в том, что мужчины всё время в центре историй, но ни один из них не выходит на сцену. Мы узнаём их только через то, что о них говорят.

Режиссёр **Йована Томич**, драматург Димитрие Кокánов, костюмы Майя Миркович, музыка Луки Мейджора. Играют Саня Маркович и Йована Белович.

Место: ЮДП, Студио «Ћирилов».

Время: начало в 20:30.

Цена: 1500 динаров.","The production is based on **Rumena Bužarovska**’s collection of short stories, and it is her first full appearance in Serbian. Women of different ages and social positions talk about their husbands: wittily, frankly and without any attempt to soften anything.

The text’s central move is that the men stay at the centre of every story yet none of them ever appears on stage. We learn them only through what is said about them.

Directed by **Jovana Tomić**, dramaturgy by Dimitrije Kokanov, costumes by Maja Mirković, music by Luka Mejdžor. The cast is Sanja Marković and Jovana Belović.

Venue: JDP, Studio Ćirilov.

Time: 20:30.

Price: 1500 dinars.","Predstava je nastala prema zbirci kratkih priča **Rumene Bužarovske** i prvo je njeno celovito pojavljivanje na srpskom jeziku. Žene različitih godina i društvenih položaja govore o svojim muževima: duhovito, neposredno i bez ulepšavanja.

Glavni potez teksta je to što su muškarci sve vreme u središtu priča, a nijedan se ne pojavljuje na sceni. Upoznajemo ih samo kroz ono što se o njima kaže.

Režija **Jovana Tomić**, dramaturg Dimitrije Kokanov, kostimograf Maja Mirković, kompozitor Luka Mejdžor. Igraju Sanja Marković i Jovana Belović.

Mesto: JDP, Studio „Ćirilov“.

Vreme: početak u 20.30.

Cena: 1500 dinara.",20:30,1500,Jugoslovensko dramsko pozorište,"Kralja Milana 50, 11000 Beograd","44.805332,20.464847",https://repertoar.rs/predstave/moj-muz/,repertoar.rs,https://blagajna.jdp.rs/scena.php?prostorterminid=1186,Jugoslovensko dramsko pozorište,https://www.jdp.rs/,,,,,,"театр, ЮДП, драма, Румена Бужаровская, женские истории","theatre, JDP, drama, Rumena Bužarovska, women’s stories","pozorište, JDP, drama, Rumena Bužarovska, ženske priče"
9/29/2026,9/29/2026,9/22/2026,1687,Person,Milan Marić,https://www.jdp.rs/,,TheaterEvent,«Эдип»: Софокл в постановке Вито Тауфера в ЮДП,Edip: Sophocles staged by Vito Taufer at JDP,Edip: Sofokle u režiji Vita Taufera u JDP-u,https://raw.githubusercontent.com/newsgl/arsposters/main/1687-Edip.webp,,Theatre,"Словенский режиссёр Вито Тауфер предлагает свою версию античной трагедии. В роли Эдипа Милан Марич, на сцене почти весь состав ЮДП. Велика сцена «Љуба Тадић», начало в 20:00.","Slovenian director Vito Taufer offers his own reading of the ancient tragedy. Milan Marić plays Oedipus, with much of the JDP ensemble on stage. Ljuba Tadić main stage, 20:00.","Slovenački reditelj Vito Taufer nudi svoje čitanje antičke tragedije. Edipa igra Milan Marić, na sceni je veliki deo ansambla JDP-a. Velika scena „Ljuba Tadić“, početak u 20.00.","Софокл написал больше ста тридцати пьес, и «Эдип» остаётся самой известной из уцелевших. Историю о человеке, который расследует преступление и приходит к себе, пересказывают в каждом поколении заново.

Версия **Вито Тауфера** заметно отличается от привычной: словенский режиссёр смещает акценты так, что знакомый сюжет перестаёт быть предсказуемым.

В роли Эдипа **Милан Марич**. Рядом с ним Наташа Нинкович, Срджан Тимаров, Александар Джурица, Боян Димитриевич, Небойша Любишич, Милош Самолов, Зоран Цвиянович и Йоаким Тасич.

Место: ЮДП, Велика сцена «Љуба Тадић».

Время: начало в 20:00.

Цена: от 700 динаров за балкон до 2200 за партер.","Sophocles wrote more than a hundred and thirty plays, and Oedipus remains the best known of those that survive. The story of a man investigating a crime and arriving at himself is retold by every generation.

**Vito Taufer**’s version differs noticeably from the familiar one: the Slovenian director shifts the emphases so that a well known plot stops being predictable.

**Milan Marić** plays Oedipus. With him on stage are Nataša Ninković, Srđan Timarov, Aleksandar Đurica, Bojan Dimitrijević, Nebojša Ljubišić, Miloš Samolov, Zoran Cvijanović and Joakim Tasić.

Venue: JDP, Ljuba Tadić main stage.

Time: 20:00.

Price: from 700 dinars for the balcony to 2200 for the stalls.","Sofokle je napisao više od sto trideset dela, a Edip ostaje najpoznatije među sačuvanima. Priču o čoveku koji istražuje zločin i stiže do sebe svaka generacija pripoveda iznova.

Verzija **Vita Taufera** primetno se razlikuje od uobičajene: slovenački reditelj pomera akcente tako da poznata radnja prestaje da bude predvidljiva.

Edipa igra **Milan Marić**. Uz njega su Nataša Ninković, Srđan Timarov, Aleksandar Đurica, Bojan Dimitrijević, Nebojša Ljubišić, Miloš Samolov, Zoran Cvijanović i Joakim Tasić.

Mesto: JDP, Velika scena „Ljuba Tadić“.

Vreme: početak u 20.00.

Cena: od 700 dinara za balkon do 2200 za parter.",20:00,700,Jugoslovensko dramsko pozorište,"Kralja Milana 50, 11000 Beograd","44.805332,20.464847",https://repertoar.rs/predstave/edip/,repertoar.rs,https://blagajna.jdp.rs/scena.php?prostorterminid=1183,Jugoslovensko dramsko pozorište,https://www.jdp.rs/,,,,,,"театр, ЮДП, античная трагедия, Софокл, Вито Тауфер, Милан Марич","theatre, JDP, Greek tragedy, Sophocles, Vito Taufer, Milan Marić","pozorište, JDP, antička tragedija, Sofokle, Vito Taufer, Milan Marić"
9/30/2026,9/30/2026,9/22/2026,1695,Person,Dragan Mićanović,https://www.jdp.rs/,,TheaterEvent,«Сирано»: Драган Мичанович в заглавной роли на сцене ЮДП,Sirano: Dragan Mićanović in the title role at JDP,Sirano: Dragan Mićanović u naslovnoj ulozi u JDP-u,https://raw.githubusercontent.com/newsgl/arsposters/main/1695-Sirano.webp,,Theatre,"Спектакль идёт с марта 2024 года и предлагает свой взгляд на французского поэта и дуэлянта. Режиссёр Горчин Стоянович. Велика сцена «Љуба Тадић», начало в 20:00.","Running since March 2024, the production offers its own view of the French poet and duellist. Directed by Gorčin Stojanović. Ljuba Tadić main stage, 20:00.","Predstava se igra od marta 2024. i nudi svoj pogled na francuskog pesnika i dvobojdžiju. Režija Gorčin Stojanović. Velika scena „Ljuba Tadić“, početak u 20.00.","Что вообще делает человека художником: талант, упрямство или готовность отдать своё имя другому. Спектакль **«Сирано»** задаёт этот вопрос впрямую и не спешит с ответом.

**Драган Мичанович** играет биографию Сирано де Бержерака и, что труднее, сам характер: человека, который умеет всё, кроме того, чтобы сказать главное от своего лица.

Постановка идёт в **Югославянском драматическом театре** с марта 2024 года. Режиссёр Горчин Стоянович, в спектакле заняты Мария Вицкович, Нина Мартинович, Йоаким Тасич, Анита Манчич, Небойша Милованович, Стефан Евтович и Слободан Тешич.

Место: ЮДП, Велика сцена «Љуба Тадић».

Время: начало в 20:00.

Цена: от 500 динаров за балкон до 1500 за партер.","What actually makes an artist: talent, stubbornness, or a willingness to hand your name to someone else. **Sirano** asks the question directly and is in no hurry to answer.

**Dragan Mićanović** plays the biography of Cyrano de Bergerac and, harder than that, the character itself: a man capable of everything except saying the main thing in his own name.

The production has run at the **Yugoslav Drama Theatre** since March 2024. Directed by Gorčin Stojanović, with Marija Vicković, Nina Martinović, Joakim Tasić, Anita Mančić, Nebojša Milovanović, Stefan Jevtović and Slobodan Tešić.

Venue: JDP, Ljuba Tadić main stage.

Time: 20:00.

Price: from 500 dinars for the balcony to 1500 for the stalls.","Šta zapravo čini umetnika: talenat, tvrdoglavost ili spremnost da svoje ime pozajmi drugome. **Sirano** to pitanje postavlja direktno i ne žuri sa odgovorom.

**Dragan Mićanović** igra biografiju Sirana de Beržeraka i, što je teže, sam karakter: čoveka koji ume sve osim da najvažnije kaže u svoje ime.

Predstava se u **Jugoslovenskom dramskom pozorištu** igra od marta 2024. Režija Gorčin Stojanović, igraju Marija Vicković, Nina Martinović, Joakim Tasić, Anita Mančić, Nebojša Milovanović, Stefan Jevtović i Slobodan Tešić.

Mesto: JDP, Velika scena „Ljuba Tadić“.

Vreme: početak u 20.00.

Cena: od 500 dinara za balkon do 1500 za parter.",20:00,500,Jugoslovensko dramsko pozorište,"Kralja Milana 50, 11000 Beograd","44.805332,20.464847",https://repertoar.rs/predstave/predstava-sirano/,repertoar.rs,https://blagajna.jdp.rs/scena.php?prostorterminid=1184,Jugoslovensko dramsko pozorište,https://www.jdp.rs/,,,,,,"театр, ЮДП, Сирано де Бержерак, Драган Мичанович, Горчин Стоянович","theatre, JDP, Cyrano de Bergerac, Dragan Mićanović, Gorčin Stojanović","pozorište, JDP, Sirano de Beržerak, Dragan Mićanović, Gorčin Stojanović"
9/28/2026,9/28/2026,9/22/2026,1663,Person,Dušan Kovačević,https://zvezdarateatar.rs/,,TheaterEvent,«Профессионал»: культовая пьеса Душана Ковачевича вернулась в Звездара театар,Profesionalac: Dušan Kovačević’s cult play returns to Zvezdara teatar,Profesionalac: kultni komad Dušana Kovačevića ponovo u Zvezdara teatru,https://raw.githubusercontent.com/newsgl/arsposters/main/1663-Profesionalac.webp,,Theatre,"Спустя двадцать пять лет пьеса снова идёт там, где родилась. Роль Луки Лабана, которую когда-то играл Бата Стойкович, теперь у Ненада Ездича. Сцена «Бата Стојковић», начало в 19:30.","After twenty five years the play is back where it started. The role of Luka Laban, once Bata Stojković’s, now belongs to Nenad Jezdić. Bata Stojković stage, 19:30.","Posle dvadeset pet godina komad se ponovo igra tamo gde je nastao. Uloga Luke Labana, nekada Batina, sada je Nenada Jezdića. Scena „Bata Stojković“, početak u 19.30.","«Профессионал» **Душана Ковачевича** впервые вышел в 1990 году с Батой Стойковичем в главной роли, и по этой роли позже сняли одноимённый фильм. Спектакль выдержал четыреста представлений, а сцена Звездара театра получила имя Баты.

Теперь, спустя двадцать пять лет, пьеса возвращается на ту же сцену. Роль **Луки Лабана** играет Ненад Ездич, роль меланхоличного писателя Теодора Края досталась Игорю Джорджевичу, Ана Франич играет секретаршу Марту, а Душко Ашкович одного совершенно нормального сумасшедшего.

«Я в жизни, благодаря тебе, многому научился, а ты, благодаря себе, почти всё потерял. Приношу тебе только часть того, что удалось спасти», говорит Лабан. Из этой реплики вырастает весь спектакль.

Место: Звездара театар, сцена «Бата Стојковић».

Время: начало в 19:30.

Цена: от 1500 динаров за третью категорию до 2200 за первую.","**Dušan Kovačević**’s Profesionalac first opened in 1990 with Bata Stojković in the lead, and the film of the same name grew out of that performance. The production ran four hundred times, and the Zvezdara teatar stage was later named after Bata.

Now, twenty five years on, the play returns to that same stage. **Luka Laban** is played by Nenad Jezdić, the melancholy writer Teodor Kraj by Igor Đorđević, Ana Franić takes the secretary Marta, and Duško Ašković one entirely normal madman.

“Thanks to you I learned a great deal in life, and thanks to yourself you lost almost everything. I bring you only part of what could be saved,” says Laban. The whole production grows out of that line.

Venue: Zvezdara teatar, Bata Stojković stage.

Time: 19:30.

Price: from 1500 dinars for the third category to 2200 for the first.","Profesionalac **Dušana Kovačevića** prvi put je izveden davne 1990. sa Batom Stojkovićem u glavnoj ulozi, a po toj ulozi nastao je i istoimeni film. Predstava je odigrana četiri stotine puta, a scena Zvezdara teatra ponela je Batino ime.

Sada se, posle dvadeset pet godina, komad vraća na istu scenu. **Luku Labana** igra Nenad Jezdić, melanholičnog pisca Teodora Kraja Igor Đorđević, Ana Franić preuzela je ulogu sekretarice Marte, a Duško Ašković igra Jednog, sasvim normalnog ludaka.

„Ja sam u životu, zahvaljujući tebi, mnogo naučio, a ti si, zahvaljujući sebi, skoro sve izgubio. Donosim ti samo deo onoga što se od tebe moglo spasti“, kaže Laban. Iz te replike izrasta cela predstava.

Mesto: Zvezdara teatar, scena „Bata Stojković“.

Vreme: početak u 19.30.

Cena: od 1500 dinara za treću kategoriju do 2200 za prvu.",19:30,1500,Zvezdara teatar,"Milana Rakića 38, 11050 Beograd","44.797660,20.497652",https://repertoar.rs/predstave/profesionalac/,repertoar.rs,https://bilet.zvezdarateatar.rs/scena.php?prostorterminid=2614,Zvezdara teatar,https://zvezdarateatar.rs/,,,,,,"театр, Звездара театар, Душан Ковачевич, драма, Ненад Ездич","theatre, Zvezdara teatar, Dušan Kovačević, drama, Nenad Jezdić","pozorište, Zvezdara teatar, Dušan Kovačević, drama, Nenad Jezdić"
9/25/2026,9/25/2026,9/22/2026,1672,Person,Andrija Milošević,https://buha.tickets.rs/venue/pozoriste_bosko_buha_teatar_vuk_128,,TheaterEvent,«Убийство в Восточном экспрессе»: Пуаро и югославский снег в постановке Бошка Бухи,"Murder on the Orient Express: Poirot and Yugoslav snow, staged by Boško Buha theatre",Ubistvo u Orijent ekspresu: Poaro i jugoslovenski sneg u režiji Pozorišta Boško Buha,https://raw.githubusercontent.com/newsgl/arsposters/main/1672-UbistvoUOrijentEkspresu.webp,,Theatre,"Комедийная адаптация Кена Людвига по роману Агаты Кристи: поезд застрял в снегу между Винковцами и Бродом, у каждого пассажира алиби. Играют в зале Театра Вук, начало в 20:00.","Ken Ludwig’s comic adaptation of Agatha Christie: the train is stuck in snow between Vinkovci and Brod and every passenger has an alibi. Played at Teatar Vuk, 20:00.","Komediografska adaptacija Kena Ludviga po romanu Agate Kristi: voz je zaglavljen u snegu između Vinkovaca i Broda, a svaki putnik ima alibi. Igra se u sali Teatra Vuk, početak u 20.00.","Тридцатые годы, элегантный **Восточный экспресс** вынужден остановиться из-за снега. Происходит убийство, и спокойная дорога домой превращается для Пуаро в очередное дело. Поезд полон подозреваемых, и у каждого алиби выглядит неопровержимым.

Любопытная деталь для здешнего зрителя: путь Пуаро начинается в Стамбуле, а основная часть истории происходит в Югославии, между Винковцами и Бродом.

Из шестидесяти криминальных романов Агаты Кристи в тридцати трёх расследует бельгийский детектив, и «Убийство в Восточном экспрессе» многие считают лучшим. Театральную адаптацию написал **Кен Людвиг**, комедиограф, известный здесь по «Тенору на займ» и «Месецу изнад Бафала».

Режиссёр Дариян Михайлович. Играют Андрия Милошевич, Виктор Савич, Елена Тркуля, Лена Богданович, Борка Томович, Катарина Гойкович и другие.

Важно: здание на Тргу Републике на реконструкции, спектакли Бошка Бухи идут в зале **Театра Вук**.

Место: Театар Вук, Булевар краља Александра 77а.

Время: начало в 20:00.

Цена: 1500 динаров.","The nineteen thirties, and the elegant **Orient Express** is forced to halt in heavy snow. A murder happens, and Poirot’s quiet journey home turns into another case. The train is full of suspects, and every alibi looks unshakeable.

A detail that lands well with a local audience: Poirot’s journey starts in Istanbul, and the bulk of the story takes place in Yugoslavia, between Vinkovci and Brod.

Of Agatha Christie’s sixty crime novels, thirty three are solved by the Belgian detective, and Murder on the Orient Express is widely held to be the best of them. The stage adaptation is by **Ken Ludwig**, the comic writer known here from Lend Me a Tenor and Moon Over Buffalo.

Directed by Darijan Mihajlović. The cast includes Andrija Milošević, Viktor Savić, Jelena Trkulja, Lena Bogdanović, Borka Tomović and Katarina Gojković.

Note: the theatre’s own building on Trg Republike is under reconstruction, so Boško Buha productions play at **Teatar Vuk**.

Venue: Teatar Vuk, Bulevar kralja Aleksandra 77a.

Time: 20:00.

Price: 1500 dinars.","Tridesete godine prošlog veka, elegantni **Orijent ekspres** prinuđen je da stane zbog obilnog snega. Dešava se ubistvo, i Poaroov miran put kući postaje još jedan slučaj. Voz je pun osumnjičenih, a svaki alibi izgleda neoboriv.

Detalj koji ovdašnjoj publici posebno leži: Poaroov put počinje u Istanbulu, a najveći deo priče odvija se u Jugoslaviji, između Vinkovaca i Broda.

Od šezdeset krimi romana Agate Kristi, u trideset tri misteriju rešava belgijski detektiv, a Ubistvo u Orijent ekspresu mnogi smatraju najboljim. Pozorišnu adaptaciju napisao je **Ken Ludvig**, komediograf poznat ovdašnjoj publici po Tenoru na zajam i Mesecu iznad Bafala.

Režija Darijan Mihajlović. Igraju Andrija Milošević, Viktor Savić, Jelena Trkulja, Lena Bogdanović, Borka Tomović i Katarina Gojković.

Napomena: zgrada na Trgu republike je u rekonstrukciji, pa se predstave Boška Buhe igraju u sali **Teatra Vuk**.

Mesto: Teatar Vuk, Bulevar kralja Aleksandra 77a.

Vreme: početak u 20.00.

Cena: 1500 dinara.",20:00,1500,Teatar Vuk,"Bulevar kralja Aleksandra 77a, Beograd","44.803743,20.481278",https://repertoar.rs/predstave/ubistvo-u-orijent-ekspresu/,repertoar.rs,https://buha.tickets.rs/event/ubistvo_u_orijent_ekspresu_27501,Pozorište Boško Buha,https://buha.tickets.rs/venue/pozoriste_bosko_buha_teatar_vuk_128,,,,,,"театр, комедия, Агата Кристи, Пуаро, Бошко Буха, Театар Вук","theatre, comedy, Agatha Christie, Poirot, Boško Buha, Teatar Vuk","pozorište, komedija, Agata Kristi, Poaro, Boško Buha, Teatar Vuk"
10/11/2026,10/11/2026,9/22/2026,1673,Person,Andrija Milošević,https://buha.tickets.rs/venue/pozoriste_bosko_buha_teatar_vuk_128,,TheaterEvent,«Убийство в Восточном экспрессе»: Пуаро и югославский снег в постановке Бошка Бухи,"Murder on the Orient Express: Poirot and Yugoslav snow, staged by Boško Buha theatre",Ubistvo u Orijent ekspresu: Poaro i jugoslovenski sneg u režiji Pozorišta Boško Buha,https://raw.githubusercontent.com/newsgl/arsposters/main/1673-UbistvoUOrijentEkspresu.webp,,Theatre,"Комедийная адаптация Кена Людвига по роману Агаты Кристи: поезд застрял в снегу между Винковцами и Бродом, у каждого пассажира алиби. Играют в зале Театра Вук, начало в 20:00.","Ken Ludwig’s comic adaptation of Agatha Christie: the train is stuck in snow between Vinkovci and Brod and every passenger has an alibi. Played at Teatar Vuk, 20:00.","Komediografska adaptacija Kena Ludviga po romanu Agate Kristi: voz je zaglavljen u snegu između Vinkovaca i Broda, a svaki putnik ima alibi. Igra se u sali Teatra Vuk, početak u 20.00.","Тридцатые годы, элегантный **Восточный экспресс** вынужден остановиться из-за снега. Происходит убийство, и спокойная дорога домой превращается для Пуаро в очередное дело. Поезд полон подозреваемых, и у каждого алиби выглядит неопровержимым.

Любопытная деталь для здешнего зрителя: путь Пуаро начинается в Стамбуле, а основная часть истории происходит в Югославии, между Винковцами и Бродом.

Из шестидесяти криминальных романов Агаты Кристи в тридцати трёх расследует бельгийский детектив, и «Убийство в Восточном экспрессе» многие считают лучшим. Театральную адаптацию написал **Кен Людвиг**, комедиограф, известный здесь по «Тенору на займ» и «Месецу изнад Бафала».

Режиссёр Дариян Михайлович. Играют Андрия Милошевич, Виктор Савич, Елена Тркуля, Лена Богданович, Борка Томович, Катарина Гойкович и другие.

Важно: здание на Тргу Републике на реконструкции, спектакли Бошка Бухи идут в зале **Театра Вук**.

Место: Театар Вук, Булевар краља Александра 77а.

Время: начало в 20:00.

Цена: 1500 динаров.","The nineteen thirties, and the elegant **Orient Express** is forced to halt in heavy snow. A murder happens, and Poirot’s quiet journey home turns into another case. The train is full of suspects, and every alibi looks unshakeable.

A detail that lands well with a local audience: Poirot’s journey starts in Istanbul, and the bulk of the story takes place in Yugoslavia, between Vinkovci and Brod.

Of Agatha Christie’s sixty crime novels, thirty three are solved by the Belgian detective, and Murder on the Orient Express is widely held to be the best of them. The stage adaptation is by **Ken Ludwig**, the comic writer known here from Lend Me a Tenor and Moon Over Buffalo.

Directed by Darijan Mihajlović. The cast includes Andrija Milošević, Viktor Savić, Jelena Trkulja, Lena Bogdanović, Borka Tomović and Katarina Gojković.

Note: the theatre’s own building on Trg Republike is under reconstruction, so Boško Buha productions play at **Teatar Vuk**.

Venue: Teatar Vuk, Bulevar kralja Aleksandra 77a.

Time: 20:00.

Price: 1500 dinars.","Tridesete godine prošlog veka, elegantni **Orijent ekspres** prinuđen je da stane zbog obilnog snega. Dešava se ubistvo, i Poaroov miran put kući postaje još jedan slučaj. Voz je pun osumnjičenih, a svaki alibi izgleda neoboriv.

Detalj koji ovdašnjoj publici posebno leži: Poaroov put počinje u Istanbulu, a najveći deo priče odvija se u Jugoslaviji, između Vinkovaca i Broda.

Od šezdeset krimi romana Agate Kristi, u trideset tri misteriju rešava belgijski detektiv, a Ubistvo u Orijent ekspresu mnogi smatraju najboljim. Pozorišnu adaptaciju napisao je **Ken Ludvig**, komediograf poznat ovdašnjoj publici po Tenoru na zajam i Mesecu iznad Bafala.

Režija Darijan Mihajlović. Igraju Andrija Milošević, Viktor Savić, Jelena Trkulja, Lena Bogdanović, Borka Tomović i Katarina Gojković.

Napomena: zgrada na Trgu republike je u rekonstrukciji, pa se predstave Boška Buhe igraju u sali **Teatra Vuk**.

Mesto: Teatar Vuk, Bulevar kralja Aleksandra 77a.

Vreme: početak u 20.00.

Cena: 1500 dinara.",20:00,1500,Teatar Vuk,"Bulevar kralja Aleksandra 77a, Beograd","44.803743,20.481278",https://repertoar.rs/predstave/ubistvo-u-orijent-ekspresu/,repertoar.rs,https://buha.tickets.rs/event/ubistvo_u_orijent_ekspresu_27501,Pozorište Boško Buha,https://buha.tickets.rs/venue/pozoriste_bosko_buha_teatar_vuk_128,,,,,,"театр, комедия, Агата Кристи, Пуаро, Бошко Буха, Театар Вук","theatre, comedy, Agatha Christie, Poirot, Boško Buha, Teatar Vuk","pozorište, komedija, Agata Kristi, Poaro, Boško Buha, Teatar Vuk"
9/29/2026,9/29/2026,9/22/2026,1688,Person,Tatjana Mandić Rigonat,https://operatheatremadlenianum.com/,,TheaterEvent,"«Я, Эмма»: любовная жизнь Эммы Бовари в Мадленианумe","Ja, Ema: the love life of Emma Bovary at Madlenianum","Ja, Ema: ljubavni život Eme Bovari u Madlenianumu",https://raw.githubusercontent.com/newsgl/arsposters/main/1688-JaEma.webp,,Theatre,"Татьяна Мандич Ригонат написала и поставила спектакль о героине Флобера, которая ломает нормы поведения женщины середины девятнадцатого века. Музыка исполняется вживую. Начало в 19:30.","Tatjana Mandić Rigonat wrote and directed this piece about Flaubert’s heroine, who breaks the rules laid down for a woman in the mid nineteenth century. The score is performed live. Starts at 19:30.",Tatjana Mandić Rigonat napisala je i režirala komad o Floberovoj junakinji koja razbija norme ponašanja žene sredine devetnaestog veka. Muzika se izvodi uživo. Početak u 19.30.,"Подзаголовок спектакля звучит как «Любовная жизнь Эммы Бовари», и это точное описание того, что происходит на сцене. **Татьяна Мандич Ригонат** написала и поставила пьесу о женщине, которая отказывается жить по чужой мерке и платит за это цену, назначенную не ею.

Классический роман перенесён в современную сценическую форму, но без модернизации ради модернизации: конфликт остаётся тем же, просто произнесён сегодняшним голосом.

Музыку написала **Ирена Попович Драгович**, и она исполняется вживую. Костюмы Иваны Васич, видео Елены Твердишич, сценическое движение Анджелии Тодорович.

В роли Эммы Яна Милосавлевич. На сцене также Йован Йованович, Андрия Маркович, Страхиня Блажич, Боян Кривокапич, Андрей Нежич и другие.

Место: Опера и театр «Мадленианум», Главна 32, Земун.

Время: начало в 19:30.

Цена: билетная система театра открывается после входа в аккаунт, цену уточняйте на кассе.","The subtitle reads “the love life of Emma Bovary”, and that is an accurate description of what happens on stage. **Tatjana Mandić Rigonat** wrote and directed a play about a woman who refuses to live by someone else’s measure and pays a price she did not set.

The classic novel is moved into a contemporary stage form, but without modernising for its own sake: the conflict stays the same, it is simply spoken in today’s voice.

The score is by **Irena Popović Dragović** and is performed live. Costumes by Ivana Vasić, video by Jelena Tvrdišić, movement by Anđelija Todorović.

Jana Milosavljević plays Emma. The cast also includes Jovan Jovanović, Andrija Marković, Strahinja Blažić, Bojan Krivokapić and Andrej Nježić.

Venue: Opera and theatre Madlenianum, Glavna 32, Zemun.

Time: 19:30.

Price: the theatre’s ticket system opens only after you sign in, so check the price at the box office.","Podnaslov glasi „ljubavni život Eme Bovari“, i to je tačan opis onoga što se dešava na sceni. **Tatjana Mandić Rigonat** napisala je i režirala komad o ženi koja odbija da živi po tuđoj meri i plaća cenu koju nije sama odredila.

Klasični roman prenet je u savremenu scensku formu, ali bez moderniziranja radi modernizovanja: sukob ostaje isti, samo je izgovoren današnjim glasom.

Muziku je napisala **Irena Popović Dragović** i izvodi se uživo. Kostim Ivana Vasić, video Jelena Tvrdišić, scenski pokret Anđelija Todorović.

Emu igra Jana Milosavljević. Na sceni su i Jovan Jovanović, Andrija Marković, Strahinja Blažić, Bojan Krivokapić i Andrej Nježić.

Mesto: Opera i teatar Madlenianum, Glavna 32, Zemun.

Vreme: početak u 19.30.

Cena: biletarnica pozorišta otvara se tek posle prijave na nalog, cenu proverite na blagajni.",19:30,,Opera i teatar Madlenianum,"Glavna 32, 11080 Zemun","44.845468,20.410705",https://repertoar.rs/predstave/ja-ema/,repertoar.rs,https://tickets.operatheatremadlenianum.com/sr,Opera i teatar Madlenianum,https://operatheatremadlenianum.com/,,,,,,"театр, Мадленианум, драма, Флобер, Эмма Бовари, Земун","theatre, Madlenianum, drama, Flaubert, Emma Bovary, Zemun","pozorište, Madlenianum, drama, Flober, Ema Bovari, Zemun"
10/2/2026,10/2/2026,9/22/2026,1689,Person,Tatjana Mandić Rigonat,https://operatheatremadlenianum.com/,,TheaterEvent,"«Я, Эмма»: любовная жизнь Эммы Бовари в Мадленианумe","Ja, Ema: the love life of Emma Bovary at Madlenianum","Ja, Ema: ljubavni život Eme Bovari u Madlenianumu",https://raw.githubusercontent.com/newsgl/arsposters/main/1689-JaEma.webp,,Theatre,"Татьяна Мандич Ригонат написала и поставила спектакль о героине Флобера, которая ломает нормы поведения женщины середины девятнадцатого века. Музыка исполняется вживую. Начало в 19:30.","Tatjana Mandić Rigonat wrote and directed this piece about Flaubert’s heroine, who breaks the rules laid down for a woman in the mid nineteenth century. The score is performed live. Starts at 19:30.",Tatjana Mandić Rigonat napisala je i režirala komad o Floberovoj junakinji koja razbija norme ponašanja žene sredine devetnaestog veka. Muzika se izvodi uživo. Početak u 19.30.,"Подзаголовок спектакля звучит как «Любовная жизнь Эммы Бовари», и это точное описание того, что происходит на сцене. **Татьяна Мандич Ригонат** написала и поставила пьесу о женщине, которая отказывается жить по чужой мерке и платит за это цену, назначенную не ею.

Классический роман перенесён в современную сценическую форму, но без модернизации ради модернизации: конфликт остаётся тем же, просто произнесён сегодняшним голосом.

Музыку написала **Ирена Попович Драгович**, и она исполняется вживую. Костюмы Иваны Васич, видео Елены Твердишич, сценическое движение Анджелии Тодорович.

В роли Эммы Яна Милосавлевич. На сцене также Йован Йованович, Андрия Маркович, Страхиня Блажич, Боян Кривокапич, Андрей Нежич и другие.

Место: Опера и театр «Мадленианум», Главна 32, Земун.

Время: начало в 19:30.

Цена: билетная система театра открывается после входа в аккаунт, цену уточняйте на кассе.","The subtitle reads “the love life of Emma Bovary”, and that is an accurate description of what happens on stage. **Tatjana Mandić Rigonat** wrote and directed a play about a woman who refuses to live by someone else’s measure and pays a price she did not set.

The classic novel is moved into a contemporary stage form, but without modernising for its own sake: the conflict stays the same, it is simply spoken in today’s voice.

The score is by **Irena Popović Dragović** and is performed live. Costumes by Ivana Vasić, video by Jelena Tvrdišić, movement by Anđelija Todorović.

Jana Milosavljević plays Emma. The cast also includes Jovan Jovanović, Andrija Marković, Strahinja Blažić, Bojan Krivokapić and Andrej Nježić.

Venue: Opera and theatre Madlenianum, Glavna 32, Zemun.

Time: 19:30.

Price: the theatre’s ticket system opens only after you sign in, so check the price at the box office.","Podnaslov glasi „ljubavni život Eme Bovari“, i to je tačan opis onoga što se dešava na sceni. **Tatjana Mandić Rigonat** napisala je i režirala komad o ženi koja odbija da živi po tuđoj meri i plaća cenu koju nije sama odredila.

Klasični roman prenet je u savremenu scensku formu, ali bez moderniziranja radi modernizovanja: sukob ostaje isti, samo je izgovoren današnjim glasom.

Muziku je napisala **Irena Popović Dragović** i izvodi se uživo. Kostim Ivana Vasić, video Jelena Tvrdišić, scenski pokret Anđelija Todorović.

Emu igra Jana Milosavljević. Na sceni su i Jovan Jovanović, Andrija Marković, Strahinja Blažić, Bojan Krivokapić i Andrej Nježić.

Mesto: Opera i teatar Madlenianum, Glavna 32, Zemun.

Vreme: početak u 19.30.

Cena: biletarnica pozorišta otvara se tek posle prijave na nalog, cenu proverite na blagajni.",19:30,,Opera i teatar Madlenianum,"Glavna 32, 11080 Zemun","44.845468,20.410705",https://repertoar.rs/predstave/ja-ema/,repertoar.rs,https://tickets.operatheatremadlenianum.com/sr,Opera i teatar Madlenianum,https://operatheatremadlenianum.com/,,,,,,"театр, Мадленианум, драма, Флобер, Эмма Бовари, Земун","theatre, Madlenianum, drama, Flaubert, Emma Bovary, Zemun","pozorište, Madlenianum, drama, Flober, Ema Bovari, Zemun"
10/10/2026,10/10/2026,9/22/2026,1690,Person,Tatjana Mandić Rigonat,https://operatheatremadlenianum.com/,,TheaterEvent,"«Я, Эмма»: любовная жизнь Эммы Бовари в Мадленианумe","Ja, Ema: the love life of Emma Bovary at Madlenianum","Ja, Ema: ljubavni život Eme Bovari u Madlenianumu",https://raw.githubusercontent.com/newsgl/arsposters/main/1690-JaEma.webp,,Theatre,"Татьяна Мандич Ригонат написала и поставила спектакль о героине Флобера, которая ломает нормы поведения женщины середины девятнадцатого века. Музыка исполняется вживую. Начало в 19:30.","Tatjana Mandić Rigonat wrote and directed this piece about Flaubert’s heroine, who breaks the rules laid down for a woman in the mid nineteenth century. The score is performed live. Starts at 19:30.",Tatjana Mandić Rigonat napisala je i režirala komad o Floberovoj junakinji koja razbija norme ponašanja žene sredine devetnaestog veka. Muzika se izvodi uživo. Početak u 19.30.,"Подзаголовок спектакля звучит как «Любовная жизнь Эммы Бовари», и это точное описание того, что происходит на сцене. **Татьяна Мандич Ригонат** написала и поставила пьесу о женщине, которая отказывается жить по чужой мерке и платит за это цену, назначенную не ею.

Классический роман перенесён в современную сценическую форму, но без модернизации ради модернизации: конфликт остаётся тем же, просто произнесён сегодняшним голосом.

Музыку написала **Ирена Попович Драгович**, и она исполняется вживую. Костюмы Иваны Васич, видео Елены Твердишич, сценическое движение Анджелии Тодорович.

В роли Эммы Яна Милосавлевич. На сцене также Йован Йованович, Андрия Маркович, Страхиня Блажич, Боян Кривокапич, Андрей Нежич и другие.

Место: Опера и театр «Мадленианум», Главна 32, Земун.

Время: начало в 19:30.

Цена: билетная система театра открывается после входа в аккаунт, цену уточняйте на кассе.","The subtitle reads “the love life of Emma Bovary”, and that is an accurate description of what happens on stage. **Tatjana Mandić Rigonat** wrote and directed a play about a woman who refuses to live by someone else’s measure and pays a price she did not set.

The classic novel is moved into a contemporary stage form, but without modernising for its own sake: the conflict stays the same, it is simply spoken in today’s voice.

The score is by **Irena Popović Dragović** and is performed live. Costumes by Ivana Vasić, video by Jelena Tvrdišić, movement by Anđelija Todorović.

Jana Milosavljević plays Emma. The cast also includes Jovan Jovanović, Andrija Marković, Strahinja Blažić, Bojan Krivokapić and Andrej Nježić.

Venue: Opera and theatre Madlenianum, Glavna 32, Zemun.

Time: 19:30.

Price: the theatre’s ticket system opens only after you sign in, so check the price at the box office.","Podnaslov glasi „ljubavni život Eme Bovari“, i to je tačan opis onoga što se dešava na sceni. **Tatjana Mandić Rigonat** napisala je i režirala komad o ženi koja odbija da živi po tuđoj meri i plaća cenu koju nije sama odredila.

Klasični roman prenet je u savremenu scensku formu, ali bez moderniziranja radi modernizovanja: sukob ostaje isti, samo je izgovoren današnjim glasom.

Muziku je napisala **Irena Popović Dragović** i izvodi se uživo. Kostim Ivana Vasić, video Jelena Tvrdišić, scenski pokret Anđelija Todorović.

Emu igra Jana Milosavljević. Na sceni su i Jovan Jovanović, Andrija Marković, Strahinja Blažić, Bojan Krivokapić i Andrej Nježić.

Mesto: Opera i teatar Madlenianum, Glavna 32, Zemun.

Vreme: početak u 19.30.

Cena: biletarnica pozorišta otvara se tek posle prijave na nalog, cenu proverite na blagajni.",19:30,,Opera i teatar Madlenianum,"Glavna 32, 11080 Zemun","44.845468,20.410705",https://repertoar.rs/predstave/ja-ema/,repertoar.rs,https://tickets.operatheatremadlenianum.com/sr,Opera i teatar Madlenianum,https://operatheatremadlenianum.com/,,,,,,"театр, Мадленианум, драма, Флобер, Эмма Бовари, Земун","theatre, Madlenianum, drama, Flaubert, Emma Bovary, Zemun","pozorište, Madlenianum, drama, Flober, Ema Bovari, Zemun"
10/18/2026,10/18/2026,9/22/2026,1718,Person,Frank Castorf,https://www.bdp.rs/,,TheaterEvent,«Божественная комедия»: Данте в постановке Франка Касторфа в БДП,Božanstvena komedija: Dante staged by Frank Castorf at BDP,Božanstvena komedija: Dante u režiji Franka Kastorfa u BDP-u,https://raw.githubusercontent.com/newsgl/arsposters/main/1718-BozanstvenaKomedija.webp,,Theatre,"Белградское драматическое пригласило одного из самых влиятельных современных режиссёров Европы. Данте у Франка Касторфа превращается в многочасовое сценическое исследование. Велика сцена, начало в 18:00.","The Belgrade Drama Theatre brought in one of Europe’s most influential living directors. In Frank Castorf’s hands Dante becomes a long stage investigation. Main stage, 18:00.","Beogradsko dramsko pozorište pozvalo je jednog od najuticajnijih savremenih evropskih reditelja. Kod Franka Kastorfa Dante postaje višečasovno scensko istraživanje. Velika scena, početak u 18.00.","**Франк Касторф** двадцать пять лет руководил берлинским Volksbühne и остаётся одним из самых узнаваемых режиссёрских почерков в Европе: длинные спектакли, живое видео, актёрская работа на пределе.

В **Белградском драматическом театре** он взялся за «Божественную комедию» Данте. Это не иллюстрация к поэме и не пересказ: текст разбирается на части и собирается заново вместе с тем, что накопилось вокруг него за семь веков.

Спектакль начинается раньше обычного, в шесть вечера, и это не случайность: продолжительность у Касторфа всегда часть замысла.

Играют Марко Гверо, Милена Васич, Александар Радойичич, Дуня Стоянович, Яна Милосавлевич и другие.

Место: Белградско драмско позориште, Велика сцена.

Время: начало в 18:00.

Цена: продажа на дату ещё не открыта, следите за билетной страницей театра.","**Frank Castorf** ran Berlin’s Volksbühne for twenty five years and remains one of the most recognisable directorial signatures in Europe: long performances, live video, acting pushed to its limit.

At the **Belgrade Drama Theatre** he has taken on Dante’s Divine Comedy. This is neither an illustration of the poem nor a retelling: the text is taken apart and reassembled together with everything that has accumulated around it over seven centuries.

The performance starts earlier than usual, at six in the evening, and that is no accident: with Castorf, duration is always part of the design.

The cast includes Marko Gvero, Milena Vasić, Aleksandar Radojičić, Dunja Stojanović and Jana Milosavljević.

Venue: Beogradsko dramsko pozorište, main stage.

Time: 18:00.

Price: sales for this date are not open yet, watch the theatre’s ticket page.","**Frank Kastorf** dvadeset pet godina vodio je berlinski Volksbühne i ostaje jedan od najprepoznatljivijih rediteljskih rukopisa u Evropi: duge predstave, živi video, gluma na granici.

U **Beogradskom dramskom pozorištu** uhvatio se Danteove Božanstvene komedije. Ovo nije ilustracija speva ni prepričavanje: tekst se rastavlja i ponovo sklapa zajedno sa svim što se oko njega nataložilo tokom sedam vekova.

Predstava počinje ranije nego obično, u šest, i to nije slučajno: kod Kastorfa je trajanje uvek deo zamisli.

Igraju Marko Gvero, Milena Vasić, Aleksandar Radojičić, Dunja Stojanović i Jana Milosavljević.

Mesto: Beogradsko dramsko pozorište, Velika scena.

Vreme: početak u 18.00.

Cena: prodaja za ovaj datum još nije otvorena, pratite biletarnicu pozorišta.",18:00,,Beogradsko dramsko pozorište,"Mileševska 64a, Beograd","44.797040,20.486130",https://repertoar.rs/predstave/bozanstvena-komedija/,repertoar.rs,https://www.bdp.rs/,Beogradsko dramsko pozorište,https://www.bdp.rs/,,,,,,"театр, БДП, Данте, Франк Касторф, драма","theatre, BDP, Dante, Frank Castorf, drama","pozorište, BDP, Dante, Frank Kastorf, drama"
10/21/2026,10/21/2026,9/22/2026,1724,Person,Danica Maksimović,https://www.bdp.rs/,,TheaterEvent,«Yankee Rose»: мюзикл о матери и сыне на малой сцене БДП,Yankee Rose: a musical about a mother and a son on the BDP small stage,Yankee Rose: mjuzikl o majci i sinu na maloj sceni BDP-a,https://raw.githubusercontent.com/newsgl/arsposters/main/1724-YankeeRose.webp,,Theatre,"Мюзикл Слободана Обрадовича в постановке Милоша Лолича. Семейная история, которая только на первый взгляд похожа на все остальные. Сцена «Предраг Пепи Лаковић», начало в 20:00.","Slobodan Obradović’s musical directed by Miloš Lolić. A family story that only looks like every other one at first glance. Predrag Pepi Laković stage, 20:00.","Mjuzikl Slobodana Obradovića u režiji Miloša Lolića. Porodična priča koja samo na prvi pogled liči na sve ostale. Scena „Predrag Pepi Laković“, početak u 20.00.","Название обманывает: за американской эстрадной вывеской прячется очень местная история о матери и сыне. **Слободан Обрадович** написал мюзикл о том, что происходит между близкими людьми каждый день и о чём почти никогда не успеваешь подумать.

Режиссёр **Милош Лолич** ставит это на малой сцене **«Предраг Пепи Лаковић»**, где расстояние до зрителя минимальное, и музыкальный номер невозможно спрятать за масштабом.

Играют Даница Максимович, Ивана Николич и Ива Илинчич.

Место: Белградско драмско позориште, сцена «Предраг Пепи Лаковић».

Время: начало в 20:00.

Цена: 1200 динаров.","The title misleads: behind the American showbiz sign hides a very local story about a mother and a son. **Slobodan Obradović** wrote a musical about what happens between close people every day and what you almost never find time to think about.

Director **Miloš Lolić** stages it on the small **Predrag Pepi Laković** stage, where the distance to the audience is minimal and no musical number can hide behind scale.

The cast is Danica Maksimović, Ivana Nikolić and Iva Ilinčić.

Venue: Beogradsko dramsko pozorište, Predrag Pepi Laković stage.

Time: 20:00.

Price: 1200 dinars.","Naslov vara: iza američke estradne firme krije se vrlo ovdašnja priča o majci i sinu. **Slobodan Obradović** napisao je mjuzikl o onome što se među bliskim ljudima dešava svakodnevno, a o čemu gotovo nikad ne stignemo da razmislimo.

Reditelj **Miloš Lolić** postavlja ga na maloj sceni **„Predrag Pepi Laković“**, gde je razdaljina do publike minimalna i nijedna muzička tačka ne može da se sakrije iza razmere.

Igraju Danica Maksimović, Ivana Nikolić i Iva Ilinčić.

Mesto: Beogradsko dramsko pozorište, scena „Predrag Pepi Laković“.

Vreme: početak u 20.00.

Cena: 1200 dinara.",20:00,1200,Beogradsko dramsko pozorište,"Mileševska 64a, Beograd","44.797040,20.486130",https://repertoar.rs/predstave/yankee-rose/,repertoar.rs,https://app.sixtix.rs/events/cd9ba0d4886e,Beogradsko dramsko pozorište,https://www.bdp.rs/,,,,,,"театр, БДП, мюзикл, Милош Лолич, семья","theatre, BDP, musical, Miloš Lolić, family","pozorište, BDP, mjuzikl, Miloš Lolić, porodica"
12/24/2026,12/24/2026,9/22/2026,1725,Person,Danica Maksimović,https://www.bdp.rs/,,TheaterEvent,«Yankee Rose»: мюзикл о матери и сыне на малой сцене БДП,Yankee Rose: a musical about a mother and a son on the BDP small stage,Yankee Rose: mjuzikl o majci i sinu na maloj sceni BDP-a,https://raw.githubusercontent.com/newsgl/arsposters/main/1725-YankeeRose.webp,,Theatre,"Мюзикл Слободана Обрадовича в постановке Милоша Лолича. Семейная история, которая только на первый взгляд похожа на все остальные. Сцена «Предраг Пепи Лаковић», начало в 20:00.","Slobodan Obradović’s musical directed by Miloš Lolić. A family story that only looks like every other one at first glance. Predrag Pepi Laković stage, 20:00.","Mjuzikl Slobodana Obradovića u režiji Miloša Lolića. Porodična priča koja samo na prvi pogled liči na sve ostale. Scena „Predrag Pepi Laković“, početak u 20.00.","Название обманывает: за американской эстрадной вывеской прячется очень местная история о матери и сыне. **Слободан Обрадович** написал мюзикл о том, что происходит между близкими людьми каждый день и о чём почти никогда не успеваешь подумать.

Режиссёр **Милош Лолич** ставит это на малой сцене **«Предраг Пепи Лаковић»**, где расстояние до зрителя минимальное, и музыкальный номер невозможно спрятать за масштабом.

Играют Даница Максимович, Ивана Николич и Ива Илинчич.

Место: Белградско драмско позориште, сцена «Предраг Пепи Лаковић».

Время: начало в 20:00.

Цена: 1200 динаров.","The title misleads: behind the American showbiz sign hides a very local story about a mother and a son. **Slobodan Obradović** wrote a musical about what happens between close people every day and what you almost never find time to think about.

Director **Miloš Lolić** stages it on the small **Predrag Pepi Laković** stage, where the distance to the audience is minimal and no musical number can hide behind scale.

The cast is Danica Maksimović, Ivana Nikolić and Iva Ilinčić.

Venue: Beogradsko dramsko pozorište, Predrag Pepi Laković stage.

Time: 20:00.

Price: 1200 dinars.","Naslov vara: iza američke estradne firme krije se vrlo ovdašnja priča o majci i sinu. **Slobodan Obradović** napisao je mjuzikl o onome što se među bliskim ljudima dešava svakodnevno, a o čemu gotovo nikad ne stignemo da razmislimo.

Reditelj **Miloš Lolić** postavlja ga na maloj sceni **„Predrag Pepi Laković“**, gde je razdaljina do publike minimalna i nijedna muzička tačka ne može da se sakrije iza razmere.

Igraju Danica Maksimović, Ivana Nikolić i Iva Ilinčić.

Mesto: Beogradsko dramsko pozorište, scena „Predrag Pepi Laković“.

Vreme: početak u 20.00.

Cena: 1200 dinara.",20:00,1200,Beogradsko dramsko pozorište,"Mileševska 64a, Beograd","44.797040,20.486130",https://repertoar.rs/predstave/yankee-rose/,repertoar.rs,https://app.sixtix.rs/events/cd9ba0d4886e,Beogradsko dramsko pozorište,https://www.bdp.rs/,,,,,,"театр, БДП, мюзикл, Милош Лолич, семья","theatre, BDP, musical, Miloš Lolić, family","pozorište, BDP, mjuzikl, Miloš Lolić, porodica"
10/23/2026,10/23/2026,9/22/2026,1728,Person,Boban Skerlić,https://www.bdp.rs/,,TheaterEvent,"«Трпеле»: документальный спектакль о женщинах, переживших насилие",Trpele: a documentary play about women who survived violence,Trpele: dokumentarna predstava o ženama koje su preživele nasilje,https://raw.githubusercontent.com/newsgl/arsposters/main/1728-Trpele.webp,,Theatre,"Семь актрис играют семь женщин, чьи истории собраны из настоящих интервью. Постановка Бобана Скерлича, сцена «Предраг Пепи Лаковић», начало в 20:00.","Seven actresses play seven women whose stories are drawn from real interviews. Directed by Boban Skerlić, Predrag Pepi Laković stage, 20:00.","Sedam glumica igra sedam žena čije su priče sastavljene od stvarnih intervjua. Režija Boban Skerlić, scena „Predrag Pepi Laković“, početak u 20.00.","Спектакль собран из документального материала: из исповедей женщин, переживших насилие. **Бобан Скерлич** сохранил их речь и построил из неё сценический текст, не превращая свидетельства в сюжет.

Героинь зовут Дуня, Ягода, Купина, Малина, Неранджа, Грозда и Вишня. Имена растений вместо настоящих имён оставляют героиням анонимность и одновременно делают их узнаваемыми.

Тема, о которой все знают и все молчат, здесь произнесена вслух. Зал выходит из спектакля не сразу: это редкий случай, когда театр не предлагает утешения.

Играют Ядранка Селец, Даница Ристовски, Наташа Маркович, Милена Павлович, Милица Зарич и другие.

Место: Белградско драмско позориште, сцена «Предраг Пепи Лаковић».

Время: начало в 20:00.

Цена: 1000 динаров.","The play is assembled from documentary material: testimonies of women who survived violence. **Boban Skerlić** kept their speech and built a stage text out of it, without turning the testimony into a plot.

The characters are called Dunja, Jagoda, Kupina, Malina, Nerandža, Grozda and Višnja. Plant names instead of real ones give them anonymity and make them recognisable at the same time.

A subject everyone knows about and nobody names is spoken out loud here. The audience does not leave it behind quickly: this is one of the rare cases where theatre offers no consolation.

The cast includes Jadranka Selec, Danica Ristovski, Nataša Marković, Milena Pavlović and Milica Zarić.

Venue: Beogradsko dramsko pozorište, Predrag Pepi Laković stage.

Time: 20:00.

Price: 1000 dinars.","Predstava je sastavljena od dokumentarne građe: od ispovesti žena koje su preživele nasilje. **Boban Skerlić** sačuvao je njihov govor i od njega napravio scenski tekst, ne pretvarajući svedočenja u fabulu.

Junakinje se zovu Dunja, Jagoda, Kupina, Malina, Nerandža, Grozda i Višnja. Biljna imena umesto pravih daju im anonimnost i istovremeno ih čine prepoznatljivima.

Tema o kojoj svi znaju a niko ne govori ovde je izgovorena naglas. Publika iz nje ne izlazi brzo: redak je slučaj da pozorište ne nudi utehu.

Igraju Jadranka Selec, Danica Ristovski, Nataša Marković, Milena Pavlović i Milica Zarić.

Mesto: Beogradsko dramsko pozorište, scena „Predrag Pepi Laković“.

Vreme: početak u 20.00.

Cena: 1000 dinara.",20:00,1000,Beogradsko dramsko pozorište,"Mileševska 64a, Beograd","44.797040,20.486130",https://repertoar.rs/predstave/trpele/,repertoar.rs,https://app.sixtix.rs/events/5aba18d51de5,Beogradsko dramsko pozorište,https://www.bdp.rs/,,,,,,"театр, БДП, документальный театр, насилие, Бобан Скерлич","theatre, BDP, documentary theatre, violence, Boban Skerlić","pozorište, BDP, dokumentarno pozorište, nasilje, Boban Skerlić"
12/26/2026,12/26/2026,9/22/2026,1729,Person,Boban Skerlić,https://www.bdp.rs/,,TheaterEvent,"«Трпеле»: документальный спектакль о женщинах, переживших насилие",Trpele: a documentary play about women who survived violence,Trpele: dokumentarna predstava o ženama koje su preživele nasilje,https://raw.githubusercontent.com/newsgl/arsposters/main/1729-Trpele.webp,,Theatre,"Семь актрис играют семь женщин, чьи истории собраны из настоящих интервью. Постановка Бобана Скерлича, сцена «Предраг Пепи Лаковић», начало в 20:00.","Seven actresses play seven women whose stories are drawn from real interviews. Directed by Boban Skerlić, Predrag Pepi Laković stage, 20:00.","Sedam glumica igra sedam žena čije su priče sastavljene od stvarnih intervjua. Režija Boban Skerlić, scena „Predrag Pepi Laković“, početak u 20.00.","Спектакль собран из документального материала: из исповедей женщин, переживших насилие. **Бобан Скерлич** сохранил их речь и построил из неё сценический текст, не превращая свидетельства в сюжет.

Героинь зовут Дуня, Ягода, Купина, Малина, Неранджа, Грозда и Вишня. Имена растений вместо настоящих имён оставляют героиням анонимность и одновременно делают их узнаваемыми.

Тема, о которой все знают и все молчат, здесь произнесена вслух. Зал выходит из спектакля не сразу: это редкий случай, когда театр не предлагает утешения.

Играют Ядранка Селец, Даница Ристовски, Наташа Маркович, Милена Павлович, Милица Зарич и другие.

Место: Белградско драмско позориште, сцена «Предраг Пепи Лаковић».

Время: начало в 20:00.

Цена: 1000 динаров.","The play is assembled from documentary material: testimonies of women who survived violence. **Boban Skerlić** kept their speech and built a stage text out of it, without turning the testimony into a plot.

The characters are called Dunja, Jagoda, Kupina, Malina, Nerandža, Grozda and Višnja. Plant names instead of real ones give them anonymity and make them recognisable at the same time.

A subject everyone knows about and nobody names is spoken out loud here. The audience does not leave it behind quickly: this is one of the rare cases where theatre offers no consolation.

The cast includes Jadranka Selec, Danica Ristovski, Nataša Marković, Milena Pavlović and Milica Zarić.

Venue: Beogradsko dramsko pozorište, Predrag Pepi Laković stage.

Time: 20:00.

Price: 1000 dinars.","Predstava je sastavljena od dokumentarne građe: od ispovesti žena koje su preživele nasilje. **Boban Skerlić** sačuvao je njihov govor i od njega napravio scenski tekst, ne pretvarajući svedočenja u fabulu.

Junakinje se zovu Dunja, Jagoda, Kupina, Malina, Nerandža, Grozda i Višnja. Biljna imena umesto pravih daju im anonimnost i istovremeno ih čine prepoznatljivima.

Tema o kojoj svi znaju a niko ne govori ovde je izgovorena naglas. Publika iz nje ne izlazi brzo: redak je slučaj da pozorište ne nudi utehu.

Igraju Jadranka Selec, Danica Ristovski, Nataša Marković, Milena Pavlović i Milica Zarić.

Mesto: Beogradsko dramsko pozorište, scena „Predrag Pepi Laković“.

Vreme: početak u 20.00.

Cena: 1000 dinara.",20:00,1000,Beogradsko dramsko pozorište,"Mileševska 64a, Beograd","44.797040,20.486130",https://repertoar.rs/predstave/trpele/,repertoar.rs,https://app.sixtix.rs/events/5aba18d51de5,Beogradsko dramsko pozorište,https://www.bdp.rs/,,,,,,"театр, БДП, документальный театр, насилие, Бобан Скерлич","theatre, BDP, documentary theatre, violence, Boban Skerlić","pozorište, BDP, dokumentarno pozorište, nasilje, Boban Skerlić"
10/29/2026,10/31/2026,9/22/2026,1737,Person,Miloš Biković,https://www.bdp.rs/,,TheaterEvent,"«Ложь»: две супружеские пары и правда, которую лучше не произносить",Laž: two married couples and a truth better left unsaid,Laž: dva bračna para i istina koju je bolje ne izgovoriti,https://raw.githubusercontent.com/newsgl/arsposters/main/1737-Laz.webp,,Theatre,"Комедия Флориана Зеллера о том, как одна безобидная ложь запускает цепочку из остальных. В постановке Николы Люцы, с Милошем Биковичем и Тамарой Крцунович. Велика сцена, начало в 19:30.","Florian Zeller’s comedy about how one harmless lie sets off all the others. Directed by Nikola Ljuca, with Miloš Biković and Tamara Krcunović. Main stage, 19:30.","Komedija Florijana Zelera o tome kako jedna bezazlena laž pokreće sve ostale. Režija Nikola Ljuca, igraju Miloš Biković i Tamara Krcunović. Velika scena, početak u 19.30.","В центре пьесы **Флориана Зеллера** стоит самое обыкновенное и самое запутанное понятие: ложь. Две супружеские пары ужинают вместе, и одна маленькая неправда, сказанная из вежливости, тянет за собой все остальные.

Спектакль идёт в **Белградском драматическом театре** с 2023 года. Режиссёр **Никола Люца** держит комедийный темп, но не даёт зрителю забыть, что смешное здесь держится на неприятном.

Играют Милош Бикович, Тамара Крцунович, Миодраг Радонич и Елисавета Орашанин.

Место: Белградско драмско позориште, Велика сцена.

Время: начало в 19:30.

Цена: от 2000 динаров за второй партер до 2500 за первый.","At the centre of **Florian Zeller**’s play stands the most ordinary and most tangled of notions: the lie. Two married couples have dinner together, and one small untruth told out of politeness drags all the others along with it.

The production has run at the **Belgrade Drama Theatre** since 2023. Director **Nikola Ljuca** keeps the comic tempo while never letting the audience forget that the funny part rests on the unpleasant one.

The cast is Miloš Biković, Tamara Krcunović, Miodrag Radonjić and Jelisaveta Orašanin.

Venue: Beogradsko dramsko pozorište, main stage.

Time: 19:30.

Price: from 2000 dinars for the second stalls to 2500 for the first.","U središtu komada **Florijana Zelera** stoji najobičniji i najzamršeniji pojam: laž. Dva bračna para večeraju zajedno, a jedna mala neistina izrečena iz pristojnosti povlači sve ostale.

Predstava se u **Beogradskom dramskom pozorištu** igra od 2023. Reditelj **Nikola Ljuca** drži komični tempo, ali ne dozvoljava publici da zaboravi kako smešno ovde stoji na neprijatnom.

Igraju Miloš Biković, Tamara Krcunović, Miodrag Radonjić i Jelisaveta Orašanin.

Mesto: Beogradsko dramsko pozorište, Velika scena.

Vreme: početak u 19.30.

Cena: od 2000 dinara za parter 2 do 2500 za parter 1.",19:30,2000,Beogradsko dramsko pozorište,"Mileševska 64a, Beograd","44.797040,20.486130",https://repertoar.rs/predstave/laz/,repertoar.rs,https://app.sixtix.rs/events/4b9238e2847d,Beogradsko dramsko pozorište,https://www.bdp.rs/,,,,,,"театр, БДП, комедия, Флориан Зеллер, Милош Бикович","theatre, BDP, comedy, Florian Zeller, Miloš Biković","pozorište, BDP, komedija, Florijan Zeler, Miloš Biković"
11/17/2026,11/19/2026,9/22/2026,1738,Person,Miloš Biković,https://www.bdp.rs/,,TheaterEvent,"«Ложь»: две супружеские пары и правда, которую лучше не произносить",Laž: two married couples and a truth better left unsaid,Laž: dva bračna para i istina koju je bolje ne izgovoriti,https://raw.githubusercontent.com/newsgl/arsposters/main/1738-Laz.webp,,Theatre,"Комедия Флориана Зеллера о том, как одна безобидная ложь запускает цепочку из остальных. В постановке Николы Люцы, с Милошем Биковичем и Тамарой Крцунович. Велика сцена, начало в 19:30.","Florian Zeller’s comedy about how one harmless lie sets off all the others. Directed by Nikola Ljuca, with Miloš Biković and Tamara Krcunović. Main stage, 19:30.","Komedija Florijana Zelera o tome kako jedna bezazlena laž pokreće sve ostale. Režija Nikola Ljuca, igraju Miloš Biković i Tamara Krcunović. Velika scena, početak u 19.30.","В центре пьесы **Флориана Зеллера** стоит самое обыкновенное и самое запутанное понятие: ложь. Две супружеские пары ужинают вместе, и одна маленькая неправда, сказанная из вежливости, тянет за собой все остальные.

Спектакль идёт в **Белградском драматическом театре** с 2023 года. Режиссёр **Никола Люца** держит комедийный темп, но не даёт зрителю забыть, что смешное здесь держится на неприятном.

Играют Милош Бикович, Тамара Крцунович, Миодраг Радонич и Елисавета Орашанин.

Место: Белградско драмско позориште, Велика сцена.

Время: начало в 19:30.

Цена: от 2000 динаров за второй партер до 2500 за первый.","At the centre of **Florian Zeller**’s play stands the most ordinary and most tangled of notions: the lie. Two married couples have dinner together, and one small untruth told out of politeness drags all the others along with it.

The production has run at the **Belgrade Drama Theatre** since 2023. Director **Nikola Ljuca** keeps the comic tempo while never letting the audience forget that the funny part rests on the unpleasant one.

The cast is Miloš Biković, Tamara Krcunović, Miodrag Radonjić and Jelisaveta Orašanin.

Venue: Beogradsko dramsko pozorište, main stage.

Time: 19:30.

Price: from 2000 dinars for the second stalls to 2500 for the first.","U središtu komada **Florijana Zelera** stoji najobičniji i najzamršeniji pojam: laž. Dva bračna para večeraju zajedno, a jedna mala neistina izrečena iz pristojnosti povlači sve ostale.

Predstava se u **Beogradskom dramskom pozorištu** igra od 2023. Reditelj **Nikola Ljuca** drži komični tempo, ali ne dozvoljava publici da zaboravi kako smešno ovde stoji na neprijatnom.

Igraju Miloš Biković, Tamara Krcunović, Miodrag Radonjić i Jelisaveta Orašanin.

Mesto: Beogradsko dramsko pozorište, Velika scena.

Vreme: početak u 19.30.

Cena: od 2000 dinara za parter 2 do 2500 za parter 1.",19:30,2000,Beogradsko dramsko pozorište,"Mileševska 64a, Beograd","44.797040,20.486130",https://repertoar.rs/predstave/laz/,repertoar.rs,https://app.sixtix.rs/events/4b9238e2847d,Beogradsko dramsko pozorište,https://www.bdp.rs/,,,,,,"театр, БДП, комедия, Флориан Зеллер, Милош Бикович","theatre, BDP, comedy, Florian Zeller, Miloš Biković","pozorište, BDP, komedija, Florijan Zeler, Miloš Biković"
11/7/2026,11/8/2026,9/22/2026,1745,Person,Patrik Lazić,https://www.bdp.rs/,,TheaterEvent,«Наши родители»: вторая часть трилогии Патрика Лазича в БДП,Naši roditelji: the second part of Patrik Lazić’s trilogy at BDP,Naši roditelji: drugi deo trilogije Patrika Lazića u BDP-u,https://raw.githubusercontent.com/newsgl/arsposters/main/1745-NasiRoditelji.webp,,Theatre,"Продолжение авторского проекта, начатого спектаклем «Наш син», который выдержал сто представлений и объехал европейские фестивали. Начало в 20:00.","A continuation of the authorial project that began with Naš sin, which ran a hundred times and travelled European festivals. Starts at 20:00.","Nastavak autorskog projekta započetog predstavom Naš sin, koja je odigrana sto puta i gostovala na evropskim festivalima. Početak u 20.00.","**Патрик Лазич** строит трилогию о семье изнутри. Первая часть, «Наш син», выдержала сотое представление и съездила на несколько европейских театральных фестивалей. «Наши родители» продолжают тот же разговор, только теперь с другой стороны стола.

Это личный авторский проект: материал собирается из биографий, из того, что в семьях передаётся молча, из вопросов, которые задают слишком поздно.

Белградское драматическое в последние сезоны стало узнаваемым именно такими постановками: не громкими, но запоминающимися историей и интонацией.

Играют Милица Зарич, Братислав Здравкович, Милан Зарич, Амар Чорович, Иван Томич и Нада Мацанкович.

Место: Белградско драмско позориште.

Время: начало в 20:00.

Цена: 1500 динаров.","**Patrik Lazić** is building a trilogy about family from the inside. The first part, Naš sin, passed its hundredth performance and travelled to several European theatre festivals. Naši roditelji continues the same conversation, now from the other side of the table.

This is a personal authorial project: the material comes from biographies, from what families pass on in silence, from questions asked too late.

In recent seasons the Belgrade Drama Theatre has become known for exactly this kind of production: not loud, but memorable for its story and its tone.

The cast includes Milica Zarić, Bratislav Zdravković, Milan Zarić, Amar Ćorović, Ivan Tomić and Nada Macanković.

Venue: Beogradsko dramsko pozorište.

Time: 20:00.

Price: 1500 dinars.","**Patrik Lazić** gradi trilogiju o porodici iznutra. Prvi deo, Naš sin, prešao je stoto izvođenje i gostovao na nekoliko evropskih pozorišnih festivala. Naši roditelji nastavljaju isti razgovor, samo sa druge strane stola.

Ovo je lični autorski projekat: građa se skuplja iz biografija, iz onoga što se u porodicama prenosi prećutno, iz pitanja koja se postave prekasno.

Beogradsko dramsko poslednjih sezona postalo je prepoznatljivo upravo po ovakvim predstavama: ne glasnim, ali pamtljivim po priči i tonu.

Igraju Milica Zarić, Bratislav Zdravković, Milan Zarić, Amar Ćorović, Ivan Tomić i Nada Macanković.

Mesto: Beogradsko dramsko pozorište.

Vreme: početak u 20.00.

Cena: 1500 dinara.",20:00,1500,Beogradsko dramsko pozorište,"Mileševska 64a, Beograd","44.797040,20.486130",https://repertoar.rs/predstave/nasi-roditelji/,repertoar.rs,https://app.sixtix.rs/events/2b0d62c183a1/,Beogradsko dramsko pozorište,https://www.bdp.rs/,,,,,,"театр, БДП, драма, Патрик Лазич, семья","theatre, BDP, drama, Patrik Lazić, family","pozorište, BDP, drama, Patrik Lazić, porodica"
12/27/2026,12/27/2026,9/22/2026,1746,Person,Patrik Lazić,https://www.bdp.rs/,,TheaterEvent,«Наши родители»: вторая часть трилогии Патрика Лазича в БДП,Naši roditelji: the second part of Patrik Lazić’s trilogy at BDP,Naši roditelji: drugi deo trilogije Patrika Lazića u BDP-u,https://raw.githubusercontent.com/newsgl/arsposters/main/1746-NasiRoditelji.webp,,Theatre,"Продолжение авторского проекта, начатого спектаклем «Наш син», который выдержал сто представлений и объехал европейские фестивали. Начало в 20:00.","A continuation of the authorial project that began with Naš sin, which ran a hundred times and travelled European festivals. Starts at 20:00.","Nastavak autorskog projekta započetog predstavom Naš sin, koja je odigrana sto puta i gostovala na evropskim festivalima. Početak u 20.00.","**Патрик Лазич** строит трилогию о семье изнутри. Первая часть, «Наш син», выдержала сотое представление и съездила на несколько европейских театральных фестивалей. «Наши родители» продолжают тот же разговор, только теперь с другой стороны стола.

Это личный авторский проект: материал собирается из биографий, из того, что в семьях передаётся молча, из вопросов, которые задают слишком поздно.

Белградское драматическое в последние сезоны стало узнаваемым именно такими постановками: не громкими, но запоминающимися историей и интонацией.

Играют Милица Зарич, Братислав Здравкович, Милан Зарич, Амар Чорович, Иван Томич и Нада Мацанкович.

Место: Белградско драмско позориште.

Время: начало в 20:00.

Цена: 1500 динаров.","**Patrik Lazić** is building a trilogy about family from the inside. The first part, Naš sin, passed its hundredth performance and travelled to several European theatre festivals. Naši roditelji continues the same conversation, now from the other side of the table.

This is a personal authorial project: the material comes from biographies, from what families pass on in silence, from questions asked too late.

In recent seasons the Belgrade Drama Theatre has become known for exactly this kind of production: not loud, but memorable for its story and its tone.

The cast includes Milica Zarić, Bratislav Zdravković, Milan Zarić, Amar Ćorović, Ivan Tomić and Nada Macanković.

Venue: Beogradsko dramsko pozorište.

Time: 20:00.

Price: 1500 dinars.","**Patrik Lazić** gradi trilogiju o porodici iznutra. Prvi deo, Naš sin, prešao je stoto izvođenje i gostovao na nekoliko evropskih pozorišnih festivala. Naši roditelji nastavljaju isti razgovor, samo sa druge strane stola.

Ovo je lični autorski projekat: građa se skuplja iz biografija, iz onoga što se u porodicama prenosi prećutno, iz pitanja koja se postave prekasno.

Beogradsko dramsko poslednjih sezona postalo je prepoznatljivo upravo po ovakvim predstavama: ne glasnim, ali pamtljivim po priči i tonu.

Igraju Milica Zarić, Bratislav Zdravković, Milan Zarić, Amar Ćorović, Ivan Tomić i Nada Macanković.

Mesto: Beogradsko dramsko pozorište.

Vreme: početak u 20.00.

Cena: 1500 dinara.",20:00,1500,Beogradsko dramsko pozorište,"Mileševska 64a, Beograd","44.797040,20.486130",https://repertoar.rs/predstave/nasi-roditelji/,repertoar.rs,https://app.sixtix.rs/events/2b0d62c183a1/,Beogradsko dramsko pozorište,https://www.bdp.rs/,,,,,,"театр, БДП, драма, Патрик Лазич, семья","theatre, BDP, drama, Patrik Lazić, family","pozorište, BDP, drama, Patrik Lazić, porodica"
10/21/2026,10/21/2026,9/22/2026,1722,Person,Nikola Pejaković,https://teatarnabrdu.rs/,,TheaterEvent,«Шећер је ситан осим кад је коцка»: комедия Николы Пеяковича на Бановом брде,Šećer je sitan osim kad je kocka: Nikola Pejaković’s comedy at Teatar na Brdu,Šećer je sitan osim kad je kocka: komedija Nikole Pejakovića u Teatru na Brdu,https://raw.githubusercontent.com/newsgl/arsposters/main/1722-SecerJeSitan.webp,,Theatre,"Автор и режиссёр Никола Пеякович Коля, в главных ролях Слобода Мичалович, Виктор Савич и Андрия Милошевич. Велика сцена Театра на Брду, начало в 20:00.","Written and directed by Nikola Pejaković Kolja, with Sloboda Mićalović, Viktor Savić and Andrija Milošević. Teatar na Brdu main stage, 20:00.","Piše i režira Nikola Pejaković Kolja, igraju Sloboda Mićalović, Viktor Savić i Andrija Milošević. Velika scena Teatra na Brdu, početak u 20.00.","**Никола Пеякович Коля** пишет так, что смешное и серьёзное не разделяются: реплика, над которой зал смеётся, через минуту оказывается самой грустной в сцене. Этот его комад идёт на Великой сцене **Театра на Брду**.

Название само по себе звучит как шутка из застольного разговора, и спектакль держится примерно на такой же интонации: люди разговаривают, а из разговора постепенно проступает то, что они друг другу сказать не могут.

Играют Слобода Мичалович, Виктор Савич, Андрия Милошевич и Александра Томич (в некоторых составах Милена Живанович).

Место: Театар на Брду, Тургењевљева 5, Баново брдо.

Время: начало в 20:00.

Цена: от 1300 динаров за балкон и ложи до 2200 за партер.","**Nikola Pejaković Kolja** writes in a way that refuses to separate the funny from the serious: a line the room laughs at turns out a minute later to be the saddest in the scene. This piece of his plays on the main stage of **Teatar na Brdu**.

The title sounds like a joke from a dinner table conversation, and the production keeps roughly that tone: people talk, and out of the talk emerges what they cannot say to each other.

The cast is Sloboda Mićalović, Viktor Savić, Andrija Milošević and Aleksandra Tomić, with Milena Živanović in some casts.

Venue: Teatar na Brdu, Turgenjevljeva 5, Banovo brdo.

Time: 20:00.

Price: from 1300 dinars for balcony and boxes to 2200 for the stalls.","**Nikola Pejaković Kolja** piše tako da se smešno i ozbiljno ne razdvajaju: replika kojoj se sala smeje minut kasnije ispadne najtužnija u sceni. Ovaj njegov komad igra se na Velikoj sceni **Teatra na Brdu**.

Naslov zvuči kao šala iz razgovora za stolom, i predstava se drži otprilike te intonacije: ljudi razgovaraju, a iz razgovora postepeno izranja ono što jedni drugima ne mogu da kažu.

Igraju Sloboda Mićalović, Viktor Savić, Andrija Milošević i Aleksandra Tomić, u pojedinim podelama Milena Živanović.

Mesto: Teatar na Brdu, Turgenjevljeva 5, Banovo brdo.

Vreme: početak u 20.00.

Cena: od 1300 dinara za balkon i lože do 2200 za parter.",20:00,1300,Teatar na Brdu,"Turgenjevljeva 5, Beograd","44.783447,20.417221",https://repertoar.rs/predstave/secer-je-sitan-osim-kad-je-kocka/,repertoar.rs,https://bilet.teatarnabrdu.rs/scena.php?prostorterminid=607,Teatar na Brdu,https://teatarnabrdu.rs/,,,,,,"театр, Театар на Брду, комедия, Никола Пеякович, Слобода Мичалович","theatre, Teatar na Brdu, comedy, Nikola Pejaković, Sloboda Mićalović","pozorište, Teatar na Brdu, komedija, Nikola Pejaković, Sloboda Mićalović"
10/29/2026,10/29/2026,9/22/2026,1723,Person,Nikola Pejaković,https://teatarnabrdu.rs/,,TheaterEvent,«Шећер је ситан осим кад је коцка»: комедия Николы Пеяковича на Бановом брде,Šećer je sitan osim kad je kocka: Nikola Pejaković’s comedy at Teatar na Brdu,Šećer je sitan osim kad je kocka: komedija Nikole Pejakovića u Teatru na Brdu,https://raw.githubusercontent.com/newsgl/arsposters/main/1723-SecerJeSitan.webp,,Theatre,"Автор и режиссёр Никола Пеякович Коля, в главных ролях Слобода Мичалович, Виктор Савич и Андрия Милошевич. Велика сцена Театра на Брду, начало в 20:00.","Written and directed by Nikola Pejaković Kolja, with Sloboda Mićalović, Viktor Savić and Andrija Milošević. Teatar na Brdu main stage, 20:00.","Piše i režira Nikola Pejaković Kolja, igraju Sloboda Mićalović, Viktor Savić i Andrija Milošević. Velika scena Teatra na Brdu, početak u 20.00.","**Никола Пеякович Коля** пишет так, что смешное и серьёзное не разделяются: реплика, над которой зал смеётся, через минуту оказывается самой грустной в сцене. Этот его комад идёт на Великой сцене **Театра на Брду**.

Название само по себе звучит как шутка из застольного разговора, и спектакль держится примерно на такой же интонации: люди разговаривают, а из разговора постепенно проступает то, что они друг другу сказать не могут.

Играют Слобода Мичалович, Виктор Савич, Андрия Милошевич и Александра Томич (в некоторых составах Милена Живанович).

Место: Театар на Брду, Тургењевљева 5, Баново брдо.

Время: начало в 20:00.

Цена: от 1300 динаров за балкон и ложи до 2200 за партер.","**Nikola Pejaković Kolja** writes in a way that refuses to separate the funny from the serious: a line the room laughs at turns out a minute later to be the saddest in the scene. This piece of his plays on the main stage of **Teatar na Brdu**.

The title sounds like a joke from a dinner table conversation, and the production keeps roughly that tone: people talk, and out of the talk emerges what they cannot say to each other.

The cast is Sloboda Mićalović, Viktor Savić, Andrija Milošević and Aleksandra Tomić, with Milena Živanović in some casts.

Venue: Teatar na Brdu, Turgenjevljeva 5, Banovo brdo.

Time: 20:00.

Price: from 1300 dinars for balcony and boxes to 2200 for the stalls.","**Nikola Pejaković Kolja** piše tako da se smešno i ozbiljno ne razdvajaju: replika kojoj se sala smeje minut kasnije ispadne najtužnija u sceni. Ovaj njegov komad igra se na Velikoj sceni **Teatra na Brdu**.

Naslov zvuči kao šala iz razgovora za stolom, i predstava se drži otprilike te intonacije: ljudi razgovaraju, a iz razgovora postepeno izranja ono što jedni drugima ne mogu da kažu.

Igraju Sloboda Mićalović, Viktor Savić, Andrija Milošević i Aleksandra Tomić, u pojedinim podelama Milena Živanović.

Mesto: Teatar na Brdu, Turgenjevljeva 5, Banovo brdo.

Vreme: početak u 20.00.

Cena: od 1300 dinara za balkon i lože do 2200 za parter.",20:00,1300,Teatar na Brdu,"Turgenjevljeva 5, Beograd","44.783447,20.417221",https://repertoar.rs/predstave/secer-je-sitan-osim-kad-je-kocka/,repertoar.rs,https://bilet.teatarnabrdu.rs/scena.php?prostorterminid=607,Teatar na Brdu,https://teatarnabrdu.rs/,,,,,,"театр, Театар на Брду, комедия, Никола Пеякович, Слобода Мичалович","theatre, Teatar na Brdu, comedy, Nikola Pejaković, Sloboda Mićalović","pozorište, Teatar na Brdu, komedija, Nikola Pejaković, Sloboda Mićalović"
10/22/2026,10/22/2026,9/22/2026,1727,Person,Marc Camoletti,https://teatarnabrdu.rs/,,TheaterEvent,"«Боинг-Боинг»: комедия положений, которая двадцать лет не сходила со сцен Парижа и Лондона",Boeing Boeing: the farce that ran for twenty years in Paris and London,Boing Boing: komedija koja se dvadeset godina igrala u Parizu i Londonu,https://raw.githubusercontent.com/newsgl/arsposters/main/1727-BoingBoing.webp,,Theatre,"Классика Марка Камолетти шестидесятых годов, у которой больше двухсот сценических адаптаций. Режиссёр Предраг Стойменович, играют Радован Вуйович, Виктор Савич и Елисавета Орашанин. Начало в 20:00.","Marc Camoletti’s sixties classic, with more than two hundred stage adaptations. Directed by Predrag Stojmenović, with Radovan Vujović, Viktor Savić and Jelisaveta Orašanin. Starts at 20:00.","Klasik Marka Kamoletija iz šezdesetih, sa više od dvesta scenskih adaptacija. Režija Predrag Stojmenović, igraju Radovan Vujović, Viktor Savić i Jelisaveta Orašanin. Početak u 20.00.","**Марк Камолетти** написал «Боинг-Боинг» в шестидесятые, и пьеса двадцать лет подряд, без перерывов, шла в театрах Парижа и Лондона при полных залах. С тех пор у неё набралось больше двухсот постановок по всему миру.

Механика проста и безотказна: расписание авиарейсов, на котором держится вся личная жизнь героя, меняется, и дальше комедия сама себя разгоняет.

В **Театре на Брду** спектакль идёт уже не первый сезон. Режиссёр Предраг Стойменович, играют Радован Вуйович, Виктор Савич и Елисавета Орашанин.

Место: Театар на Брду, Тургењевљева 5, Баново брдо.

Время: начало в 20:00.

Цена: от 1300 динаров за балкон и ложи до 1800 за партер.","**Marc Camoletti** wrote Boeing Boeing in the sixties, and the play ran for twenty years without a break in Paris and London to full houses. Since then it has accumulated more than two hundred productions around the world.

The mechanism is simple and never fails: the airline timetable on which the hero’s entire private life depends changes, and from there the comedy accelerates itself.

At **Teatar na Brdu** the production has been running for several seasons. Directed by Predrag Stojmenović, with Radovan Vujović, Viktor Savić and Jelisaveta Orašanin.

Venue: Teatar na Brdu, Turgenjevljeva 5, Banovo brdo.

Time: 20:00.

Price: from 1300 dinars for balcony and boxes to 1800 for the stalls.","**Mark Kamoleti** napisao je Boing Boing šezdesetih, a komad se dvadeset godina bez prekida igrao u Parizu i Londonu pred punim salama. Od tada je sakupio više od dvesta postavki širom sveta.

Mehanika je jednostavna i nepogrešiva: red letenja na kojem počiva ceo privatni život junaka se menja, i odatle komedija sama sebe ubrzava.

U **Teatru na Brdu** predstava se igra već nekoliko sezona. Režija Predrag Stojmenović, igraju Radovan Vujović, Viktor Savić i Jelisaveta Orašanin.

Mesto: Teatar na Brdu, Turgenjevljeva 5, Banovo brdo.

Vreme: početak u 20.00.

Cena: od 1300 dinara za balkon i lože do 1800 za parter.",20:00,1300,Teatar na Brdu,"Turgenjevljeva 5, Beograd","44.783447,20.417221",https://repertoar.rs/predstave/boing-boing/,repertoar.rs,https://bilet.teatarnabrdu.rs/scena.php?prostorterminid=608,Teatar na Brdu,https://teatarnabrdu.rs/,,,,,,"театр, Театар на Брду, комедия, Марк Камолетти, классика","theatre, Teatar na Brdu, comedy, Marc Camoletti, classic farce","pozorište, Teatar na Brdu, komedija, Mark Kamoleti, klasika"
10/28/2026,10/28/2026,9/22/2026,1732,Person,Nataša Ninković,https://www.akademija28.com/,,TheaterEvent,«Прах»: Наташа Нинкович и Зоран Цвиянович в Академии 28,Prah: Nataša Ninković and Zoran Cvijanović at Akademija 28,Prah: Nataša Ninković i Zoran Cvijanović u Akademiji 28,https://raw.githubusercontent.com/newsgl/arsposters/main/1732-Prah.webp,,Theatre,"Спектакль, объехавший мир, идёт на камерной сцене Академии 28. Дуэт двух узнаваемых актёров в постановке Велько Мичуновича. Вечерняя сцена, начало в 20:00.","A production that has travelled the world plays on the intimate Akademija 28 stage. Two well known actors in a duet directed by Veljko Mićunović. Evening stage, 20:00.","Predstava koja je obišla svet igra se na kamernoj sceni Akademije 28. Duet dvoje prepoznatljivih glumaca u režiji Veljka Mićunovića. Večernja scena, početak u 20.00.","Большие театры в центре не единственное место, где идёт стоящий репертуар. **Академија 28** держит камерную сцену, на которую регулярно выходят актёры первого ряда, и расстояние до зрителя здесь другое.

«Прах» объехал множество сцен по миру и сейчас входит в постоянный репертуар этого зала. Комедия построена на двоих: **Наташа Нинкович** и **Зоран Цвиянович** ведут её вдвоём, без возможности спрятаться за ансамблем.

Это тот случай, когда текст держится не на повороте сюжета, а на партнёрстве: почти всё происходит в диалоге, и от точности реакции зависит, где именно зал засмеётся.

Режиссёр Велько Мичунович.

Место: Академија 28, Немањина 28.

Время: начало в 20:00.

Цена: 1800 динаров.","The big theatres in the centre are not the only place with a repertoire worth seeing. **Akademija 28** keeps an intimate stage that first rank actors step onto regularly, and the distance to the audience here is different.

Prah has travelled many stages around the world and now belongs to this hall’s permanent repertoire. The comedy is built for two: **Nataša Ninković** and **Zoran Cvijanović** carry it between them, with no ensemble to hide behind.

Directed by Veljko Mićunović.

Venue: Akademija 28, Nemanjina 28.

Time: 20:00.

Price: 1800 dinars.","Veliki teatri u centru nisu jedino mesto sa repertoarom koji vredi. **Akademija 28** drži kamernu scenu na koju redovno izlaze glumci prvog reda, a razdaljina do publike ovde je drugačija.

Prah je obišao mnoge scene širom sveta i sada je deo stalnog repertoara ove sale. Komedija je građena za dvoje: **Nataša Ninković** i **Zoran Cvijanović** vode je udvoje, bez ansambla iza kojeg bi se sakrili.

Ovo je onaj slučaj kada tekst ne stoji na obrtu radnje nego na partnerstvu: gotovo sve se dešava u dijalogu, a od tačnosti reakcije zavisi gde će se publika nasmejati.

Režija Veljko Mićunović.

Mesto: Akademija 28, Nemanjina 28.

Vreme: početak u 20.00.

Cena: 1800 dinara.",20:00,1800,Akademija 28,"Nemanjina 28, 11000 Beograd","44.803498,20.463513",https://repertoar.rs/predstave/prah/,repertoar.rs,https://www.akademija28.com/,Akademija 28,https://www.akademija28.com/,,,,,,"театр, Академија 28, комедия, Наташа Нинкович, Зоран Цвиянович","theatre, Akademija 28, comedy, Nataša Ninković, Zoran Cvijanović","pozorište, Akademija 28, komedija, Nataša Ninković, Zoran Cvijanović"
10/30/2026,10/30/2026,9/22/2026,1740,Person,Sloboda Mićalović,https://www.akademija28.com/,,TheaterEvent,«Детские травмы»: чёрная комедия о тридцати годах одной пары,Dečije povrede: a black comedy about thirty years of one couple,Dečije povrede: crna komedija o trideset godina jednog para,https://raw.githubusercontent.com/newsgl/arsposters/main/1740-DecijePovrede.webp,,Theatre,"Слобода Мичалович и Вук Костич играют двоих, которые встречаются с восьми до тридцати восьми лет и всегда по больницам. Постановка Ивана Вуковича, начало в 20:00.","Sloboda Mićalović and Vuk Kostić play two people who keep meeting between the ages of eight and thirty eight, always in places of treatment. Directed by Ivan Vuković, 20:00.","Sloboda Mićalović i Vuk Kostić igraju dvoje koji se sreću od osme do trideset osme godine, uvek po mestima za lečenje. Režija Ivan Vuković, početak u 20.00.","Взросление, травмы и прошлое, рассказанные взрослыми людьми, обычно превращаются в драму. Здесь всё устроено иначе: **«Детские травмы»** идут как чёрная комедия с элементами мелодрамы.

«Это не классическая история любви двух молодых людей. Они не были типичными детьми. С восьми до тридцати восьми лет мы видим их встречи по разным местам лечения, всегда с новыми шрамами, и на теле, и на душе. Как любить кого-то, если не умеешь любить себя», говорит о спектакле **Вук Костич**.

Пьеса Джозефа Раджива, режиссёр Иван Вукович. Играют Слобода Мичалович и Вук Костич.

Место: Академија 28, Немањина 28.

Время: начало в 20:00.

Цена: 1800 динаров.","Growing up, trauma and the past, told by adults, usually turn into drama. Here it works differently: **Dečije povrede** plays as a black comedy with melodramatic edges.

“This is not a classic love story about two young people. They were not typical children. From the age of eight to thirty eight we watch them meet in various places of treatment, always with new scars, on the body and on the soul. How do you love someone if you cannot love yourself,” says **Vuk Kostić** about the play.

Written by Joseph Radživ, directed by Ivan Vuković. The cast is Sloboda Mićalović and Vuk Kostić.

Venue: Akademija 28, Nemanjina 28.

Time: 20:00.

Price: 1800 dinars.","Odrastanje, traume i prošlost ispričani iz ugla odraslih obično postaju drama. Ovde je drugačije: **Dečije povrede** igraju se kao crna komedija sa elementima melodrame.

„Ovo nije klasična ljubavna priča o dvoje mladih ljudi. Oni nisu bili tipična deca. Od njihove osme do trideset osme godine gledamo njihove susrete po raznim mestima za lečenje, uvek sa novim ožiljcima, i na telu i na duši. Kako da voliš nekoga, ako ne umeš da voliš sebe“, kaže o predstavi **Vuk Kostić**.

Tekst Džozef Radživ, režija Ivan Vuković. Igraju Sloboda Mićalović i Vuk Kostić.

Mesto: Akademija 28, Nemanjina 28.

Vreme: početak u 20.00.

Cena: 1800 dinara.",20:00,1800,Akademija 28,"Nemanjina 28, 11000 Beograd","44.803498,20.463513",https://repertoar.rs/predstave/decije-povrede/,repertoar.rs,https://www.akademija28.com/,Akademija 28,https://www.akademija28.com/,,,,,,"театр, Академија 28, чёрная комедия, Слобода Мичалович, Вук Костич","theatre, Akademija 28, black comedy, Sloboda Mićalović, Vuk Kostić","pozorište, Akademija 28, crna komedija, Sloboda Mićalović, Vuk Kostić"
10/28/2026,10/28/2026,9/22/2026,1733,Organization,Opera Narodnog pozorišta u Beogradu,https://www.narodnopozoriste.rs/,,TheaterEvent,«Травиата» Верди на Великой сцене Народного позоришта,La traviata by Verdi on the main stage of the National Theatre,Travijata Đuzepea Verdija na Velikoj sceni Narodnog pozorišta,https://raw.githubusercontent.com/newsgl/arsposters/main/1733-Travijata.webp,,Theatre,"Одна из самых исполняемых опер мира снова в репертуаре Народного позоришта. Велика сцена, начало в 19:00, билеты от 300 динаров.","One of the world’s most performed operas is back in the National Theatre repertoire. Main stage, 19:00, tickets from 300 dinars.","Jedna od najizvođenijih opera na svetu ponovo je na repertoaru Narodnog pozorišta. Velika scena, početak u 19.00, ulaznice od 300 dinara.","**«Травиата»** Джузеппе Верди входит в тройку самых исполняемых опер мира и держится там уже больше полутора веков. История Виолетты Валери, которая выбирает любовь и расплачивается за этот выбор, работает и на тех, кто в опере впервые.

В **Народном позориште** опера идёт на Великой сцене, с оркестром, хором и солистами театра. Для первого знакомства с жанром это едва ли не лучший вариант: сюжет понятен без либретто, а мелодии узнаются с первых тактов.

Билеты на Великой сцене продаются по семи категориям, и разброс цен большой: самые дешёвые места стоят дешевле билета в кино.

Место: Народно позориште, Велика сцена, Француска 3.

Время: начало в 19:00.

Цена: от 300 динаров за шестую категорию, первая категория доходит до 2800.","**La traviata** by Giuseppe Verdi sits among the three most performed operas in the world and has held that place for over a century and a half. The story of Violetta Valéry, who chooses love and pays for the choice, works even for a first time opera audience.

At the **National Theatre** it plays on the main stage with the house orchestra, chorus and soloists. As a first encounter with the genre it is hard to beat: the plot is clear without a libretto and the melodies are recognisable from the opening bars.

Main stage tickets are sold in seven categories with a wide spread: the cheapest seats cost less than a cinema ticket.

Venue: National Theatre, main stage, Francuska 3.

Time: 19:00.

Price: from 300 dinars for the sixth category, with the first category reaching 2800.","**Travijata** Đuzepea Verdija spada među tri najizvođenije opere na svetu i tu se drži više od veka i po. Priča o Violeti Valeri, koja bira ljubav i plaća taj izbor, radi i za one koji su u operi prvi put.

U **Narodnom pozorištu** izvodi se na Velikoj sceni, sa orkestrom, horom i solistima kuće. Za prvi susret sa žanrom teško da postoji bolji izbor: radnja je jasna i bez libreta, a melodije se prepoznaju od prvih taktova.

Ulaznice za Veliku scenu prodaju se u sedam kategorija i raspon je širok: najjeftinija mesta koštaju manje od bioskopske karte.

Mesto: Narodno pozorište, Velika scena, Francuska 3.

Vreme: početak u 19.00.

Cena: od 300 dinara za šestu kategoriju, prva kategorija ide do 2800.",19:00,300,Narodno pozorište u Beogradu,"Francuska 3, 11000 Beograd","44.817006,20.461005",https://repertoar.rs/predstave/travijata/,repertoar.rs,https://www.narodnopozoriste.rs/lat/ulaznice/odabir-ulaznica?p=6392,Narodno pozorište u Beogradu,https://www.narodnopozoriste.rs/,,,,,,"опера, Народно позориште, Верди, Травиата, классика","opera, National Theatre, Verdi, La traviata, classical music","opera, Narodno pozorište, Verdi, Travijata, klasika"
10/31/2026,10/31/2026,9/22/2026,1734,Organization,Opera Narodnog pozorišta u Beogradu,https://www.narodnopozoriste.rs/,,TheaterEvent,«Травиата» Верди на Великой сцене Народного позоришта,La traviata by Verdi on the main stage of the National Theatre,Travijata Đuzepea Verdija na Velikoj sceni Narodnog pozorišta,https://raw.githubusercontent.com/newsgl/arsposters/main/1734-Travijata.webp,,Theatre,"Одна из самых исполняемых опер мира снова в репертуаре Народного позоришта. Велика сцена, начало в 19:00, билеты от 300 динаров.","One of the world’s most performed operas is back in the National Theatre repertoire. Main stage, 19:00, tickets from 300 dinars.","Jedna od najizvođenijih opera na svetu ponovo je na repertoaru Narodnog pozorišta. Velika scena, početak u 19.00, ulaznice od 300 dinara.","**«Травиата»** Джузеппе Верди входит в тройку самых исполняемых опер мира и держится там уже больше полутора веков. История Виолетты Валери, которая выбирает любовь и расплачивается за этот выбор, работает и на тех, кто в опере впервые.

В **Народном позориште** опера идёт на Великой сцене, с оркестром, хором и солистами театра. Для первого знакомства с жанром это едва ли не лучший вариант: сюжет понятен без либретто, а мелодии узнаются с первых тактов.

Билеты на Великой сцене продаются по семи категориям, и разброс цен большой: самые дешёвые места стоят дешевле билета в кино.

Место: Народно позориште, Велика сцена, Француска 3.

Время: начало в 19:00.

Цена: от 300 динаров за шестую категорию, первая категория доходит до 2800.","**La traviata** by Giuseppe Verdi sits among the three most performed operas in the world and has held that place for over a century and a half. The story of Violetta Valéry, who chooses love and pays for the choice, works even for a first time opera audience.

At the **National Theatre** it plays on the main stage with the house orchestra, chorus and soloists. As a first encounter with the genre it is hard to beat: the plot is clear without a libretto and the melodies are recognisable from the opening bars.

Main stage tickets are sold in seven categories with a wide spread: the cheapest seats cost less than a cinema ticket.

Venue: National Theatre, main stage, Francuska 3.

Time: 19:00.

Price: from 300 dinars for the sixth category, with the first category reaching 2800.","**Travijata** Đuzepea Verdija spada među tri najizvođenije opere na svetu i tu se drži više od veka i po. Priča o Violeti Valeri, koja bira ljubav i plaća taj izbor, radi i za one koji su u operi prvi put.

U **Narodnom pozorištu** izvodi se na Velikoj sceni, sa orkestrom, horom i solistima kuće. Za prvi susret sa žanrom teško da postoji bolji izbor: radnja je jasna i bez libreta, a melodije se prepoznaju od prvih taktova.

Ulaznice za Veliku scenu prodaju se u sedam kategorija i raspon je širok: najjeftinija mesta koštaju manje od bioskopske karte.

Mesto: Narodno pozorište, Velika scena, Francuska 3.

Vreme: početak u 19.00.

Cena: od 300 dinara za šestu kategoriju, prva kategorija ide do 2800.",19:00,300,Narodno pozorište u Beogradu,"Francuska 3, 11000 Beograd","44.817006,20.461005",https://repertoar.rs/predstave/travijata/,repertoar.rs,https://www.narodnopozoriste.rs/lat/ulaznice/odabir-ulaznica?p=6392,Narodno pozorište u Beogradu,https://www.narodnopozoriste.rs/,,,,,,"опера, Народно позориште, Верди, Травиата, классика","opera, National Theatre, Verdi, La traviata, classical music","opera, Narodno pozorište, Verdi, Travijata, klasika"
11/29/2026,11/29/2026,9/22/2026,1735,Organization,Opera Narodnog pozorišta u Beogradu,https://www.narodnopozoriste.rs/,,TheaterEvent,«Травиата» Верди на Великой сцене Народного позоришта,La traviata by Verdi on the main stage of the National Theatre,Travijata Đuzepea Verdija na Velikoj sceni Narodnog pozorišta,https://raw.githubusercontent.com/newsgl/arsposters/main/1735-Travijata.webp,,Theatre,"Одна из самых исполняемых опер мира снова в репертуаре Народного позоришта. Велика сцена, начало в 19:00, билеты от 300 динаров.","One of the world’s most performed operas is back in the National Theatre repertoire. Main stage, 19:00, tickets from 300 dinars.","Jedna od najizvođenijih opera na svetu ponovo je na repertoaru Narodnog pozorišta. Velika scena, početak u 19.00, ulaznice od 300 dinara.","**«Травиата»** Джузеппе Верди входит в тройку самых исполняемых опер мира и держится там уже больше полутора веков. История Виолетты Валери, которая выбирает любовь и расплачивается за этот выбор, работает и на тех, кто в опере впервые.

В **Народном позориште** опера идёт на Великой сцене, с оркестром, хором и солистами театра. Для первого знакомства с жанром это едва ли не лучший вариант: сюжет понятен без либретто, а мелодии узнаются с первых тактов.

Билеты на Великой сцене продаются по семи категориям, и разброс цен большой: самые дешёвые места стоят дешевле билета в кино.

Место: Народно позориште, Велика сцена, Француска 3.

Время: начало в 19:00.

Цена: от 300 динаров за шестую категорию, первая категория доходит до 2800.","**La traviata** by Giuseppe Verdi sits among the three most performed operas in the world and has held that place for over a century and a half. The story of Violetta Valéry, who chooses love and pays for the choice, works even for a first time opera audience.

At the **National Theatre** it plays on the main stage with the house orchestra, chorus and soloists. As a first encounter with the genre it is hard to beat: the plot is clear without a libretto and the melodies are recognisable from the opening bars.

Main stage tickets are sold in seven categories with a wide spread: the cheapest seats cost less than a cinema ticket.

Venue: National Theatre, main stage, Francuska 3.

Time: 19:00.

Price: from 300 dinars for the sixth category, with the first category reaching 2800.","**Travijata** Đuzepea Verdija spada među tri najizvođenije opere na svetu i tu se drži više od veka i po. Priča o Violeti Valeri, koja bira ljubav i plaća taj izbor, radi i za one koji su u operi prvi put.

U **Narodnom pozorištu** izvodi se na Velikoj sceni, sa orkestrom, horom i solistima kuće. Za prvi susret sa žanrom teško da postoji bolji izbor: radnja je jasna i bez libreta, a melodije se prepoznaju od prvih taktova.

Ulaznice za Veliku scenu prodaju se u sedam kategorija i raspon je širok: najjeftinija mesta koštaju manje od bioskopske karte.

Mesto: Narodno pozorište, Velika scena, Francuska 3.

Vreme: početak u 19.00.

Cena: od 300 dinara za šestu kategoriju, prva kategorija ide do 2800.",19:00,300,Narodno pozorište u Beogradu,"Francuska 3, 11000 Beograd","44.817006,20.461005",https://repertoar.rs/predstave/travijata/,repertoar.rs,https://www.narodnopozoriste.rs/lat/ulaznice/odabir-ulaznica?p=6392,Narodno pozorište u Beogradu,https://www.narodnopozoriste.rs/,,,,,,"опера, Народно позориште, Верди, Травиата, классика","opera, National Theatre, Verdi, La traviata, classical music","opera, Narodno pozorište, Verdi, Travijata, klasika"
12/8/2026,12/8/2026,9/22/2026,1736,Organization,Opera Narodnog pozorišta u Beogradu,https://www.narodnopozoriste.rs/,,TheaterEvent,«Травиата» Верди на Великой сцене Народного позоришта,La traviata by Verdi on the main stage of the National Theatre,Travijata Đuzepea Verdija na Velikoj sceni Narodnog pozorišta,https://raw.githubusercontent.com/newsgl/arsposters/main/1736-Travijata.webp,,Theatre,"Одна из самых исполняемых опер мира снова в репертуаре Народного позоришта. Велика сцена, начало в 19:00, билеты от 300 динаров.","One of the world’s most performed operas is back in the National Theatre repertoire. Main stage, 19:00, tickets from 300 dinars.","Jedna od najizvođenijih opera na svetu ponovo je na repertoaru Narodnog pozorišta. Velika scena, početak u 19.00, ulaznice od 300 dinara.","**«Травиата»** Джузеппе Верди входит в тройку самых исполняемых опер мира и держится там уже больше полутора веков. История Виолетты Валери, которая выбирает любовь и расплачивается за этот выбор, работает и на тех, кто в опере впервые.

В **Народном позориште** опера идёт на Великой сцене, с оркестром, хором и солистами театра. Для первого знакомства с жанром это едва ли не лучший вариант: сюжет понятен без либретто, а мелодии узнаются с первых тактов.

Билеты на Великой сцене продаются по семи категориям, и разброс цен большой: самые дешёвые места стоят дешевле билета в кино.

Место: Народно позориште, Велика сцена, Француска 3.

Время: начало в 19:00.

Цена: от 300 динаров за шестую категорию, первая категория доходит до 2800.","**La traviata** by Giuseppe Verdi sits among the three most performed operas in the world and has held that place for over a century and a half. The story of Violetta Valéry, who chooses love and pays for the choice, works even for a first time opera audience.

At the **National Theatre** it plays on the main stage with the house orchestra, chorus and soloists. As a first encounter with the genre it is hard to beat: the plot is clear without a libretto and the melodies are recognisable from the opening bars.

Main stage tickets are sold in seven categories with a wide spread: the cheapest seats cost less than a cinema ticket.

Venue: National Theatre, main stage, Francuska 3.

Time: 19:00.

Price: from 300 dinars for the sixth category, with the first category reaching 2800.","**Travijata** Đuzepea Verdija spada među tri najizvođenije opere na svetu i tu se drži više od veka i po. Priča o Violeti Valeri, koja bira ljubav i plaća taj izbor, radi i za one koji su u operi prvi put.

U **Narodnom pozorištu** izvodi se na Velikoj sceni, sa orkestrom, horom i solistima kuće. Za prvi susret sa žanrom teško da postoji bolji izbor: radnja je jasna i bez libreta, a melodije se prepoznaju od prvih taktova.

Ulaznice za Veliku scenu prodaju se u sedam kategorija i raspon je širok: najjeftinija mesta koštaju manje od bioskopske karte.

Mesto: Narodno pozorište, Velika scena, Francuska 3.

Vreme: početak u 19.00.

Cena: od 300 dinara za šestu kategoriju, prva kategorija ide do 2800.",19:00,300,Narodno pozorište u Beogradu,"Francuska 3, 11000 Beograd","44.817006,20.461005",https://repertoar.rs/predstave/travijata/,repertoar.rs,https://www.narodnopozoriste.rs/lat/ulaznice/odabir-ulaznica?p=6392,Narodno pozorište u Beogradu,https://www.narodnopozoriste.rs/,,,,,,"опера, Народно позориште, Верди, Травиата, классика","opera, National Theatre, Verdi, La traviata, classical music","opera, Narodno pozorište, Verdi, Travijata, klasika"
11/3/2026,11/4/2026,9/22/2026,1742,Organization,Balet Narodnog pozorišta u Beogradu,https://www.narodnopozoriste.rs/,,TheaterEvent,«Лебединое озеро»: балет Чайковского на Великой сцене Народного позоришта,Swan Lake: Tchaikovsky’s ballet on the National Theatre main stage,Labudovo jezero: balet Čajkovskog na Velikoj sceni Narodnog pozorišta,https://raw.githubusercontent.com/newsgl/arsposters/main/1742-LabudovoJezero.webp,,Theatre,"Самый известный балет в мире в четырёх действиях, в постановке Константина Костюкова. Велика сцена, начало в 19:00, билеты от 300 динаров.","The world’s best known ballet in four acts, staged by Konstantin Kostyukov. Main stage, 19:00, tickets from 300 dinars.","Najpoznatiji balet na svetu u četiri čina, u postavci Konstantina Kostjukova. Velika scena, početak u 19.00, ulaznice od 300 dinara.","Музыку к **«Лебединому озеру»** Пётр Ильич Чайковский написал между 1875 и 1876 годами, а торжественная премьера прошла в московском Большом театре 4 марта 1877 года, в хореографии тогдашнего балетмейстера Вацлава Рейзингера.

Первая версия успеха не имела. После смерти композитора балет заново поставили в Петербурге, и именно эта редакция стала той, которую сегодня танцуют по всему миру.

Двойная партия **Одетты и Одиллии** остаётся одной из самых трудных в классическом репертуаре: одна балерина ведёт два противоположных характера в один вечер.

В Народном позориште спектакль идёт в постановке Константина Костюкова, с оркестром театра.

Место: Народно позориште, Велика сцена, Француска 3.

Время: начало в 19:00.

Цена: от 300 динаров за шестую категорию, первая категория доходит до 2800.","Pyotr Ilyich Tchaikovsky wrote the score of **Swan Lake** between 1875 and 1876, and the gala premiere took place at the Bolshoi in Moscow on 4 March 1877, choreographed by the house ballet master Václav Reisinger.

That first version was not a success. After the composer’s death the ballet was staged anew in St Petersburg, and it is that revision which is danced around the world today.

The double role of **Odette and Odile** remains one of the hardest in the classical repertoire: one ballerina carries two opposite characters in a single evening.

At the National Theatre the production is by Konstantin Kostyukov, with the house orchestra.

Venue: National Theatre, main stage, Francuska 3.

Time: 19:00.

Price: from 300 dinars for the sixth category, with the first category reaching 2800.","Muziku za **Labudovo jezero** Petar Iljič Čajkovski napisao je između 1875. i 1876, a svečana premijera održana je u moskovskom Boljšoj teatru 4. marta 1877, u koreografiji tadašnjeg baletmajstora Vaclava Rajzingera.

Prva verzija nije imala uspeha. Posle kompozitorove smrti balet je iznova postavljen u Sankt Peterburgu, i upravo se ta redakcija danas igra širom sveta.

Dvostruka uloga **Odete i Odilije** ostaje jedna od najtežih u klasičnom repertoaru: jedna balerina vodi dva suprotna karaktera u jednoj večeri.

U Narodnom pozorištu predstava se izvodi u postavci Konstantina Kostjukova, uz orkestar kuće.

Mesto: Narodno pozorište, Velika scena, Francuska 3.

Vreme: početak u 19.00.

Cena: od 300 dinara za šestu kategoriju, prva kategorija ide do 2800.",19:00,300,Narodno pozorište u Beogradu,"Francuska 3, 11000 Beograd","44.817006,20.461005",https://repertoar.rs/predstave/labudovo-jezero/,repertoar.rs,https://www.narodnopozoriste.rs/lat/ulaznice/odabir-ulaznica?p=6368,Narodno pozorište u Beogradu,https://www.narodnopozoriste.rs/,,,,,,"балет, Народно позориште, Чайковский, Лебединое озеро, классика","ballet, National Theatre, Tchaikovsky, Swan Lake, classical music","balet, Narodno pozorište, Čajkovski, Labudovo jezero, klasika"
11/10/2026,11/10/2026,9/22/2026,1743,Organization,Balet Narodnog pozorišta u Beogradu,https://www.narodnopozoriste.rs/,,TheaterEvent,«Лебединое озеро»: балет Чайковского на Великой сцене Народного позоришта,Swan Lake: Tchaikovsky’s ballet on the National Theatre main stage,Labudovo jezero: balet Čajkovskog na Velikoj sceni Narodnog pozorišta,https://raw.githubusercontent.com/newsgl/arsposters/main/1743-LabudovoJezero.webp,,Theatre,"Самый известный балет в мире в четырёх действиях, в постановке Константина Костюкова. Велика сцена, начало в 19:00, билеты от 300 динаров.","The world’s best known ballet in four acts, staged by Konstantin Kostyukov. Main stage, 19:00, tickets from 300 dinars.","Najpoznatiji balet na svetu u četiri čina, u postavci Konstantina Kostjukova. Velika scena, početak u 19.00, ulaznice od 300 dinara.","Музыку к **«Лебединому озеру»** Пётр Ильич Чайковский написал между 1875 и 1876 годами, а торжественная премьера прошла в московском Большом театре 4 марта 1877 года, в хореографии тогдашнего балетмейстера Вацлава Рейзингера.

Первая версия успеха не имела. После смерти композитора балет заново поставили в Петербурге, и именно эта редакция стала той, которую сегодня танцуют по всему миру.

Двойная партия **Одетты и Одиллии** остаётся одной из самых трудных в классическом репертуаре: одна балерина ведёт два противоположных характера в один вечер.

В Народном позориште спектакль идёт в постановке Константина Костюкова, с оркестром театра.

Место: Народно позориште, Велика сцена, Француска 3.

Время: начало в 19:00.

Цена: от 300 динаров за шестую категорию, первая категория доходит до 2800.","Pyotr Ilyich Tchaikovsky wrote the score of **Swan Lake** between 1875 and 1876, and the gala premiere took place at the Bolshoi in Moscow on 4 March 1877, choreographed by the house ballet master Václav Reisinger.

That first version was not a success. After the composer’s death the ballet was staged anew in St Petersburg, and it is that revision which is danced around the world today.

The double role of **Odette and Odile** remains one of the hardest in the classical repertoire: one ballerina carries two opposite characters in a single evening.

At the National Theatre the production is by Konstantin Kostyukov, with the house orchestra.

Venue: National Theatre, main stage, Francuska 3.

Time: 19:00.

Price: from 300 dinars for the sixth category, with the first category reaching 2800.","Muziku za **Labudovo jezero** Petar Iljič Čajkovski napisao je između 1875. i 1876, a svečana premijera održana je u moskovskom Boljšoj teatru 4. marta 1877, u koreografiji tadašnjeg baletmajstora Vaclava Rajzingera.

Prva verzija nije imala uspeha. Posle kompozitorove smrti balet je iznova postavljen u Sankt Peterburgu, i upravo se ta redakcija danas igra širom sveta.

Dvostruka uloga **Odete i Odilije** ostaje jedna od najtežih u klasičnom repertoaru: jedna balerina vodi dva suprotna karaktera u jednoj večeri.

U Narodnom pozorištu predstava se izvodi u postavci Konstantina Kostjukova, uz orkestar kuće.

Mesto: Narodno pozorište, Velika scena, Francuska 3.

Vreme: početak u 19.00.

Cena: od 300 dinara za šestu kategoriju, prva kategorija ide do 2800.",19:00,300,Narodno pozorište u Beogradu,"Francuska 3, 11000 Beograd","44.817006,20.461005",https://repertoar.rs/predstave/labudovo-jezero/,repertoar.rs,https://www.narodnopozoriste.rs/lat/ulaznice/odabir-ulaznica?p=6368,Narodno pozorište u Beogradu,https://www.narodnopozoriste.rs/,,,,,,"балет, Народно позориште, Чайковский, Лебединое озеро, классика","ballet, National Theatre, Tchaikovsky, Swan Lake, classical music","balet, Narodno pozorište, Čajkovski, Labudovo jezero, klasika"
11/13/2026,11/13/2026,9/22/2026,1744,Organization,Balet Narodnog pozorišta u Beogradu,https://www.narodnopozoriste.rs/,,TheaterEvent,«Лебединое озеро»: балет Чайковского на Великой сцене Народного позоришта,Swan Lake: Tchaikovsky’s ballet on the National Theatre main stage,Labudovo jezero: balet Čajkovskog na Velikoj sceni Narodnog pozorišta,https://raw.githubusercontent.com/newsgl/arsposters/main/1744-LabudovoJezero.webp,,Theatre,"Самый известный балет в мире в четырёх действиях, в постановке Константина Костюкова. Велика сцена, начало в 19:00, билеты от 300 динаров.","The world’s best known ballet in four acts, staged by Konstantin Kostyukov. Main stage, 19:00, tickets from 300 dinars.","Najpoznatiji balet na svetu u četiri čina, u postavci Konstantina Kostjukova. Velika scena, početak u 19.00, ulaznice od 300 dinara.","Музыку к **«Лебединому озеру»** Пётр Ильич Чайковский написал между 1875 и 1876 годами, а торжественная премьера прошла в московском Большом театре 4 марта 1877 года, в хореографии тогдашнего балетмейстера Вацлава Рейзингера.

Первая версия успеха не имела. После смерти композитора балет заново поставили в Петербурге, и именно эта редакция стала той, которую сегодня танцуют по всему миру.

Двойная партия **Одетты и Одиллии** остаётся одной из самых трудных в классическом репертуаре: одна балерина ведёт два противоположных характера в один вечер.

В Народном позориште спектакль идёт в постановке Константина Костюкова, с оркестром театра.

Место: Народно позориште, Велика сцена, Француска 3.

Время: начало в 19:00.

Цена: от 300 динаров за шестую категорию, первая категория доходит до 2800.","Pyotr Ilyich Tchaikovsky wrote the score of **Swan Lake** between 1875 and 1876, and the gala premiere took place at the Bolshoi in Moscow on 4 March 1877, choreographed by the house ballet master Václav Reisinger.

That first version was not a success. After the composer’s death the ballet was staged anew in St Petersburg, and it is that revision which is danced around the world today.

The double role of **Odette and Odile** remains one of the hardest in the classical repertoire: one ballerina carries two opposite characters in a single evening.

At the National Theatre the production is by Konstantin Kostyukov, with the house orchestra.

Venue: National Theatre, main stage, Francuska 3.

Time: 19:00.

Price: from 300 dinars for the sixth category, with the first category reaching 2800.","Muziku za **Labudovo jezero** Petar Iljič Čajkovski napisao je između 1875. i 1876, a svečana premijera održana je u moskovskom Boljšoj teatru 4. marta 1877, u koreografiji tadašnjeg baletmajstora Vaclava Rajzingera.

Prva verzija nije imala uspeha. Posle kompozitorove smrti balet je iznova postavljen u Sankt Peterburgu, i upravo se ta redakcija danas igra širom sveta.

Dvostruka uloga **Odete i Odilije** ostaje jedna od najtežih u klasičnom repertoaru: jedna balerina vodi dva suprotna karaktera u jednoj večeri.

U Narodnom pozorištu predstava se izvodi u postavci Konstantina Kostjukova, uz orkestar kuće.

Mesto: Narodno pozorište, Velika scena, Francuska 3.

Vreme: početak u 19.00.

Cena: od 300 dinara za šestu kategoriju, prva kategorija ide do 2800.",19:00,300,Narodno pozorište u Beogradu,"Francuska 3, 11000 Beograd","44.817006,20.461005",https://repertoar.rs/predstave/labudovo-jezero/,repertoar.rs,https://www.narodnopozoriste.rs/lat/ulaznice/odabir-ulaznica?p=6368,Narodno pozorište u Beogradu,https://www.narodnopozoriste.rs/,,,,,,"балет, Народно позориште, Чайковский, Лебединое озеро, классика","ballet, National Theatre, Tchaikovsky, Swan Lake, classical music","balet, Narodno pozorište, Čajkovski, Labudovo jezero, klasika"
11/18/2026,11/18/2026,9/22/2026,1748,Organization,Balet Narodnog pozorišta u Beogradu,https://www.narodnopozoriste.rs/,,TheaterEvent,«Ко то тамо пева»: балет по мотивам культового фильма,Ko to tamo peva: a ballet after the cult film,Ko to tamo peva: balet po motivima kultnog filma,https://raw.githubusercontent.com/newsgl/arsposters/main/1748-KoToTamoPeva.webp,,Theatre,"Балет на музыку Воислава Воки Костича по мотивам сценария Душана Ковачевича. Хореография Сташи Зуровца, Велика сцена, начало в 19:00.","A ballet to Vojislav Voki Kostić’s music after Dušan Kovačević’s screenplay. Choreography by Staša Zurovac, main stage, 19:00.","Balet na muziku Vojislava Vokija Kostića po motivima scenarija Dušana Kovačevića. Koreografija Staša Zurovac, Velika scena, početak u 19.00.","Фильм Слободана Шияна по сценарию Душана Ковачевича знают наизусть несколько поколений. Балет **«Ко то тамо пева»** берёт тот же материал и переводит его на язык движения, оставляя музыку **Воислава Воки Костича** в основе.

Идея принадлежит Любивою Тадичу, премьера прошла на Великой сцене Народного позоришта 22 декабря 2004 года, и с тех пор спектакль возвращается в репертуар.

Узнавание здесь работает дважды: сначала музыкальная тема, потом фигура на сцене, в которой угадывается знакомый персонаж автобуса.

Хореограф Сташа Зуровац. В премьерном составе были Александар Илич, Денис Касаткин и Деян.

Место: Народно позориште, Велика сцена, Француска 3.

Время: начало в 19:00.

Цена: от 300 динаров за шестую категорию, первая категория доходит до 2800.","Slobodan Šijan’s film, written by Dušan Kovačević, is known by heart by several generations. The ballet **Ko to tamo peva** takes the same material and translates it into movement, keeping **Vojislav Voki Kostić**’s music at its base.

The idea came from Ljubivoje Tadić, the premiere took place on the National Theatre main stage on 22 December 2004, and the production has returned to the repertoire ever since.

Recognition works twice here: first the musical theme, then the figure on stage in whom a familiar passenger of that bus can be made out.

Choreography by Staša Zurovac. The premiere cast included Aleksandar Ilić and Denis Kasatkin.

Venue: National Theatre, main stage, Francuska 3.

Time: 19:00.

Price: from 300 dinars for the sixth category, with the first category reaching 2800.","Film Slobodana Šijana po scenariju Dušana Kovačevića zna napamet nekoliko generacija. Balet **Ko to tamo peva** uzima istu građu i prevodi je na jezik pokreta, a u osnovi ostaje muzika **Vojislava Vokija Kostića**.

Ideja je Ljubivoja Tadića, premijera je izvedena na Velikoj sceni Narodnog pozorišta 22. decembra 2004, i predstava se od tada vraća na repertoar.

Prepoznavanje ovde radi dvaput: prvo muzička tema, pa figura na sceni u kojoj se nazire poznati putnik onog autobusa.

Koreografija Staša Zurovac. U premijernoj podeli bili su Aleksandar Ilić i Denis Kasatkin.

Mesto: Narodno pozorište, Velika scena, Francuska 3.

Vreme: početak u 19.00.

Cena: od 300 dinara za šestu kategoriju, prva kategorija ide do 2800.",19:00,300,Narodno pozorište u Beogradu,"Francuska 3, 11000 Beograd","44.817006,20.461005",https://repertoar.rs/predstave/ko-to-tamo-peva/,repertoar.rs,https://www.narodnopozoriste.rs/lat/ulaznice/odabir-ulaznica?p=6374,Narodno pozorište u Beogradu,https://www.narodnopozoriste.rs/,,,,,,"балет, Народно позориште, Душан Ковачевич, Воки Костич, Сташа Зуровац","ballet, National Theatre, Dušan Kovačević, Voki Kostić, Staša Zurovac","balet, Narodno pozorište, Dušan Kovačević, Voki Kostić, Staša Zurovac"
12/5/2026,12/5/2026,9/22/2026,1752,Organization,Opera Narodnog pozorišta u Beogradu,https://www.narodnopozoriste.rs/,,TheaterEvent,«Севильский цирюльник» Россини на Великой сцене Народного позоришта,The Barber of Seville by Rossini on the National Theatre main stage,Seviljski berberin Đoakina Rosinija na Velikoj sceni Narodnog pozorišta,https://raw.githubusercontent.com/newsgl/arsposters/main/1752-SeviljskiBerberin.webp,,Theatre,"Комическая опера Джоаккино Россини в постановке Иваны Драгутинович. Один из самых лёгких способов начать знакомство с жанром. Велика сцена, начало в 19:00.","Gioachino Rossini’s comic opera staged by Ivana Dragutinović. One of the easiest ways into the genre. Main stage, 19:00.","Komična opera Đoakina Rosinija u režiji Ivane Dragutinović. Jedan od najlakših načina da se uđe u žanr. Velika scena, početak u 19.00.","Опера ценится в художественных кругах за сложность устройства: солисты, хор, оркестр, сценография и хореография должны сойтись в одну точку. **«Севильский цирюльник»** при этом остаётся одной из самых лёгких для первого знакомства.

Комедия **Джоаккино Россини** держится на интриге, переодеваниях и на Фигаро, который успевает всюду. Музыка узнаётся даже теми, кто уверен, что оперы не слушает.

В **Народном позориште** спектакль идёт на Великой сцене в постановке Иваны Драгутинович, с оркестром, хором и солистами театра.

Место: Народно позориште, Велика сцена, Француска 3.

Время: начало в 19:00.

Цена: от 300 динаров за шестую категорию, первая категория доходит до 2800.","Opera is valued in artistic circles for the complexity of its machinery: soloists, chorus, orchestra, set and movement all have to meet in one point. **The Barber of Seville** is nonetheless one of the easiest ways in.

**Gioachino Rossini**’s comedy runs on intrigue, disguises and on Figaro, who manages to be everywhere. The music is recognised even by people certain they never listen to opera.

At the **National Theatre** it plays on the main stage in Ivana Dragutinović’s production, with the house orchestra, chorus and soloists.

Venue: National Theatre, main stage, Francuska 3.

Time: 19:00.

Price: from 300 dinars for the sixth category, with the first category reaching 2800.","Opera se u umetničkim krugovima ceni zbog složenosti mehanizma: solisti, hor, orkestar, scenografija i pokret moraju da se sastanu u jednoj tački. **Seviljski berberin** je ipak jedan od najlakših ulaza u žanr.

Komedija **Đoakina Rosinija** stoji na intrigi, presvlačenju i na Figaru koji svuda stiže. Muziku prepoznaju i oni koji su sigurni da operu ne slušaju.

U **Narodnom pozorištu** izvodi se na Velikoj sceni u režiji Ivane Dragutinović, sa orkestrom, horom i solistima kuće.

Mesto: Narodno pozorište, Velika scena, Francuska 3.

Vreme: početak u 19.00.

Cena: od 300 dinara za šestu kategoriju, prva kategorija ide do 2800.",19:00,300,Narodno pozorište u Beogradu,"Francuska 3, 11000 Beograd","44.817006,20.461005",https://repertoar.rs/predstave/seviljski-berberin/,repertoar.rs,https://www.narodnopozoriste.rs/lat/ulaznice/odabir-ulaznica?p=6352,Narodno pozorište u Beogradu,https://www.narodnopozoriste.rs/,,,,,,"опера, Народно позориште, Россини, Севильский цирюльник, комическая опера","opera, National Theatre, Rossini, The Barber of Seville, comic opera","opera, Narodno pozorište, Rosini, Seviljski berberin, komična opera"
12/12/2026,12/12/2026,9/22/2026,1753,Organization,Opera Narodnog pozorišta u Beogradu,https://www.narodnopozoriste.rs/,,TheaterEvent,«Севильский цирюльник» Россини на Великой сцене Народного позоришта,The Barber of Seville by Rossini on the National Theatre main stage,Seviljski berberin Đoakina Rosinija na Velikoj sceni Narodnog pozorišta,https://raw.githubusercontent.com/newsgl/arsposters/main/1753-SeviljskiBerberin.webp,,Theatre,"Комическая опера Джоаккино Россини в постановке Иваны Драгутинович. Один из самых лёгких способов начать знакомство с жанром. Велика сцена, начало в 19:00.","Gioachino Rossini’s comic opera staged by Ivana Dragutinović. One of the easiest ways into the genre. Main stage, 19:00.","Komična opera Đoakina Rosinija u režiji Ivane Dragutinović. Jedan od najlakših načina da se uđe u žanr. Velika scena, početak u 19.00.","Опера ценится в художественных кругах за сложность устройства: солисты, хор, оркестр, сценография и хореография должны сойтись в одну точку. **«Севильский цирюльник»** при этом остаётся одной из самых лёгких для первого знакомства.

Комедия **Джоаккино Россини** держится на интриге, переодеваниях и на Фигаро, который успевает всюду. Музыка узнаётся даже теми, кто уверен, что оперы не слушает.

В **Народном позориште** спектакль идёт на Великой сцене в постановке Иваны Драгутинович, с оркестром, хором и солистами театра.

Место: Народно позориште, Велика сцена, Француска 3.

Время: начало в 19:00.

Цена: от 300 динаров за шестую категорию, первая категория доходит до 2800.","Opera is valued in artistic circles for the complexity of its machinery: soloists, chorus, orchestra, set and movement all have to meet in one point. **The Barber of Seville** is nonetheless one of the easiest ways in.

**Gioachino Rossini**’s comedy runs on intrigue, disguises and on Figaro, who manages to be everywhere. The music is recognised even by people certain they never listen to opera.

At the **National Theatre** it plays on the main stage in Ivana Dragutinović’s production, with the house orchestra, chorus and soloists.

Venue: National Theatre, main stage, Francuska 3.

Time: 19:00.

Price: from 300 dinars for the sixth category, with the first category reaching 2800.","Opera se u umetničkim krugovima ceni zbog složenosti mehanizma: solisti, hor, orkestar, scenografija i pokret moraju da se sastanu u jednoj tački. **Seviljski berberin** je ipak jedan od najlakših ulaza u žanr.

Komedija **Đoakina Rosinija** stoji na intrigi, presvlačenju i na Figaru koji svuda stiže. Muziku prepoznaju i oni koji su sigurni da operu ne slušaju.

U **Narodnom pozorištu** izvodi se na Velikoj sceni u režiji Ivane Dragutinović, sa orkestrom, horom i solistima kuće.

Mesto: Narodno pozorište, Velika scena, Francuska 3.

Vreme: početak u 19.00.

Cena: od 300 dinara za šestu kategoriju, prva kategorija ide do 2800.",19:00,300,Narodno pozorište u Beogradu,"Francuska 3, 11000 Beograd","44.817006,20.461005",https://repertoar.rs/predstave/seviljski-berberin/,repertoar.rs,https://www.narodnopozoriste.rs/lat/ulaznice/odabir-ulaznica?p=6352,Narodno pozorište u Beogradu,https://www.narodnopozoriste.rs/,,,,,,"опера, Народно позориште, Россини, Севильский цирюльник, комическая опера","opera, National Theatre, Rossini, The Barber of Seville, comic opera","opera, Narodno pozorište, Rosini, Seviljski berberin, komična opera"
1/9/2027,1/9/2027,9/22/2026,1754,Organization,Opera Narodnog pozorišta u Beogradu,https://www.narodnopozoriste.rs/,,TheaterEvent,«Севильский цирюльник» Россини на Великой сцене Народного позоришта,The Barber of Seville by Rossini on the National Theatre main stage,Seviljski berberin Đoakina Rosinija na Velikoj sceni Narodnog pozorišta,https://raw.githubusercontent.com/newsgl/arsposters/main/1754-SeviljskiBerberin.webp,,Theatre,"Комическая опера Джоаккино Россини в постановке Иваны Драгутинович. Один из самых лёгких способов начать знакомство с жанром. Велика сцена, начало в 19:00.","Gioachino Rossini’s comic opera staged by Ivana Dragutinović. One of the easiest ways into the genre. Main stage, 19:00.","Komična opera Đoakina Rosinija u režiji Ivane Dragutinović. Jedan od najlakših načina da se uđe u žanr. Velika scena, početak u 19.00.","Опера ценится в художественных кругах за сложность устройства: солисты, хор, оркестр, сценография и хореография должны сойтись в одну точку. **«Севильский цирюльник»** при этом остаётся одной из самых лёгких для первого знакомства.

Комедия **Джоаккино Россини** держится на интриге, переодеваниях и на Фигаро, который успевает всюду. Музыка узнаётся даже теми, кто уверен, что оперы не слушает.

В **Народном позориште** спектакль идёт на Великой сцене в постановке Иваны Драгутинович, с оркестром, хором и солистами театра.

Место: Народно позориште, Велика сцена, Француска 3.

Время: начало в 19:00.

Цена: от 300 динаров за шестую категорию, первая категория доходит до 2800.","Opera is valued in artistic circles for the complexity of its machinery: soloists, chorus, orchestra, set and movement all have to meet in one point. **The Barber of Seville** is nonetheless one of the easiest ways in.

**Gioachino Rossini**’s comedy runs on intrigue, disguises and on Figaro, who manages to be everywhere. The music is recognised even by people certain they never listen to opera.

At the **National Theatre** it plays on the main stage in Ivana Dragutinović’s production, with the house orchestra, chorus and soloists.

Venue: National Theatre, main stage, Francuska 3.

Time: 19:00.

Price: from 300 dinars for the sixth category, with the first category reaching 2800.","Opera se u umetničkim krugovima ceni zbog složenosti mehanizma: solisti, hor, orkestar, scenografija i pokret moraju da se sastanu u jednoj tački. **Seviljski berberin** je ipak jedan od najlakših ulaza u žanr.

Komedija **Đoakina Rosinija** stoji na intrigi, presvlačenju i na Figaru koji svuda stiže. Muziku prepoznaju i oni koji su sigurni da operu ne slušaju.

U **Narodnom pozorištu** izvodi se na Velikoj sceni u režiji Ivane Dragutinović, sa orkestrom, horom i solistima kuće.

Mesto: Narodno pozorište, Velika scena, Francuska 3.

Vreme: početak u 19.00.

Cena: od 300 dinara za šestu kategoriju, prva kategorija ide do 2800.",19:00,300,Narodno pozorište u Beogradu,"Francuska 3, 11000 Beograd","44.817006,20.461005",https://repertoar.rs/predstave/seviljski-berberin/,repertoar.rs,https://www.narodnopozoriste.rs/lat/ulaznice/odabir-ulaznica?p=6352,Narodno pozorište u Beogradu,https://www.narodnopozoriste.rs/,,,,,,"опера, Народно позориште, Россини, Севильский цирюльник, комическая опера","opera, National Theatre, Rossini, The Barber of Seville, comic opera","opera, Narodno pozorište, Rosini, Seviljski berberin, komična opera"
10/24/2026,10/24/2026,9/22/2026,1730,Person,Srđan Dinčić,https://bilet.rs/events/499/stand-up-sr-an-dincic-katran-i-perje,,ComedyEvent,"Срджан Динчич, стендап «Катран и перья» в Bitefartcafe","Srđan Dinčić, stand up show Katran i perje at Bitefartcafe","Srđan Dinčić, stand up „Katran i perje“ u Bitefartcafeu",https://raw.githubusercontent.com/newsgl/arsposters/main/1730-SrdjanDincicKatranIPerje.webp,,Stand Up,"Сольная программа на сербском языке, час с небольшим. Комик обещает хорошее начало, борьбу за смешное в середине и отдельно продуманный финал. Начало в 20:00.","A solo show in Serbian, a little over an hour. The comedian promises a good opening, a fight to stay funny in the middle and a separately planned ending. Starts at 20:00.","Samostalni nastup na srpskom, nešto više od sat vremena. Komičar obećava dobar početak, borbu za smešno u sredini i posebno smišljen kraj. Početak u 20.00.","**Срджан Динчич** описывает свою программу подчёркнуто буднично: набор слов, составленных в предложения, у которых одна задача, рассмешить. Начало, по его словам, должно быть хорошим, потому что так зритель сразу решит, что дальше будет так же.

Потом начинается борьба за то, чтобы оставаться смешным и после удачного старта. Где-то посередине будут упомянуты катран и перья, чтобы название не пропадало зря.

Финал комик считает отдельно важным: нехорошо, если после выступления кто-то подумает, что начало было хорошим и жаль, что до конца это не дожило.

Место: BitefArtCafe, Митрополита Петра 8.

Время: начало в 20:00, продолжительность около полутора часов.

Цена: 1200 динаров за билет. Гардероб в клубе обязателен и стоит ещё 200 динаров.","**Srđan Dinčić** describes his show in deliberately flat terms: a set of words arranged into sentences with one job, to make people laugh. The opening, he says, ought to be good, because that is how the audience decides the rest will be too.

Then comes the struggle to stay funny after a good start. Somewhere in the middle tar and feathers will be mentioned, so that the title does not go to waste.

The comedian treats the ending as separately important: it would not do for anyone to leave thinking the beginning was good and it is a pity it did not last.

Venue: BitefArtCafe, Mitropolita Petra 8.

Time: 20:00, running about an hour and a half.

Price: 1200 dinars for the ticket. The cloakroom at the club is compulsory and costs another 200 dinars.","**Srđan Dinčić** svoj nastup opisuje naglašeno suvo: skup reči organizovan u rečenice koje imaju jedan zadatak, da nasmeju. Početak, kaže, treba da bude dobar, jer tako publika odmah stekne utisak da će se tako i nastaviti.

Potom sledi borba da bude smešno i posle dobrog početka. Negde u sredini biće spomenuti katran i perje, kako bi se ispoštovao naslov.

Kraj komičar smatra posebno važnim: ne bi valjalo da po završetku neko misli da je početak bio dobar i da je šteta što tu nije bio i kraj.

Mesto: BitefArtCafe, Mitropolita Petra 8.

Vreme: početak u 20.00, traje oko sat i po.

Cena: 1200 dinara za ulaznicu. Garderoba u klubu je obavezna i košta još 200 dinara.",20:00,1200,Bitefartcafe,"Mitropolita Petra 8, Beograd","44.816624,20.486023",https://repertoar.rs/stand-up/srdjan-dincic/,repertoar.rs,https://bilet.rs/events/499/stand-up-sr-an-dincic-katran-i-perje,Bitefartcafe,https://bitefartcafe.rs/,,,,,,"стендап, Bitefartcafe, комедия, Срджан Динчич, сербский язык","stand up, Bitefartcafe, comedy, Srđan Dinčić, Serbian language","stand up, Bitefartcafe, komedija, Srđan Dinčić, srpski jezik"
10/9/2026,10/9/2026,9/22/2026,1709,Person,Tamara Krcunović,https://cooltix.rs/event/6aaf8cd87b201f97c4953ac3,,TheaterEvent,«Отель 88»: амбиентальный спектакль в Radisson Collection на Старой мельнице,Hotel 88: site specific theatre at the Radisson Collection Old Mill,Hotel 88: ambijentalna predstava u Radisson Collection Old Mill,https://raw.githubusercontent.com/newsgl/arsposters/main/1709-Hotel88.webp,,Theatre,"Две пары приезжают в один отель на медовый месяц, и выясняется, что бывшие супруги выбрали одну и ту же гостиницу. Спектакль играют прямо в отеле, начало в 21:00.","Two couples arrive at the same hotel for their honeymoon, and it turns out the former spouses picked the same place. The play is performed inside the hotel itself, starting at 21:00.","Dva para dolaze u isti hotel na medeni mesec, a ispostavlja se da su bivši supružnici izabrali isto mesto. Predstava se igra u samom hotelu, početak u 21.00.","Виктор и Ана приезжают в роскошный отель, чтобы провести идеальный медовый месяц. Сандра и Марко приезжают в тот же отель ровно с той же целью. Всё было бы мило и романтично, если бы Анa Виктора и Марко Сандры не состояли до этого в очень бурном браке друг с другом.

За одну ночь в **«Отеле 88»** жизни четверых меняются и страстно, и до неприличия смешно. Формат тоже необычный: это соединение современного амбиентального театра с традиционной комедией положений, и играют спектакль прямо в отеле, а не на сцене.

Играют Тамара Крцунович, Андрия Кузманович, Елисавета Орашанин и Владимир Алексич. Организатор UGS PRO Music Promoting.

Место: Radisson Collection Hotel, Old Mill Belgrade, Булевар војводе Мишића 15.

Время: начало в 21:00.

Цена: 2700 динаров.","Viktor and Ana arrive at a luxury hotel to spend the perfect honeymoon. Sandra and Marko arrive at the same hotel with exactly the same plan. All of it would be charming and romantic if Viktor’s Ana and Sandra’s Marko had not previously been in a very stormy marriage with each other.

Over a single night at **Hotel 88** four lives change, passionately and outrageously. The format is unusual too: contemporary site specific theatre welded to traditional situation comedy, played inside the hotel rather than on a stage.

The cast is Tamara Krcunović, Andrija Kuzmanović, Jelisaveta Orašanin and Vladimir Aleksić. Produced by UGS PRO Music Promoting.

Venue: Radisson Collection Hotel, Old Mill Belgrade, Bulevar vojvode Mišića 15.

Time: 21:00.

Price: 2700 dinars.","Viktor i Ana dolaze u luksuzni hotel da provedu savršen medeni mesec. Sandra i Marko dolaze u isti hotel sa potpuno istim ciljem. Sve bi to bilo ljupko i romantično da Viktorova Ana i Sandrin Marko prethodno nisu bili u vrlo burnom braku.

Tokom jedne jedine noći u **Hotelu 88** životi ovo četvoro ljudi doživljavaju strasne, ali i urnebesne promene. Format je takođe neobičan: spoj savremenog ambijentalnog teatra i tradicionalne komedije situacije, a igra se u samom hotelu, ne na sceni.

Igraju Tamara Krcunović, Andrija Kuzmanović, Jelisaveta Orašanin i Vladimir Aleksić. Organizator UGS PRO Music Promoting.

Mesto: Radisson Collection Hotel, Old Mill Belgrade, Bulevar vojvode Mišića 15.

Vreme: početak u 21.00.

Cena: 2700 dinara.",21:00,2700,Radisson Collection Hotel,"Bulevar vojvode Mišića 15, Beograd","44.797257,20.447425",https://cooltix.rs/event/6aaf8cd87b201f97c4953ac3,cooltix.rs,https://cooltix.rs/event/6aaf8cd87b201f97c4953ac3,UGS PRO Music Promoting,https://cooltix.rs/,,,,,,"театр, амбиентальный театр, комедия, Radisson Collection, Тамара Крцунович","theatre, site specific, comedy, Radisson Collection, Tamara Krcunović","pozorište, ambijentalni teatar, komedija, Radisson Collection, Tamara Krcunović"
10/2/2026,10/2/2026,9/22/2026,1701,TheaterGroup,Teatar Odeon,https://teatarodeon.rs/,,TheaterEvent,"«Погледај дом свој, анђеле»: мюзикл по песням «Рибљей Чорбы» в театре «Одеон»",Pogledaj dom svoj anđele: a musical built on Riblja Čorba’s songs at Teatar Odeon,Pogledaj dom svoj anđele: mjuzikl po pesmama Riblje Čorbe u Teatru Odeon,https://raw.githubusercontent.com/newsgl/arsposters/main/1701-PogledajDomSvojAndjele.webp,,Theatre,"Больше тридцати хитов «Рибљей Чорбы» собраны в комедию о современном обществе. В роли Йована Йовановича, внешнего министра внутренних дел, Саша Джурашевич. Начало в 19:30.","More than thirty Riblja Čorba hits assembled into a comedy about contemporary society. Saša Đurašević plays Jovan Jovanović, foreign minister of internal affairs. Starts at 19:30.","Više od trideset hitova Riblje Čorbe sabrano u komediju o savremenom društvu. Saša Đurašević igra Jovana Jovanovića, spoljnog ministra unutrašnjih poslova. Početak u 19.30.","«Нашлась группа людей, которая хотела предложить сделать песню „Погледај дом свој, анђеле“ сербским гимном. Гимн у нас, конечно, есть, но я воспринял это как лучший комплимент», говорил **Бора Джорджевич**.

По его песням режиссёр **Марко Йовичич** поставил комедию с тем же названием. Сама песня была критикой общества и обращением к тем «ангелам», которые отказываются видеть происходящее вокруг, и спектакль эту интонацию сохраняет.

Ансамбль театра «Одеон» во главе с Сашей Джурашевичем исполняет больше тридцати хитов группы, определивших музыкальную сцену конца двадцатого и начала двадцать первого века. Простая история рассказана с юмором, но узнаваемость от этого только острее.

Место: Теaтар «Одеон», Краљице Наталије 45.

Время: начало в 19:30.

Цена: от 800 динаров за пятую категорию до 2500 за первую.","“There was a group of people who wanted to propose the song Pogledaj dom svoj anđele as the Serbian anthem. We have an anthem, of course, but I took it as the finest compliment,” said **Bora Đorđević**.

Director **Marko Jovičić** built a comedy of the same name out of his songs. The song itself was a critique of society and an address to those angels who refuse to see what surrounds them, and the production keeps that tone.

The Teatar Odeon ensemble, led by Saša Đurašević, performs more than thirty of the band’s hits, the ones that defined the music scene at the turn of the century. The story is simple and told with humour, which only sharpens how recognisable it is.

Venue: Teatar Odeon, Kraljice Natalije 45.

Time: 19:30.

Price: from 800 dinars for the fifth category to 2500 for the first.","„Postoji jedna grupa ljudi koja je želela da predloži da pesma Pogledaj dom svoj anđele bude srpska himna. Naravno, mi imamo našu himnu, ali to sam shvatio kao najlepši kompliment“, govorio je **Bora Đorđević**.

Po njegovim pesmama reditelj **Marko Jovičić** postavio je komediju istog naslova. Sama pesma bila je kritika društva i obraćanje onim anđelima koji neće da vide šta ih okružuje, a predstava taj ton čuva.

Ansambl Teatra Odeon, na čelu sa Sašom Đuraševićem, izvodi više od trideset hitova grupe koji su obeležili muzičku scenu s kraja dvadesetog i početka dvadeset prvog veka. Priča je jednostavna i ispričana sa humorom, što je čini samo prepoznatljivijom.

Mesto: Teatar Odeon, Kraljice Natalije 45.

Vreme: početak u 19.30.

Cena: od 800 dinara za petu kategoriju do 2500 za prvu.",19:30,800,Teatar Odeon,"Kraljice Natalije 45, Beograd","44.808247,20.462028",https://efinity.rs/event-details/pogledaj_dom_svoj_andjele_32381,efinity.rs,https://efinity.rs/event-details/pogledaj_dom_svoj_andjele_32381,Teatar Odeon,https://teatarodeon.rs/,,,,,,"театр, мюзикл, Одеон, Риблья Чорба, Бора Джорджевич, комедия","theatre, musical, Odeon, Riblja Čorba, Bora Đorđević, comedy","pozorište, mjuzikl, Odeon, Riblja Čorba, Bora Đorđević, komedija"
10/15/2026,10/15/2026,9/22/2026,1716,TheaterGroup,Teatar Odeon,https://teatarodeon.rs/,,TheaterEvent,"«Погледај дом свој, анђеле»: мюзикл по песням «Рибљей Чорбы» в театре «Одеон»",Pogledaj dom svoj anđele: a musical built on Riblja Čorba’s songs at Teatar Odeon,Pogledaj dom svoj anđele: mjuzikl po pesmama Riblje Čorbe u Teatru Odeon,https://raw.githubusercontent.com/newsgl/arsposters/main/1716-PogledajDomSvojAndjele.webp,,Theatre,"Больше тридцати хитов «Рибљей Чорбы» собраны в комедию о современном обществе. В роли Йована Йовановича, внешнего министра внутренних дел, Саша Джурашевич. Начало в 19:00.","More than thirty Riblja Čorba hits assembled into a comedy about contemporary society. Saša Đurašević plays Jovan Jovanović, foreign minister of internal affairs. Starts at 19:00.","Više od trideset hitova Riblje Čorbe sabrano u komediju o savremenom društvu. Saša Đurašević igra Jovana Jovanovića, spoljnog ministra unutrašnjih poslova. Početak u 19.00.","«Нашлась группа людей, которая хотела предложить сделать песню „Погледај дом свој, анђеле“ сербским гимном. Гимн у нас, конечно, есть, но я воспринял это как лучший комплимент», говорил **Бора Джорджевич**.

По его песням режиссёр **Марко Йовичич** поставил комедию с тем же названием. Сама песня была критикой общества и обращением к тем «ангелам», которые отказываются видеть происходящее вокруг, и спектакль эту интонацию сохраняет.

Ансамбль театра «Одеон» во главе с Сашей Джурашевичем исполняет больше тридцати хитов группы, определивших музыкальную сцену конца двадцатого и начала двадцать первого века. Простая история рассказана с юмором, но узнаваемость от этого только острее.

Место: Теaтар «Одеон», Краљице Наталије 45.

Время: начало в 19:00.

Цена: от 800 динаров за пятую категорию до 2500 за первую.","“There was a group of people who wanted to propose the song Pogledaj dom svoj anđele as the Serbian anthem. We have an anthem, of course, but I took it as the finest compliment,” said **Bora Đorđević**.

Director **Marko Jovičić** built a comedy of the same name out of his songs. The song itself was a critique of society and an address to those angels who refuse to see what surrounds them, and the production keeps that tone.

The Teatar Odeon ensemble, led by Saša Đurašević, performs more than thirty of the band’s hits, the ones that defined the music scene at the turn of the century. The story is simple and told with humour, which only sharpens how recognisable it is.

Venue: Teatar Odeon, Kraljice Natalije 45.

Time: 19:00.

Price: from 800 dinars for the fifth category to 2500 for the first.","„Postoji jedna grupa ljudi koja je želela da predloži da pesma Pogledaj dom svoj anđele bude srpska himna. Naravno, mi imamo našu himnu, ali to sam shvatio kao najlepši kompliment“, govorio je **Bora Đorđević**.

Po njegovim pesmama reditelj **Marko Jovičić** postavio je komediju istog naslova. Sama pesma bila je kritika društva i obraćanje onim anđelima koji neće da vide šta ih okružuje, a predstava taj ton čuva.

Ansambl Teatra Odeon, na čelu sa Sašom Đuraševićem, izvodi više od trideset hitova grupe koji su obeležili muzičku scenu s kraja dvadesetog i početka dvadeset prvog veka. Priča je jednostavna i ispričana sa humorom, što je čini samo prepoznatljivijom.

Mesto: Teatar Odeon, Kraljice Natalije 45.

Vreme: početak u 19.00.

Cena: od 800 dinara za petu kategoriju do 2500 za prvu.",19:00,800,Teatar Odeon,"Kraljice Natalije 45, Beograd","44.808247,20.462028",https://efinity.rs/event-details/pogledaj_dom_svoj_andjele_32389,efinity.rs,https://efinity.rs/event-details/pogledaj_dom_svoj_andjele_32389,Teatar Odeon,https://teatarodeon.rs/,,,,,,"театр, мюзикл, Одеон, Риблья Чорба, Бора Джорджевич, комедия","theatre, musical, Odeon, Riblja Čorba, Bora Đorđević, comedy","pozorište, mjuzikl, Odeon, Riblja Čorba, Bora Đorđević, komedija"
10/7/2026,10/7/2026,9/22/2026,1708,TheaterGroup,Teatar Odeon,https://teatarodeon.rs/,,TheaterEvent,«Люцифер»: мюзикл по песням Оливера Мандича в театре «Одеон»,Lucifer: a musical built on Oliver Mandić’s songs at Teatar Odeon,Lucifer: mjuzikl po pesmama Olivera Mandića u Teatru Odeon,https://raw.githubusercontent.com/newsgl/arsposters/main/1708-Lucifer.webp,,Theatre,"Князь тьмы отбывает наказание на земле, скупает души и неожиданно для себя влюбляется. Песни Оливера Мандича превращены в мюзикл, который открыл репертуар театра «Одеон». Начало в 19:30.","The Prince of Darkness serves out a sentence on earth, buys up souls and unexpectedly falls in love. Oliver Mandić’s songs turn into the musical that opened Teatar Odeon’s repertoire. Starts at 19:30.","Princ tame kaznu izdržava na zemlji, kupuje duše i neočekivano se zaljubljuje. Pesme Olivera Mandića pretvorene su u mjuzikl koji je otvorio repertoar Teatra Odeon. Početak u 19.30.","«Никого я за рукав не тянул и не обманывал, это вы делаете сами с собой», говорит герой этого мюзикла. За прошедшие века его звали Князем тьмы, Дьяволом, Мефистофелем, Сатаной и Прометеем, но настоящее имя у него одно: **Люцифер**, для своих просто Лу.

В наказание он отправлен на землю, и ему тут нравится: человеческие души товар скоропортящийся, как раз по его вкусу. Проблемы начинаются, когда он берётся за душу муниципального функционера Србы и заодно влюбляется в его сестру.

Мюзикл построен на песнях **Оливера Мандича** и стал первым названием в репертуаре театра «Одеон». Комедия положений, живой звук и знакомые хиты держат зал два часа.

Место: Теaтар «Одеон», Краљице Наталије 45.

Время: начало в 19:30.

Цена: от 800 динаров за пятую категорию до 2500 за первую.","“I never pulled anyone by the sleeve and never cheated anyone, you do that to yourselves,” says the hero of this musical. Over the centuries he has been called the Prince of Darkness, the Devil, Mephisto, Satan and Prometheus, but his real name is just one: **Lucifer**, Lu to his friends.

He has been sent down to earth as a punishment, and he rather likes it: human souls are perishable goods, exactly to his taste. The trouble starts when he goes after the soul of a municipal official named Srba and falls in love with the man’s sister along the way.

The musical is built on the songs of **Oliver Mandić** and was the first title in Teatar Odeon’s repertoire. Comedy of situation, live sound and familiar hits hold the room for two hours.

Venue: Teatar Odeon, Kraljice Natalije 45.

Time: 19:30.

Price: from 800 dinars for the fifth category to 2500 for the first.","„Nikoga nisam vukao za rukav i varao, to vi radite sami sebi“, kaže junak ovog mjuzikla. Kroz vekove su ga zvali Princ tame, Đavo, Mefisto, Satana i Prometej, ali pravo ime mu je samo jedno: **Lucifer**, za prijatelje Lu.

Za kaznu je poslat na zemlju i tu mu se dopada: ljudske duše su kvarljiva roba, baš kako voli. Nevolje počinju kad krene na dušu opštinskog funkcionera Srbe i usput se zaljubi u njegovu sestru.

Mjuzikl je sagrađen na pesmama **Olivera Mandića** i bio je prvi naslov na repertoaru Teatra Odeon. Komedija situacije, živ zvuk i poznati hitovi drže salu dva sata.

Mesto: Teatar Odeon, Kraljice Natalije 45.

Vreme: početak u 19.30.

Cena: od 800 dinara za petu kategoriju do 2500 za prvu.",19:30,800,Teatar Odeon,"Kraljice Natalije 45, Beograd","44.808247,20.462028",https://efinity.rs/event-details/lucifer_32384,efinity.rs,https://efinity.rs/event-details/lucifer_32384,Teatar Odeon,https://teatarodeon.rs/,,,,,,"театр, мюзикл, Одеон, Оливер Мандич, комедия","theatre, musical, Odeon, Oliver Mandić, comedy","pozorište, mjuzikl, Odeon, Oliver Mandić, komedija"
10/22/2026,10/22/2026,9/22/2026,1726,TheaterGroup,Teatar Odeon,https://teatarodeon.rs/,,TheaterEvent,«Люцифер»: мюзикл по песням Оливера Мандича в театре «Одеон»,Lucifer: a musical built on Oliver Mandić’s songs at Teatar Odeon,Lucifer: mjuzikl po pesmama Olivera Mandića u Teatru Odeon,https://raw.githubusercontent.com/newsgl/arsposters/main/1726-Lucifer.webp,,Theatre,"Князь тьмы отбывает наказание на земле, скупает души и неожиданно для себя влюбляется. Песни Оливера Мандича превращены в мюзикл, который открыл репертуар театра «Одеон». Начало в 19:30.","The Prince of Darkness serves out a sentence on earth, buys up souls and unexpectedly falls in love. Oliver Mandić’s songs turn into the musical that opened Teatar Odeon’s repertoire. Starts at 19:30.","Princ tame kaznu izdržava na zemlji, kupuje duše i neočekivano se zaljubljuje. Pesme Olivera Mandića pretvorene su u mjuzikl koji je otvorio repertoar Teatra Odeon. Početak u 19.30.","«Никого я за рукав не тянул и не обманывал, это вы делаете сами с собой», говорит герой этого мюзикла. За прошедшие века его звали Князем тьмы, Дьяволом, Мефистофелем, Сатаной и Прометеем, но настоящее имя у него одно: **Люцифер**, для своих просто Лу.

В наказание он отправлен на землю, и ему тут нравится: человеческие души товар скоропортящийся, как раз по его вкусу. Проблемы начинаются, когда он берётся за душу муниципального функционера Србы и заодно влюбляется в его сестру.

Мюзикл построен на песнях **Оливера Мандича** и стал первым названием в репертуаре театра «Одеон». Комедия положений, живой звук и знакомые хиты держат зал два часа.

Место: Теaтар «Одеон», Краљице Наталије 45.

Время: начало в 19:30.

Цена: от 800 динаров за пятую категорию до 2500 за первую.","“I never pulled anyone by the sleeve and never cheated anyone, you do that to yourselves,” says the hero of this musical. Over the centuries he has been called the Prince of Darkness, the Devil, Mephisto, Satan and Prometheus, but his real name is just one: **Lucifer**, Lu to his friends.

He has been sent down to earth as a punishment, and he rather likes it: human souls are perishable goods, exactly to his taste. The trouble starts when he goes after the soul of a municipal official named Srba and falls in love with the man’s sister along the way.

The musical is built on the songs of **Oliver Mandić** and was the first title in Teatar Odeon’s repertoire. Comedy of situation, live sound and familiar hits hold the room for two hours.

Venue: Teatar Odeon, Kraljice Natalije 45.

Time: 19:30.

Price: from 800 dinars for the fifth category to 2500 for the first.","„Nikoga nisam vukao za rukav i varao, to vi radite sami sebi“, kaže junak ovog mjuzikla. Kroz vekove su ga zvali Princ tame, Đavo, Mefisto, Satana i Prometej, ali pravo ime mu je samo jedno: **Lucifer**, za prijatelje Lu.

Za kaznu je poslat na zemlju i tu mu se dopada: ljudske duše su kvarljiva roba, baš kako voli. Nevolje počinju kad krene na dušu opštinskog funkcionera Srbe i usput se zaljubi u njegovu sestru.

Mjuzikl je sagrađen na pesmama **Olivera Mandića** i bio je prvi naslov na repertoaru Teatra Odeon. Komedija situacije, živ zvuk i poznati hitovi drže salu dva sata.

Mesto: Teatar Odeon, Kraljice Natalije 45.

Vreme: početak u 19.30.

Cena: od 800 dinara za petu kategoriju do 2500 za prvu.",19:30,800,Teatar Odeon,"Kraljice Natalije 45, Beograd","44.808247,20.462028",https://efinity.rs/event-details/lucifer_32393,efinity.rs,https://efinity.rs/event-details/lucifer_32393,Teatar Odeon,https://teatarodeon.rs/,,,,,,"театр, мюзикл, Одеон, Оливер Мандич, комедия","theatre, musical, Odeon, Oliver Mandić, comedy","pozorište, mjuzikl, Odeon, Oliver Mandić, komedija"
10/28/2026,10/28/2026,9/22/2026,1731,TheaterGroup,Teatar Odeon,https://teatarodeon.rs/,,TheaterEvent,«Люцифер»: мюзикл по песням Оливера Мандича в театре «Одеон»,Lucifer: a musical built on Oliver Mandić’s songs at Teatar Odeon,Lucifer: mjuzikl po pesmama Olivera Mandića u Teatru Odeon,https://raw.githubusercontent.com/newsgl/arsposters/main/1731-Lucifer.webp,,Theatre,"Князь тьмы отбывает наказание на земле, скупает души и неожиданно для себя влюбляется. Песни Оливера Мандича превращены в мюзикл, который открыл репертуар театра «Одеон». Начало в 19:30.","The Prince of Darkness serves out a sentence on earth, buys up souls and unexpectedly falls in love. Oliver Mandić’s songs turn into the musical that opened Teatar Odeon’s repertoire. Starts at 19:30.","Princ tame kaznu izdržava na zemlji, kupuje duše i neočekivano se zaljubljuje. Pesme Olivera Mandića pretvorene su u mjuzikl koji je otvorio repertoar Teatra Odeon. Početak u 19.30.","«Никого я за рукав не тянул и не обманывал, это вы делаете сами с собой», говорит герой этого мюзикла. За прошедшие века его звали Князем тьмы, Дьяволом, Мефистофелем, Сатаной и Прометеем, но настоящее имя у него одно: **Люцифер**, для своих просто Лу.

В наказание он отправлен на землю, и ему тут нравится: человеческие души товар скоропортящийся, как раз по его вкусу. Проблемы начинаются, когда он берётся за душу муниципального функционера Србы и заодно влюбляется в его сестру.

Мюзикл построен на песнях **Оливера Мандича** и стал первым названием в репертуаре театра «Одеон». Комедия положений, живой звук и знакомые хиты держат зал два часа.

Место: Теaтар «Одеон», Краљице Наталије 45.

Время: начало в 19:30.

Цена: от 800 динаров за пятую категорию до 2500 за первую.","“I never pulled anyone by the sleeve and never cheated anyone, you do that to yourselves,” says the hero of this musical. Over the centuries he has been called the Prince of Darkness, the Devil, Mephisto, Satan and Prometheus, but his real name is just one: **Lucifer**, Lu to his friends.

He has been sent down to earth as a punishment, and he rather likes it: human souls are perishable goods, exactly to his taste. The trouble starts when he goes after the soul of a municipal official named Srba and falls in love with the man’s sister along the way.

The musical is built on the songs of **Oliver Mandić** and was the first title in Teatar Odeon’s repertoire. Comedy of situation, live sound and familiar hits hold the room for two hours.

Venue: Teatar Odeon, Kraljice Natalije 45.

Time: 19:30.

Price: from 800 dinars for the fifth category to 2500 for the first.","„Nikoga nisam vukao za rukav i varao, to vi radite sami sebi“, kaže junak ovog mjuzikla. Kroz vekove su ga zvali Princ tame, Đavo, Mefisto, Satana i Prometej, ali pravo ime mu je samo jedno: **Lucifer**, za prijatelje Lu.

Za kaznu je poslat na zemlju i tu mu se dopada: ljudske duše su kvarljiva roba, baš kako voli. Nevolje počinju kad krene na dušu opštinskog funkcionera Srbe i usput se zaljubi u njegovu sestru.

Mjuzikl je sagrađen na pesmama **Olivera Mandića** i bio je prvi naslov na repertoaru Teatra Odeon. Komedija situacije, živ zvuk i poznati hitovi drže salu dva sata.

Mesto: Teatar Odeon, Kraljice Natalije 45.

Vreme: početak u 19.30.

Cena: od 800 dinara za petu kategoriju do 2500 za prvu.",19:30,800,Teatar Odeon,"Kraljice Natalije 45, Beograd","44.808247,20.462028",https://efinity.rs/event-details/lucifer_32395,efinity.rs,https://efinity.rs/event-details/lucifer_32395,Teatar Odeon,https://teatarodeon.rs/,,,,,,"театр, мюзикл, Одеон, Оливер Мандич, комедия","theatre, musical, Odeon, Oliver Mandić, comedy","pozorište, mjuzikl, Odeon, Oliver Mandić, komedija"
9/25/2026,9/25/2026,9/22/2026,1674,Organization,Biblioteka grada Beograda,https://bgb.rs/,,Festival,«Тргни се! Поезија!»: открытие двадцатого Фестиваля европейской поэзии,Trgni se! Poezija!: opening of the twentieth European Poetry Festival in Belgrade,Trgni se! Poezija!: otvaranje dvadesetog Festivala evropske poezije u Beogradu,https://raw.githubusercontent.com/newsgl/arsposters/main/1674-TrgniSePoezija.webp,,Festivals,"Юбилейный выпуск фестиваля открывается двумя разговорами: о каталонской поэзии Марты Пезародоны и о польских сборниках Малгожаты Лебды. Римска дворана Библиотеки города, вход свободный.","The jubilee edition opens with two conversations: on the Catalan poetry of Marta Pessarrodona and on the Polish collections of Małgorzata Lebda. Roman Hall of the City Library, free entry.","Jubilarno izdanje otvara se sa dva razgovora: o katalonskoj poeziji Marte Pesarodone i o poljskim zbirkama Malgožate Lebde. Rimska dvorana Biblioteke grada, ulaz slobodan.","Фестиваль европейской поэзии **«Тргни се! Поезија!»** проходит в Белграде в двадцатый раз, и открытие традиционно отдано разговорам о книгах, а не торжественным речам.

В восемнадцать часов начинается блок каталонской поэзии: разговор о книге избранных стихотворений **«Свему се дивим»** Марты Пезародоны. Участвуют Елена Петанович, Пау Бори и сама поэтесса.

В девятнадцать часов очередь польской поэзии: разговор о сборниках **«Mer de Glace»** и **«Lakomi»** Малгожаты Лебды.

Римска дворана Библиотеки города Белграда сама по себе одно из самых красивых залов центра, и попасть в неё можно свободно.

Место: Библиотека града Београда, Римска дворана, Кнез Михаилова 56.

Время: начало в 19:00, каталонский блок начинается часом раньше.

Цена: вход свободный.","The European poetry festival **Trgni se! Poezija!** takes place in Belgrade for the twentieth time, and the opening is traditionally given over to conversations about books rather than ceremonial speeches.

At six the Catalan block begins: a conversation about **Svemu se divim**, the collected poems of Marta Pessarrodona. Jelena Petanović, Pau Bori and the poet herself take part.

At seven it is Polish poetry’s turn: a conversation about the collections **Mer de Glace** and **Lakomi** by Małgorzata Lebda.

The Roman Hall of the Belgrade City Library is one of the most beautiful rooms in the centre, and entry is free.

Venue: Belgrade City Library, Roman Hall, Knez Mihailova 56.

Time: 19:00, with the Catalan block starting an hour earlier.

Price: free entry.","Festival evropske poezije **Trgni se! Poezija!** održava se u Beogradu dvadeseti put, a otvaranje je tradicionalno prepušteno razgovorima o knjigama, a ne svečanim govorima.

U osamnaest sati počinje blok katalonske poezije: razgovor o knjizi sabranih pesama **„Svemu se divim“** Marte Pesarodone. Učestvuju Jelena Petanović, Pau Bori i sama autorka.

U devetnaest je red na poljsku poeziju: razgovor o zbirkama **„Mer de Glace“** i **„Lakomi“** Malgožate Lebde.

Rimska dvorana Biblioteke grada Beograda jedna je od najlepših sala u centru, a ulaz je slobodan.

Mesto: Biblioteka grada Beograda, Rimska dvorana, Knez Mihailova 56.

Vreme: početak u 19.00, katalonski blok počinje sat ranije.

Cena: ulaz je slobodan.",19:00,0,Biblioteka grada Beograda,"Knez Mihailova 56, Beograd","44.820020,20.453450",https://bgb.rs/dogadjaji/#event_7360,bgb.rs,,Biblioteka grada Beograda,https://bgb.rs/,,,,,,"поэзия, фестиваль, Библиотека города, каталонская поэзия, польская поэзия, бесплатно","poetry, festival, City Library, Catalan poetry, Polish poetry, free","poezija, festival, Biblioteka grada, katalonska poezija, poljska poezija, besplatno"
9/28/2026,9/28/2026,9/22/2026,1685,Organization,Biblioteka grada Beograda,https://bgb.rs/,,Festival,Mozaicum Hungaricum: открытие манифестации и выставка «Баухаус» в Библиотеке города,Mozaicum Hungaricum: opening of the programme and the Bauhaus exhibition at the City Library,Mozaicum Hungaricum: otvaranje manifestacije i izložba „Bauhaus“ u Biblioteci grada,https://raw.githubusercontent.com/newsgl/arsposters/main/1685-MozaicumBauhaus.webp,,Festivals,"Неделя венгерской культуры в Библиотеке города Белграда открывается выставкой о Баухаусе в Позајмном отделении. Вход свободный, начало в 19:00.","A week of Hungarian culture at the Belgrade City Library opens with a Bauhaus exhibition in the lending department. Free entry, 19:00.","Nedelja mađarske kulture u Biblioteci grada Beograda otvara se izložbom o Bauhausu u Pozajmnom odeljenju. Ulaz slobodan, početak u 19.00.","**Mozaicum Hungaricum** это неделя венгерской культуры, которую Библиотека города Белграда собирает из выставки, лекции, двух кинопоказов и концерта. Открывается программа выставкой о **Баухаусе**.

Венгерский след в истории школы заметнее, чем принято думать: Ласло Мохой-Надь, Марсель Брёйер и Фаркаш Мольнар определили её облик не меньше, чем немецкие коллеги.

Выставка разместилась в Позајмном отделении библиотеки, и её можно смотреть в обычные рабочие часы после открытия.

Программа недели продолжается лекцией о Токае, показом «Мальчиков с улицы Павла», концертом Hunclorique и фильмом «Лайко, цыган в космосе».

Место: Библиотека града Београда, Позајмно одељење, Кнез Михаилова 56.

Время: открытие в 19:00.

Цена: вход свободный.","**Mozaicum Hungaricum** is a week of Hungarian culture that the Belgrade City Library assembles from an exhibition, a lecture, two film screenings and a concert. The programme opens with an exhibition about the **Bauhaus**.

The Hungarian trace in the school’s history is stronger than usually assumed: László Moholy Nagy, Marcel Breuer and Farkas Molnár shaped its look as much as their German colleagues did.

The exhibition occupies the library’s lending department and can be seen during normal opening hours after the launch.

The week continues with a lecture about Tokaj, a screening of The Paul Street Boys, a Hunclorique concert and the film Lajkó, Gypsy in Space.

Venue: Belgrade City Library, lending department, Knez Mihailova 56.

Time: opening at 19:00.

Price: free entry.","**Mozaicum Hungaricum** je nedelja mađarske kulture koju Biblioteka grada Beograda sastavlja od izložbe, predavanja, dve filmske projekcije i koncerta. Program se otvara izložbom o **Bauhausu**.

Mađarski trag u istoriji škole jači je nego što se obično misli: Laslo Moholji Nađ, Marsel Brojer i Farkaš Molnar oblikovali su je koliko i njihove nemačke kolege.

Izložba je smeštena u Pozajmnom odeljenju biblioteke i može se pogledati tokom redovnog radnog vremena posle otvaranja.

Nedelja se nastavlja predavanjem o Tokaju, projekcijom Dečaka Pavlove ulice, koncertom Hunclorique i filmom Lajko, ciganin u svemiru.

Mesto: Biblioteka grada Beograda, Pozajmno odeljenje, Knez Mihailova 56.

Vreme: otvaranje u 19.00.

Cena: ulaz je slobodan.",19:00,0,Biblioteka grada Beograda,"Knez Mihailova 56, Beograd","44.820020,20.453450",https://bgb.rs/dogadjaji/#event_7381,bgb.rs,,Biblioteka grada Beograda,https://bgb.rs/,,,,,,"выставка, Баухаус, венгерская культура, Библиотека города, бесплатно","exhibition, Bauhaus, Hungarian culture, City Library, free","izložba, Bauhaus, mađarska kultura, Biblioteka grada, besplatno"
9/29/2026,9/29/2026,9/22/2026,1691,Organization,Biblioteka grada Beograda,https://bgb.rs/,,EducationEvent,Mozaicum Hungaricum: лекция «Прогулка по Токаю» в Римской дворане,Mozaicum Hungaricum: the lecture A Walk Through Tokaj in the Roman Hall,Mozaicum Hungaricum: predavanje „Šetnja kroz Tokaj“ u Rimskoj dvorani,https://raw.githubusercontent.com/newsgl/arsposters/main/1691-MozaicumTokaj.webp,,Lectures,"Лекция о токайском винодельческом крае в рамках недели венгерской культуры. Римска дворана Библиотеки города, вход свободный, начало в 19:00.","A lecture about the Tokaj wine region as part of the Hungarian culture week. Roman Hall of the City Library, free entry, 19:00.","Predavanje o tokajskom vinorodnom kraju u okviru nedelje mađarske kulture. Rimska dvorana Biblioteke grada, ulaz slobodan, početak u 19.00.","**Токай** это больше, чем сладкое вино из школьного учебника географии. Винодельческий край на северо-востоке Венгрии внесён в список Всемирного наследия ЮНЕСКО целиком, вместе с погребами, террасами и городками, которые вокруг них выросли.

Лекция **«Шетња кроз Токај»** проходит в рамках недели венгерской культуры Mozaicum Hungaricum, которую Библиотека города Белграда проводит в конце сентября.

Римска дворана, где читается лекция, находится в подвальном этаже главного здания на Кнез Михаиловой и сама по себе стоит визита.

Место: Библиотека града Београда, Римска дворана, Кнез Михаилова 56.

Время: начало в 19:00.

Цена: вход свободный.","**Tokaj** means more than the sweet wine in a school geography textbook. The wine region in north eastern Hungary is inscribed on the UNESCO World Heritage list in its entirety, along with the cellars, terraces and small towns that grew up around them.

The lecture **A Walk Through Tokaj** is part of Mozaicum Hungaricum, the week of Hungarian culture the Belgrade City Library holds at the end of September.

The Roman Hall, where the lecture takes place, sits in the basement of the main building on Knez Mihailova and is worth a visit in itself.

Venue: Belgrade City Library, Roman Hall, Knez Mihailova 56.

Time: 19:00.

Price: free entry.","**Tokaj** je mnogo više od slatkog vina iz školskog udžbenika geografije. Vinorodni kraj na severoistoku Mađarske u celini je upisan na listu svetske baštine Uneska, zajedno sa podrumima, terasama i varošicama koje su oko njih izrasle.

Predavanje **„Šetnja kroz Tokaj“** deo je nedelje mađarske kulture Mozaicum Hungaricum, koju Biblioteka grada Beograda održava krajem septembra.

Rimska dvorana, u kojoj se predavanje održava, nalazi se u suterenu glavne zgrade u Knez Mihailovoj i vredi je videti i samu po sebi.

Mesto: Biblioteka grada Beograda, Rimska dvorana, Knez Mihailova 56.

Vreme: početak u 19.00.

Cena: ulaz je slobodan.",19:00,0,Biblioteka grada Beograda,"Knez Mihailova 56, Beograd","44.820020,20.453450",https://bgb.rs/dogadjaji/#event_7384,bgb.rs,,Biblioteka grada Beograda,https://bgb.rs/,,,,,,"лекция, Токай, вино, венгерская культура, Библиотека города, бесплатно","lecture, Tokaj, wine, Hungarian culture, City Library, free","predavanje, Tokaj, vino, mađarska kultura, Biblioteka grada, besplatno"
9/29/2026,9/29/2026,9/22/2026,1692,Organization,Biblioteka grada Beograda,https://bgb.rs/,,EducationEvent,Представление журнала «Пролом» литературного клуба «Бранко Ћопић» на Звездаре,Presentation of Prolom magazine by the Branko Ćopić literary club in Zvezdara,Predstavljanje časopisa „Prolom“ književnog kluba „Branko Ćopić“ na Zvezdari,https://raw.githubusercontent.com/newsgl/arsposters/main/1692-CasopisProlom.webp,,Lectures,"Литературный клуб «Бранко Ћопић» представляет свежий номер журнала «Пролом». Библиотека «Бранко Миљковић» на Звездаре, вход свободный, начало в 17:30.","The Branko Ćopić literary club presents the new issue of Prolom magazine. Branko Miljković library in Zvezdara, free entry, 17:30.","Književni klub „Branko Ćopić“ predstavlja novi broj časopisa „Prolom“. Biblioteka „Branko Miljković“ na Zvezdari, ulaz slobodan, početak u 17.30.","Литературные клубы при городских библиотеках это та часть белградской культурной жизни, которая редко попадает в афиши, но держится десятилетиями. Клуб **«Бранко Ћопић»** выпускает собственный журнал **«Пролом»** и представляет очередной номер в своём филиале.

В программе участвуют члены и друзья клуба: читают опубликованное, обсуждают, что вошло в номер и почему.

Встреча проходит в библиотеке **«Бранко Миљковић»** на Звездаре, в одном из филиалов Библиотеки города Белграда.

Место: Библиотека «Бранко Миљковић», Звездара.

Время: начало в 17:30.

Цена: вход свободный.","Literary clubs attached to city libraries are the part of Belgrade cultural life that rarely makes the listings yet keeps going for decades. The **Branko Ćopić** club publishes its own magazine, **Prolom**, and presents the latest issue at its branch.

Members and friends of the club take part: they read what has been published and discuss what went into the issue and why.

The meeting takes place at the **Branko Miljković** library in Zvezdara, one of the branches of the Belgrade City Library.

Venue: Branko Miljković library, Zvezdara.

Time: 17:30.

Price: free entry.","Književni klubovi pri gradskim bibliotekama deo su beogradskog kulturnog života koji retko stiže u afiše, a drži se decenijama. Klub **„Branko Ćopić“** izdaje sopstveni časopis **„Prolom“** i predstavlja novi broj u svom ogranku.

U programu učestvuju članovi i prijatelji kluba: čitaju objavljeno i razgovaraju o tome šta je ušlo u broj i zašto.

Susret se održava u biblioteci **„Branko Miljković“** na Zvezdari, jednom od ogranaka Biblioteke grada Beograda.

Mesto: Biblioteka „Branko Miljković“, Zvezdara.

Vreme: početak u 17.30.

Cena: ulaz je slobodan.",17:30,0,Biblioteka Branko Miljković,"Zvezdara, Beograd","44.820020,20.453450",https://bgb.rs/dogadjaji/#event_7394,bgb.rs,,Biblioteka grada Beograda,https://bgb.rs/,,,,,,"литература, журнал, Библиотека города, Звездара, бесплатно","literature, magazine, City Library, Zvezdara, free","književnost, časopis, Biblioteka grada, Zvezdara, besplatno"
9/30/2026,9/30/2026,9/22/2026,1694,Organization,Biblioteka grada Beograda,https://bgb.rs/,,ScreeningEvent,Mozaicum Hungaricum: «Мальчики с улицы Павла» и панельная дискуссия,Mozaicum Hungaricum: The Paul Street Boys and a panel discussion,Mozaicum Hungaricum: „Dečaci Pavlove ulice“ i panel diskusija,https://raw.githubusercontent.com/newsgl/arsposters/main/1694-MozaicumDecaciPavlove.webp,,Movies,"Показ экранизации классического венгерского романа Ференца Мольнара с разговором после. Римска дворана Библиотеки города, вход свободный, начало в 19:00.","A screening of the film after Ferenc Molnár’s classic Hungarian novel, followed by a discussion. Roman Hall of the City Library, free entry, 19:00.","Projekcija ekranizacije klasičnog mađarskog romana Ferenca Molnara, uz razgovor posle. Rimska dvorana Biblioteke grada, ulaz slobodan, početak u 19.00.","Роман **Ференца Мольнара** «Мальчики с улицы Павла» вышел в 1906 году и с тех пор остаётся одной из самых читаемых венгерских книг для подростков. История про двор, который защищают как крепость, переведена на десятки языков и экранизирована несколько раз.

Показ проходит в рамках недели венгерской культуры **Mozaicum Hungaricum** и завершается панельной дискуссией: о самой книге, о её месте в венгерской школьной программе и о том, почему она работает и сегодня.

Место: Библиотека града Београда, Римска дворана, Кнез Михаилова 56.

Время: начало в 19:00.

Цена: вход свободный.","**Ferenc Molnár**’s novel The Paul Street Boys appeared in 1906 and remains one of the most read Hungarian books for young readers. The story of a yard defended like a fortress has been translated into dozens of languages and filmed several times.

The screening is part of the **Mozaicum Hungaricum** week of Hungarian culture and ends with a panel discussion: about the book itself, its place in the Hungarian school curriculum and why it still works.

The story is about two groups of boys fighting over an empty lot, and about what loyalty costs when the stakes are made up. Generations of readers have argued about whether the ending is heroic or simply unfair, which is roughly what the panel will take up.

Venue: Belgrade City Library, Roman Hall, Knez Mihailova 56.

Time: 19:00.

Price: free entry.","Roman **Ferenca Molnara** „Dečaci Pavlove ulice“ objavljen je 1906. i od tada ostaje jedna od najčitanijih mađarskih knjiga za mlade. Priča o dvorištu koje se brani kao tvrđava prevedena je na desetine jezika i nekoliko puta ekranizovana.

Projekcija je deo nedelje mađarske kulture **Mozaicum Hungaricum** i završava se panel diskusijom: o samoj knjizi, o njenom mestu u mađarskom školskom programu i o tome zašto i danas radi.

Priča je o dve grupe dečaka koji se bore oko praznog placa i o tome koliko košta odanost kada je ulog izmišljen. Generacije čitalaca spore se da li je kraj junački ili prosto nepravedan, a upravo to panel i otvara.

Mesto: Biblioteka grada Beograda, Rimska dvorana, Knez Mihailova 56.

Vreme: početak u 19.00.

Cena: ulaz je slobodan.",19:00,0,Biblioteka grada Beograda,"Knez Mihailova 56, Beograd","44.820020,20.453450",https://bgb.rs/dogadjaji/#event_7386,bgb.rs,,Biblioteka grada Beograda,https://bgb.rs/,,,,,,"кино, показ, венгерская культура, Ференц Мольнар, Библиотека города, бесплатно","cinema, screening, Hungarian culture, Ferenc Molnár, City Library, free","film, projekcija, mađarska kultura, Ferenc Molnar, Biblioteka grada, besplatno"
9/30/2026,9/30/2026,9/22/2026,1696,Organization,Biblioteka grada Beograda,https://bgb.rs/,,EducationEvent,«Стихотерапия»: поэтический вечер в библиотеке «Бора Станковић» на Савском венце,Stihoterapija: a poetry evening at the Bora Stanković library in Savski venac,Stihoterapija: pesničko veče u biblioteci „Bora Stanković“ na Savskom vencu,https://raw.githubusercontent.com/newsgl/arsposters/main/1696-Stihoterapija.webp,,Lectures,"Гости вечера Павле Глигорович и Софья Дракулович, ведут Гала Оданович и Марко Джорджевич. Вход свободный, начало в 19:00.","The guests are Pavle Gligorović and Sofija Drakulović, hosted by Gala Odanović and Marko Đorđević. Free entry, 19:00.","Gosti večeri su Pavle Gligorović i Sofija Drakulović, program vode Gala Odanović i Marko Đorđević. Ulaz slobodan, početak u 19.00.","**«Стихотерапија»** это регулярный поэтический цикл в филиале Библиотеки города на Савском венце: стихи читают вслух, обсуждают и не превращают это в лекцию.

Гости этого вечера **Павле Глигорович** и **Софья Дракулович**, программу ведут Гала Оданович и Марко Джорджевич.

Формат рассчитан на тех, кто поэзию скорее любит, чем изучает: слушать можно без подготовки, а вопросы задавать прямо на месте.

Филиалы Библиотеки города держат такие циклы по всему Белграду, и у каждого своя публика: постоянные слушатели приходят годами, но новых никто не проверяет на входе.

Место: Библиотека «Бора Станковић», Савски венац.

Время: начало в 19:00.

Цена: вход свободный.","**Stihoterapija** is a regular poetry series at the City Library branch in Savski venac: poems are read aloud, discussed, and never turned into a lecture.

This evening’s guests are **Pavle Gligorović** and **Sofija Drakulović**, with Gala Odanović and Marko Đorđević hosting.

The format suits people who like poetry rather than study it: you can listen without preparation and ask questions on the spot.

Branches of the City Library run series like this across Belgrade, and each has its own audience: the regulars have been coming for years, but nobody checks newcomers at the door.

Venue: Bora Stanković library, Savski venac.

Time: 19:00.

Price: free entry.","**Stihoterapija** je redovan pesnički ciklus u ogranku Biblioteke grada na Savskom vencu: pesme se čitaju naglas, razgovara se o njima i ništa se ne pretvara u predavanje.

Gosti ove večeri su **Pavle Gligorović** i **Sofija Drakulović**, a program vode Gala Odanović i Marko Đorđević.

Format odgovara onima koji poeziju pre vole nego što je proučavaju: sluša se bez pripreme, a pitanja se postavljaju na licu mesta.

Ogranci Biblioteke grada drže ovakve cikluse po celom Beogradu, i svaki ima svoju publiku: stalni slušaoci dolaze godinama, ali novajlije niko ne proverava na ulazu.

Mesto: Biblioteka „Bora Stanković“, Savski venac.

Vreme: početak u 19.00.

Cena: ulaz je slobodan.",19:00,0,Biblioteka Bora Stanković,"Savski venac, Beograd","44.820020,20.453450",https://bgb.rs/dogadjaji/#event_7397,bgb.rs,,Biblioteka grada Beograda,https://bgb.rs/,,,,,,"поэзия, литературный вечер, Библиотека города, Савски венац, бесплатно","poetry, literary evening, City Library, Savski venac, free","poezija, književno veče, Biblioteka grada, Savski venac, besplatno"
10/1/2026,10/1/2026,9/22/2026,1697,Organization,Biblioteka grada Beograda,https://bgb.rs/,,MusicEvent,Mozaicum Hungaricum: концерт Hunclorique в Отделении искусств,Mozaicum Hungaricum: Hunclorique in concert at the arts department,Mozaicum Hungaricum: koncert Hunclorique u Odeljenju umetnosti,https://raw.githubusercontent.com/newsgl/arsposters/main/1697-MozaicumHunclorique.webp,,Concerts,"Современная венгерская фолк-музыка в исполнении группы Hunclorique. Отделение искусств Библиотеки города, вход свободный, начало в 19:00.","Contemporary Hungarian folk music performed by Hunclorique. Arts department of the City Library, free entry, 19:00.","Savremena mađarska tradicionalna muzika u izvođenju grupe Hunclorique. Odeljenje umetnosti Biblioteke grada, ulaz slobodan, početak u 19.00.","Венгерская традиционная музыка последние полвека живёт не в музее, а на сцене: движение танцевальных домов вернуло её в обиход, и с тех пор она свободно смешивается с джазом, роком и электроникой.

**Hunclorique** играет именно на этом стыке: фольклорная основа, современная аранжировка и звучание, которое не требует от слушателя знания венгерского.

Концерт завершает музыкальную часть недели венгерской культуры **Mozaicum Hungaricum** и проходит в Отделении искусств Библиотеки города, зале камерном и по звуку удачном.

Место: Библиотека града Београда, Одељење уметности, Кнез Михаилова 56.

Время: начало в 19:00.

Цена: вход свободный.","Hungarian traditional music has spent the last half century on stage rather than in a museum: the dance house movement brought it back into circulation, and since then it has mixed freely with jazz, rock and electronics.

**Hunclorique** works exactly at that junction: a folk foundation, contemporary arrangement and a sound that asks no knowledge of Hungarian from the listener.

The concert closes the musical part of the **Mozaicum Hungaricum** week and takes place in the arts department of the City Library, a small room with good acoustics.

Venue: Belgrade City Library, arts department, Knez Mihailova 56.

Time: 19:00.

Price: free entry.","Mađarska tradicionalna muzika poslednjih pola veka živi na sceni, a ne u muzeju: pokret plesnih kuća vratio ju je u opticaj, i od tada se slobodno meša sa džezom, rokom i elektronikom.

**Hunclorique** svira baš na tom spoju: folklorna osnova, savremen aranžman i zvuk koji od slušaoca ne traži znanje mađarskog.

Koncert zatvara muzički deo nedelje **Mozaicum Hungaricum** i održava se u Odeljenju umetnosti Biblioteke grada, kamernoj sali dobrog zvuka.

Mesto: Biblioteka grada Beograda, Odeljenje umetnosti, Knez Mihailova 56.

Vreme: početak u 19.00.

Cena: ulaz je slobodan.",19:00,0,Biblioteka grada Beograda,"Knez Mihailova 56, Beograd","44.820020,20.453450",https://bgb.rs/dogadjaji/#event_7388,bgb.rs,,Biblioteka grada Beograda,https://bgb.rs/,,,,,,"концерт, венгерская музыка, фолк, Библиотека города, бесплатно","concert, Hungarian music, folk, City Library, free","koncert, mađarska muzika, folk, Biblioteka grada, besplatno"
10/2/2026,10/2/2026,9/22/2026,1700,Organization,Biblioteka grada Beograda,https://bgb.rs/,,ScreeningEvent,"Mozaicum Hungaricum: показ фильма «Лайко, цыган в космосе»","Mozaicum Hungaricum: a screening of Lajkó, Gypsy in Space","Mozaicum Hungaricum: projekcija filma „Lajko, ciganin u svemiru“",https://raw.githubusercontent.com/newsgl/arsposters/main/1700-MozaicumLajko.webp,,Movies,"Венгерская комедия об альтернативной истории космической гонки закрывает неделю венгерской культуры. Отделение искусств Библиотеки города, вход свободный, начало в 19:00.","A Hungarian comedy about an alternative history of the space race closes the Hungarian culture week. Arts department of the City Library, free entry, 19:00.","Mađarska komedija o alternativnoj istoriji svemirske trke zatvara nedelju mađarske kulture. Odeljenje umetnosti Biblioteke grada, ulaz slobodan, početak u 19.00.","**«Лайко, цыган в космосе»** это венгерская комедия про альтернативную версию космической гонки, в которой первым человеком на орбите становится вовсе не тот, кого знает учебник.

Фильм играет со всей советской космической мифологией разом: от собаки Лайки, давшей герою имя, до торжественных репортажей и плакатной героики шестидесятых.

Показ завершает неделю венгерской культуры **Mozaicum Hungaricum** в Библиотеке города Белграда.

Место: Библиотека града Београда, Одељење уметности, Кнез Михаилова 56.

Время: начало в 19:00.

Цена: вход свободный.","**Lajkó, Gypsy in Space** is a Hungarian comedy about an alternative version of the space race in which the first man in orbit is not the one the textbooks name.

The film plays with the whole Soviet space mythology at once: from the dog Laika, who gave the hero his name, to the solemn news reports and poster heroics of the sixties.

The screening closes the **Mozaicum Hungaricum** week of Hungarian culture at the Belgrade City Library.

Director Balázs Lengyel built the film as a deadpan farce: the tone stays serious while the plot grows steadily more absurd, which is exactly what makes the parody land.

Venue: Belgrade City Library, arts department, Knez Mihailova 56.

Time: 19:00.

Price: free entry.","**„Lajko, ciganin u svemiru“** mađarska je komedija o alternativnoj verziji svemirske trke u kojoj prvi čovek u orbiti nije onaj koga navodi udžbenik.

Film se poigrava sa celom sovjetskom svemirskom mitologijom odjednom: od kuje Lajke, koja je junaku dala ime, do svečanih izveštaja i plakatske heroike šezdesetih.

Projekcija zatvara nedelju mađarske kulture **Mozaicum Hungaricum** u Biblioteci grada Beograda.

Reditelj Balaž Lenđel film je napravio kao farsu bez osmeha: ton ostaje ozbiljan dok radnja postaje sve apsurdnija, i upravo zato parodija pogađa.

Mesto: Biblioteka grada Beograda, Odeljenje umetnosti, Knez Mihailova 56.

Vreme: početak u 19.00.

Cena: ulaz je slobodan.",19:00,0,Biblioteka grada Beograda,"Knez Mihailova 56, Beograd","44.820020,20.453450",https://bgb.rs/dogadjaji/#event_7391,bgb.rs,,Biblioteka grada Beograda,https://bgb.rs/,,,,,,"кино, показ, венгерская комедия, космос, Библиотека города, бесплатно","cinema, screening, Hungarian comedy, space, City Library, free","film, projekcija, mađarska komedija, svemir, Biblioteka grada, besplatno"
9/28/2026,9/28/2026,9/22/2026,1686,Organization,Društvo ljubitelja fantastike Lazar Komarčić,https://domomladine.org/,,EducationEvent,Трибина «Мултилатералне ситуације»: «Эмитор» №502 и жанровые премии в Доме омладине,Multilateralne situacije: Emitor 502 and genre awards at Dom omladine,Tribina „Multilateralne situacije: Emitor #502 i žanrovske nagrade“ u Domu omladine,https://raw.githubusercontent.com/newsgl/arsposters/main/1686-TribinaEmitor502.webp,,Lectures,"Общество любителей фантастики «Лазар Комарчић» открывает новый сезон трибин разговором о свежем номере журнала «Эмитор» и о жанровых премиях. Трибинска сала, вход свободный, начало в 19:00.","The Lazar Komarčić science fiction society opens its new season of talks with a discussion of the latest Emitor issue and of genre awards. Tribina hall, free entry, 19:00.","Društvo ljubitelja fantastike „Lazar Komarčić“ otvara novu tribinsku sezonu razgovorom o novom broju Emitora i o žanrovskim nagradama. Tribinska sala, ulaz slobodan, početak u 19.00.","Общество любителей фантастики **«Лазар Комарчић»** одно из старейших в регионе, и его трибины в Доме омладине идут десятилетиями. Новый сезон 2026/2027 открывается программой о текущих темах научной фантастики и жанровой литературы.

На первой встрече разбирают свежий номер журнала **«Эмитор»**, которому пошла шестая сотня выпусков, и обсуждают жанровые премии: кому достались, по каким критериям и что это говорит о состоянии сцены.

Участвуют Жарко Миличевич и Боян Буткович.

Место: Дом омладине Београда, Трибинска сала, Македонска 22.

Время: начало в 19:00.

Цена: вход свободный.","The **Lazar Komarčić** science fiction society is among the oldest in the region, and its talks at Dom omladine have run for decades. The new 2026/2027 season opens with a programme on current topics in science fiction and genre literature.

The first meeting takes apart the latest issue of **Emitor**, now past its five hundredth, and discusses genre awards: who won them, by what criteria and what that says about the state of the scene.

Žarko Milićević and Bojan Butković take part.

Venue: Dom omladine Beograda, tribina hall, Makedonska 22.

Time: 19:00.

Price: free entry.","Društvo ljubitelja fantastike **„Lazar Komarčić“** jedno je od najstarijih u regionu, a njegove tribine u Domu omladine traju decenijama. Nova sezona 2026/2027 otvara se programom posvećenim aktuelnim temama naučne fantastike i žanrovske književnosti.

Na prvom susretu razlaže se novi broj časopisa **„Emitor“**, koji je prešao petstoti, i razgovara se o žanrovskim nagradama: kome su pripale, po kojim kriterijumima i šta to govori o stanju scene.

Učestvuju Žarko Milićević i Bojan Butković.

Mesto: Dom omladine Beograda, Tribinska sala, Makedonska 22.

Vreme: početak u 19.00.

Cena: ulaz je slobodan.",19:00,0,Dom omladine Beograda,"Makedonska 22, Beograd","44.815407,20.462793",https://domomladine.org/debate/tribina-multilateralne-situacije-emitor-502-i-zanrovske-nagrade/,domomladine.org,,Društvo ljubitelja fantastike Lazar Komarčić,https://domomladine.org/,,,,,,"трибина, фантастика, Дом омладине, Эмитор, литература, бесплатно","talk, science fiction, Dom omladine, Emitor, literature, free","tribina, fantastika, Dom omladine, Emitor, književnost, besplatno"
9/25/2026,9/25/2026,9/22/2026,1666,Organization,KC Grad,https://kcgrad.rs/,,MusicEvent,GistroPop: сентябрьский выпуск в саду KC Grad,GistroPop: the September edition in the KC Grad garden,GistroPop: septembarsko izdanje u bašti KC Grada,https://raw.githubusercontent.com/newsgl/arsposters/main/1666-GistroPopSeptembar.webp,,Concerts,"Регулярный музыкальный вечер в саду KC Grad: пластинки, разговоры и закат над Савой. Начало в 21:00, цену уточняйте на входе.","A regular music evening in the KC Grad garden: records, conversation and sunset over the Sava. Starts at 21:00, ask about the price at the door.","Redovno muzičko veče u bašti KC Grada: ploče, razgovor i zalazak sunca nad Savom. Početak u 21.00, cenu proverite na ulazu.","**GistroPop** это регулярная серия музыкальных вечеров в саду **KC Grad**, где программа собирается не по танцполу, а по слуху: Камаси Вашингтон рядом с The National, Джони Митчелл рядом с Джеффом Бакли.

Формат ближе к слушательскому вечеру, чем к клубной вечеринке: сад, вид на Саву, разговоры и музыка, под которую можно говорить, не повышая голос.

Сентябрьский выпуск закрывает сезон в саду перед тем, как программа переедет внутрь.

Место: KC Grad, Браће Крсмановић 4.

Время: начало в 21:00.

Цена: на странице календаря не указана, уточняйте на входе или у организаторов.","**GistroPop** is a regular series of music evenings in the **KC Grad** garden, where the programme is put together by ear rather than for a dance floor: Kamasi Washington next to The National, Joni Mitchell next to Jeff Buckley.

The format sits closer to a listening evening than to a club night: the garden, the view of the Sava, conversation and music you can talk over without raising your voice.

The September edition closes the garden season before the programme moves indoors.

Venue: KC Grad, Braće Krsmanović 4.

Time: 21:00.

Price: not listed on the calendar page, check at the door or with the organisers.","**GistroPop** je redovna serija muzičkih večeri u bašti **KC Grada**, gde se program sastavlja po sluhu, a ne po podijumu: Kamasi Vošington pored The National, Džoni Mičel pored Džefa Baklija.

Format je bliži slušaonici nego klupskoj žurci: bašta, pogled na Savu, razgovor i muzika preko koje može da se priča bez podizanja glasa.

Septembarsko izdanje zatvara sezonu u bašti pre nego što program pređe unutra.

Mesto: KC Grad, Braće Krsmanović 4.

Vreme: početak u 21.00.

Cena: na stranici kalendara nije navedena, proverite na ulazu ili kod organizatora.",21:00,,KC Grad,"Braće Krsmanović 4, Beograd","44.814317,20.450415",https://kcgrad.rs/calendar/,kcgrad.rs,,KC Grad,https://kcgrad.rs/,,,,,,"музыка, KC Grad, диджей-сет, сад, Савамала","music, KC Grad, dj set, garden, Savamala","muzika, KC Grad, dj set, bašta, Savamala"
9/26/2026,9/26/2026,9/22/2026,1675,Organization,KC Grad,https://kcgrad.rs/,,MusicEvent,Гуманитарный вечер для Леи: концерт в KC Grad,A charity evening for Lea: concert at KC Grad,Humanitarno veče za Leu: koncert u KC Gradu,https://raw.githubusercontent.com/newsgl/arsposters/main/1675-HumanitarnoVeceZaLeu.webp,,Concerts,"Несколько исполнителей выходят на сцену KC Grad, чтобы собрать деньги на терапию Леи Йованович. Весь сбор с билетов идёт на её лечение. Начало в 20:00, билет 1500 динаров.","Several performers take the KC Grad stage to raise money for Lea Jovanović’s therapy. All ticket revenue goes to her treatment. Starts at 20:00, tickets 1500 dinars.","Nekoliko izvođača izlazi na scenu KC Grada da bi se prikupio novac za terapije Lee Jovanović. Sav prihod od ulaznica ide za njeno lečenje. Početak u 20.00, ulaznica 1500 dinara.","Лея Йованович родилась раньше срока, и последствия этого она преодолевает всю свою жизнь. Ей нужны регулярные занятия с логопедом, физическая реабилитация и консультации специалистов, а это расходы, которые не заканчиваются.

Гуманитарный вечер в **KC Grad** собирает на сцене нескольких исполнителей: Vezmar, Dablinky, Ekvilibrijum, Mila Vor, Lule, Raki, Djokaton и других. Программа к дате может дополняться.

**Весь сбор с билетов идёт Лее.** Кто не может прийти, помогает переводом на счёт или SMS-пожертвованием, реквизиты организаторы публикуют отдельно.

Место: KC Grad, Браће Крсмановић 4.

Время: начало в 20:00.

Цена: 1500 динаров.","Lea Jovanović was born prematurely and has been dealing with the consequences ever since. She needs regular speech therapy, physical rehabilitation and specialist consultations, and those costs do not stop.

The charity evening at **KC Grad** brings several performers to the stage: Vezmar, Dablinky, Ekvilibrijum, Mila Vor, Lule, Raki, Djokaton and others. The line up may still grow before the date.

**All ticket revenue goes to Lea.** Anyone who cannot attend can help by bank transfer or SMS donation, with the details published by the organisers.

Venue: KC Grad, Braće Krsmanović 4.

Time: 20:00.

Price: 1500 dinars.","Lea Jovanović rođena je pre vremena i posledice toga savladava ceo život. Potrebni su joj redovni tretmani logopeda, fizička rehabilitacija i konsultacije specijalista, a ti troškovi ne prestaju.

Humanitarno veče u **KC Gradu** okuplja na sceni nekoliko izvođača: Vezmar, Dablinky, Ekvilibrijum, Mila Vor, Lule, Raki, Djokaton i druge. Program se do datuma još dopunjuje.

**Sav prihod od ulaznica ide Lei.** Ko ne može da dođe, može pomoći uplatom na račun ili SMS donacijom, a podatke organizatori objavljuju posebno.

Mesto: KC Grad, Braće Krsmanović 4.

Vreme: početak u 20.00.

Cena: 1500 dinara.",20:00,1500,KC Grad,"Braće Krsmanović 4, Beograd","44.814317,20.450415",https://kcgrad.rs/calendar/,kcgrad.rs,,KC Grad,https://kcgrad.rs/,,,,,,"концерт, благотворительность, KC Grad, помощь, Савамала","concert, charity, KC Grad, fundraiser, Savamala","koncert, humanitarno, KC Grad, pomoć, Savamala"
10/5/2026,10/5/2026,9/22/2026,1705,Person,Siniša Ubović,https://www.eventbrite.com/e/humanitarno-vece-sa-sinisom-ubovicem-tickets-2001499626261,,EducationEvent,Гуманитарный вечер с Синишей Убовичем: «Јачи од бола» в Мадленианумe,A charity evening with Siniša Ubović: Jači od bola at Madlenianum,Humanitarno veče sa Sinišom Ubovićem: „Jači od bola“ u Madlenianumu,https://raw.githubusercontent.com/newsgl/arsposters/main/1705-HumanitarnoVeceUbovic.webp,,Lectures,"Вечер в пользу фонда «За живот без препрека»: программа «Јачи од бола» и разговор с залом. Вход по бесплатной регистрации, сбор пожертвований на месте. Начало в 19:00.","An evening for the Za život bez prepreka foundation: the programme Jači od bola and a conversation with the audience. Free registration, donations collected on the night. Starts at 19:00.","Veče u korist fondacije „Za život bez prepreka“: program „Jači od bola“ i razgovor sa publikom. Ulaz uz besplatnu registraciju, donacije se prikupljaju na licu mesta. Početak u 19.00.","Фонд **«За живот без препрека»** собирает вечер в зале Мадленианума, и деньги, собранные пожертвованиями, идут на его программы.

Основную часть вечера ведёт **Синиша Убович** с программой **«Јачи од бола»**. Он актёр и многолетний ведущий, и формат у него разговорный: не лекция и не спектакль, а выступление, после которого можно задавать вопросы.

Порядок вечера простой: короткое вступление, час программы и двадцать пять минут вопросов и ответов. Двери открываются за полчаса до начала.

Регистрация бесплатная, но она нужна: количество мест ограничено залом.

Место: Опера и театр «Мадленианум», Главна 32, Земун.

Время: двери в 18:30, начало в 19:00, вечер длится около двух часов.

Цена: вход по бесплатной регистрации, пожертвования по желанию.","The **Za život bez prepreka** foundation is holding an evening in the Madlenianum hall, with the money collected in donations going to its programmes.

The main part of the evening is led by **Siniša Ubović** with the programme **Jači od bola**. He is an actor and a long standing host, and his format is conversational: neither a lecture nor a performance, but a talk you can ask questions after.

The running order is simple: a short introduction, an hour of programme and twenty five minutes of questions and answers. Doors open half an hour before the start.

Registration is free but necessary: the number of places is limited by the hall.

Venue: Opera and theatre Madlenianum, Glavna 32, Zemun.

Time: doors at 18:30, start at 19:00, running about two hours.

Price: free entry with registration, donations welcome.","Fondacija **„Za život bez prepreka“** priređuje veče u sali Madlenianuma, a novac prikupljen donacijama ide na njene programe.

Glavni deo večeri vodi **Siniša Ubović** programom **„Jači od bola“**. On je glumac i dugogodišnji voditelj, a format mu je razgovorni: ni predavanje ni predstava, nego nastup posle kojeg mogu da se postave pitanja.

Red večeri je jednostavan: kratak uvod, sat programa i dvadeset pet minuta pitanja i odgovora. Vrata se otvaraju pola sata pre početka.

Registracija je besplatna, ali je potrebna: broj mesta ograničen je salom.

Mesto: Opera i teatar Madlenianum, Glavna 32, Zemun.

Vreme: vrata u 18.30, početak u 19.00, veče traje oko dva sata.

Cena: ulaz uz besplatnu registraciju, donacije po želji.",19:00,0,Opera i teatar Madlenianum,"Glavna 32, 11080 Zemun","44.845468,20.410705",https://www.eventbrite.com/e/humanitarno-vece-sa-sinisom-ubovicem-tickets-2001499626261,eventbrite.com,https://www.eventbrite.com/e/humanitarno-vece-sa-sinisom-ubovicem-tickets-2001499626261,Fondacija Za život bez prepreka,https://www.eventbrite.com/e/humanitarno-vece-sa-sinisom-ubovicem-tickets-2001499626261,,,,,,"встреча, благотворительность, Мадленианум, Синиша Убович, Земун, бесплатно","talk, charity, Madlenianum, Siniša Ubović, Zemun, free","razgovor, humanitarno, Madlenianum, Siniša Ubović, Zemun, besplatno"
9/25/2026,9/25/2026,9/22/2026,1664,Organization,Belgrade Pub Crawl & Nightlife,https://www.meetup.com/belgrade-outdoor-indoor-pub-crawls-meetup-group/,,SocialEvent,Belgrade Pub Crawl: вечер по барам с путешественниками и экспатами,"Belgrade Pub Crawl: a night out with travellers, expats and locals","Belgrade Pub Crawl: veče po barovima sa putnicima, ekspatima i lokalcima",https://raw.githubusercontent.com/newsgl/arsposters/main/1664-BelgradePubCrawl.webp,,Games,"Сбор в Kaldrma Bar в Скадарлии, дальше несколько баров подряд. Вход 8 евро, в него входят два шота, у партнёрских баров первый заказанный напиток идёт с дополнительным шотом. Начало в 21:00.","Meeting point at Kaldrma Bar in Skadarlija, then several bars in a row. Entry is 8 euros and includes two shots, with an extra shot on your first drink at partner bars. Starts at 21:00.","Okupljanje u Kaldrma baru u Skadarliji, pa nekoliko barova zaredom. Ulaz je 8 evra i uključuje dva šota, a u partnerskim barovima prvo piće ide uz dodatni šot. Početak u 21.00.","Паб-кроул для тех, кто в городе недавно или просто хочет провести вечер не в одиночку. Группа собирается в **Kaldrma Bar** в Скадарлии и дальше идёт по нескольким барам подряд.

Состав каждый раз разный: постояльцы хостелов, приезжие с других платформ, экспаты и местные. Язык общения английский, но на практике за вечер услышите половину Европы.

Вход стоит **8 евро** и оплачивается на первой точке. В него входят два шота, а в партнёрских барах к первому заказанному напитку добавляют ещё один.

Прогулка идёт пешком, между барами недалеко, и присоединиться можно без компании.

Место сбора: Kaldrma Bar, Скадарска 40б.

Время: начало в 21:00.

Цена: 8 евро, примерно 940 динаров по текущему курсу.","A pub crawl for people who are new in town or simply do not want to spend the evening alone. The group gathers at **Kaldrma Bar** in Skadarlija and then moves through several bars in a row.

The crowd changes every time: hostel guests, travellers from other platforms, expats and locals. The working language is English, though in practice you will hear half of Europe over the night.

Entry costs **8 euros**, paid at the first venue. It includes two shots, and at partner bars your first ordered drink comes with an extra one.

The crawl is on foot, the bars are close together, and you can join without a group.

Meeting point: Kaldrma Bar, Skadarska 40b.

Time: 21:00.

Price: 8 euros, about 940 dinars at the current rate.","Pab kroul za one koji su u gradu skoro ili jednostavno ne žele da veče provedu sami. Grupa se okuplja u **Kaldrma baru** u Skadarliji i zatim obilazi nekoliko barova zaredom.

Društvo je svaki put drugačije: gosti hostela, putnici sa drugih platformi, ekspati i lokalci. Jezik je engleski, mada ćete tokom večeri čuti pola Evrope.

Ulaz košta **8 evra** i plaća se na prvom mestu. Uključuje dva šota, a u partnerskim barovima uz prvo naručeno piće ide još jedan.

Obilazak je peške, barovi su blizu, i može se priključiti bez društva.

Mesto okupljanja: Kaldrma Bar, Skadarska 40b.

Vreme: početak u 21.00.

Cena: 8 evra, oko 940 dinara po aktuelnom kursu.",21:00,936,Kaldrma Bar,"Skadarska 40b, 11000 Beograd","44.818243,20.465221",https://www.meetup.com/belgrade-outdoor-indoor-pub-crawls-meetup-group/events/316042372/,meetup.com,https://www.meetup.com/belgrade-outdoor-indoor-pub-crawls-meetup-group/events/316042372/,Belgrade Pub Crawl & Nightlife,https://www.meetup.com/belgrade-outdoor-indoor-pub-crawls-meetup-group/,,,,,,"паб-кроул, знакомства, Скадарлия, экспаты, ночная жизнь","pub crawl, meeting people, Skadarlija, expats, nightlife","pab kroul, upoznavanje, Skadarlija, ekspati, noćni život"
9/25/2026,9/25/2026,9/22/2026,1665,Organization,IT Connect,https://www.meetup.com/it-connect/,,EducationEvent,Connect Friday: еженедельная встреча айтишников в TransformArt WineBar,Connect Friday: the weekly meetup for tech professionals at TransformArt WineBar,Connect Friday: nedeljni susret IT profesionalaca u TransformArt WineBaru,https://raw.githubusercontent.com/newsgl/arsposters/main/1665-ConnectFridayITConnect.webp,,Lectures,"Встреча идёт каждую пятницу больше двух лет подряд, независимо от числа откликов на Meetup. Неформальное общение без докладов и регистрации. Начало в 18:00, вход свободный.","The meetup has run every Friday for over two years, regardless of how many RSVPs show on Meetup. Informal networking with no talks and no registration. Starts at 18:00, free entry.","Susret se održava svakog petka više od dve godine, bez obzira na broj prijava na Meetupu. Neformalno druženje bez predavanja i bez registracije. Početak u 18.00, ulaz slobodan.","Организаторы **IT Connect** отдельно просят не смотреть на счётчик откликов: сообщество собирается каждую пятницу больше двух лет, и постоянные участники давно перестали отмечаться на Meetup. Если встреча объявлена, значит она состоится.

Формат простой: приходите, знакомитесь, разговариваете. Ни докладов, ни презентаций, ни очереди к микрофону. Публика смешанная, от разработчиков и тестировщиков до продактов и рекрутеров.

Это удобный вход в местное профессиональное сообщество для тех, кто переехал недавно: здесь не нужно заранее иметь знакомых.

Место: TransformArt WineBar, Светог Саве 8.

Время: начало в 18:00.

Цена: вход свободный, оплачиваете только свои напитки.","The **IT Connect** organisers ask people not to look at the RSVP counter: the community has met every Friday for over two years, and the regulars stopped marking themselves on Meetup long ago. If the event is listed, it is happening.

The format is simple: come, meet people, talk. No talks, no slides, no queue for the microphone. The crowd is mixed, from developers and testers to product people and recruiters.

It is a convenient way into the local professional community for anyone who has moved here recently: you do not need to know anyone in advance.

Venue: TransformArt WineBar, Svetog Save 8.

Time: 18:00.

Price: free entry, you pay only for your own drinks.","Organizatori **IT Connecta** posebno mole da se ne gleda brojač prijava: zajednica se okuplja svakog petka više od dve godine, a stalni članovi odavno se ne prijavljuju na Meetupu. Ako je događaj objavljen, održaće se.

Format je jednostavan: dođete, upoznate ljude, razgovarate. Bez predavanja, bez slajdova, bez reda za mikrofon. Društvo je mešovito, od programera i testera do ljudi iz produkta i regrutacije.

Ovo je zgodan ulaz u ovdašnju profesionalnu zajednicu za one koji su se doselili skoro: ne morate unapred imati poznanike.

Mesto: TransformArt WineBar, Svetog Save 8.

Vreme: početak u 18.00.

Cena: ulaz je slobodan, plaćate samo svoja pića.",18:00,0,TransformArt WineBar,"Svetog Save 8, 11000 Beograd","44.801509,20.467066",https://www.meetup.com/it-connect/events/316656234/,meetup.com,,IT Connect,https://www.meetup.com/it-connect/,,,,,,"митап, IT, нетворкинг, английский язык, Врачар, бесплатно","meetup, IT, networking, English, Vračar, free","mitap, IT, umrežavanje, engleski jezik, Vračar, besplatno"
9/27/2026,9/27/2026,9/22/2026,1682,Organization,Belgrade Entrepreneurs and Startups,https://www.meetup.com/belgrade-entrepreneurs/,,EducationEvent,Belgrade Entrepreneurs and Startups: еженедельная встреча предпринимателей,Belgrade Entrepreneurs and Startups: the weekly founders meetup,Belgrade Entrepreneurs and Startups: nedeljni susret preduzetnika,https://raw.githubusercontent.com/newsgl/arsposters/main/1682-BelgradeEntrepreneurs.webp,,Lectures,"Встреча для тех, кто уже что-то строит или только думает об этом: сайд-проект, бизнес, стартап, магазин. Язык общения английский, обычно собирается человек двадцать. Kafeterija Magazin 1907, начало в 19:00.","A meetup for people already building something or just thinking about it: a side project, a business, a startup, a shop. The language is English and about twenty people usually turn up. Kafeterija Magazin 1907, 19:00.","Susret za one koji već nešto grade ili tek razmišljaju o tome: sporedni projekat, biznis, startap, prodavnica. Jezik je engleski, obično se okupi dvadesetak ljudi. Kafeterija Magazin 1907, početak u 19.00.","Цель этой встречи сформулирована организаторами прямо: собрать сообщество предпринимателей, где можно обсудить идеи, вдохновиться, найти партнёров и поддержать друг друга.

Приходить можно с чем угодно: **сайд-проект, бизнес, стартап, электронная торговля** или пока только намерение что-то начать. Формальных требований нет.

Официальный язык встречи английский, потому что участники из разных стран. Обычно собирается человек двадцать, и большинство приходит без компании.

Место: Kafeterija Magazin 1907, Краља Петра 16.

Время: начало в 19:00.

Цена: вход свободный, оплачиваете только свой заказ.","The organisers state the aim plainly: to build a community of fellow entrepreneurs where ideas can be discussed, inspiration found, partnerships made and support given.

You can come with anything: a **side project, a business, a startup, an e commerce shop**, or so far only the intention to start something. There are no formal requirements.

The official language is English, because the people who come are from different countries. Around twenty usually turn up, and most arrive on their own.

Venue: Kafeterija Magazin 1907, Kralja Petra 16.

Time: 19:00.

Price: free entry, you pay only for what you order.","Organizatori cilj navode otvoreno: napraviti zajednicu preduzetnika u kojoj se razgovara o idejama, nalazi inspiracija, sklapaju partnerstva i pruža podrška.

Možete doći sa bilo čim: **sporednim projektom, biznisom, startapom, onlajn prodavnicom**, ili zasad samo sa namerom da nešto pokrenete. Formalnih uslova nema.

Zvanični jezik je engleski, jer dolaze ljudi iz raznih zemalja. Obično se okupi dvadesetak, a većina dolazi sama.

Mesto: Kafeterija Magazin 1907, Kralja Petra 16.

Vreme: početak u 19.00.

Cena: ulaz je slobodan, plaćate samo svoju porudžbinu.",19:00,0,Kafeterija Magazin 1907,"Kralja Petra 16, 11000 Beograd","44.818959,20.454188",https://www.meetup.com/belgrade-entrepreneurs/events/316459527/,meetup.com,,Belgrade Entrepreneurs and Startups,https://www.meetup.com/belgrade-entrepreneurs/,,,,,,"митап, предприниматели, стартапы, нетворкинг, английский язык, бесплатно","meetup, entrepreneurs, startups, networking, English, free","mitap, preduzetnici, startapi, umrežavanje, engleski jezik, besplatno"
9/27/2026,9/27/2026,9/22/2026,1684,Organization,Pena Art Cafe Events,https://www.meetup.com/penaartcafe-events/,,SocialEvent,Slow Burn Sundays: воскресный вечер знакомств в саду Pena Art Caffe,Slow Burn Sundays: a Sunday evening for meeting people in the Pena Art Caffe garden,Slow Burn Sundays: nedeljno veče upoznavanja u bašti Pena Art Caffea,https://raw.githubusercontent.com/newsgl/arsposters/main/1684-SlowBurnSundays.webp,,Games,"Вечер без программы: разговоры, холодные напитки, знакомые лица и те, с кем ещё не знакомы. Не языковой обмен, просто повод провести воскресенье не дома. Начало в 18:00, вход свободный.","An evening with no programme: conversation, cold drinks, familiar faces and people you have not met yet. Not a language exchange, simply a reason not to spend Sunday at home. Starts at 18:00, free entry.","Veče bez programa: razgovori, hladna pića, poznata lica i oni koje još niste upoznali. Nije razmena jezika, samo povod da se nedelja ne provede kod kuće. Početak u 18.00, ulaz slobodan.","Не каждое воскресенье нуждается в плане. **Slow Burn** это спокойный вечер в саду Pena Art Caffe: разговоры, холодные напитки, знакомые лица и люди, с которыми вы ещё не знакомы.

Кто-то приходит с друзьями, кто-то один, и большинство задерживается дольше, чем собиралось. Публика смешанная: местные, путешественники, экспаты, художники, студенты и завсегдатаи кафе.

За столами обычно слышно английский, сербский, турецкий, русский и ещё десяток языков, но это **не языковой обмен**: организаторы формулируют это отдельно. Никакой программы, никакой обязаловки.

Место: Pena Art Caffe, Делиградска 1.

Время: начало в 18:00.

Цена: вход свободный, оплачиваете только свой заказ.","Not every Sunday needs a plan. **Slow Burn** is a relaxed evening in the Pena Art Caffe garden: conversation, cold drinks, familiar faces and people you have not met yet.

Some come with friends, some come alone, and most stay longer than they meant to. The crowd is mixed: locals, travellers, expats, artists, students and the café’s regulars.

English, Serbian, Turkish, Russian and a dozen other languages can usually be heard around the tables, but this is **not a language exchange**, as the organisers say outright. No programme, no obligations.

Venue: Pena Art Caffe, Deligradska 1.

Time: 18:00.

Price: free entry, you pay only for what you order.","Ne mora svaka nedelja da ima plan. **Slow Burn** je opušteno veče u bašti Pena Art Caffea: razgovori, hladna pića, poznata lica i ljudi koje još niste upoznali.

Neko dolazi sa društvom, neko sam, a većina ostane duže nego što je nameravala. Društvo je mešovito: lokalci, putnici, ekspati, umetnici, studenti i stalni gosti kafea.

Za stolovima se obično čuju engleski, srpski, turski, ruski i još desetak jezika, ali ovo **nije razmena jezika**, kako organizatori izričito kažu. Bez programa i bez obaveza.

Mesto: Pena Art Caffe, Deligradska 1.

Vreme: početak u 18.00.

Cena: ulaz je slobodan, plaćate samo svoju porudžbinu.",18:00,0,Pena Art Caffe,"Deligradska 1, Beograd","44.802076,20.465646",https://www.meetup.com/penaartcafe-events/events/316458895/,meetup.com,,Pena Art Cafe Events,https://www.meetup.com/penaartcafe-events/,,,,,,"знакомства, воскресенье, сад, экспаты, Pena Art Caffe, бесплатно","meeting people, Sunday, garden, expats, Pena Art Caffe, free","upoznavanje, nedelja, bašta, ekspati, Pena Art Caffe, besplatno"
9/30/2026,9/30/2026,9/22/2026,1693,Organization,Serbian C++ User Group,https://www.meetup.com/cpp-serbia/,,EducationEvent,Serbian C++ User Group: структуры данных и алгоритмы в лучевой терапии,Serbian C++ User Group: data structures and algorithms in radiation therapy,Serbian C++ User Group: strukture podataka i algoritmi u radioterapiji,https://raw.githubusercontent.com/newsgl/arsposters/main/1693-CppSerbiaClinicalPractice.webp,,Lectures,"Доклад о том, как клиническое планирование лучевой терапии устроено как вычислительный конвейер: от двумерных таблиц доз к объёмной визуализации и модельным расчётам. Палата «Београд», начало в 18:00, вход свободный.","A talk on how clinical radiation therapy planning works as a computational pipeline: from two dimensional dose lookups to volumetric imaging and model based engines. Palata Beograd, 18:00, free entry.","Predavanje o tome kako kliničko planiranje radioterapije funkcioniše kao računski cevovod: od dvodimenzionalnih tabela doza do volumetrijskog snimanja i modelskih proračuna. Palata „Beograd“, početak u 18.00, ulaz slobodan.","Клиническое проведение дистанционной лучевой терапии устроено как многоступенчатый конвейер: последовательные физические процессы и непрерывная обратная связь контроля качества.

За последние десятилетия радиационная онкология прошла путь от простых двумерных таблиц расчёта дозы до **объёмной визуализации высокого разрешения**, модельных расчётных движков и многолепестковых коллиматоров. Дисциплина стала данными и вычислениями нагружена не меньше, чем физикой.

Алгоритмические основания при этом обсуждаются редко, и доклад как раз про них: какие структуры данных стоят за планированием и где вычислительная сложность упирается в клинические сроки.

Встречи **Serbian C++ User Group** проходят на английском языке и открыты для всех, регистрация через Meetup.

Место: Палата «Београд» (Београђанка), Масарикова 5.

Время: начало в 18:00.

Цена: вход свободный.","The clinical delivery of external beam radiation therapy works as a multi stage pipeline: sequential physical processes governed by continuous quality assurance feedback.

Over recent decades radiation oncology has moved from simple two dimensional dose lookups to **high resolution volumetric imaging**, model based dose engines and multi leaf collimation. The discipline has become as data intensive and computationally demanding as it is physical.

The algorithmic foundations are rarely discussed, and this talk is precisely about them: which data structures sit behind planning, and where computational cost runs into clinical deadlines.

**Serbian C++ User Group** meetings are held in English and open to everyone, with registration through Meetup.

Venue: Palata Beograd (Beograđanka), Masarikova 5.

Time: 18:00.

Price: free entry.","Kliničko sprovođenje spoljašnje radioterapije funkcioniše kao višestepeni cevovod: niz fizičkih procesa uz stalnu povratnu spregu kontrole kvaliteta.

Poslednjih decenija radioterapijska onkologija prešla je put od jednostavnih dvodimenzionalnih tabela doza do **volumetrijskog snimanja visoke rezolucije**, modelskih proračunskih mašina i višelisnih kolimatora. Disciplina je postala podacima i računom opterećena koliko i fizikom.

O algoritamskim osnovama se pritom retko govori, a predavanje je baš o njima: koje strukture podataka stoje iza planiranja i gde se računska složenost sudara sa kliničkim rokovima.

Susreti **Serbian C++ User Group** drže se na engleskom i otvoreni su za sve, prijava ide preko Meetupa.

Mesto: Palata „Beograd“ (Beograđanka), Masarikova 5.

Vreme: početak u 18.00.

Cena: ulaz je slobodan.",18:00,0,Palata Beograd (Beograđanka),"Masarikova 5, 11000 Beograd","44.807223,20.463671",https://www.meetup.com/cpp-serbia/events/316549406/,meetup.com,,Serbian C++ User Group,https://www.meetup.com/cpp-serbia/,,,,,,"митап, C++, алгоритмы, медицинская физика, лекция, бесплатно","meetup, C++, algorithms, medical physics, lecture, free","mitap, C++, algoritmi, medicinska fizika, predavanje, besplatno"
9/25/2026,9/25/2026,9/22/2026,1670,Organization,Pab kviz 8x8,https://pabkviz8x8.com/,,SocialEvent,"Паб-квиз 8x8 в Galerija piva: общие знания, раунд «на букву»",Pab kviz 8x8 at Galerija piva: general knowledge with a letter round,"Pab kviz 8x8 u Galerija piva: opšte znanje, „na slovo“",https://raw.githubusercontent.com/newsgl/arsposters/main/1670-PabKviz8x8GalerijaPivaOpsteZnanje.webp,,Games,"Командный квиз на сербском языке: восемь раундов по восемь очков, до семи человек в команде, котизация 400 динаров. Тема вечера: общие знания, раунд «на букву». Начало в 19:30.","A team quiz in Serbian: eight rounds worth eight points each, up to seven people per team, entry 400 dinars. Tonight’s theme: general knowledge with a letter round. Starts at 19:30.","Timski kviz na srpskom: osam oblasti po osam poena, do sedam članova po ekipi, kotizacija 400 dinara. Tema večeri: opšte znanje, „na slovo“. Početak u 19.30.","**Паб-квиз 8x8** идёт по будням и выходным сразу в нескольких белградских пабах, и формат везде один: восемь областей, каждая приносит до восьми очков, ответы сдаются после каждого раунда с коротким перерывом.

В команде до семи человек. Квиз ведётся **на сербском языке**, так что это хороший способ проверить язык в естественной обстановке, а не на уроке.

Первое место забирает половину своего счёта, второе тридцать процентов, третье круг ракии на всю команду.

Записываться нужно заранее через приложение организатора, места разбирают быстро. По десять динаров с каждой котизации организаторы отправляют на благотворительность.

Место: Galerija piva, Pilota Mihaila Petrovića 3, 11090 Beograd.

Время: начало в 19:30, квиз идёт около трёх часов.

Цена: котизация 400 динаров с человека.","**Pab kviz 8x8** runs on weekdays and weekends across several Belgrade pubs, and the format is the same everywhere: eight subject areas, each worth up to eight points, with answers handed in after every round and a short break in between.

Teams take up to seven people. The quiz is run **in Serbian**, which makes it a good way to test the language in a natural setting rather than in a classroom.

First place takes half of their bill, second thirty percent, third a round of rakija for the whole team.

Sign up in advance through the organisers’ app, places go quickly. Ten dinars from every entry fee goes to charity.

Venue: Galerija piva, Pilota Mihaila Petrovića 3, 11090 Beograd.

Time: 19:30, the quiz runs about three hours.

Price: 400 dinars per person.","**Pab kviz 8x8** igra se radnim danima i vikendom u nekoliko beogradskih pabova, a format je svuda isti: osam oblasti, svaka donosi do osam poena, odgovori se predaju posle svake oblasti uz kratku pauzu.

U ekipi je do sedam članova. Kviz se vodi **na srpskom jeziku**, pa je dobar način da se jezik proveri u prirodnom okruženju, a ne na času.

Prvo mesto uzima pedeset odsto od računa, drugo trideset, treće turu rakije za celu ekipu.

Prijava ide unapred, preko aplikacije organizatora, i mesta se brzo popune. Deset dinara od svake kotizacije organizatori doniraju u dobrotvorne svrhe.

Mesto: Galerija piva, Pilota Mihaila Petrovića 3, 11090 Beograd.

Vreme: početak u 19.30, kviz traje oko tri sata.

Cena: kotizacija 400 dinara po osobi.",19:30,400,Galerija piva,"Pilota Mihaila Petrovića 3, 11090 Beograd","44.745143,20.438108",https://pabkviz8x8.com/galerija-piva-opste-znanje-na-slovo/,pabkviz8x8.com,https://play.pabkviz8x8.com/,Pab kviz 8x8,https://pabkviz8x8.com/,,,,,,"квиз, паб-квиз, игры, сербский язык, Galerija piva","quiz, pub quiz, games, Serbian language, Galerija piva","kviz, pab kviz, igre, srpski jezik, Galerija piva"
9/25/2026,9/25/2026,9/22/2026,1671,Organization,Pab kviz 8x8,https://pabkviz8x8.com/,,SocialEvent,Паб-квиз 8x8 в Putolovac bar: отечественная музыка,Pab kviz 8x8 at Putolovac bar: local music,Pab kviz 8x8 u Putolovac bar: domaća muzika,https://raw.githubusercontent.com/newsgl/arsposters/main/1671-PabKviz8x8PutolovacDomacaMuzika.webp,,Games,"Командный квиз на сербском языке: восемь раундов по восемь очков, до семи человек в команде, котизация 400 динаров. Тема вечера: отечественная музыка. Начало в 19:45.","A team quiz in Serbian: eight rounds worth eight points each, up to seven people per team, entry 400 dinars. Tonight’s theme: local music. Starts at 19:45.","Timski kviz na srpskom: osam oblasti po osam poena, do sedam članova po ekipi, kotizacija 400 dinara. Tema večeri: domaća muzika. Početak u 19.45.","**Паб-квиз 8x8** идёт по будням и выходным сразу в нескольких белградских пабах, и формат везде один: восемь областей, каждая приносит до восьми очков, ответы сдаются после каждого раунда с коротким перерывом.

В команде до семи человек. Квиз ведётся **на сербском языке**, так что это хороший способ проверить язык в естественной обстановке, а не на уроке.

Первое место забирает половину своего счёта, второе круг напитков на команду, третье круг ракии.

Записываться нужно заранее через приложение организатора, места разбирают быстро. По десять динаров с каждой котизации организаторы отправляют на благотворительность.

Место: Putolovac bar, Tošin bunar 188, 11070 Novi Beograd.

Время: начало в 19:45, квиз идёт около трёх часов.

Цена: котизация 400 динаров с человека.","**Pab kviz 8x8** runs on weekdays and weekends across several Belgrade pubs, and the format is the same everywhere: eight subject areas, each worth up to eight points, with answers handed in after every round and a short break in between.

Teams take up to seven people. The quiz is run **in Serbian**, which makes it a good way to test the language in a natural setting rather than in a classroom.

First place takes half of their bill, second a round of drinks for the team, third a round of rakija.

Sign up in advance through the organisers’ app, places go quickly. Ten dinars from every entry fee goes to charity.

Venue: Putolovac bar, Tošin bunar 188, 11070 Novi Beograd.

Time: 19:45, the quiz runs about three hours.

Price: 400 dinars per person.","**Pab kviz 8x8** igra se radnim danima i vikendom u nekoliko beogradskih pabova, a format je svuda isti: osam oblasti, svaka donosi do osam poena, odgovori se predaju posle svake oblasti uz kratku pauzu.

U ekipi je do sedam članova. Kviz se vodi **na srpskom jeziku**, pa je dobar način da se jezik proveri u prirodnom okruženju, a ne na času.

Prvo mesto uzima pedeset odsto od računa, drugo turu pića za ekipu, treće turu rakije.

Prijava ide unapred, preko aplikacije organizatora, i mesta se brzo popune. Deset dinara od svake kotizacije organizatori doniraju u dobrotvorne svrhe.

Mesto: Putolovac bar, Tošin bunar 188, 11070 Novi Beograd.

Vreme: početak u 19.45, kviz traje oko tri sata.

Cena: kotizacija 400 dinara po osobi.",19:45,400,Putolovac bar,"Tošin bunar 188, 11070 Novi Beograd","44.824590,20.397205",https://pabkviz8x8.com/putolovac-bar-domaca-muzika/,pabkviz8x8.com,https://play.pabkviz8x8.com/,Pab kviz 8x8,https://pabkviz8x8.com/,,,,,,"квиз, паб-квиз, игры, сербский язык, Putolovac bar","quiz, pub quiz, games, Serbian language, Putolovac bar","kviz, pab kviz, igre, srpski jezik, Putolovac bar"
9/26/2026,9/26/2026,9/22/2026,1677,Organization,Pab kviz 8x8,https://pabkviz8x8.com/,,SocialEvent,Паб-квиз 8x8 в Caffe Limbo: общие знания в формате 50 на 50,Pab kviz 8x8 at Caffe Limbo: general knowledge in a fifty fifty format,Pab kviz 8x8 u Caffe Limbo: opšte znanje 50/50,https://raw.githubusercontent.com/newsgl/arsposters/main/1677-PabKviz8x8CaffeLimbo5050.webp,,Games,"Командный квиз на сербском языке: восемь раундов по восемь очков, до семи человек в команде, котизация 400 динаров. Тема вечера: общие знания в формате 50 на 50. Начало в 19:30.","A team quiz in Serbian: eight rounds worth eight points each, up to seven people per team, entry 400 dinars. Tonight’s theme: general knowledge in a fifty fifty format. Starts at 19:30.","Timski kviz na srpskom: osam oblasti po osam poena, do sedam članova po ekipi, kotizacija 400 dinara. Tema večeri: opšte znanje 50/50. Početak u 19.30.","**Паб-квиз 8x8** идёт по будням и выходным сразу в нескольких белградских пабах, и формат везде один: восемь областей, каждая приносит до восьми очков, ответы сдаются после каждого раунда с коротким перерывом.

В команде до семи человек. Квиз ведётся **на сербском языке**, так что это хороший способ проверить язык в естественной обстановке, а не на уроке.

Формат особый: два ответа, одно решение. В каждой области вы выбираете между двумя вариантами, и правильный всегда один из них.

Записываться нужно заранее через приложение организатора, места разбирают быстро. По десять динаров с каждой котизации организаторы отправляют на благотворительность.

Место: Caffe Limbo, Braće Nedića 7, 11000 Beograd.

Время: начало в 19:30, квиз идёт около трёх часов.

Цена: котизация 400 динаров с человека.","**Pab kviz 8x8** runs on weekdays and weekends across several Belgrade pubs, and the format is the same everywhere: eight subject areas, each worth up to eight points, with answers handed in after every round and a short break in between.

Teams take up to seven people. The quiz is run **in Serbian**, which makes it a good way to test the language in a natural setting rather than in a classroom.

The format is distinctive: two answers, one decision. In every round you choose between two options, and the right one is always among them.

Sign up in advance through the organisers’ app, places go quickly. Ten dinars from every entry fee goes to charity.

Venue: Caffe Limbo, Braće Nedića 7, 11000 Beograd.

Time: 19:30, the quiz runs about three hours.

Price: 400 dinars per person.","**Pab kviz 8x8** igra se radnim danima i vikendom u nekoliko beogradskih pabova, a format je svuda isti: osam oblasti, svaka donosi do osam poena, odgovori se predaju posle svake oblasti uz kratku pauzu.

U ekipi je do sedam članova. Kviz se vodi **na srpskom jeziku**, pa je dobar način da se jezik proveri u prirodnom okruženju, a ne na času.

Format je poseban: dva odgovora, jedna odluka. U svakoj oblasti birate između dve opcije, a tačna je uvek jedna od njih.

Prijava ide unapred, preko aplikacije organizatora, i mesta se brzo popune. Deset dinara od svake kotizacije organizatori doniraju u dobrotvorne svrhe.

Mesto: Caffe Limbo, Braće Nedića 7, 11000 Beograd.

Vreme: početak u 19.30, kviz traje oko tri sata.

Cena: kotizacija 400 dinara po osobi.",19:30,400,Caffe Limbo,"Braće Nedića 7, 11000 Beograd","44.805494,20.472815",https://pabkviz8x8.com/caffe-limbo-opste-znanje-50-50/,pabkviz8x8.com,https://play.pabkviz8x8.com/,Pab kviz 8x8,https://pabkviz8x8.com/,,,,,,"квиз, паб-квиз, игры, сербский язык, Caffe Limbo","quiz, pub quiz, games, Serbian language, Caffe Limbo","kviz, pab kviz, igre, srpski jezik, Caffe Limbo"
9/26/2026,9/26/2026,9/22/2026,1678,Organization,Pab kviz 8x8,https://pabkviz8x8.com/,,SocialEvent,"Паб-квиз 8x8 в Nosati pub: музыкальный квиз, хиты восьмидесятых",Pab kviz 8x8 at Nosati pub: a music quiz of eighties hits,"Pab kviz 8x8 u Nosati pub: muzički kviz, hitovi osamdesetih",https://raw.githubusercontent.com/newsgl/arsposters/main/1678-PabKviz8x8NosatiHitovi80.webp,,Games,"Командный квиз на сербском языке: восемь раундов по восемь очков, до семи человек в команде, котизация 400 динаров. Тема вечера: музыкальный квиз, хиты восьмидесятых. Начало в 19:45.","A team quiz in Serbian: eight rounds worth eight points each, up to seven people per team, entry 400 dinars. Tonight’s theme: a music quiz of eighties hits. Starts at 19:45.","Timski kviz na srpskom: osam oblasti po osam poena, do sedam članova po ekipi, kotizacija 400 dinara. Tema večeri: muzički kviz, hitovi osamdesetih. Početak u 19.45.","**Паб-квиз 8x8** идёт по будням и выходным сразу в нескольких белградских пабах, и формат везде один: восемь областей, каждая приносит до восьми очков, ответы сдаются после каждого раунда с коротким перерывом.

В команде до семи человек. Квиз ведётся **на сербском языке**, так что это хороший способ проверить язык в естественной обстановке, а не на уроке.

Первое место забирает половину своего счёта, второе тридцать процентов, третье круг ракии. Команда, выпившая больше всех пива, получает отдельный приз.

Записываться нужно заранее через приложение организатора, места разбирают быстро. По десять динаров с каждой котизации организаторы отправляют на благотворительность.

Место: Nosati pub, Nušićeva 8, Beograd.

Время: начало в 19:45, квиз идёт около трёх часов.

Цена: котизация 400 динаров с человека.","**Pab kviz 8x8** runs on weekdays and weekends across several Belgrade pubs, and the format is the same everywhere: eight subject areas, each worth up to eight points, with answers handed in after every round and a short break in between.

Teams take up to seven people. The quiz is run **in Serbian**, which makes it a good way to test the language in a natural setting rather than in a classroom.

First place takes half of their bill, second thirty percent, third a round of rakija. The team that drinks the most beer takes a prize of its own.

Sign up in advance through the organisers’ app, places go quickly. Ten dinars from every entry fee goes to charity.

Venue: Nosati pub, Nušićeva 8, Beograd.

Time: 19:45, the quiz runs about three hours.

Price: 400 dinars per person.","**Pab kviz 8x8** igra se radnim danima i vikendom u nekoliko beogradskih pabova, a format je svuda isti: osam oblasti, svaka donosi do osam poena, odgovori se predaju posle svake oblasti uz kratku pauzu.

U ekipi je do sedam članova. Kviz se vodi **na srpskom jeziku**, pa je dobar način da se jezik proveri u prirodnom okruženju, a ne na času.

Prvo mesto uzima pedeset odsto od računa, drugo trideset, treće turu rakije. Ekipa sa najviše popijenih piva osvaja činiju.

Prijava ide unapred, preko aplikacije organizatora, i mesta se brzo popune. Deset dinara od svake kotizacije organizatori doniraju u dobrotvorne svrhe.

Mesto: Nosati pub, Nušićeva 8, Beograd.

Vreme: početak u 19.45, kviz traje oko tri sata.

Cena: kotizacija 400 dinara po osobi.",19:45,400,Nosati pub,"Nušićeva 8, Beograd","44.813841,20.461875",https://pabkviz8x8.com/nosati-pub-muzicki-kviz-hitovi-80-ih/,pabkviz8x8.com,https://play.pabkviz8x8.com/,Pab kviz 8x8,https://pabkviz8x8.com/,,,,,,"квиз, паб-квиз, игры, сербский язык, Nosati pub","quiz, pub quiz, games, Serbian language, Nosati pub","kviz, pab kviz, igre, srpski jezik, Nosati pub"
9/27/2026,9/27/2026,9/22/2026,1683,Organization,Pab kviz 8x8,https://pabkviz8x8.com/,,SocialEvent,Паб-квиз 8x8 в Nosati pub: общие знания,Pab kviz 8x8 at Nosati pub: general knowledge,Pab kviz 8x8 u Nosati pub: opšte znanje,https://raw.githubusercontent.com/newsgl/arsposters/main/1683-PabKviz8x8NosatiOpsteZnanje.webp,,Games,"Командный квиз на сербском языке: восемь раундов по восемь очков, до семи человек в команде, котизация 400 динаров. Тема вечера: общие знания. Начало в 19:45.","A team quiz in Serbian: eight rounds worth eight points each, up to seven people per team, entry 400 dinars. Tonight’s theme: general knowledge. Starts at 19:45.","Timski kviz na srpskom: osam oblasti po osam poena, do sedam članova po ekipi, kotizacija 400 dinara. Tema večeri: opšte znanje. Početak u 19.45.","**Паб-квиз 8x8** идёт по будням и выходным сразу в нескольких белградских пабах, и формат везде один: восемь областей, каждая приносит до восьми очков, ответы сдаются после каждого раунда с коротким перерывом.

В команде до семи человек. Квиз ведётся **на сербском языке**, так что это хороший способ проверить язык в естественной обстановке, а не на уроке.

Первое место забирает половину своего счёта, второе тридцать процентов, третье круг ракии на всю команду.

Записываться нужно заранее через приложение организатора, места разбирают быстро. По десять динаров с каждой котизации организаторы отправляют на благотворительность.

Место: Nosati pub, Nušićeva 8, Beograd.

Время: начало в 19:45, квиз идёт около трёх часов.

Цена: котизация 400 динаров с человека.","**Pab kviz 8x8** runs on weekdays and weekends across several Belgrade pubs, and the format is the same everywhere: eight subject areas, each worth up to eight points, with answers handed in after every round and a short break in between.

Teams take up to seven people. The quiz is run **in Serbian**, which makes it a good way to test the language in a natural setting rather than in a classroom.

First place takes half of their bill, second thirty percent, third a round of rakija for the whole team.

Sign up in advance through the organisers’ app, places go quickly. Ten dinars from every entry fee goes to charity.

Venue: Nosati pub, Nušićeva 8, Beograd.

Time: 19:45, the quiz runs about three hours.

Price: 400 dinars per person.","**Pab kviz 8x8** igra se radnim danima i vikendom u nekoliko beogradskih pabova, a format je svuda isti: osam oblasti, svaka donosi do osam poena, odgovori se predaju posle svake oblasti uz kratku pauzu.

U ekipi je do sedam članova. Kviz se vodi **na srpskom jeziku**, pa je dobar način da se jezik proveri u prirodnom okruženju, a ne na času.

Prvo mesto uzima pedeset odsto od računa, drugo trideset, treće turu rakije za celu ekipu.

Prijava ide unapred, preko aplikacije organizatora, i mesta se brzo popune. Deset dinara od svake kotizacije organizatori doniraju u dobrotvorne svrhe.

Mesto: Nosati pub, Nušićeva 8, Beograd.

Vreme: početak u 19.45, kviz traje oko tri sata.

Cena: kotizacija 400 dinara po osobi.",19:45,400,Nosati pub,"Nušićeva 8, Beograd","44.813841,20.461875",https://pabkviz8x8.com/nosati-pub-opste-znanje-16/,pabkviz8x8.com,https://play.pabkviz8x8.com/,Pab kviz 8x8,https://pabkviz8x8.com/,,,,,,"квиз, паб-квиз, игры, сербский язык, Nosati pub","quiz, pub quiz, games, Serbian language, Nosati pub","kviz, pab kviz, igre, srpski jezik, Nosati pub"
9/26/2026,9/26/2026,9/22/2026,1676,MusicGroup,Kamma & Masalo,https://ra.co/events/2541204,,MusicEvent,Kult открывает пятый сезон: Kamma и Masalo из Амстердама,Kult opens its fifth season with Kamma and Masalo from Amsterdam,Kult otvara petu sezonu: Kamma i Masalo iz Amsterdama,https://raw.githubusercontent.com/newsgl/arsposters/main/1676-KultSeasonVOpening.webp,,Concerts,"Клуб в Чумићевом сокачету перестроил зал и открывает сезон 2026/27. Гости вечера голландский дуэт Kamma и Masalo, рядом AKIOKI и MEILANI. Начало в 22:00, вход до полуночи дешевле.","The club in Čumićevo sokače has reconfigured its space and opens the 2026/27 season. The guests are the Dutch duo Kamma and Masalo, alongside AKIOKI and MEILANI. Doors at 22:00, cheaper entry before midnight.","Klub u Čumićevom sokačetu preuredio je prostor i otvara sezonu 2026/27. Gosti večeri su holandski duo Kamma i Masalo, uz AKIOKI i MEILANI. Početak u 22.00, ulaz do ponoći je jeftiniji.","«Тот же адрес, другое место», пишут организаторы: **Kult** вернулся в перестроенном виде и открывает пятый сезон приглашением зайти и посмотреть, что изменилось.

Гости вечера **Kamma и Masalo** из Амстердама. Дуэт вырос из тамошней эклектичной клубной культуры и держится на старом хаусе и диско, к которым добавляет собственную перспективу. Для открытия сезона выбор логичный: музыка узнаваемая, но не музейная.

Рядом с ними играют AKIOKI и MEILANI. Программа идёт до утра.

Место: Kult, Чумићево сокаче 3.

Время: начало в 22:00, до шести утра.

Цена: 12 евро при входе до полуночи, 17 евро общий вход, примерно 1400 и 1990 динаров.","“Same address, different place,” the organisers write: **Kult** has come back reconfigured and opens its fifth season with an invitation to step in and see what has changed.

The guests are **Kamma and Masalo** from Amsterdam. The duo grew out of that city’s eclectic club culture and builds on old school house and disco, adding a perspective of their own. For a season opening the choice makes sense: the music is recognisable without being a museum piece.

AKIOKI and MEILANI play alongside them. The programme runs until morning.

Venue: Kult, Čumićevo sokače 3.

Time: doors at 22:00, closing at six.

Price: 12 euros for entry before midnight, 17 euros general admission, about 1400 and 1990 dinars.","„Ista adresa, drugo mesto“, pišu organizatori: **Kult** se vratio u preuređenom obliku i otvara petu sezonu pozivom da se uđe i vidi šta je promenjeno.

Gosti večeri su **Kamma i Masalo** iz Amsterdama. Duo je izrastao iz tamošnje eklektične klupske kulture i drži se starog hausa i diska, kojima dodaje sopstvenu perspektivu. Za otvaranje sezone izbor je logičan: muzika je prepoznatljiva, a nije muzejska.

Uz njih sviraju AKIOKI i MEILANI. Program traje do jutra.

Mesto: Kult, Čumićevo sokače 3.

Vreme: početak u 22.00, do šest ujutru.

Cena: 12 evra za ulaz do ponoći, 17 evra opšti ulaz, oko 1400 i 1990 dinara.",22:00,1404,Kult,"Čumićevo sokače 3, 11000 Beograd","44.813900,20.461900",https://ra.co/events/2541204,ra.co,https://ra.co/events/2541204,Kult,https://ra.co/events/2541204,,,,,,"клуб, хаус, диско, Kult, Амстердам, открытие сезона","club, house, disco, Kult, Amsterdam, season opening","klub, haus, disko, Kult, Amsterdam, otvaranje sezone"
10/2/2026,10/2/2026,9/22/2026,1698,MusicGroup,heavenphetamine,https://ra.co/events/2538532,,MusicEvent,"heavenphetamine в Karmakoma: краут, психоделия и синтезаторы без метронома","heavenphetamine at Karmakoma: krautrock, psychedelia and synths without a metronome","heavenphetamine u Karmakomi: kraut, psihodelija i sintisajzeri bez metronoma",https://raw.githubusercontent.com/newsgl/arsposters/main/1698-HeavenphetamineKarmakoma.webp,,Concerts,"Японский дуэт Хироки и Сара Ода возвращается в Белград третий раз, теперь уже как часть семьи лейбла Macadam Mambo. Начало в 20:00, вход 800 динаров.","The Japanese duo Hiroki and Sara Oda return to Belgrade for a third time, now as part of the Macadam Mambo family. Doors at 20:00, entry 800 dinars.","Japanski duo Hiroki i Sara Oda vraćaju se u Beograd treći put, sada i kao deo porodice etikete Macadam Mambo. Početak u 20.00, ulaz 800 dinara.","После двух концертов в **Karmakoma** и после того, как дуэт вошёл в семью лейбла Macadam Mambo, **heavenphetamine** возвращается.

Это Хироки Ода (клавиши и вокал) и Сара Ода (барабаны и вокал). Их манера смешивает краутрок, психоделию, синтезаторную музыку, постпанк, инди-рок и эйсид-хаус, с едва заметным японским привкусом.

Главная техническая особенность концерта: акустические барабаны синхронизируются с электронными секвенциями с синтезаторов и луп-педалей **без метронома**. Отсюда и характерное ощущение живого, слегка плывущего ритма, которого не бывает у электроники по клику.

Место: Karmakoma, Поенкареова 32.

Время: начало в 20:00.

Цена: 800 динаров.","After two concerts at **Karmakoma** and after joining the Macadam Mambo family, **heavenphetamine** are back.

They are Hiroki Oda on keyboards and vocals and Sara Oda on drums and vocals. Their idiom blends krautrock, psychedelia, synthesiser music, post punk, indie rock and acid house, with a subtle Japanese flavour.

The technical signature of the show: acoustic drums are synchronised with electronic sequences from synths and loop pedals **without a metronome**. Hence the living, slightly drifting pulse that click track electronics never has.

Venue: Karmakoma, Poenkareova 32.

Time: 20:00.

Price: 800 dinars.","Posle dva koncerta u **Karmakomi** i posle ulaska u porodicu etikete Macadam Mambo, **heavenphetamine** se vraćaju.

To su Hiroki Oda (klavijature i vokal) i Sara Oda (bubnjevi i vokal). Njihov izraz meša kraut rok, psihodeliju, sintisajzersku muziku, post pank, indi rok i acid haus, uz suptilan japanski prizvuk.

Tehnički potpis nastupa: akustični bubnjevi sinhronizuju se sa elektronskim sekvencama sa sintisajzera i lup pedala **bez metronoma**. Otuda živ, blago plutajući puls kakav elektronika po kliku nema.

Mesto: Karmakoma, Poenkareova 32.

Vreme: početak u 20.00.

Cena: 800 dinara.",20:00,800,Karmakoma,"Poenkareova 32, 11000 Beograd","44.818977,20.488380",https://ra.co/events/2538532,ra.co,https://ra.co/events/2538532,Karmakoma,https://ra.co/events/2538532,,,,,,"концерт, краутрок, психоделия, Karmakoma, Япония, электроника","concert, krautrock, psychedelia, Karmakoma, Japan, electronic music","koncert, kraut rok, psihodelija, Karmakoma, Japan, elektronika"
10/10/2026,10/11/2026,9/22/2026,1710,MusicGroup,Logička Greška,https://cooltix.rs/event/6aacf0f31594a173ffda4678,,MusicEvent,Logička Greška в SKC Baza: самый большой сольник и презентация альбома «Pasje vreme»,Logička Greška at SKC Baza: their biggest headline show and the Pasje vreme album launch,Logička Greška u SKC Bazi: najveći samostalni koncert i promocija albuma „Pasje vreme“,https://raw.githubusercontent.com/newsgl/arsposters/main/1710-LogickaGreskaSKCBaza.webp,,Concerts,"Группа впервые целиком играет новый альбом, вышедший в конце сентября. На разогреве No Offence из Любляны и белградские Kol Centar. Начало в 20:00, билет 1000 динаров.","The band plays its new album in full for the first time, released at the end of September. Support from No Offence from Ljubljana and Belgrade’s Kol Centar. Doors at 20:00, tickets 1000 dinars.","Bend prvi put uživo svira novi album, objavljen krajem septembra. Predgrupe su No Offence iz Ljubljane i beogradski Kol Centar. Početak u 20.00, ulaznica 1000 dinara.","**Logička Greška** приходит в SKC Bazu на свой самый большой сольный концерт и одновременно на концертную презентацию нового альбома **«Pasje vreme»**, вышедшего в конце сентября.

После синглов «Tuđe suze», «dkvi», «Vavilon» и «Grozan», которые уже разошлись по региону, альбом впервые прозвучит вживую от начала до конца. Помимо новых песен в сет-листе будут и вещи, которые сопровождали группу с самого начала, в концертной версии, подготовленной специально для этого вечера.

Разогревают публику **No Offence**, энергичный поп-панк из Любляны, за ними белградский инди-поп **Kol Centar**. Три группы, одна сцена.

Место: SKC Baza, Цетињска 15.

Время: начало в 20:00.

Цена: 1000 динаров.","**Logička Greška** come to SKC Baza for their biggest headline show and at the same time the concert launch of their new album **Pasje vreme**, released at the end of September.

After the singles Tuđe suze, dkvi, Vavilon and Grozan, which have already travelled the region, the album will be heard live from beginning to end for the first time. Alongside the new songs the set list carries material that has followed the band from the start, in a concert arrangement prepared for this night.

Warming up the room are **No Offence**, an energetic pop punk band from Ljubljana, followed by Belgrade indie pop act **Kol Centar**. Three bands, one stage.

Venue: SKC Baza, Cetinjska 15.

Time: 20:00.

Price: 1000 dinars.","**Logička Greška** stiže u SKC Bazu na svoj najveći samostalni koncert i istovremeno na koncertnu promociju novog albuma **„Pasje vreme“**, objavljenog krajem septembra.

Posle singlova „Tuđe suze“, „dkvi“, „Vavilon“ i „Grozan“, koji su već našli put do publike širom regiona, album će se prvi put uživo čuti od početka do kraja. Uz nove pesme, na setlisti će se naći i stvari koje bend prate od početka, u koncertnom izdanju spremljenom baš za ovu priliku.

Za zagrevanje je zadužen **No Offence**, energični pop pank iz Ljubljane, a posle njih nastupa beogradski indi pop bend **Kol Centar**. Tri benda, jedna bina.

Mesto: SKC Baza, Cetinjska 15.

Vreme: početak u 20.00.

Cena: 1000 dinara.",20:00,1000,SKC Baza,"Cetinjska 15, 11000 Beograd","44.818020,20.465398",https://cooltix.rs/event/6aacf0f31594a173ffda4678,cooltix.rs,https://cooltix.rs/event/6aacf0f31594a173ffda4678,UGS PRO Music Promoting,https://cooltix.rs/,,,,,,"концерт, инди, поп-панк, SKC Baza, презентация альбома, Цетињска","concert, indie, pop punk, SKC Baza, album launch, Cetinjska","koncert, indi, pop pank, SKC Baza, promocija albuma, Cetinjska"
10/17/2026,10/17/2026,9/22/2026,1717,MusicGroup,VIS Potencijali,https://www.mtsdvorana.rs/dogadjaj/vis-potencijali,,MusicEvent,VIS Potencijali в Lisabon baru: три вокала и большой репертуар на двоих с публикой,VIS Potencijali at Lisabon bar: three voices and a repertoire built for the room,VIS Potencijali u Lisabon baru: tri vokala i repertoar za punu salu,https://raw.githubusercontent.com/newsgl/arsposters/main/1717-VisPotencijaliLisabon.webp,,Concerts,"Пятеро музыкантов с большим опытом в известных группах и три стилистически разных вокала. Концерт идёт в Lisabon baru, билеты продаёт mts Dvorana. Начало в 21:00, от 1200 динаров.","Five musicians with long histories in well known bands and three stylistically different voices. The concert is at Lisabon bar, with tickets sold by mts Dvorana. Doors at 21:00, from 1200 dinars.","Petoro muzičara sa dugim iskustvom u poznatim bendovima i tri stilski različita vokala. Koncert je u Lisabon baru, ulaznice prodaje mts Dvorana. Početak u 21.00, od 1200 dinara.","**VIS Potencijali** это пятеро музыкантов, у каждого за плечами годы в заметных составах. Собравшись вместе, они сделали ставку на живое исполнение и на три стилистически разных вокала, которые позволяют менять характер программы на ходу.

Сцену вечера занимает **Lisabon Bar**, зал камерный, и концерт идёт почти без дистанции между сценой и залом.

Важно: билеты продаёт **mts Dvorana**, и билетная страница живёт на её сайте, но сам концерт проходит не там, а в Лисабоне, в Чавкетовом пассаже.

Место: Lisabon bar, Чавкетов пасаж.

Время: начало в 21:00.

Цена: от 1200 динаров.","**VIS Potencijali** are five musicians, each with years behind them in notable line ups. Together they have bet on live playing and on three stylistically different voices, which lets them change the character of the set as they go.

The stage for the night belongs to **Lisabon Bar**, a small room where the concert happens almost without distance between stage and audience.

Note: tickets are sold by **mts Dvorana** and the ticket page lives on its site, but the concert itself is not there. It is at Lisabon, in the Čavketov passage.

Venue: Lisabon bar, Čavketov pasaž.

Time: 21:00.

Price: from 1200 dinars.","**VIS Potencijali** su petoro muzičara, svako sa godinama iza sebe u značajnim bendovima. Zajedno su se opredelili za živo sviranje i za tri stilski različita vokala, što im dozvoljava da karakter programa menjaju u hodu.

Binu te večeri preuzima **Lisabon Bar**, sala je kamerna i koncert ide gotovo bez razdaljine između bine i publike.

Napomena: ulaznice prodaje **mts Dvorana** i biletarnica je na njenom sajtu, ali sam koncert nije tamo. Održava se u Lisabonu, u Čavketovom pasažu.

Mesto: Lisabon bar, Čavketov pasaž.

Vreme: početak u 21.00.

Cena: od 1200 dinara.",21:00,1200,Lisabon bar,"Čavketov pasaž, 11000 Beograd","44.813602,20.462208",https://www.mtsdvorana.rs/dogadjaj/vis-potencijali,mtsdvorana.rs,https://www.mtsdvorana.rs/dogadjaj/vis-potencijali,mts Dvorana,https://www.mtsdvorana.rs/,,,,,,"концерт, Lisabon bar, живая музыка, mts Dvorana","concert, Lisabon bar, live music, mts Dvorana","koncert, Lisabon bar, živa muzika, mts Dvorana"
10/30/2026,10/31/2026,9/22/2026,1739,Organization,2000Late,https://cooltix.rs/event/6aad6a6c7b201f8884aa6ee2,,MusicEvent,2000Late Halloween в Хангаре: костюмированная ночь на Луке Београд,2000Late Halloween at Hangar: a costume night at Luka Beograd,2000Late Halloween u Hangaru: maskirana noć na Luci Beograd,https://raw.githubusercontent.com/newsgl/arsposters/main/1739-Late2000Halloween.webp,,Concerts,"Хэллоуинский выпуск вечеринки 2000Late на первой сцене Хангара. Организаторы просят готовить костюм заранее. Начало в 21:00, билет 1200 динаров.","The Halloween edition of the 2000Late party on Hangar’s first stage. The organisers ask you to start thinking about a costume. Doors at 21:00, tickets 1200 dinars.","Noć veštica u izdanju žurke 2000Late na prvoj bini Hangara. Organizatori mole da kostim smišljate na vreme. Početak u 21.00, ulaznica 1200 dinara.","**2000Late** отмечает хэллоуинский сезон там же, где и обычно, в **Хангаре** на Луке Београд. Формат у вечеринки постоянный: музыка нулевых и начала десятых, большая сцена и публика, которая приходит подготовленной.

В этот раз подготовка касается и внешнего вида: организаторы отдельно просят придумать костюм заранее, потому что смысл спуки-сезона именно в этом.

Хангар на Луке Београд это бывший портовый ангар, переделанный в клубное пространство: высокий потолок, большой танцпол и звук, рассчитанный на объём.

Место: Hangar Stage 1, Жоржа Клемансоа 37, Лука Београд.

Время: начало в 21:00, программа идёт до утра.

Цена: 1200 динаров.","**2000Late** marks the Halloween season where it usually does, at **Hangar** in Luka Beograd. The party’s format is constant: music of the two thousands and the early twenty tens, a big stage and a crowd that arrives prepared.

This time the preparation extends to what you wear: the organisers specifically ask you to work out a costume in advance, because that is the point of the spooky season.

Hangar at Luka Beograd is a former port warehouse converted into a club space: a high ceiling, a large floor and a sound system built for the volume.

Venue: Hangar Stage 1, Žorža Klemansoa 37, Luka Beograd.

Time: doors at 21:00, running until morning.

Price: 1200 dinars.","**2000Late** obeležava sezonu veštica tamo gde i obično, u **Hangaru** na Luci Beograd. Format žurke je stalan: muzika dvehiljaditih i ranih desetih, velika bina i publika koja dolazi spremna.

Ovog puta priprema se odnosi i na izgled: organizatori posebno mole da se kostim smisli unapred, jer je u tome i poenta spuki sezone.

Hangar na Luci Beograd je bivše lučko skladište pretvoreno u klupski prostor: visok plafon, veliki podijum i ozvučenje računato na zapreminu.

Mesto: Hangar Stage 1, Žorža Klemansoa 37, Luka Beograd.

Vreme: početak u 21.00, program traje do jutra.

Cena: 1200 dinara.",21:00,1200,Hangar Stage 1,"Žorža Klemansoa 37 (Luka Beograd), Beograd","44.825991,20.474912",https://cooltix.rs/event/6aad6a6c7b201f8884aa6ee2,cooltix.rs,https://cooltix.rs/event/6aad6a6c7b201f8884aa6ee2,2000Late,https://cooltix.rs/,,,,,,"вечеринка, Хэллоуин, Хангар, Лука Београд, музыка нулевых","party, Halloween, Hangar, Luka Beograd, two thousands music","žurka, Noć veštica, Hangar, Luka Beograd, muzika dvehiljaditih"
10/30/2026,10/31/2026,9/22/2026,1741,MusicGroup,Porto Morto,https://efinity.rs/event-details/porto_morto_32383,,MusicEvent,Porto Morto на Новой Zappa Barci: презентация альбома «Minimum»,Porto Morto at Nova Zappa Barka: the Minimum album launch,Porto Morto na Novoj Zappa Barci: promocija albuma „Minimum“,https://raw.githubusercontent.com/newsgl/arsposters/main/1741-PortoMorto.webp,,Concerts,"Загребская семёрка снова в Белграде, на этот раз с новым альбомом. Прогрессивный поп, арт-рок и инди-электроника вместе с проработанным визуальным рядом. Начало в 21:00, билет 2200 динаров.","The seven piece from Zagreb is back in Belgrade, this time with a new record. Progressive pop, art rock and indie electronics with a carefully built visual language. Doors at 21:00, tickets 2200 dinars.","Zagrebačka sedmorka ponovo u Beogradu, ovog puta sa novim albumom. Progresivni pop, art rok i indi elektronika uz razrađen vizuelni izraz. Početak u 21.00, ulaznica 2200 dinara.","**Porto Morto** один из самых узнаваемых составов региона, и узнаваемость эта держится не только на звуке: группа строит собственный визуальный язык так же тщательно, как аранжировки.

За последние несколько лет загребская семёрка пробилась в число самых интересных новых региональных имён, соединяя прогрессивный поп, арт-рок и инди-электронику.

Новый альбом **«Minimum»** музыканты описывают как попытку зайти туда, куда раньше боялись, и сказать то, что обычно предпочитали не говорить. Концерт на Новой Zappa Barci это его презентация.

Место: Нова Zappa Barka, кеј код Куле Небојша.

Время: начало в 21:00.

Цена: 2200 динаров.","**Porto Morto** are among the region’s most recognisable acts, and that recognition does not rest on sound alone: the band builds its own visual language as carefully as its arrangements.

Over the past few years the seven piece from Zagreb has broken into the most interesting new names in the region, combining progressive pop, art rock and indie electronics.

The new album **Minimum** is described by the musicians as an attempt to go somewhere they had been afraid to go before and to say what they would normally keep to themselves. The show at Nova Zappa Barka is its launch.

Venue: Nova Zappa Barka, the quay by Kula Nebojša.

Time: 21:00.

Price: 2200 dinars.","**Porto Morto** je jedan od najprepoznatljivijih bendova u regionu, a ta prepoznatljivost ne počiva samo na zvuku: grupa svoj vizuelni izraz gradi jednako pažljivo kao i aranžmane.

Poslednjih nekoliko godina zagrebačka sedmorka probila se među najuzbudljivija nova regionalna imena, kombinujući progresivni pop, art rok i indi elektroniku.

Novi album **„Minimum“** muzičari opisuju kao pokušaj da odu tamo gde su se ranije bojali i kažu ono što bi inače prećutali. Koncert na Novoj Zappa Barci njegova je promocija.

Mesto: Nova Zappa Barka, kej kod Kule Nebojša.

Vreme: početak u 21.00.

Cena: 2200 dinara.",21:00,2200,Zappa Barka,"Bulevar vojvode Bojovića, kej kod Kule Nebojša, 11000 Beograd","44.828226,20.446185",https://efinity.rs/event-details/porto_morto_32383,efinity.rs,https://efinity.rs/event-details/porto_morto_32383,"Mister Zappa doo, ogranak Zappa GIG",https://efinity.rs/,,,,,,"концерт, арт-рок, инди, Zappa Barka, Загреб, презентация альбома","concert, art rock, indie, Zappa Barka, Zagreb, album launch","koncert, art rok, indi, Zappa Barka, Zagreb, promocija albuma"
11/12/2026,11/13/2026,9/22/2026,1747,MusicGroup,Šuma Čovjek,https://efinity.rs/event-details/suma_covjek_32380,,MusicEvent,Šuma Čovjek впервые в Белграде: десять музыкантов и четыре языка на одной сцене,Šuma Čovjek live in Belgrade for the first time: ten musicians and four languages,Šuma Čovjek prvi put u Beogradu: deset muzičara i četiri jezika na jednoj bini,https://raw.githubusercontent.com/newsgl/arsposters/main/1747-SumaCovjek.webp,,Concerts,"Швейцарско-боснийско-алжирская группа соединяет балканский поп-рок, восточные ритмы, рэп и мощную духовую секцию. Тексты на французском, боснийском, арабском и немецком. Начало в 21:00, билет 1500 динаров.","A Swiss, Bosnian and Algerian band that welds Balkan pop rock, oriental rhythms, rap and a furious brass section. Lyrics in French, Bosnian, Arabic and German. Doors at 21:00, tickets 1500 dinars.","Švajcarsko bosansko alžirski bend spaja balkanski pop rok, orijentalne ritmove, rep i furiozni duvački zvuk. Tekstovi na francuskom, bosanskom, arapskom i nemačkom. Početak u 21.00, ulaznica 1500 dinara.","**Šuma Čovjek** приезжает в Белград впервые, и состав у группы такой же составной, как её звук: музыканты из Швейцарии, Боснии и Алжира.

На сцене десять человек. Балканский поп-рок соседствует с меланхоличными балладами, восточные ритмы с рэпом, а поверх всего идёт мощная духовая секция, которая и задаёт группе характер.

Тексты звучат на четырёх языках: французском, боснийском, арабском и немецком. Сами музыканты формулируют это коротко: десять музыкантов, четыре языка, одна сцена, без границ.

Место: Zappa Baza, Булевар војводе Бојовића 30а.

Время: начало в 21:00.

Цена: 1500 динаров.","**Šuma Čovjek** come to Belgrade for the first time, and the line up is as composite as the sound: musicians from Switzerland, Bosnia and Algeria.

Ten people on stage. Balkan pop rock sits next to melancholic ballads, oriental rhythms next to rap, and over all of it runs a powerful brass section that gives the band its character.

The lyrics come in four languages: French, Bosnian, Arabic and German. The musicians put it briefly themselves: ten musicians, four languages, one stage, no borders.

Venue: Zappa Baza, Bulevar vojvode Bojovića 30a.

Time: 21:00.

Price: 1500 dinars.","**Šuma Čovjek** dolazi u Beograd prvi put, a postava je jednako složena kao i zvuk: muzičari iz Švajcarske, Bosne i Alžira.

Na bini je deset ljudi. Balkanski pop rok stoji uz melanholične balade, orijentalni ritmovi uz rep, a preko svega ide snažna duvačka sekcija koja bendu daje karakter.

Tekstovi se čuju na četiri jezika: francuskom, bosanskom, arapskom i nemačkom. Sami muzičari to kažu kratko: deset muzičara, četiri jezika, jedna bina, bez granica.

Mesto: Zappa Baza, Bulevar vojvode Bojovića 30a.

Vreme: početak u 21.00.

Cena: 1500 dinara.",21:00,1500,Zappa Baza,"Bulevar Vojvode Bojovića 30a, 11000 Beograd","44.820671,20.448039",https://efinity.rs/event-details/suma_covjek_32380,efinity.rs,https://efinity.rs/event-details/suma_covjek_32380,"Mister Zappa doo, ogranak Zappa GIG",https://efinity.rs/,,,,,,"концерт, Zappa Baza, балкан, духовая секция, Швейцария, рэп","concert, Zappa Baza, Balkan, brass, Switzerland, rap","koncert, Zappa Baza, balkan, duvači, Švajcarska, rep"
11/26/2026,11/26/2026,9/22/2026,1749,MusicGroup,Svemirko,https://longplay.rs/dogadjaj/svemirko/,,MusicEvent,Svemirko в Zappa Bazi: песни всей карьеры и новый материал,Svemirko at Zappa Baza: songs from across their career plus new material,Svemirko u Zappa Bazi: pesme iz cele karijere i novi materijal,https://raw.githubusercontent.com/newsgl/arsposters/main/1749-Svemirko.webp,,Concerts,"Одно из самых узнаваемых имён региональной альтернативной сцены даёт концерт в организации Long Play. Начало в 20:00, билет 2200 динаров.","One of the most recognisable names on the regional alternative scene plays a show promoted by Long Play. Doors at 20:00, tickets 2200 dinars.","Jedno od najprepoznatljivijih imena regionalne alternativne scene svira u organizaciji promoterske kuće Long Play. Početak u 20.00, ulaznica 2200 dinara.","**Svemirko** давно перестал быть внутренней историей альтернативной сцены: группа собирает залы по всему региону и остаётся при этом узнаваемой по интонации, а не по формуле.

В Zappa Bazi музыканты обещают концерт, который соединит песни, определившие карьеру, и новый материал. Для тех, кто слушает группу давно, это повод сверить новое со старым, для новичков хороший вход.

Zappa Baza для такого формата подходит: зал небольшой, звук плотный, и дистанции между сценой и залом почти нет.

Концерт организует промоутерская компания **Long Play**.

Место: Zappa Baza, Булевар војводе Бојовића 30а.

Время: начало в 20:00.

Цена: 2200 динаров.","**Svemirko** stopped being an internal matter of the alternative scene a long time ago: the band fills rooms across the region while staying recognisable by tone rather than by formula.

At Zappa Baza the musicians promise a set that brings together the songs that defined the career so far and newer material. For long time listeners it is a chance to measure the new against the old, and for newcomers a good way in.

Zappa Baza suits this kind of show: a small room, a dense sound and almost no distance between the stage and the floor.

The concert is promoted by **Long Play**.

Venue: Zappa Baza, Bulevar vojvode Bojovića 30a.

Time: 20:00.

Price: 2200 dinars.","**Svemirko** odavno nije unutrašnja stvar alternativne scene: bend puni sale širom regiona, a ostaje prepoznatljiv po intonaciji, a ne po formuli.

U Zappa Bazi muzičari najavljuju koncert koji spaja pesme koje su obeležile dosadašnju karijeru i novi materijal. Onima koji ih slušaju dugo to je prilika da uporede novo sa starim, a novima dobar ulaz.

Zappa Baza za ovakav format odgovara: sala je mala, zvuk gust, a razdaljine između bine i publike gotovo da nema.

Koncert organizuje promoterska kuća **Long Play**.

Mesto: Zappa Baza, Bulevar vojvode Bojovića 30a.

Vreme: početak u 20.00.

Cena: 2200 dinara.",20:00,2200,Zappa Baza,"Bulevar Vojvode Bojovića 30a, 11000 Beograd","44.820671,20.448039",https://longplay.rs/dogadjaj/svemirko/,longplay.rs,https://tickets.rs/event/svemirko_28483,Long Play,https://longplay.rs/,,,,,,"концерт, альтернатива, Zappa Baza, Long Play, региональная сцена","concert, alternative, Zappa Baza, Long Play, regional scene","koncert, alternativa, Zappa Baza, Long Play, regionalna scena"
11/28/2026,11/29/2026,9/22/2026,1750,Person,Rambo Amadeus,https://efinity.rs/event-details/rambo_amadeus_32366,,MusicEvent,Rambo Amadeus впервые в Zappa Bazi: тридцать пять лет альбому «Psihološko propagandni komplet M-91»,Rambo Amadeus at Zappa Baza for the first time: thirty five years of Psihološko propagandni komplet M-91,Rambo Amadeus prvi put u Zappa Bazi: trideset pet godina albuma „Psihološko propagandni komplet M-91“,https://raw.githubusercontent.com/newsgl/arsposters/main/1750-RamboAmadeus.webp,,Concerts,"Хиты из большой дискографии и отдельный блок, посвящённый юбилею культового альбома. Начало в 21:00, билет 2200 динаров.","Hits from a large discography plus a separate section marking the anniversary of a cult album. Doors at 21:00, tickets 2200 dinars.","Hitovi iz bogate diskografije i poseban blok posvećen jubileju kultnog albuma. Početak u 21.00, ulaznica 2200 dinara.","**Rambo Amadeus** выступает в Zappa Bazi впервые, и повод для концерта шире самого факта выступления.

Альбому **«Psihološko propagandni komplet M-91»** в этом году исполняется тридцать пять лет, и ему на концерте отведён отдельный блок. Пластинка 1991 года остаётся одной из самых цитируемых в регионе: её тексты разошлись на поговорки, а интонация оказалась долговечнее многих серьёзных высказываний той эпохи.

Помимо юбилейной части прозвучат хиты из всей дискографии, которая у Рамбо большая и неоднородная по определению.

Место: Zappa Baza, Булевар војводе Бојовића 30а.

Время: начало в 21:00.

Цена: 2200 динаров.","**Rambo Amadeus** plays Zappa Baza for the first time, and the occasion goes beyond the performance itself.

The album **Psihološko propagandni komplet M-91** turns thirty five this year, and a separate section of the concert is given over to it. The 1991 record remains among the most quoted in the region: its lines turned into common sayings, and its tone has outlasted many of the era’s more solemn statements.

Alongside the anniversary set there will be hits from the whole discography, which in Rambo’s case is large and heterogeneous by design.

Venue: Zappa Baza, Bulevar vojvode Bojovića 30a.

Time: 21:00.

Price: 2200 dinars.","**Rambo Amadeus** nastupa u Zappa Bazi prvi put, a povod je širi od samog nastupa.

Album **„Psihološko propagandni komplet M-91“** ove godine puni trideset pet godina i njemu je na koncertu posvećen poseban blok. Ploča iz 1991. ostaje među najcitiranijima u regionu: stihovi su se razišli u poslovice, a intonacija je nadživela mnoge ozbiljnije iskaze tog vremena.

Uz jubilarni deo, čuće se i hitovi iz cele diskografije, koja je kod Ramba velika i po definiciji neujednačena.

Mesto: Zappa Baza, Bulevar vojvode Bojovića 30a.

Vreme: početak u 21.00.

Cena: 2200 dinara.",21:00,2200,Zappa Baza,"Bulevar Vojvode Bojovića 30a, 11000 Beograd","44.820671,20.448039",https://efinity.rs/event-details/rambo_amadeus_32366,efinity.rs,https://efinity.rs/event-details/rambo_amadeus_32366,"Mister Zappa doo, ogranak Zappa GIG",https://efinity.rs/,,,,,,"концерт, Rambo Amadeus, Zappa Baza, юбилей альбома, рок","concert, Rambo Amadeus, Zappa Baza, album anniversary, rock","koncert, Rambo Amadeus, Zappa Baza, jubilej albuma, rok"
12/5/2026,12/5/2026,9/22/2026,1751,MusicGroup,Jura Stublić i Film,https://longplay.rs/dogadjaj/jura-stublic-i-film/,,MusicEvent,Jura Stublić и Film в Хангаре: возвращение в Белград после семи лет,Jura Stublić and Film at Hangar: back in Belgrade after seven years,Jura Stublić i Film u Hangaru: povratak u Beograd posle sedam godina,https://raw.githubusercontent.com/newsgl/arsposters/main/1751-JuraStublicFilm.webp,,Concerts,Большой концерт в Хангаре на Луке Београд в организации Long Play. Легендарный музыкант возвращается в сербскую столицу почти через семь лет. Начало в 20:00.,A large concert at Hangar in Luka Beograd promoted by Long Play. The legendary musician returns to the Serbian capital after almost seven years. Doors at 20:00.,Veliki koncert u Hangaru na Luci Beograd u organizaciji Long Playa. Legendarni muzičar vraća se u srpsku prestonicu posle skoro sedam godina. Početak u 20.00.,"**Jura Stublić и группа Film** дают большой концерт в Хангаре на Луке Београд. В сербскую столицу музыкант возвращается почти через семь лет.

Film это одно из тех имён, по которым отсчитывают историю югославской новой волны: их песни держатся в обиходе несколько десятилетий подряд и не нуждаются в объяснении ни одному поколению.

Концерт организует промоутерская компания **Long Play**. Хангар на Луке Београд позволяет сделать именно большой формат, с полной сценой и светом.

Место: Hangar, Жоржа Клемансоа 37, Лука Београд.

Время: начало в 20:00.

Цена: продажа билетов открывается 23 сентября, цена на момент подготовки анонса не объявлена.","**Jura Stublić and Film** give a large concert at Hangar in Luka Beograd. The musician returns to the Serbian capital after almost seven years.

Film is one of the names by which the history of the Yugoslav new wave is measured: their songs have stayed in everyday use for decades and need no explaining to any generation.

The concert is promoted by **Long Play**. Hangar at Luka Beograd allows for exactly this kind of large format show, with a full stage and lighting rig.

Venue: Hangar, Žorža Klemansoa 37, Luka Beograd.

Time: 20:00.

Price: tickets go on sale on 23 September, the price was not announced when this listing was prepared.","**Jura Stublić i grupa Film** održaće veliki koncert u Hangaru na Luci Beograd. U srpsku prestonicu muzičar se vraća posle skoro sedam godina.

Film je jedno od imena po kojima se meri istorija jugoslovenskog novog talasa: njihove pesme decenijama stoje u svakodnevnoj upotrebi i nijednoj generaciji ih ne treba objašnjavati.

Koncert organizuje promoterska kuća **Long Play**. Hangar na Luci Beograd omogućava baš veliki format, sa punom binom i rasvetom.

Mesto: Hangar, Žorža Klemansoa 37, Luka Beograd.

Vreme: početak u 20.00.

Cena: prodaja ulaznica počinje 23. septembra, cena u trenutku pripreme najave nije objavljena.",20:00,,Hangar (Luka Beograd),"Žorža Klemansoa 37, 11158 Beograd","44.827200,20.469800",https://longplay.rs/dogadjaj/jura-stublic-i-film/,longplay.rs,https://tickets.rs/homepage,Long Play,https://longplay.rs/,,,,,,"концерт, новый волна, Film, Хангар, Лука Београд, Long Play","concert, new wave, Film, Hangar, Luka Beograd, Long Play","koncert, novi talas, Film, Hangar, Luka Beograd, Long Play"
